rentree_scolaire;code_region;region;code_de_l_academie;academie;code_du_departement;departement;code_insee_de_la_commune;nom_de_la_commune;uai;secteur;ips;ips_national_prive;ips_national_public;ips_national;ips_academique_prive;ips_academique_public;ips_academique;ips_departemental_prive;ips_departemental_public;ips_departemental;num_ligne;appellation_officielle;libelle_commune;code_departement;code_commune;libelle_departement;libelle_academie;position
2023-2024;9;HAUTS-DE-FRANCE;9;LILLE;62;PAS-DE-CALAIS;62128;BIACHE SAINT VAAST;0620744X;public;99.3;120.3;102.9;105.5;118.2;93.2;98.2;114.7;91.2;94.5;51023.0;Ecole élémentaire Groupe la Fontaine;Biache-Saint-Vaast;062;62128;Pas-de-Calais;Lille;50.31290976060826,2.9394305057451278
2023-2024;9;HAUTS-DE-FRANCE;9;LILLE;62;PAS-DE-CALAIS;62317;ETAING;0620752F;public;97.3;120.3;102.9;105.5;118.2;93.2;98.2;114.7;91.2;94.5;51025.0;Ecole primaire;Etaing;062;62317;Pas-de-Calais;Lille;50.27602619821677,3.0018998671278396
2023-2024;9;HAUTS-DE-FRANCE;9;LILLE;62;PAS-DE-CALAIS;62566;MENNEVILLE;0620894K;public;96.1;120.3;102.9;105.5;118.2;93.2;98.2;114.7;91.2;94.5;51057.0;Ecole primaire RPI des deux monts (RPI 153);Menneville;062;62566;Pas-de-Calais;Lille;50.6747298277969,1.8615002407344654
2023-2024;9;HAUTS-DE-FRANCE;9;LILLE;62;PAS-DE-CALAIS;62366;GAUCHIN LEGAL;0620947T;public;;120.3;102.9;105.5;118.2;93.2;98.2;114.7;91.2;94.5;51069.0;Ecole élémentaire RPI 104;Gauchin-Légal;062;62366;Pas-de-Calais;Lille;50.415438386323586,2.5809904725714197
2023-2024;9;HAUTS-DE-FRANCE;9;LILLE;62;PAS-DE-CALAIS;62617;NOEUX LES MINES;0620981E;public;90.8;120.3;102.9;105.5;118.2;93.2;98.2;114.7;91.2;94.5;51078.0;Ecole élémentaire Louis Pergaud;Noeux-les-Mines;062;62617;Pas-de-Calais;Lille;50.48276485793978,2.6612102888403952
2023-2024;9;HAUTS-DE-FRANCE;9;LILLE;62;PAS-DE-CALAIS;62516;LILLERS;0621022Z;public;92.2;120.3;102.9;105.5;118.2;93.2;98.2;114.7;91.2;94.5;51087.0;Ecole primaire Les Sources;Lillers;062;62516;Pas-de-Calais;Lille;50.579363783878144,2.466873874862699
2023-2024;9;HAUTS-DE-FRANCE;9;LILLE;62;PAS-DE-CALAIS;62498;LENS;0621349E;public;69.6;120.3;102.9;105.5;118.2;93.2;98.2;114.7;91.2;94.5;51173.0;Ecole élémentaire Sophie Berthelot;Lens;062;62498;Pas-de-Calais;Lille;50.43884619730412,2.814029836067796
2023-2024;9;HAUTS-DE-FRANCE;9;LILLE;62;PAS-DE-CALAIS;62669;PRESSY;0621828A;public;99.1;120.3;102.9;105.5;118.2;93.2;98.2;114.7;91.2;94.5;51287.0;Ecole élémentaire du Donjon RPI 124;Pressy;062;62669;Pas-de-Calais;Lille;50.47516895590703,2.3962693193501194
2023-2024;9;HAUTS-DE-FRANCE;9;LILLE;62;PAS-DE-CALAIS;62113;BERLES MONCHEL;0621902F;public;101.0;120.3;102.9;105.5;118.2;93.2;98.2;114.7;91.2;94.5;51313.0;Ecole élémentaire des Hauts de Scarpe RPI 14;Berles-Monchel;062;62113;Pas-de-Calais;Lille;50.34562465085839,2.537289698390539
2023-2024;9;HAUTS-DE-FRANCE;9;LILLE;62;PAS-DE-CALAIS;62560;MARQUISE;0622645N;privé sous contrat;115.8;120.3;102.9;105.5;118.2;93.2;98.2;114.7;91.2;94.5;51411.0;Ecole primaire privée Sainte Thérèse;Marquise;062;62560;Pas-de-Calais;Lille;50.81314199111447,1.7059097122148221
2023-2024;9;HAUTS-DE-FRANCE;9;LILLE;62;PAS-DE-CALAIS;62612;NEUVIREUIL;0622673U;privé sous contrat;120.6;120.3;102.9;105.5;118.2;93.2;98.2;114.7;91.2;94.5;51426.0;Ecole primaire privée Sainte Thérèse;Neuvireuil;062;62612;Pas-de-Calais;Lille;50.35090033637604,2.9094499704153596
2023-2024;9;HAUTS-DE-FRANCE;9;LILLE;62;PAS-DE-CALAIS;62451;HEUCHIN;0622780K;public;;120.3;102.9;105.5;118.2;93.2;98.2;114.7;91.2;94.5;51478.0;Ecole primaire RPI 115;Heuchin;062;62451;Pas-de-Calais;Lille;50.474337349108545,2.2679805476074595
2023-2024;9;HAUTS-DE-FRANCE;9;LILLE;62;PAS-DE-CALAIS;62001;ABLAIN SAINT NAZAIRE;0622990N;public;113.0;120.3;102.9;105.5;118.2;93.2;98.2;114.7;91.2;94.5;51530.0;Ecole primaire des Verts Monts;Ablain-Saint-Nazaire;062;62001;Pas-de-Calais;Lille;50.39278075310535,2.7126595642985114
2023-2024;9;HAUTS-DE-FRANCE;9;LILLE;62;PAS-DE-CALAIS;62277;DROCOURT;0623147J;public;73.3;120.3;102.9;105.5;118.2;93.2;98.2;114.7;91.2;94.5;51557.0;Ecole primaire Maurice Thorez;Drocourt;062;62277;Pas-de-Calais;Lille;50.39689583740511,2.934349591938647
2023-2024;9;HAUTS-DE-FRANCE;9;LILLE;62;PAS-DE-CALAIS;62119;BETHUNE;0623405P;public;85.6;120.3;102.9;105.5;118.2;93.2;98.2;114.7;91.2;94.5;51592.0;Ecole élémentaire Jules Michelet;Béthune;062;62119;Pas-de-Calais;Lille;50.52579748912527,2.6475906829793905
2023-2024;9;HAUTS-DE-FRANCE;9;LILLE;62;PAS-DE-CALAIS;62737;SAINS EN GOHELLE;0623897Z;public;96.0;120.3;102.9;105.5;118.2;93.2;98.2;114.7;91.2;94.5;51734.0;Ecole élémentaire Jaurès-Curie;Sains-en-Gohelle;062;62737;Pas-de-Calais;Lille;50.448121921804564,2.6840101976569133
2023-2024;9;HAUTS-DE-FRANCE;9;LILLE;59;NORD;59024;AUBERCHICOURT;0595836Y;public;90.8;120.3;102.9;105.5;118.2;93.2;98.2;119.4;94.4;100.2;50097.0;Groupe scolaire élémentaire Louise Michel - Pierre-Gilles de Gennes;Auberchicourt;059;59024;Nord;Lille;50.33175198990467,3.234400293937264
2023-2024;9;HAUTS-DE-FRANCE;9;LILLE;59;NORD;59032;AULNOY LEZ VALENCIENNES;0595925V;public;99.8;120.3;102.9;105.5;118.2;93.2;98.2;119.4;94.4;100.2;50098.0;Ecole primaire Jules Ferry;Aulnoy-lez-Valenciennes;059;59032;Nord;Lille;50.332128623671686,3.530300391479106
2023-2024;9;HAUTS-DE-FRANCE;9;LILLE;59;NORD;59160;CRESPIN;0595929Z;public;84.2;120.3;102.9;105.5;118.2;93.2;98.2;119.4;94.4;100.2;50101.0;Ecole élémentaire Centre-Parc-Bellevue;Crespin;059;59160;Nord;Lille;50.41641563174804,3.6602500422100914
2023-2024;9;HAUTS-DE-FRANCE;9;LILLE;59;NORD;59650;WATTRELOS;0595942N;public;77.9;120.3;102.9;105.5;118.2;93.2;98.2;119.4;94.4;100.2;50110.0;Ecole primaire Pierre Brossolette;Wattrelos;059;59650;Nord;Lille;50.70211918991136,3.236850262964797
2023-2024;9;HAUTS-DE-FRANCE;9;LILLE;59;NORD;59212;ESTAIRES;0595977B;privé sous contrat;100.9;120.3;102.9;105.5;118.2;93.2;98.2;119.4;94.4;100.2;50114.0;Ecole primaire privée Notre-Dame de Lourdes;Estaires;059;59212;Nord;Lille;50.64669210160703,2.720543253424862
2023-2024;9;HAUTS-DE-FRANCE;9;LILLE;59;NORD;59606;VALENCIENNES;0596018W;privé sous contrat;121.2;120.3;102.9;105.5;118.2;93.2;98.2;119.4;94.4;100.2;50125.0;Ecole primaire privée Marie-Immaculée;Valenciennes;059;59606;Nord;Lille;50.353832849202036,3.5230698333004016
2023-2024;9;HAUTS-DE-FRANCE;9;LILLE;59;NORD;59606;VALENCIENNES;0596213H;public;73.6;120.3;102.9;105.5;118.2;93.2;98.2;119.4;94.4;100.2;50142.0;Ecole élémentaire Jean Moulin;Valenciennes;059;59606;Nord;Lille;50.369256439112256,3.516590083640256
2023-2024;9;HAUTS-DE-FRANCE;9;LILLE;59;NORD;59084;BLARINGHEM;0596375J;public;101.8;120.3;102.9;105.5;118.2;93.2;98.2;119.4;94.4;100.2;50163.0;Ecole primaire Lino Ventura;Blaringhem;059;59084;Nord;Lille;50.68992986782826,2.404760178052728
2023-2024;9;HAUTS-DE-FRANCE;9;LILLE;59;NORD;59130;CAPPELLE BROUCK;0596391B;public;87.8;120.3;102.9;105.5;118.2;93.2;98.2;119.4;94.4;100.2;50167.0;Ecole primaire;Cappelle-Brouck;059;59130;Nord;Lille;50.90275343377283,2.2218906077545584
2023-2024;9;HAUTS-DE-FRANCE;9;LILLE;59;NORD;59586;TEMPLEUVE EN PEVELE;0596492L;privé sous contrat;131.7;120.3;102.9;105.5;118.2;93.2;98.2;119.4;94.4;100.2;50192.0;Ecole primaire privée Saint Martin;Templeuve-en-Pévèle;059;59586;Nord;Lille;50.52551846262654,3.1715694206838503
2023-2024;9;HAUTS-DE-FRANCE;9;LILLE;59;NORD;59271;GRANDE SYNTHE;0596545U;public;80.3;120.3;102.9;105.5;118.2;93.2;98.2;119.4;94.4;100.2;50223.0;Ecole primaire Francisco Ferrer;Grande-Synthe;059;59271;Nord;Lille;51.00324279983775,2.2955202146108005
2023-2024;9;HAUTS-DE-FRANCE;9;LILLE;59;NORD;59437;NOYELLES LES SECLIN;0596585M;public;121.7;120.3;102.9;105.5;118.2;93.2;98.2;119.4;94.4;100.2;50226.0;Ecole primaire publique Alphonse Theeten;Noyelles-lès-Seclin;059;59437;Nord;Lille;50.57658175490166,3.011370074601032
2023-2024;9;HAUTS-DE-FRANCE;9;LILLE;59;NORD;59491;RAISMES;0596635S;public;72.4;120.3;102.9;105.5;118.2;93.2;98.2;119.4;94.4;100.2;50239.0;Ecole primaire publique Anatole France;Raismes;059;59491;Nord;Lille;50.40152798212484,3.514330332745139
2023-2024;9;HAUTS-DE-FRANCE;9;LILLE;59;NORD;59541;SAINT PYTHON;0595040H;public;96.6;120.3;102.9;105.5;118.2;93.2;98.2;119.4;94.4;100.2;50027.0;Ecole primaire;Saint-Python;059;59541;Nord;Lille;50.19248137374553,3.480769550177401
2023-2024;9;HAUTS-DE-FRANCE;9;LILLE;59;NORD;59009;VILLENEUVE D ASCQ;0595057B;public;75.4;120.3;102.9;105.5;118.2;93.2;98.2;119.4;94.4;100.2;50032.0;Ecole élémentaire Bossuet;Villeneuve-d'Ascq;059;59009;Nord;Lille;50.624513214967386,3.1260395195034802
2023-2024;9;HAUTS-DE-FRANCE;9;LILLE;59;NORD;59021;ASSEVENT;0595227L;public;93.0;120.3;102.9;105.5;118.2;93.2;98.2;119.4;94.4;100.2;50046.0;Groupe scolaire Michel Lo Giaco;Assevent;059;59021;Nord;Lille;50.28712679606378,4.019445195581059
2023-2024;9;HAUTS-DE-FRANCE;9;LILLE;59;NORD;59359;LOON PLAGE;0595441U;public;95.1;120.3;102.9;105.5;118.2;93.2;98.2;119.4;94.4;100.2;50071.0;Ecole primaire Gérard Philipe;Loon-Plage;059;59359;Nord;Lille;50.987661842181936,2.222270390578722
2023-2024;9;HAUTS-DE-FRANCE;9;LILLE;59;NORD;59560;SECLIN;0595505N;public;107.1;120.3;102.9;105.5;118.2;93.2;98.2;119.4;94.4;100.2;50078.0;Ecole élémentaire Jules Verne niveau 2;Seclin;059;59560;Nord;Lille;50.55010378873742,3.032879369867384
2023-2024;9;HAUTS-DE-FRANCE;9;LILLE;59;NORD;59512;ROUBAIX;0595602U;public;76.4;120.3;102.9;105.5;118.2;93.2;98.2;119.4;94.4;100.2;50081.0;Ecole primaire François Villon;Roubaix;059;59512;Nord;Lille;50.69322800427136,3.172750515840762
2023-2024;9;HAUTS-DE-FRANCE;9;LILLE;59;NORD;59043;BAILLEUL;0595606Y;public;102.0;120.3;102.9;105.5;118.2;93.2;98.2;119.4;94.4;100.2;50084.0;Ecole primaire Charles de Coster - Thyl l'Espiègle;Bailleul;059;59043;Nord;Lille;50.73047813720252,2.7243895491170056
2023-2024;9;HAUTS-DE-FRANCE;9;LILLE;59;NORD;59038;AVESNES LE SEC;0596204Y;public;101.7;120.3;102.9;105.5;118.2;93.2;98.2;119.4;94.4;100.2;50134.0;Ecole primaire Louis Aragon;Avesnes-le-Sec;059;59038;Nord;Lille;50.24911017828208,3.3764204453293685
2023-2024;9;HAUTS-DE-FRANCE;9;LILLE;59;NORD;59295;HAZEBROUCK;0596381R;public;78.8;120.3;102.9;105.5;118.2;93.2;98.2;119.4;94.4;100.2;50166.0;Ecole primaire Lucie Aubrac;Hazebrouck;059;59295;Nord;Lille;50.72175785599704,2.532860095077601
2023-2024;9;HAUTS-DE-FRANCE;9;LILLE;59;NORD;59481;LE QUESNOY;0596425N;public;103.6;120.3;102.9;105.5;118.2;93.2;98.2;119.4;94.4;100.2;50176.0;Ecole élémentaire Chevray;Le Quesnoy;059;59481;Nord;Lille;50.247755775810056,3.6410194159929468
2023-2024;9;HAUTS-DE-FRANCE;9;LILLE;59;NORD;59392;MAUBEUGE;0596428S;public;71.6;120.3;102.9;105.5;118.2;93.2;98.2;119.4;94.4;100.2;50178.0;Groupe scolaire Andersen Hugo;Maubeuge;059;59392;Nord;Lille;50.27821363705605,3.9412495865508035
2023-2024;9;HAUTS-DE-FRANCE;9;LILLE;59;NORD;59279;HALLUIN;0596500V;public;98.0;120.3;102.9;105.5;118.2;93.2;98.2;119.4;94.4;100.2;50198.0;Ecole primaire Anne Franck - Jean Moulin;Halluin;059;59279;Nord;Lille;50.778637444208506,3.1126100236137297
2023-2024;9;HAUTS-DE-FRANCE;9;LILLE;59;NORD;59426;NEUVILLE EN FERRAIN;0596531D;public;109.5;120.3;102.9;105.5;118.2;93.2;98.2;119.4;94.4;100.2;50218.0;Groupe scolaire Ambroise Paré;Neuville-en-Ferrain;059;59426;Nord;Lille;50.74844202857334,3.159530580646388
2023-2024;9;HAUTS-DE-FRANCE;9;LILLE;59;NORD;59015;ARLEUX;0596621B;public;100.8;120.3;102.9;105.5;118.2;93.2;98.2;119.4;94.4;100.2;50231.0;Ecole primaire publique Docteur Bouly-Marius Richard;Arleux;059;59015;Nord;Lille;50.27982105328776,3.1025795302482027
2023-2024;9;HAUTS-DE-FRANCE;9;LILLE;59;NORD;59606;VALENCIENNES;0596632N;public;108.6;120.3;102.9;105.5;118.2;93.2;98.2;119.4;94.4;100.2;50237.0;Ecole élémentaire Les Acacias;Valenciennes;059;59606;Nord;Lille;50.35901961741409,3.508419977025725
2023-2024;9;HAUTS-DE-FRANCE;9;LILLE;59;NORD;59574;SOMAIN;0597056Z;privé sous contrat;108.4;120.3;102.9;105.5;118.2;93.2;98.2;119.4;94.4;100.2;50263.0;Ecole primaire privée Notre Dame de la Renaissance;Somain;059;59574;Nord;Lille;50.34202536852681,3.2809603337422146
2023-2024;9;HAUTS-DE-FRANCE;9;LILLE;62;PAS-DE-CALAIS;62272;DOUCHY LES AYETTE;0620581V;public;;120.3;102.9;105.5;118.2;93.2;98.2;114.7;91.2;94.5;50982.0;Ecole élémentaire RPI 5;Douchy-lès-Ayette;062;62272;Pas-de-Calais;Lille;50.17623266569884,2.7173294927766243
2023-2024;9;HAUTS-DE-FRANCE;9;LILLE;62;PAS-DE-CALAIS;62341;FONCQUEVILLERS;0620640J;public;97.2;120.3;102.9;105.5;118.2;93.2;98.2;114.7;91.2;94.5;50997.0;Ecole élémentaire RPI 24;Foncquevillers;062;62341;Pas-de-Calais;Lille;50.14884904777878,2.6318102905320946
2023-2024;9;HAUTS-DE-FRANCE;9;LILLE;62;PAS-DE-CALAIS;62178;BRUAY LA BUISSIERE;0620928X;public;103.0;120.3;102.9;105.5;118.2;93.2;98.2;114.7;91.2;94.5;51064.0;Ecole élémentaire Centre;Bruay-la-Buissière;062;62178;Pas-de-Calais;Lille;50.48819001642426,2.5677997391311402
2023-2024;9;HAUTS-DE-FRANCE;9;LILLE;62;PAS-DE-CALAIS;62654;PEUPLINGUES;0621070B;public;103.7;120.3;102.9;105.5;118.2;93.2;98.2;114.7;91.2;94.5;51099.0;Ecole élémentaire Georges Brassens RPI 121;Peuplingues;062;62654;Pas-de-Calais;Lille;50.915737842896114,1.7689096632638757
2023-2024;9;HAUTS-DE-FRANCE;9;LILLE;62;PAS-DE-CALAIS;62852;VIEILLE EGLISE;0621104N;public;99.1;120.3;102.9;105.5;118.2;93.2;98.2;114.7;91.2;94.5;51109.0;Ecole élémentaire Dominique Pourre RPI 30;Vieille-Eglise;062;62852;Pas-de-Calais;Lille;50.929058229019866,2.0763999795299917
2023-2024;9;HAUTS-DE-FRANCE;9;LILLE;62;PAS-DE-CALAIS;62545;MANINGHEM;0621223T;public;;120.3;102.9;105.5;118.2;93.2;98.2;114.7;91.2;94.5;51143.0;Ecole élémentaire RPI 69;Maninghem;062;62545;Pas-de-Calais;Lille;50.54863367807617,1.9343297013965666
2023-2024;9;HAUTS-DE-FRANCE;9;LILLE;62;PAS-DE-CALAIS;62643;OUTREAU;0621253A;public;92.6;120.3;102.9;105.5;118.2;93.2;98.2;114.7;91.2;94.5;51152.0;Ecole élémentaire d'application Jean Jaurès;Outreau;062;62643;Pas-de-Calais;Lille;50.708647780904734,1.5939797335568848
2023-2024;9;HAUTS-DE-FRANCE;9;LILLE;62;PAS-DE-CALAIS;62570;MERICOURT;0621433W;public;89.0;120.3;102.9;105.5;118.2;93.2;98.2;114.7;91.2;94.5;51198.0;Ecole élémentaire Louis Pasteur;Méricourt;062;62570;Pas-de-Calais;Lille;50.39990886789627,2.861759980282537
2023-2024;9;HAUTS-DE-FRANCE;9;LILLE;62;PAS-DE-CALAIS;62854;VILLERS AU BOIS;0621448M;public;121.9;120.3;102.9;105.5;118.2;93.2;98.2;114.7;91.2;94.5;51201.0;Ecole élémentaire RPI 82;Villers-au-Bois;062;62854;Pas-de-Calais;Lille;50.3736739484833,2.671659356736372
2023-2024;9;HAUTS-DE-FRANCE;9;LILLE;62;PAS-DE-CALAIS;62706;RICHEBOURG;0621483A;public;110.8;120.3;102.9;105.5;118.2;93.2;98.2;114.7;91.2;94.5;51208.0;Groupe Scolaire Marcel Lejosne;Richebourg;062;62706;Pas-de-Calais;Lille;50.57305863313393,2.744610084707534
2023-2024;9;HAUTS-DE-FRANCE;9;LILLE;62;PAS-DE-CALAIS;62895;WINGLES;0621536H;public;80.7;120.3;102.9;105.5;118.2;93.2;98.2;114.7;91.2;94.5;51215.0;Ecole élémentaire Sophie Berthelot;Wingles;062;62895;Pas-de-Calais;Lille;50.49298061026013,2.8497101027866085
2023-2024;9;HAUTS-DE-FRANCE;9;LILLE;62;PAS-DE-CALAIS;62018;AIX EN ISSART;0621582H;public;99.7;120.3;102.9;105.5;118.2;93.2;98.2;114.7;91.2;94.5;51232.0;Ecole élémentaire RPI 44;Aix-en-Issart;062;62018;Pas-de-Calais;Lille;50.47547975419569,1.856950463483025
2023-2024;9;HAUTS-DE-FRANCE;9;LILLE;62;PAS-DE-CALAIS;62760;SAINT MARTIN D HARDINGHEM;0621768K;public;84.6;120.3;102.9;105.5;118.2;93.2;98.2;114.7;91.2;94.5;51279.0;Ecole élémentaire RPI 141;Saint-Martin-d'Hardinghem;062;62760;Pas-de-Calais;Lille;50.6046054310233,2.0953203926650623
2023-2024;9;HAUTS-DE-FRANCE;9;LILLE;62;PAS-DE-CALAIS;62271;DOHEM;0621850Z;public;101.6;120.3;102.9;105.5;118.2;93.2;98.2;114.7;91.2;94.5;51295.0;Ecole primaire Centre;Dohem;062;62271;Pas-de-Calais;Lille;50.6384967529107,2.186760300169313
2023-2024;9;HAUTS-DE-FRANCE;9;LILLE;62;PAS-DE-CALAIS;62837;VAUDRINGHEM;0621875B;public;87.6;120.3;102.9;105.5;118.2;93.2;98.2;114.7;91.2;94.5;51304.0;Ecole élémentaire RPI 130;Vaudringhem;062;62837;Pas-de-Calais;Lille;50.6619128347084,2.0293602537967925
2023-2024;9;HAUTS-DE-FRANCE;9;LILLE;62;PAS-DE-CALAIS;62518;LINZEUX;0622048P;public;;120.3;102.9;105.5;118.2;93.2;98.2;114.7;91.2;94.5;51343.0;Ecole élémentaire RPI 33;Linzeux;062;62518;Pas-de-Calais;Lille;50.34253769066819,2.199580526774515
2023-2024;9;HAUTS-DE-FRANCE;9;LILLE;62;PAS-DE-CALAIS;62250;COURRIERES;0622253M;public;81.1;120.3;102.9;105.5;118.2;93.2;98.2;114.7;91.2;94.5;51350.0;Ecole élémentaire Joliot-Curie;Courrières;062;62250;Pas-de-Calais;Lille;50.46188245716282,2.9497505538817492
2023-2024;9;HAUTS-DE-FRANCE;9;LILLE;62;PAS-DE-CALAIS;62297;EPERLECQUES;0622626T;privé sous contrat;106.7;120.3;102.9;105.5;118.2;93.2;98.2;114.7;91.2;94.5;51403.0;Ecole primaire privée Saint Joseph;Eperlecques;062;62297;Pas-de-Calais;Lille;50.80462474829314,2.1522198389763636
2023-2024;9;HAUTS-DE-FRANCE;9;LILLE;62;PAS-DE-CALAIS;62624;NOYELLES GODAULT;0622675W;privé sous contrat;113.7;120.3;102.9;105.5;118.2;93.2;98.2;114.7;91.2;94.5;51428.0;Ecole primaire privée Sacré-Coeur - Notre Dame;Noyelles-Godault;062;62624;Pas-de-Calais;Lille;50.419912653095146,2.9937403792998443
2023-2024;9;HAUTS-DE-FRANCE;9;LILLE;62;PAS-DE-CALAIS;62041;ARRAS;0622851M;public;81.0;120.3;102.9;105.5;118.2;93.2;98.2;114.7;91.2;94.5;51494.0;Ecole primaire Herriot - Viart;Arras;062;62041;Pas-de-Calais;Lille;50.2736001118902,2.7885796115507264
2023-2024;9;HAUTS-DE-FRANCE;9;LILLE;62;PAS-DE-CALAIS;62004;ACHICOURT;0623030G;public;107.6;120.3;102.9;105.5;118.2;93.2;98.2;114.7;91.2;94.5;51537.0;Ecole élémentaire Léopold Sedar Senghor;Achicourt;062;62004;Pas-de-Calais;Lille;50.27448360944272,2.7596695603003494
2023-2024;9;HAUTS-DE-FRANCE;9;LILLE;62;PAS-DE-CALAIS;62907;LIBERCOURT;0623443F;public;86.8;120.3;102.9;105.5;118.2;93.2;98.2;114.7;91.2;94.5;51618.0;Ecole primaire Jean Jaurès;Libercourt;062;62907;Pas-de-Calais;Lille;50.4794639415126,3.000730097132979
2023-2024;9;HAUTS-DE-FRANCE;9;LILLE;62;PAS-DE-CALAIS;62427;HENIN BEAUMONT;0623505Y;public;78.9;120.3;102.9;105.5;118.2;93.2;98.2;114.7;91.2;94.5;51637.0;Ecole élémentaire Jules Michelet;Hénin-Beaumont;062;62427;Pas-de-Calais;Lille;50.41151094011601,2.943789391624513
2023-2024;9;HAUTS-DE-FRANCE;9;LILLE;62;PAS-DE-CALAIS;62773;SAMER;0623517L;public;95.6;120.3;102.9;105.5;118.2;93.2;98.2;114.7;91.2;94.5;51647.0;Ecole élémentaire Lucien Coustès;Samer;062;62773;Pas-de-Calais;Lille;50.63752290495415,1.7455805203877126
2023-2024;9;HAUTS-DE-FRANCE;9;LILLE;62;PAS-DE-CALAIS;62269;DIEVAL;0623523T;public;88.5;120.3;102.9;105.5;118.2;93.2;98.2;114.7;91.2;94.5;51653.0;Ecole primaire;Diéval;062;62269;Pas-de-Calais;Lille;50.435417727058905,2.449550205954388
2023-2024;9;HAUTS-DE-FRANCE;9;LILLE;62;PAS-DE-CALAIS;62400;HAILLICOURT;0623530A;public;86.1;120.3;102.9;105.5;118.2;93.2;98.2;114.7;91.2;94.5;51657.0;Ecole primaire Pasteur - Les Cigognes;Haillicourt;062;62400;Pas-de-Calais;Lille;50.47501587493007,2.5860597253323863
2023-2024;9;HAUTS-DE-FRANCE;9;LILLE;62;PAS-DE-CALAIS;62440;HERMIES;0623956N;public;85.1;120.3;102.9;105.5;118.2;93.2;98.2;114.7;91.2;94.5;51745.0;Ecole primaire Pierre Mendès France;Hermies;062;62440;Pas-de-Calais;Lille;50.11199725530481,3.037190275273603
2023-2024;9;HAUTS-DE-FRANCE;9;LILLE;62;PAS-DE-CALAIS;62893;WIMEREUX;0624122U;public;123.3;120.3;102.9;105.5;118.2;93.2;98.2;114.7;91.2;94.5;51777.0;Ecole élémentaire Alain Fournier;Wimereux;062;62893;Pas-de-Calais;Lille;50.77114190486764,1.6123794016753523
2023-2024;9;HAUTS-DE-FRANCE;9;LILLE;62;PAS-DE-CALAIS;62600;NEDON;0624211R;public;100.7;120.3;102.9;105.5;118.2;93.2;98.2;114.7;91.2;94.5;51797.0;Ecole élémentaire Joseph Larde RPI 112;Nédon;062;62600;Pas-de-Calais;Lille;50.52465865108706,2.3692298708521244
2023-2024;9;HAUTS-DE-FRANCE;9;LILLE;59;NORD;59009;VILLENEUVE D ASCQ;0590180A;public;66.8;120.3;102.9;105.5;118.2;93.2;98.2;119.4;94.4;100.2;48991.0;Ecole élémentaire Jean Mermoz;Villeneuve-d'Ascq;059;59009;Nord;Lille;50.619144699887315,3.14572015382865
2023-2024;9;HAUTS-DE-FRANCE;9;LILLE;59;NORD;59043;BAILLEUL;0590312U;public;96.5;120.3;102.9;105.5;118.2;93.2;98.2;119.4;94.4;100.2;48995.0;Ecole élémentaire Pasteur;Bailleul;059;59043;Nord;Lille;50.73262835707762,2.7386604528541296
2023-2024;9;HAUTS-DE-FRANCE;9;LILLE;59;NORD;59178;DOUAI;0590373K;public;80.1;120.3;102.9;105.5;118.2;93.2;98.2;119.4;94.4;100.2;49010.0;Ecole primaire Lemaire - Tour des Dames;Douai;059;59178;Nord;Lille;50.37762043042853,3.077889828502511
2023-2024;9;HAUTS-DE-FRANCE;9;LILLE;59;NORD;59178;DOUAI;0590382V;public;76.6;120.3;102.9;105.5;118.2;93.2;98.2;119.4;94.4;100.2;49014.0;Ecole régionale du premier degré Bateliers et Forains - Internat d'excellence de DOUAI;Douai;059;59178;Nord;Lille;50.37881846120339,3.0727799504336923
2023-2024;9;HAUTS-DE-FRANCE;9;LILLE;59;NORD;59049;BANTOUZELLE;0590599F;public;93.6;120.3;102.9;105.5;118.2;93.2;98.2;119.4;94.4;100.2;49052.0;Ecole élémentaire niveau 2 RPI 3;Bantouzelle;059;59049;Nord;Lille;50.06313805831816,3.2076693365519873
2023-2024;9;HAUTS-DE-FRANCE;9;LILLE;59;NORD;59058;BEAUFORT;0590622F;public;90.3;120.3;102.9;105.5;118.2;93.2;98.2;119.4;94.4;100.2;49057.0;Ecole élémentaire d'Auffignies Niveau 2;Beaufort;059;59058;Nord;Lille;50.21559161079218,3.966329817578237
2023-2024;9;HAUTS-DE-FRANCE;9;LILLE;59;NORD;59079;BEUVRAGES;0590660X;public;77.2;120.3;102.9;105.5;118.2;93.2;98.2;119.4;94.4;100.2;49062.0;Ecole élémentaire Jules Ferry;Beuvrages;059;59079;Nord;Lille;50.38764032424757,3.5070203555372066
2023-2024;9;HAUTS-DE-FRANCE;9;LILLE;59;NORD;59192;EMERCHICOURT;0590986B;public;99.5;120.3;102.9;105.5;118.2;93.2;98.2;119.4;94.4;100.2;49140.0;Ecole primaire Louis Aragon;Emerchicourt;059;59192;Nord;Lille;50.31282503045885,3.254250532127019
2023-2024;9;HAUTS-DE-FRANCE;9;LILLE;59;NORD;59220;FACHES THUMESNIL;0591128F;public;113.8;120.3;102.9;105.5;118.2;93.2;98.2;119.4;94.4;100.2;49169.0;Ecole élémentaire Louise de Bettignies;Faches-Thumesnil;059;59220;Nord;Lille;50.591265597359325,3.075519530312993
2023-2024;9;HAUTS-DE-FRANCE;9;LILLE;59;NORD;59275;GRUSON;0591302V;public;135.1;120.3;102.9;105.5;118.2;93.2;98.2;119.4;94.4;100.2;49202.0;Ecole primaire Pasteur;Gruson;059;59275;Nord;Lille;50.59634565818303,3.204740640162481
2023-2024;9;HAUTS-DE-FRANCE;9;LILLE;59;NORD;59280;HAMEL;0591316K;public;93.0;120.3;102.9;105.5;118.2;93.2;98.2;119.4;94.4;100.2;49206.0;Ecole primaire;Hamel;059;59280;Nord;Lille;50.27919837979578,3.0759195943590747
2023-2024;9;HAUTS-DE-FRANCE;9;LILLE;59;NORD;59344;LEVAL;0591517D;public;90.6;120.3;102.9;105.5;118.2;93.2;98.2;119.4;94.4;100.2;49239.0;Ecole primaire Martha Desrumaux;Leval;059;59344;Nord;Lille;50.189184737469425,3.8394906259906314
2023-2024;9;HAUTS-DE-FRANCE;9;LILLE;59;NORD;59350;LILLE;0591562C;public;124.6;120.3;102.9;105.5;118.2;93.2;98.2;119.4;94.4;100.2;49244.0;Ecole élémentaire internationale Sophie Germain;Lille;059;59350;Nord;Lille;50.634134600779575,3.0583703411264342
2023-2024;9;HAUTS-DE-FRANCE;9;LILLE;59;NORD;59350;LILLE;0591579W;public;84.4;120.3;102.9;105.5;118.2;93.2;98.2;119.4;94.4;100.2;49248.0;Ecole élémentaire Arthur Cornette;Lille;059;59350;Nord;Lille;50.63744284848041,3.0816400452330086
2023-2024;9;HAUTS-DE-FRANCE;9;LILLE;59;NORD;59413;MONTIGNY EN CAMBRESIS;0591882A;public;91.9;120.3;102.9;105.5;118.2;93.2;98.2;119.4;94.4;100.2;49302.0;Ecole primaire Les Petits Prés Verts;Montigny-en-Cambrésis;059;59413;Nord;Lille;50.08780583264901,3.4062701456779747
2023-2024;9;HAUTS-DE-FRANCE;9;LILLE;59;NORD;59536;SAINTE MARIE CAPPEL;0592173S;public;115.9;120.3;102.9;105.5;118.2;93.2;98.2;119.4;94.4;100.2;49386.0;Ecole primaire;Sainte-Marie-Cappel;059;59536;Nord;Lille;50.783361319129384,2.5085095779917657
2023-2024;9;HAUTS-DE-FRANCE;9;LILLE;59;NORD;59183;DUNKERQUE;0592183C;public;76.3;120.3;102.9;105.5;118.2;93.2;98.2;119.4;94.4;100.2;49390.0;Ecole élémentaire Vancauwenberghe;Dunkerque;059;59183;Nord;Lille;51.03390138767502,2.3360103032782535
2023-2024;9;HAUTS-DE-FRANCE;9;LILLE;59;NORD;59599;TOURCOING;0592350J;public;82.3;120.3;102.9;105.5;118.2;93.2;98.2;119.4;94.4;100.2;49429.0;Ecole élémentaire Jacquard;Tourcoing;059;59599;Nord;Lille;50.71937335387097,3.147850422039568
2023-2024;9;HAUTS-DE-FRANCE;9;LILLE;59;NORD;59636;WAMBRECHIES;0592495S;public;109.2;120.3;102.9;105.5;118.2;93.2;98.2;119.4;94.4;100.2;49462.0;Ecole élémentaire Jules Ferry;Wambrechies;059;59636;Nord;Lille;50.6858396651705,3.0500895422155847
2023-2024;9;HAUTS-DE-FRANCE;9;LILLE;59;NORD;59640;WARGNIES LE PETIT;0592505C;public;115.5;120.3;102.9;105.5;118.2;93.2;98.2;119.4;94.4;100.2;49466.0;Ecole primaire Centre;Wargnies-le-Petit;059;59640;Nord;Lille;50.29567044643908,3.67465989548468
2023-2024;9;HAUTS-DE-FRANCE;9;LILLE;59;NORD;59658;WICRES;0592575D;public;113.0;120.3;102.9;105.5;118.2;93.2;98.2;119.4;94.4;100.2;49482.0;Ecole primaire La Libaude;Wicres;059;59658;Nord;Lille;50.57094428314047,2.8658602165269906
2023-2024;9;HAUTS-DE-FRANCE;9;LILLE;59;NORD;59122;CAMBRAI;0592690D;public;98.7;120.3;102.9;105.5;118.2;93.2;98.2;119.4;94.4;100.2;49499.0;Ecole élémentaire Martin-Martine;Cambrai;059;59122;Nord;Lille;50.16032208474235,3.261769995866882
2023-2024;9;HAUTS-DE-FRANCE;9;LILLE;59;NORD;59136;LE CATEAU CAMBRESIS;0596546V;public;81.0;120.3;102.9;105.5;118.2;93.2;98.2;119.4;94.4;100.2;50224.0;Ecole primaire publique Paul Langevin;Le Cateau-Cambrésis;059;59136;Nord;Lille;50.11000109315805,3.534619440736294
2023-2024;9;HAUTS-DE-FRANCE;9;LILLE;59;NORD;59043;BAILLEUL;0595229N;public;100.4;120.3;102.9;105.5;118.2;93.2;98.2;119.4;94.4;100.2;50047.0;Ecole primaire Jacques Prévert;Bailleul;059;59043;Nord;Lille;50.71195598795792,2.6805994292241158
2023-2024;9;HAUTS-DE-FRANCE;9;LILLE;59;NORD;59183;DUNKERQUE;0595498F;public;87.2;120.3;102.9;105.5;118.2;93.2;98.2;119.4;94.4;100.2;50074.0;Ecole primaire la Porte d'Eau - Château d'Eau;Dunkerque;059;59183;Nord;Lille;51.03551548535633,2.3851300962656556
2023-2024;9;HAUTS-DE-FRANCE;9;LILLE;59;NORD;59094;BOURBOURG;0596296Y;public;77.3;120.3;102.9;105.5;118.2;93.2;98.2;119.4;94.4;100.2;50146.0;Ecole primaire Jean-Michel Billaut;Bourbourg;059;59094;Nord;Lille;50.945999596187384,2.1984796161538465
2023-2024;9;HAUTS-DE-FRANCE;9;LILLE;59;NORD;59654;WAZIERS;0596303F;public;70.8;120.3;102.9;105.5;118.2;93.2;98.2;119.4;94.4;100.2;50152.0;Ecole élémentaire Copernic;Waziers;059;59654;Nord;Lille;50.37362228513657,3.1072004233390653
2023-2024;9;HAUTS-DE-FRANCE;9;LILLE;59;NORD;59183;DUNKERQUE;0596304G;privé sous contrat;115.7;120.3;102.9;105.5;118.2;93.2;98.2;119.4;94.4;100.2;50153.0;Ecole primaire privée Saint Christophe;Dunkerque;059;59183;Nord;Lille;51.04315546229068,2.405430170329725
2023-2024;9;HAUTS-DE-FRANCE;9;LILLE;59;NORD;59328;LAMBERSART;0596393D;public;129.6;120.3;102.9;105.5;118.2;93.2;98.2;119.4;94.4;100.2;50168.0;Ecole primaire Rameau;Lambersart;059;59328;Nord;Lille;50.6579538819953,3.036730651353358
2023-2024;9;HAUTS-DE-FRANCE;9;LILLE;59;NORD;59426;NEUVILLE EN FERRAIN;0596532E;public;107.1;120.3;102.9;105.5;118.2;93.2;98.2;119.4;94.4;100.2;50219.0;Ecole primaire Camille Claudel;Neuville-en-Ferrain;059;59426;Nord;Lille;50.749498290949205,3.1798096769162907
2023-2024;9;HAUTS-DE-FRANCE;9;LILLE;62;PAS-DE-CALAIS;62097;BEAUMETZ LES LOGES;0620700Z;public;111.9;120.3;102.9;105.5;118.2;93.2;98.2;114.7;91.2;94.5;51011.0;Ecole primaire;Beaumetz-lès-Loges;062;62097;Pas-de-Calais;Lille;50.24419222098422,2.6564399695510446
2023-2024;9;HAUTS-DE-FRANCE;9;LILLE;62;PAS-DE-CALAIS;62758;SAINT MARTIN BOULOGNE;0620873M;public;73.8;120.3;102.9;105.5;118.2;93.2;98.2;114.7;91.2;94.5;51045.0;Ecole élémentaire Jean Rostand;Saint-Martin-Boulogne;062;62758;Pas-de-Calais;Lille;50.71032377439374,1.6177109419604212
2023-2024;9;HAUTS-DE-FRANCE;9;LILLE;62;PAS-DE-CALAIS;62516;LILLERS;0621020X;public;83.7;120.3;102.9;105.5;118.2;93.2;98.2;114.7;91.2;94.5;51085.0;Ecole élémentaire Robert Desnos;Lillers;062;62516;Pas-de-Calais;Lille;50.55958301468626,2.4750599466575736
2023-2024;9;HAUTS-DE-FRANCE;9;LILLE;62;PAS-DE-CALAIS;62155;BONNINGUES LES ARDRES;0621117C;public;83.3;120.3;102.9;105.5;118.2;93.2;98.2;114.7;91.2;94.5;51111.0;Ecole élémentaire de la Hem RPI 128;Bonningues-lès-Ardres;062;62155;Pas-de-Calais;Lille;50.791000069096825,2.0116250910929048
2023-2024;9;HAUTS-DE-FRANCE;9;LILLE;62;PAS-DE-CALAIS;62193;CALAIS;0621140C;public;66.3;120.3;102.9;105.5;118.2;93.2;98.2;114.7;91.2;94.5;51122.0;Groupe scolaire Saint-Exupéry;Calais;062;62193;Pas-de-Calais;Lille;50.94648125063264,1.8962302861289722
2023-2024;9;HAUTS-DE-FRANCE;9;LILLE;62;PAS-DE-CALAIS;62413;HARNES;0621372E;public;76.6;120.3;102.9;105.5;118.2;93.2;98.2;114.7;91.2;94.5;51182.0;Ecole élémentaire Joliot-Curie;Harnes;062;62413;Pas-de-Calais;Lille;50.444585358564034,2.8870706325648294
2023-2024;9;HAUTS-DE-FRANCE;9;LILLE;62;PAS-DE-CALAIS;62073;BAILLEUL SIR BERTHOULT;0621409V;public;123.2;120.3;102.9;105.5;118.2;93.2;98.2;114.7;91.2;94.5;51190.0;Ecole primaire Lucie Aubrac;Bailleul-Sir-Berthoult;062;62073;Pas-de-Calais;Lille;50.33811389385344,2.851149866656635
2023-2024;9;HAUTS-DE-FRANCE;9;LILLE;62;PAS-DE-CALAIS;62108;BERCK;0621563M;public;77.2;120.3;102.9;105.5;118.2;93.2;98.2;114.7;91.2;94.5;51222.0;Ecole élémentaire du Foier;Berck;062;62108;Pas-de-Calais;Lille;50.40911968909048,1.5874297498143632
2023-2024;9;HAUTS-DE-FRANCE;9;LILLE;62;PAS-DE-CALAIS;62312;ESTREE;0621625E;public;111.4;120.3;102.9;105.5;118.2;93.2;98.2;114.7;91.2;94.5;51240.0;Ecole élémentaire La Vallée de la Course RPI 83;Estrée;062;62312;Pas-de-Calais;Lille;50.49937482617241,1.789869477665212
2023-2024;9;HAUTS-DE-FRANCE;9;LILLE;62;PAS-DE-CALAIS;62870;WAILLY BEAUCAMP;0621674H;public;99.2;120.3;102.9;105.5;118.2;93.2;98.2;114.7;91.2;94.5;51251.0;Ecole primaire Jean Moulin;Wailly-Beaucamp;062;62870;Pas-de-Calais;Lille;50.41963523614982,1.7266297457686153
2023-2024;9;HAUTS-DE-FRANCE;9;LILLE;62;PAS-DE-CALAIS;62014;AIRE SUR LA LYS;0621742G;public;84.4;120.3;102.9;105.5;118.2;93.2;98.2;114.7;91.2;94.5;51271.0;Ecole élémentaire Jules Ferry;Aire-sur-la-Lys;062;62014;Pas-de-Calais;Lille;50.63566870338758,2.3988104732018494
2023-2024;9;HAUTS-DE-FRANCE;9;LILLE;62;PAS-DE-CALAIS;62140;BLEQUIN;0621843S;public;;120.3;102.9;105.5;118.2;93.2;98.2;114.7;91.2;94.5;51291.0;Ecole élémentaire RPI 130;Bléquin;062;62140;Pas-de-Calais;Lille;50.66330346100038,1.9871498034013275
2023-2024;9;HAUTS-DE-FRANCE;9;LILLE;62;PAS-DE-CALAIS;62308;ESCOEUILLES;0621853C;public;;120.3;102.9;105.5;118.2;93.2;98.2;114.7;91.2;94.5;51297.0;Ecole primaire RPI 157;Escoeuilles;062;62308;Pas-de-Calais;Lille;50.72597676676116,1.9245294800542243
2023-2024;9;HAUTS-DE-FRANCE;9;LILLE;62;PAS-DE-CALAIS;62077;BAJUS;0621901E;public;105.3;120.3;102.9;105.5;118.2;93.2;98.2;114.7;91.2;94.5;51312.0;Ecole élémentaire RPI 155;Bajus;062;62077;Pas-de-Calais;Lille;50.42185296336262,2.482090056751285
2023-2024;9;HAUTS-DE-FRANCE;9;LILLE;62;PAS-DE-CALAIS;62212;CAPELLE LES HESDIN;0621976L;public;;120.3;102.9;105.5;118.2;93.2;98.2;114.7;91.2;94.5;51326.0;Ecole primaire RPI 8;Capelle-lès-Hesdin;062;62212;Pas-de-Calais;Lille;50.341250601520514,1.9992593078274403
2023-2024;9;HAUTS-DE-FRANCE;9;LILLE;62;PAS-DE-CALAIS;62427;HENIN BEAUMONT;0622657B;privé sous contrat;120.0;120.3;102.9;105.5;118.2;93.2;98.2;114.7;91.2;94.5;51418.0;Ecole primaire privée Saint Louis - Ste Jeanne d'Arc;Hénin-Beaumont;062;62427;Pas-de-Calais;Lille;50.42039223873243,2.955460019486251
2023-2024;9;HAUTS-DE-FRANCE;9;LILLE;62;PAS-DE-CALAIS;62193;CALAIS;0622738P;privé sous contrat;109.9;120.3;102.9;105.5;118.2;93.2;98.2;114.7;91.2;94.5;51463.0;Ecole primaire privée Jeanne d'Arc;Calais;062;62193;Pas-de-Calais;Lille;50.94342080667202,1.852550429620221
2023-2024;9;HAUTS-DE-FRANCE;9;LILLE;62;PAS-DE-CALAIS;62755;SAINT LEONARD;0622839Z;public;114.6;120.3;102.9;105.5;118.2;93.2;98.2;114.7;91.2;94.5;51491.0;Ecole élémentaire Aurore;Saint-Léonard;062;62755;Pas-de-Calais;Lille;50.69440061856109,1.623030281340693
2023-2024;9;HAUTS-DE-FRANCE;9;LILLE;62;PAS-DE-CALAIS;62765;SAINT OMER;0622911C;public;83.3;120.3;102.9;105.5;118.2;93.2;98.2;114.7;91.2;94.5;51502.0;Ecole primaire Alphonse de Lamartine;Saint-Omer;062;62765;Pas-de-Calais;Lille;50.757448224359095,2.26191975983224
2023-2024;9;HAUTS-DE-FRANCE;9;LILLE;62;PAS-DE-CALAIS;62311;ESTEVELLES;0623046Z;public;103.1;120.3;102.9;105.5;118.2;93.2;98.2;114.7;91.2;94.5;51544.0;Ecole primaire Jacques Prévert;Estevelles;062;62311;Pas-de-Calais;Lille;50.4769462153446,2.9070825288716016
2023-2024;9;HAUTS-DE-FRANCE;9;LILLE;62;PAS-DE-CALAIS;62543;MAMETZ;0623540L;public;97.3;120.3;102.9;105.5;118.2;93.2;98.2;114.7;91.2;94.5;51662.0;Ecole primaire Les Tilleuls Centre;Mametz;062;62543;Pas-de-Calais;Lille;50.63439046412743,2.3221001486411113
2023-2024;9;HAUTS-DE-FRANCE;9;LILLE;62;PAS-DE-CALAIS;62099;BEAURAINS;0623756W;privé sous contrat;120.6;120.3;102.9;105.5;118.2;93.2;98.2;114.7;91.2;94.5;51681.0;Ecole primaire privée Saint Jean-Notre-Dame;Beaurains;062;62099;Pas-de-Calais;Lille;50.25921325436124,2.7881396776035223
2023-2024;9;HAUTS-DE-FRANCE;9;LILLE;62;PAS-DE-CALAIS;62201;CAMIERS;0623769K;public;94.5;120.3;102.9;105.5;118.2;93.2;98.2;114.7;91.2;94.5;51688.0;Ecole primaire Hervé Charpentier;Camiers;062;62201;Pas-de-Calais;Lille;50.56942091208317,1.613366114371046
2023-2024;9;HAUTS-DE-FRANCE;9;LILLE;62;PAS-DE-CALAIS;62413;HARNES;0623772N;public;90.3;120.3;102.9;105.5;118.2;93.2;98.2;114.7;91.2;94.5;51690.0;Ecole primaire Henri Barbusse;Harnes;062;62413;Pas-de-Calais;Lille;50.4492623889633,2.9008801220611606
2023-2024;9;HAUTS-DE-FRANCE;9;LILLE;62;PAS-DE-CALAIS;62193;CALAIS;0623847V;public;74.4;120.3;102.9;105.5;118.2;93.2;98.2;114.7;91.2;94.5;51711.0;Ecole primaire Robert Allemand;Calais;062;62193;Pas-de-Calais;Lille;50.95011959978912,1.8800694316040354
2023-2024;9;HAUTS-DE-FRANCE;9;LILLE;62;PAS-DE-CALAIS;62034;ANNEQUIN;0623992C;public;89.1;120.3;102.9;105.5;118.2;93.2;98.2;114.7;91.2;94.5;51752.0;Ecole élémentaire André Deuve;Annequin;062;62034;Pas-de-Calais;Lille;50.512513764727736,2.7246495756000764
2023-2024;9;HAUTS-DE-FRANCE;9;LILLE;62;PAS-DE-CALAIS;62510;LIEVIN;0624013A;public;89.6;120.3;102.9;105.5;118.2;93.2;98.2;114.7;91.2;94.5;51762.0;Ecole élémentaire George Sand;Liévin;062;62510;Pas-de-Calais;Lille;50.43100815147403,2.7764293808802893
2023-2024;9;HAUTS-DE-FRANCE;9;LILLE;59;NORD;59286;HAUBOURDIN;0592877G;public;86.3;120.3;102.9;105.5;118.2;93.2;98.2;119.4;94.4;100.2;49511.0;Ecole élémentaire Roger Salengro;Haubourdin;059;59286;Nord;Lille;50.601777929195805,2.9906196037694586
2023-2024;9;HAUTS-DE-FRANCE;9;LILLE;59;NORD;59324;JEUMONT;0593492A;public;71.7;120.3;102.9;105.5;118.2;93.2;98.2;119.4;94.4;100.2;49520.0;Ecole élémentaire Willy Dubois;Jeumont;059;59324;Nord;Lille;50.29477613160707,4.099790800602907
2023-2024;9;HAUTS-DE-FRANCE;9;LILLE;59;NORD;59122;CAMBRAI;0593525L;public;78.1;120.3;102.9;105.5;118.2;93.2;98.2;119.4;94.4;100.2;49528.0;Ecole élémentaire Kennedy;Cambrai;059;59122;Nord;Lille;50.1693393853605,3.264159823936115
2023-2024;9;HAUTS-DE-FRANCE;9;LILLE;59;NORD;59398;MERIGNIES;0593546J;public;140.6;120.3;102.9;105.5;118.2;93.2;98.2;119.4;94.4;100.2;49546.0;Ecole primaire Jacques Brel;Mérignies;059;59398;Nord;Lille;50.503822922653725,3.111029886335189
2023-2024;9;HAUTS-DE-FRANCE;9;LILLE;59;NORD;59402;MILLAM;0593547K;public;97.8;120.3;102.9;105.5;118.2;93.2;98.2;119.4;94.4;100.2;49547.0;Ecole primaire;Millam;059;59402;Nord;Lille;50.85531178506841,2.2510306853100577
2023-2024;9;HAUTS-DE-FRANCE;9;LILLE;59;NORD;59495;RECQUIGNIES;0593550N;public;83.7;120.3;102.9;105.5;118.2;93.2;98.2;119.4;94.4;100.2;49550.0;Ecole élémentaire du Centre;Recquignies;059;59495;Nord;Lille;50.2843786645677,4.037890124973561
2023-2024;9;HAUTS-DE-FRANCE;9;LILLE;59;NORD;59124;CAMPHIN EN PEVELE;0593633D;public;123.2;120.3;102.9;105.5;118.2;93.2;98.2;119.4;94.4;100.2;49576.0;Ecole primaire Pasteur;Camphin-en-Pévèle;059;59124;Nord;Lille;50.596883779320194,3.2535298850823438
2023-2024;9;HAUTS-DE-FRANCE;9;LILLE;59;NORD;59458;PERONNE EN MELANTOIS;0593637H;public;135.7;120.3;102.9;105.5;118.2;93.2;98.2;119.4;94.4;100.2;49579.0;Ecole primaire La Fontaine;Péronne-en-Mélantois;059;59458;Nord;Lille;50.566767765551575,3.1663101477958975
2023-2024;9;HAUTS-DE-FRANCE;9;LILLE;59;NORD;59599;TOURCOING;0593862C;privé sous contrat;95.4;120.3;102.9;105.5;118.2;93.2;98.2;119.4;94.4;100.2;49669.0;Ecole primaire privée Notre-Dame de La Marlière;Tourcoing;059;59599;Nord;Lille;50.73489800805936,3.193360529297996
2023-2024;9;HAUTS-DE-FRANCE;9;LILLE;59;NORD;59350;LILLE;0593893L;privé sous contrat;122.1;120.3;102.9;105.5;118.2;93.2;98.2;119.4;94.4;100.2;49678.0;Ecole primaire privée Sainte Anne;Lille;059;59350;Nord;Lille;50.64782531855458,2.988440182396552
2023-2024;9;HAUTS-DE-FRANCE;9;LILLE;59;NORD;59360;LOOS;0593897R;privé sous contrat;116.3;120.3;102.9;105.5;118.2;93.2;98.2;119.4;94.4;100.2;49680.0;Ecole primaire privée Saint Vincent;Loos;059;59360;Nord;Lille;50.610998976335836,3.0201506791169552
2023-2024;9;HAUTS-DE-FRANCE;9;LILLE;59;NORD;59535;SAINT JANS CAPPEL;0594085V;privé sous contrat;122.0;120.3;102.9;105.5;118.2;93.2;98.2;119.4;94.4;100.2;49761.0;Ecole primaire privée Saint Joseph;Saint-Jans-Cappel;059;59535;Nord;Lille;50.762579129051616,2.7219097644564463
2023-2024;9;HAUTS-DE-FRANCE;9;LILLE;59;NORD;59183;DUNKERQUE;0594086W;privé sous contrat;95.3;120.3;102.9;105.5;118.2;93.2;98.2;119.4;94.4;100.2;49762.0;Ecole primaire privée Sacré-Coeur;Dunkerque;059;59183;Nord;Lille;51.02853847284775,2.3451503580859208
2023-2024;9;HAUTS-DE-FRANCE;9;LILLE;59;NORD;59009;VILLENEUVE D ASCQ;0594126P;privé sous contrat;137.0;120.3;102.9;105.5;118.2;93.2;98.2;119.4;94.4;100.2;49780.0;Ecole primaire privée Saint Adrien La Salle;Villeneuve-d'Ascq;059;59009;Nord;Lille;50.62873883954925,3.1498297846196275
2023-2024;9;HAUTS-DE-FRANCE;9;LILLE;59;NORD;59569;SIN LE NOBLE;0594212H;public;82.0;120.3;102.9;105.5;118.2;93.2;98.2;119.4;94.4;100.2;49822.0;Ecole primaire Paul Langevin;Sin-le-Noble;059;59569;Nord;Lille;50.35692080383554,3.104310614383567
2023-2024;9;HAUTS-DE-FRANCE;9;LILLE;59;NORD;59075;BETHENCOURT;0594466J;public;98.5;120.3;102.9;105.5;118.2;93.2;98.2;119.4;94.4;100.2;49869.0;Ecole primaire du Printemps;Béthencourt;059;59075;Nord;Lille;50.13567660132205,3.4315896430376
2023-2024;9;HAUTS-DE-FRANCE;9;LILLE;62;PAS-DE-CALAIS;62376;GONNEHEM;0623054H;public;104.1;120.3;102.9;105.5;118.2;93.2;98.2;114.7;91.2;94.5;51547.0;Ecole primaire Jules Verne;Gonnehem;062;62376;Pas-de-Calais;Lille;50.56265405681765,2.5713462823279745
2023-2024;9;HAUTS-DE-FRANCE;9;LILLE;59;NORD;59013;ANSTAING;0590479A;public;122.0;120.3;102.9;105.5;118.2;93.2;98.2;119.4;94.4;100.2;49031.0;Ecole primaire Andrée Chédid;Anstaing;059;59013;Nord;Lille;50.606761257647044,3.189790115238246
2023-2024;9;HAUTS-DE-FRANCE;9;LILLE;59;NORD;59017;ARMENTIERES;0590519U;public;78.4;120.3;102.9;105.5;118.2;93.2;98.2;119.4;94.4;100.2;49036.0;Ecole élémentaire Jean Macé;Armentières;059;59017;Nord;Lille;50.684414680549054,2.8880097093062966
2023-2024;9;HAUTS-DE-FRANCE;9;LILLE;59;NORD;59043;BAILLEUL;0590587T;public;109.9;120.3;102.9;105.5;118.2;93.2;98.2;119.4;94.4;100.2;49049.0;Ecole primaire Pieter Brueghel;Bailleul;059;59043;Nord;Lille;50.719593158432794,2.7829901980790015
2023-2024;9;HAUTS-DE-FRANCE;9;LILLE;59;NORD;59067;BERGUES;0590639Z;public;87.6;120.3;102.9;105.5;118.2;93.2;98.2;119.4;94.4;100.2;49059.0;Ecole élémentaire Lamartine;Bergues;059;59067;Nord;Lille;50.96664746792724,2.4314899634193177
2023-2024;9;HAUTS-DE-FRANCE;9;LILLE;59;NORD;59122;CAMBRAI;0590771T;public;87.9;120.3;102.9;105.5;118.2;93.2;98.2;119.4;94.4;100.2;49092.0;Ecole primaire Jacques Brel;Cambrai;059;59122;Nord;Lille;50.17938511625708,3.217549746917795
2023-2024;9;HAUTS-DE-FRANCE;9;LILLE;59;NORD;59128;CAPINGHEM;0590783F;public;123.0;120.3;102.9;105.5;118.2;93.2;98.2;119.4;94.4;100.2;49094.0;Ecole primaire Lucie Aubrac;Capinghem;059;59128;Nord;Lille;50.64435420713483,2.9618806422953607
2023-2024;9;HAUTS-DE-FRANCE;9;LILLE;59;NORD;59150;COBRIEUX;0590842V;public;137.7;120.3;102.9;105.5;118.2;93.2;98.2;119.4;94.4;100.2;49112.0;Ecole primaire;Cobrieux;059;59150;Nord;Lille;50.54345375856525,3.2281605862167155
2023-2024;9;HAUTS-DE-FRANCE;9;LILLE;59;NORD;59191;ELINCOURT;0590985A;public;81.4;120.3;102.9;105.5;118.2;93.2;98.2;119.4;94.4;100.2;49139.0;Ecole primaire;Elincourt;059;59191;Nord;Lille;50.04368545804327,3.3708298676825152
2023-2024;9;HAUTS-DE-FRANCE;9;LILLE;59;NORD;59466;PONT A MARCQ;0591051X;public;118.1;120.3;102.9;105.5;118.2;93.2;98.2;119.4;94.4;100.2;49153.0;Groupe scolaire Philippe-Laurent Roland;Pont-à-Marcq;059;59466;Nord;Lille;50.52243285403673,3.1175192996697523
2023-2024;9;HAUTS-DE-FRANCE;9;LILLE;59;NORD;59475;PROUVY;0591068R;public;91.8;120.3;102.9;105.5;118.2;93.2;98.2;119.4;94.4;100.2;49156.0;Ecole élémentaire Maurice Noiret;Prouvy;059;59475;Nord;Lille;50.32195546697085,3.451019396914058
2023-2024;9;HAUTS-DE-FRANCE;9;LILLE;59;NORD;59206;ESCAUDOEUVRES;0591102C;public;95.8;120.3;102.9;105.5;118.2;93.2;98.2;119.4;94.4;100.2;49161.0;Ecole élémentaire Joliot-Curie;Escaudoeuvres;059;59206;Nord;Lille;50.19367124441902,3.2692999678282093
2023-2024;9;HAUTS-DE-FRANCE;9;LILLE;59;NORD;59249;FOURMIES;0591219E;public;78.1;120.3;102.9;105.5;118.2;93.2;98.2;119.4;94.4;100.2;49180.0;Ecole élémentaire Camille Dubocage;Fourmies;059;59249;Nord;Lille;50.018699711098115,4.045360467554411
2023-2024;9;HAUTS-DE-FRANCE;9;LILLE;59;NORD;59507;RONCHIN;0592028J;public;107.4;120.3;102.9;105.5;118.2;93.2;98.2;119.4;94.4;100.2;49345.0;Ecole élémentaire Pierre Brossolette;Ronchin;059;59507;Nord;Lille;50.60539086963338,3.08531952849993
2023-2024;9;HAUTS-DE-FRANCE;9;LILLE;59;NORD;59512;ROUBAIX;0592073H;public;64.3;120.3;102.9;105.5;118.2;93.2;98.2;119.4;94.4;100.2;49356.0;Ecole élémentaire Lakanal;Roubaix;059;59512;Nord;Lille;50.68824409486334,3.1620993319635975
2023-2024;9;HAUTS-DE-FRANCE;9;LILLE;59;NORD;59522;SAILLY LEZ LANNOY;0592134Z;public;124.2;120.3;102.9;105.5;118.2;93.2;98.2;119.4;94.4;100.2;49374.0;Ecole élémentaire René Soetard;Sailly-lez-Lannoy;059;59522;Nord;Lille;50.64847440207883,3.2226094082234074
2023-2024;9;HAUTS-DE-FRANCE;9;LILLE;59;NORD;59551;SAMEON;0592213K;public;122.7;120.3;102.9;105.5;118.2;93.2;98.2;119.4;94.4;100.2;49395.0;Ecole primaire;Saméon;059;59551;Nord;Lille;50.47756098724943,3.3339395947624793
2023-2024;9;HAUTS-DE-FRANCE;9;LILLE;59;NORD;59568;SERCUS;0592245V;public;107.3;120.3;102.9;105.5;118.2;93.2;98.2;119.4;94.4;100.2;49402.0;Ecole primaire des trois pommes;Sercus;059;59568;Nord;Lille;50.70637903683517,2.4565995501159974
2023-2024;9;HAUTS-DE-FRANCE;9;LILLE;59;NORD;59599;TOURCOING;0592366B;public;85.6;120.3;102.9;105.5;118.2;93.2;98.2;119.4;94.4;100.2;49433.0;Ecole élémentaire Rouget de Lisle;Tourcoing;059;59599;Nord;Lille;50.735293359357506,3.1635806096490113
2023-2024;9;HAUTS-DE-FRANCE;9;LILLE;59;NORD;59612;VERTAIN;0592437D;public;110.0;120.3;102.9;105.5;118.2;93.2;98.2;119.4;94.4;100.2;49452.0;Ecole primaire;Vertain;059;59612;Nord;Lille;50.21411629676759,3.5264706743368297
2023-2024;9;HAUTS-DE-FRANCE;9;LILLE;59;NORD;59615;VIEUX BERQUIN;0592444L;public;106.9;120.3;102.9;105.5;118.2;93.2;98.2;119.4;94.4;100.2;49454.0;Ecole primaire du Drooghout;Vieux-Berquin;059;59615;Nord;Lille;50.70764636561491,2.600310289603278
2023-2024;9;HAUTS-DE-FRANCE;9;LILLE;59;NORD;59650;WATTRELOS;0592547Y;public;88.4;120.3;102.9;105.5;118.2;93.2;98.2;119.4;94.4;100.2;49477.0;Ecole primaire Jean Macé;Wattrelos;059;59650;Nord;Lille;50.697355154915805,3.2061504514474906
2023-2024;9;HAUTS-DE-FRANCE;9;LILLE;59;NORD;59654;WAZIERS;0592569X;public;78.1;120.3;102.9;105.5;118.2;93.2;98.2;119.4;94.4;100.2;49481.0;Ecole élémentaire Guironnet;Waziers;059;59654;Nord;Lille;50.38460394692239,3.1057901586836527
2023-2024;9;HAUTS-DE-FRANCE;9;LILLE;59;NORD;59378;MARCQ EN BAROEUL;0593543F;public;109.1;120.3;102.9;105.5;118.2;93.2;98.2;119.4;94.4;100.2;49544.0;Groupe scolaire Joséphine Baker;Marcq-en-Baroeul;059;59378;Nord;Lille;50.66591259265961,3.072100531160874
2023-2024;9;HAUTS-DE-FRANCE;9;LILLE;59;NORD;59444;ODOMEZ;0593549M;public;94.7;120.3;102.9;105.5;118.2;93.2;98.2;119.4;94.4;100.2;49549.0;Ecole primaire Léon-Paul Boisseau;Odomez;059;59444;Nord;Lille;50.45561646347426,3.5355800205559826
2023-2024;9;HAUTS-DE-FRANCE;9;LILLE;59;NORD;59657;WEST CAPPEL;0593558X;public;94.4;120.3;102.9;105.5;118.2;93.2;98.2;119.4;94.4;100.2;49558.0;Ecole primaire;West-Cappel;059;59657;Nord;Lille;50.92691330108324,2.5082995497702276
2023-2024;9;HAUTS-DE-FRANCE;9;LILLE;59;NORD;59410;MONS EN BAROEUL;0593577T;public;90.2;120.3;102.9;105.5;118.2;93.2;98.2;119.4;94.4;100.2;49563.0;Ecole élémentaire Ronsard;Mons-en-Baroeul;059;59410;Nord;Lille;50.63969673981962,3.108050601937141
2023-2024;9;HAUTS-DE-FRANCE;9;LILLE;59;NORD;59220;FACHES THUMESNIL;0593790Z;privé sous contrat;132.9;120.3;102.9;105.5;118.2;93.2;98.2;119.4;94.4;100.2;49636.0;Ecole primaire privée Notre-Dame de La Treille;Faches-Thumesnil;059;59220;Nord;Lille;50.58932146291538,3.075819719320485
2023-2024;9;HAUTS-DE-FRANCE;9;LILLE;59;NORD;59279;HALLUIN;0593802M;privé sous contrat;100.4;120.3;102.9;105.5;118.2;93.2;98.2;119.4;94.4;100.2;49641.0;Ecole primaire privée Sainte Marie - Sacré Coeur;Halluin;059;59279;Nord;Lille;50.782383139220066,3.1268601131197165
2023-2024;9;HAUTS-DE-FRANCE;9;LILLE;59;NORD;59527;SAINT ANDRE LEZ LILLE;0593842F;privé sous contrat;140.6;120.3;102.9;105.5;118.2;93.2;98.2;119.4;94.4;100.2;49660.0;Ecole primaire privée La Cessoie;Saint-André-lez-Lille;059;59527;Nord;Lille;50.66215542423292,3.0337307036686094
2023-2024;9;HAUTS-DE-FRANCE;9;LILLE;59;NORD;59544;SAINT SAULVE;0593843G;privé sous contrat;123.7;120.3;102.9;105.5;118.2;93.2;98.2;119.4;94.4;100.2;49661.0;Ecole primaire privée Saint Joseph;Saint-Saulve;059;59544;Nord;Lille;50.37527423109796,3.551070268795187
2023-2024;9;HAUTS-DE-FRANCE;9;LILLE;59;NORD;59009;VILLENEUVE D ASCQ;0593872N;privé sous contrat;141.2;120.3;102.9;105.5;118.2;93.2;98.2;119.4;94.4;100.2;49673.0;Ecole primaire privée Saint Henri;Villeneuve-d'Ascq;059;59009;Nord;Lille;50.660195730199376,3.1383694717401216
2023-2024;9;HAUTS-DE-FRANCE;9;LILLE;59;NORD;59400;MERVILLE;0593911F;privé sous contrat;100.2;120.3;102.9;105.5;118.2;93.2;98.2;119.4;94.4;100.2;49689.0;Ecole primaire privée Notre-Dame;Merville;059;59400;Nord;Lille;50.64319342581813,2.6364498823632236
2023-2024;9;HAUTS-DE-FRANCE;9;LILLE;59;NORD;59172;DENAIN;0593997Z;privé sous contrat;96.6;120.3;102.9;105.5;118.2;93.2;98.2;119.4;94.4;100.2;49717.0;Ecole primaire privée Jean Paul II;Denain;059;59172;Nord;Lille;50.32340544873291,3.3804403956454907
2023-2024;9;HAUTS-DE-FRANCE;9;LILLE;59;NORD;59317;HOUPLINES;0594042Y;privé sous contrat;122.0;120.3;102.9;105.5;118.2;93.2;98.2;119.4;94.4;100.2;49739.0;Ecole primaire privée Sainte Anastasie;Houplines;059;59317;Nord;Lille;50.69577670417636,2.9122704687149406
2023-2024;9;HAUTS-DE-FRANCE;9;LILLE;59;NORD;59504;ROEULX;0594058R;privé sous contrat;101.6;120.3;102.9;105.5;118.2;93.2;98.2;119.4;94.4;100.2;49751.0;Ecole primaire privée Saint Rémi;Roeulx;059;59504;Nord;Lille;50.30696486884192,3.3369795204013255
2023-2024;9;HAUTS-DE-FRANCE;9;LILLE;59;NORD;59590;THIENNES;0594096G;privé sous contrat;103.0;120.3;102.9;105.5;118.2;93.2;98.2;119.4;94.4;100.2;49767.0;Ecole primaire privée Notre-Dame du Joyel;Thiennes;059;59590;Nord;Lille;50.650153279999195,2.465940056458024
2023-2024;9;HAUTS-DE-FRANCE;9;LILLE;59;NORD;59299;HEM;0594476V;public;95.0;120.3;102.9;105.5;118.2;93.2;98.2;119.4;94.4;100.2;49877.0;Ecole élémentaire Marcel Pagnol;Hem;059;59299;Nord;Lille;50.66559396508384,3.1812796327794945
2023-2024;9;HAUTS-DE-FRANCE;9;LILLE;59;NORD;59471;PRESEAU;0594482B;public;103.2;120.3;102.9;105.5;118.2;93.2;98.2;119.4;94.4;100.2;49883.0;Ecole primaire Jules Verne;Préseau;059;59471;Nord;Lille;50.311192789048405,3.5728221504395896
2023-2024;9;HAUTS-DE-FRANCE;9;LILLE;59;NORD;59485;QUIEVY;0594484D;public;97.2;120.3;102.9;105.5;118.2;93.2;98.2;119.4;94.4;100.2;49884.0;Ecole primaire;Quiévy;059;59485;Nord;Lille;50.16713875325017,3.426429960855361
2023-2024;9;HAUTS-DE-FRANCE;9;LILLE;59;NORD;59462;PHALEMPIN;0594563P;public;134.7;120.3;102.9;105.5;118.2;93.2;98.2;119.4;94.4;100.2;49900.0;Ecole primaire Les Viviers;Phalempin;059;59462;Nord;Lille;50.51784663337784,3.0122901873799686
2023-2024;9;HAUTS-DE-FRANCE;9;LILLE;59;NORD;59431;NIEPPE;0594601F;public;113.4;120.3;102.9;105.5;118.2;93.2;98.2;119.4;94.4;100.2;49918.0;Ecole élémentaire Arthur Cornette;Nieppe;059;59431;Nord;Lille;50.70217904410951,2.8442606970202813
2023-2024;9;HAUTS-DE-FRANCE;9;LILLE;59;NORD;59474;PRISCHES;0594717G;public;96.9;120.3;102.9;105.5;118.2;93.2;98.2;119.4;94.4;100.2;49955.0;Ecole primaire RPI 21;Prisches;059;59474;Nord;Lille;50.07908514516298,3.770539956374776
2023-2024;9;HAUTS-DE-FRANCE;9;LILLE;59;NORD;59295;HAZEBROUCK;0595028V;public;83.5;120.3;102.9;105.5;118.2;93.2;98.2;119.4;94.4;100.2;50021.0;Ecole primaire Amand Moriss;Hazebrouck;059;59295;Nord;Lille;50.733903652363665,2.5318306629019514
2023-2024;9;HAUTS-DE-FRANCE;9;LILLE;59;NORD;59616;VIEUX CONDE;0595043L;public;81.6;120.3;102.9;105.5;118.2;93.2;98.2;119.4;94.4;100.2;50029.0;Ecole élémentaire Carnot;Vieux-Condé;059;59616;Nord;Lille;50.465397890508875,3.560219660241221
2023-2024;9;HAUTS-DE-FRANCE;9;LILLE;62;PAS-DE-CALAIS;62041;ARRAS;0620461P;public;84.1;120.3;102.9;105.5;118.2;93.2;98.2;114.7;91.2;94.5;50960.0;Ecole élémentaire La Fontaine;Arras;062;62041;Pas-de-Calais;Lille;50.28882146761892,2.7517799935866956
2023-2024;9;HAUTS-DE-FRANCE;9;LILLE;62;PAS-DE-CALAIS;62284;ECOURT SAINT QUENTIN;0623349D;public;97.1;120.3;102.9;105.5;118.2;93.2;98.2;114.7;91.2;94.5;51578.0;Ecole élémentaire Clémence Leroy;Ecourt-Saint-Quentin;062;62284;Pas-de-Calais;Lille;50.25013685538086,3.070239542753665
2023-2024;9;HAUTS-DE-FRANCE;9;LILLE;62;PAS-DE-CALAIS;62637;OIGNIES;0623362T;public;88.2;120.3;102.9;105.5;118.2;93.2;98.2;114.7;91.2;94.5;51582.0;Ecole élémentaire Savary Bouquet;Oignies;062;62637;Pas-de-Calais;Lille;50.46832743210085,3.0106100880189297
2023-2024;9;HAUTS-DE-FRANCE;9;LILLE;62;PAS-DE-CALAIS;62029;AMETTES;0623384S;privé sous contrat;108.4;120.3;102.9;105.5;118.2;93.2;98.2;114.7;91.2;94.5;51587.0;Ecole primaire privée Saint Benoît Labre;Amettes;062;62029;Pas-de-Calais;Lille;50.52971142430151,2.3951898177769717
2023-2024;9;HAUTS-DE-FRANCE;9;LILLE;62;PAS-DE-CALAIS;62464;HULLUCH;0623532C;public;78.3;120.3;102.9;105.5;118.2;93.2;98.2;114.7;91.2;94.5;51659.0;Ecole primaire Yves Cousteau;Hulluch;062;62464;Pas-de-Calais;Lille;50.48407997127312,2.8076599736899404
2023-2024;9;HAUTS-DE-FRANCE;9;LILLE;62;PAS-DE-CALAIS;62486;LAMBRES;0623643Y;public;93.5;120.3;102.9;105.5;118.2;93.2;98.2;114.7;91.2;94.5;51670.0;Ecole primaire Saint-Exupéry;Lambres;062;62486;Pas-de-Calais;Lille;50.614931000953746,2.3984393956664616
2023-2024;9;HAUTS-DE-FRANCE;9;LILLE;62;PAS-DE-CALAIS;62194;CALONNE RICOUART;0623768J;public;87.1;120.3;102.9;105.5;118.2;93.2;98.2;114.7;91.2;94.5;51687.0;Ecole primaire Blondel - Gavrel;Calonne-Ricouart;062;62194;Pas-de-Calais;Lille;50.485649455351904,2.4832097867341423
2023-2024;9;HAUTS-DE-FRANCE;9;LILLE;62;PAS-DE-CALAIS;62642;OURTON;0623777U;public;88.3;120.3;102.9;105.5;118.2;93.2;98.2;114.7;91.2;94.5;51694.0;Ecole primaire Curie-Pagnol;Ourton;062;62642;Pas-de-Calais;Lille;50.45556011473791,2.4808902568776428
2023-2024;9;HAUTS-DE-FRANCE;9;LILLE;62;PAS-DE-CALAIS;62035;ANNEZIN;0623866R;public;94.3;120.3;102.9;105.5;118.2;93.2;98.2;114.7;91.2;94.5;51719.0;Ecole élémentaire Simone Veil;Annezin;062;62035;Pas-de-Calais;Lille;50.532220285998235,2.617260357701202
2023-2024;9;HAUTS-DE-FRANCE;9;LILLE;62;PAS-DE-CALAIS;62667;LE PORTEL;0623904G;privé sous contrat;105.5;120.3;102.9;105.5;118.2;93.2;98.2;114.7;91.2;94.5;51736.0;Ecole primaire privée Saint Jean-Baptiste de La Salle;Le Portel;062;62667;Pas-de-Calais;Lille;50.7079222033718,1.5751004467717056
2023-2024;9;HAUTS-DE-FRANCE;9;LILLE;62;PAS-DE-CALAIS;62839;VAULX VRAUCOURT;0624016D;public;89.8;120.3;102.9;105.5;118.2;93.2;98.2;114.7;91.2;94.5;51764.0;Ecole primaire - Regroupement Pédagogique Intercommunal Concentré (RPC) de VAULX-VRAUCOURT;Vaulx-Vraucourt;062;62839;Pas-de-Calais;Lille;50.14833945949658,2.9064406052049443
2023-2024;9;HAUTS-DE-FRANCE;9;LILLE;59;NORD;59001;ABANCOURT;0590375M;public;112.2;120.3;102.9;105.5;118.2;93.2;98.2;119.4;94.4;100.2;49011.0;Ecole primaire;Abancourt;059;59001;Nord;Lille;50.2352219216129,3.212269546921025
2023-2024;9;HAUTS-DE-FRANCE;9;LILLE;59;NORD;59211;ESQUERCHIN;0590384X;public;103.6;120.3;102.9;105.5;118.2;93.2;98.2;119.4;94.4;100.2;49016.0;Ecole primaire Yves Duteil;Esquerchin;059;59211;Nord;Lille;50.37554071624103,3.0143500822065086
2023-2024;9;HAUTS-DE-FRANCE;9;LILLE;59;NORD;59081;BEVILLERS;0590665C;public;92.5;120.3;102.9;105.5;118.2;93.2;98.2;119.4;94.4;100.2;49064.0;Ecole primaire;Bévillers;059;59081;Nord;Lille;50.1556199892073,3.3889803955461946
2023-2024;9;HAUTS-DE-FRANCE;9;LILLE;59;NORD;59180;LE DOULIEU;0590954S;public;98.0;120.3;102.9;105.5;118.2;93.2;98.2;119.4;94.4;100.2;49134.0;Ecole primaire Marguerite Yourcenar;Le Doulieu;059;59180;Nord;Lille;50.682542351860214,2.718319526596163
2023-2024;9;HAUTS-DE-FRANCE;9;LILLE;59;NORD;59472;PREUX AU BOIS;0591062J;public;98.7;120.3;102.9;105.5;118.2;93.2;98.2;119.4;94.4;100.2;49155.0;Ecole primaire Louise Thuliez;Preux-au-Bois;059;59472;Nord;Lille;50.163462191020606,3.657260149763682
2023-2024;9;HAUTS-DE-FRANCE;9;LILLE;59;NORD;59249;FOURMIES;0591220F;public;79.8;120.3;102.9;105.5;118.2;93.2;98.2;119.4;94.4;100.2;49181.0;Ecole élémentaire Jacques Prévert;Fourmies;059;59249;Nord;Lille;50.01468208644712,4.041419312183231
2023-2024;9;HAUTS-DE-FRANCE;9;LILLE;59;NORD;59291;HAUTMONT;0591352Z;public;70.1;120.3;102.9;105.5;118.2;93.2;98.2;119.4;94.4;100.2;49213.0;Ecole primaire Auguste Périer;Hautmont;059;59291;Nord;Lille;50.2442939100743,3.909473562115265
2023-2024;9;HAUTS-DE-FRANCE;9;LILLE;59;NORD;59301;HERGNIES;0591406H;public;95.0;120.3;102.9;105.5;118.2;93.2;98.2;119.4;94.4;100.2;49222.0;Ecole primaire No à Houx;Hergnies;059;59301;Nord;Lille;50.48669121040775,3.5342206103716776
2023-2024;9;HAUTS-DE-FRANCE;9;LILLE;59;NORD;59368;LA MADELEINE;0591716V;public;87.4;120.3;102.9;105.5;118.2;93.2;98.2;119.4;94.4;100.2;49276.0;Ecole élémentaire Kleber;La Madeleine;059;59368;Nord;Lille;50.657479456161404,3.0695896603679995
2023-2024;9;HAUTS-DE-FRANCE;9;LILLE;59;NORD;59368;LA MADELEINE;0591717W;public;105.1;120.3;102.9;105.5;118.2;93.2;98.2;119.4;94.4;100.2;49277.0;Ecole élémentaire Edmond Rostand;La Madeleine;059;59368;Nord;Lille;50.65480989436614,3.0692401047129385
2023-2024;9;HAUTS-DE-FRANCE;9;LILLE;59;NORD;59394;MAUROIS;0591837B;public;;120.3;102.9;105.5;118.2;93.2;98.2;119.4;94.4;100.2;49292.0;Ecole primaire;Maurois;059;59394;Nord;Lille;50.073651906578185,3.4676493222522686
2023-2024;9;HAUTS-DE-FRANCE;9;LILLE;59;NORD;59498;REUMONT;0592010P;public;;120.3;102.9;105.5;118.2;93.2;98.2;119.4;94.4;100.2;49337.0;Ecole primaire;Reumont;059;59498;Nord;Lille;50.08231301366403,3.484899740167123
2023-2024;9;HAUTS-DE-FRANCE;9;LILLE;59;NORD;59504;ROEULX;0592020A;public;;120.3;102.9;105.5;118.2;93.2;98.2;119.4;94.4;100.2;49342.0;Ecole élémentaire Paul Langevin niveau 1;Roeulx;059;59504;Nord;Lille;50.30737471902329,3.3335194026401935
2023-2024;9;HAUTS-DE-FRANCE;9;LILLE;59;NORD;59512;ROUBAIX;0592085W;public;67.7;120.3;102.9;105.5;118.2;93.2;98.2;119.4;94.4;100.2;49363.0;Ecole primaire Lavoisier;Roubaix;059;59512;Nord;Lille;50.68210828401691,3.1813393061128536
2023-2024;9;HAUTS-DE-FRANCE;9;LILLE;59;NORD;59514;ROUSIES;0592111Z;public;85.6;120.3;102.9;105.5;118.2;93.2;98.2;119.4;94.4;100.2;49369.0;Ecole élémentaire Léon Liemans;Rousies;059;59514;Nord;Lille;50.27564516341858,4.021450171159925
2023-2024;9;HAUTS-DE-FRANCE;9;LILLE;59;NORD;59530;SAINT AYBERT;0592161D;public;;120.3;102.9;105.5;118.2;93.2;98.2;119.4;94.4;100.2;49383.0;Ecole primaire Charles Fernand;Saint-Aybert;059;59530;Nord;Lille;50.447951235079245,3.6567798917378456
2023-2024;9;HAUTS-DE-FRANCE;9;LILLE;59;NORD;59585;TEMPLEMARS;0592303H;public;113.9;120.3;102.9;105.5;118.2;93.2;98.2;119.4;94.4;100.2;49415.0;Ecole primaire Dolto - Pasteur;Templemars;059;59585;Nord;Lille;50.5701526612459,3.0555536227257702
2023-2024;9;HAUTS-DE-FRANCE;9;LILLE;59;NORD;59591;THIVENCELLE;0592318Z;public;76.3;120.3;102.9;105.5;118.2;93.2;98.2;119.4;94.4;100.2;49419.0;Ecole primaire Hainaut Baugnies;Thivencelle;059;59591;Nord;Lille;50.43894319179324,3.6324206477915704
2023-2024;9;HAUTS-DE-FRANCE;9;LILLE;59;NORD;59599;TOURCOING;0592353M;public;85.8;120.3;102.9;105.5;118.2;93.2;98.2;119.4;94.4;100.2;49431.0;Ecole primaire Condorcet;Tourcoing;059;59599;Nord;Lille;50.732251850605884,3.152740700173914
2023-2024;9;HAUTS-DE-FRANCE;9;LILLE;59;NORD;59618;VIEUX RENG;0592459C;public;90.7;120.3;102.9;105.5;118.2;93.2;98.2;119.4;94.4;100.2;49456.0;Ecole primaire;Vieux-Reng;059;59618;Nord;Lille;50.32958371156002,4.046169867139373
2023-2024;9;HAUTS-DE-FRANCE;9;LILLE;59;NORD;59650;WATTRELOS;0592510H;public;90.5;120.3;102.9;105.5;118.2;93.2;98.2;119.4;94.4;100.2;49468.0;Ecole élémentaire Lakanal;Wattrelos;059;59650;Nord;Lille;50.70547507133779,3.204040188255336
2023-2024;9;HAUTS-DE-FRANCE;9;LILLE;59;NORD;59669;ZUYTPEENE;0592597C;public;97.2;120.3;102.9;105.5;118.2;93.2;98.2;119.4;94.4;100.2;49486.0;Ecole primaire Jean Bolle;Zuytpeene;059;59669;Nord;Lille;50.79493485656075,2.4315495576378052
2023-2024;9;HAUTS-DE-FRANCE;9;LILLE;59;NORD;59646;WASQUEHAL;0592643C;public;104.0;120.3;102.9;105.5;118.2;93.2;98.2;119.4;94.4;100.2;49491.0;Ecole élémentaire Marcelle Detaille;Wasquehal;059;59646;Nord;Lille;50.67713127508846,3.133299480371224
2023-2024;9;HAUTS-DE-FRANCE;9;LILLE;59;NORD;59092;BOUCHAIN;0593285A;public;95.8;120.3;102.9;105.5;118.2;93.2;98.2;119.4;94.4;100.2;49514.0;Ecole élémentaire Albert Douay;Bouchain;059;59092;Nord;Lille;50.28323735275931,3.3058402921280328
2023-2024;9;HAUTS-DE-FRANCE;9;LILLE;59;NORD;59350;LILLE;0593467Y;public;114.7;120.3;102.9;105.5;118.2;93.2;98.2;119.4;94.4;100.2;49517.0;Ecole primaire Edouard Herriot;Lille;059;59350;Nord;Lille;50.620565160667006,3.120829806939659
2023-2024;9;HAUTS-DE-FRANCE;9;LILLE;59;NORD;59312;HONNECOURT SUR ESCAUT;0593491Z;public;90.1;120.3;102.9;105.5;118.2;93.2;98.2;119.4;94.4;100.2;49519.0;Ecole primaire Villard de Honnecourt;Honnecourt-sur-Escaut;059;59312;Nord;Lille;50.03843176566266,3.2000602451773377
2023-2024;9;HAUTS-DE-FRANCE;9;LILLE;59;NORD;59588;TETEGHEM COUDEKERQUE VILLAGE;0593527N;public;108.2;120.3;102.9;105.5;118.2;93.2;98.2;119.4;94.4;100.2;49530.0;Ecole primaire Bruegel;Téteghem-Coudekerque-Village;059;59588;Nord;Lille;50.994042631190055,2.417409323831449
2023-2024;9;HAUTS-DE-FRANCE;9;LILLE;59;NORD;59578;STEENBECQUE;0593853T;privé sous contrat;114.3;120.3;102.9;105.5;118.2;93.2;98.2;119.4;94.4;100.2;49663.0;Ecole primaire privée Saint Pierre;Steenbecque;059;59578;Nord;Lille;50.67260481467982,2.4846695447238796
2023-2024;9;HAUTS-DE-FRANCE;9;LILLE;59;NORD;59375;MARCHIENNES;0593902W;privé sous contrat;116.7;120.3;102.9;105.5;118.2;93.2;98.2;119.4;94.4;100.2;49683.0;Ecole primaire privée Sainte Thérèse;Marchiennes;059;59375;Nord;Lille;50.40683504941728,3.280190354544227
2023-2024;9;HAUTS-DE-FRANCE;9;LILLE;59;NORD;59378;MARCQ EN BAROEUL;0593905Z;privé sous contrat;140.9;120.3;102.9;105.5;118.2;93.2;98.2;119.4;94.4;100.2;49686.0;Ecole primaire privée Notre-Dame de Lourdes;Marcq-en-Baroeul;059;59378;Nord;Lille;50.677784241606865,3.090870093097924
2023-2024;9;HAUTS-DE-FRANCE;9;LILLE;59;NORD;59350;LILLE;0593964N;privé sous contrat;139.7;120.3;102.9;105.5;118.2;93.2;98.2;119.4;94.4;100.2;49705.0;Ecole primaire privée Thérèse d'Avila;Lille;059;59350;Nord;Lille;50.62986620410206,3.0436195344382706
2023-2024;9;HAUTS-DE-FRANCE;9;LILLE;59;NORD;59250;FOURNES EN WEPPES;0594014T;privé sous contrat;135.2;120.3;102.9;105.5;118.2;93.2;98.2;119.4;94.4;100.2;49723.0;Ecole primaire privée Jeanne d'Arc;Fournes-en-Weppes;059;59250;Nord;Lille;50.5851504100243,2.8860796583861323
2023-2024;9;HAUTS-DE-FRANCE;9;LILLE;59;NORD;59291;HAUTMONT;0594033N;privé sous contrat;87.5;120.3;102.9;105.5;118.2;93.2;98.2;119.4;94.4;100.2;49734.0;Ecole primaire privée Sacré-Coeur;Hautmont;059;59291;Nord;Lille;50.24887724434029,3.9240600957444607
2023-2024;9;HAUTS-DE-FRANCE;9;LILLE;59;NORD;59449;ORCHIES;0594050G;privé sous contrat;130.0;120.3;102.9;105.5;118.2;93.2;98.2;119.4;94.4;100.2;49745.0;Ecole primaire privée Notre-Dame de La Providence Saint Michel;Orchies;059;59449;Nord;Lille;50.47745887174737,3.2461500962928547
2023-2024;9;HAUTS-DE-FRANCE;9;LILLE;59;NORD;59136;LE CATEAU CAMBRESIS;0594468L;public;68.8;120.3;102.9;105.5;118.2;93.2;98.2;119.4;94.4;100.2;49870.0;Ecole primaire Auguste Herbin;Le Cateau-Cambrésis;059;59136;Nord;Lille;50.10614792563583,3.5438902536081747
2023-2024;9;HAUTS-DE-FRANCE;9;LILLE;59;NORD;59271;GRANDE SYNTHE;0594470N;public;71.7;120.3;102.9;105.5;118.2;93.2;98.2;119.4;94.4;100.2;49871.0;Ecole élémentaire Verlaine;Grande-Synthe;059;59271;Nord;Lille;51.01896620072716,2.3137699153609423
2023-2024;9;HAUTS-DE-FRANCE;9;LILLE;59;NORD;59574;SOMAIN;0594610R;public;86.7;120.3;102.9;105.5;118.2;93.2;98.2;119.4;94.4;100.2;49925.0;Ecole élémentaire Désiré Chevaillier;Somain;059;59574;Nord;Lille;50.35886748046427,3.265800584992354
2023-2024;9;HAUTS-DE-FRANCE;9;LILLE;59;NORD;59230;FERRIERE LA GRANDE;0594689B;public;87.1;120.3;102.9;105.5;118.2;93.2;98.2;119.4;94.4;100.2;49939.0;Ecole primaire Georges Maufroy-Le Seau;Ferrière-la-Grande;059;59230;Nord;Lille;50.25805128710706,3.9836096780475136
2023-2024;9;HAUTS-DE-FRANCE;9;LILLE;59;NORD;59375;MARCHIENNES;0594702R;public;109.8;120.3;102.9;105.5;118.2;93.2;98.2;119.4;94.4;100.2;49947.0;Ecole élémentaire Georges Brassens;Marchiennes;059;59375;Nord;Lille;50.40854214339242,3.2787697777143783
2023-2024;9;HAUTS-DE-FRANCE;9;LILLE;59;NORD;59603;TRITH SAINT LEGER;0594780A;public;89.2;120.3;102.9;105.5;118.2;93.2;98.2;119.4;94.4;100.2;49960.0;Ecole élémentaire Jean Macé;Trith-Saint-Léger;059;59603;Nord;Lille;50.33241520224199,3.4853294598577613
2023-2024;9;HAUTS-DE-FRANCE;9;LILLE;62;PAS-DE-CALAIS;62193;CALAIS;0623767H;public;79.6;120.3;102.9;105.5;118.2;93.2;98.2;114.7;91.2;94.5;51686.0;Ecole primaire Sévigné-Vauxhall;Calais;062;62193;Pas-de-Calais;Lille;50.947513788747905,1.847430594871262
2023-2024;9;HAUTS-DE-FRANCE;9;LILLE;62;PAS-DE-CALAIS;62894;WIMILLE;0623877C;public;94.2;120.3;102.9;105.5;118.2;93.2;98.2;114.7;91.2;94.5;51726.0;Ecole élémentaire Dely-Sergent;Wimille;062;62894;Pas-de-Calais;Lille;50.76481261407721,1.6330605033322971
2023-2024;9;HAUTS-DE-FRANCE;9;LILLE;62;PAS-DE-CALAIS;62042;ATHIES;0624111G;public;113.4;120.3;102.9;105.5;118.2;93.2;98.2;114.7;91.2;94.5;51767.0;Ecole primaire;Athies;062;62042;Pas-de-Calais;Lille;50.30136302119331,2.83694999558506
2023-2024;9;HAUTS-DE-FRANCE;9;LILLE;62;PAS-DE-CALAIS;62540;MAISNIL LES RUITZ;0624198B;public;89.7;120.3;102.9;105.5;118.2;93.2;98.2;114.7;91.2;94.5;51792.0;Ecole élémentaire Les Erables;Maisnil-lès-Ruitz;062;62540;Pas-de-Calais;Lille;50.45311375944267,2.5814900220026953
2023-2024;9;HAUTS-DE-FRANCE;9;LILLE;59;NORD;59132;CARNIERES;0590317Z;public;97.6;120.3;102.9;105.5;118.2;93.2;98.2;119.4;94.4;100.2;48998.0;Ecole primaire;Carnières;059;59132;Nord;Lille;50.16814499196608,3.3443604909705846
2023-2024;9;HAUTS-DE-FRANCE;9;LILLE;59;NORD;59118;BUSIGNY;0590739H;public;74.3;120.3;102.9;105.5;118.2;93.2;98.2;119.4;94.4;100.2;49088.0;Ecole primaire Claude Bernard;Busigny;059;59118;Nord;Lille;50.04163004664646,3.440700361848958
2023-2024;9;HAUTS-DE-FRANCE;9;LILLE;59;NORD;59160;CRESPIN;0590872C;public;84.4;120.3;102.9;105.5;118.2;93.2;98.2;119.4;94.4;100.2;49119.0;Ecole élémentaire Blanc Misseron;Crespin;059;59160;Nord;Lille;50.40677997324402,3.6667993940454773
2023-2024;9;HAUTS-DE-FRANCE;9;LILLE;59;NORD;59459;PETITE FORET;0591031A;public;98.5;120.3;102.9;105.5;118.2;93.2;98.2;119.4;94.4;100.2;49149.0;Ecole élémentaire Paul Vaillant-Couturier;Petite-Forêt;059;59459;Nord;Lille;50.368337438145566,3.4753899760784828
2023-2024;9;HAUTS-DE-FRANCE;9;LILLE;59;NORD;59205;ESCAUDAIN;0591095V;public;77.9;120.3;102.9;105.5;118.2;93.2;98.2;119.4;94.4;100.2;49160.0;Ecole élémentaire Marcel Cachin;Escaudain;059;59205;Nord;Lille;50.34055105787741,3.347300038135271
2023-2024;9;HAUTS-DE-FRANCE;9;LILLE;59;NORD;59209;ESNES;0591108J;public;93.0;120.3;102.9;105.5;118.2;93.2;98.2;119.4;94.4;100.2;49163.0;Ecole primaire;Esnes;059;59209;Nord;Lille;50.101027026816,3.311629317751219
2023-2024;9;HAUTS-DE-FRANCE;9;LILLE;59;NORD;59271;GRANDE SYNTHE;0591279V;public;81.2;120.3;102.9;105.5;118.2;93.2;98.2;119.4;94.4;100.2;49199.0;Ecole primaire Pierre et Marie Curie;Grande-Synthe;059;59271;Nord;Lille;51.01596708461703,2.2966797092906877
2023-2024;9;HAUTS-DE-FRANCE;9;LILLE;59;NORD;59279;HALLUIN;0591313G;public;99.2;120.3;102.9;105.5;118.2;93.2;98.2;119.4;94.4;100.2;49205.0;Ecole élémentaire Michelet;Halluin;059;59279;Nord;Lille;50.784482790251815,3.1377095394390295
2023-2024;9;HAUTS-DE-FRANCE;9;LILLE;59;NORD;59299;HEM;0591395W;public;108.2;120.3;102.9;105.5;118.2;93.2;98.2;119.4;94.4;100.2;49221.0;Ecole élémentaire Victor Hugo;Hem;059;59299;Nord;Lille;50.65557060749573,3.185180600320704
2023-2024;9;HAUTS-DE-FRANCE;9;LILLE;59;NORD;59356;LOMPRET;0591673Y;public;132.0;120.3;102.9;105.5;118.2;93.2;98.2;119.4;94.4;100.2;49264.0;Ecole primaire Simone Veil;Lompret;059;59356;Nord;Lille;50.67109038239402,2.9903199891778276
2023-2024;9;HAUTS-DE-FRANCE;9;LILLE;59;NORD;59360;LOOS;0591688P;public;100.1;120.3;102.9;105.5;118.2;93.2;98.2;119.4;94.4;100.2;49270.0;Ecole élémentaire Alice Sorlin;Loos;059;59360;Nord;Lille;50.61520674787644,3.0167402735716453
2023-2024;9;HAUTS-DE-FRANCE;9;LILLE;59;NORD;59366;LYNDE;0591711P;public;110.5;120.3;102.9;105.5;118.2;93.2;98.2;119.4;94.4;100.2;49274.0;Ecole primaire du Tilleul;Lynde;059;59366;Nord;Lille;50.71290637086921,2.4183196087119776
2023-2024;9;HAUTS-DE-FRANCE;9;LILLE;59;NORD;59378;MARCQ EN BAROEUL;0591754L;public;111.0;120.3;102.9;105.5;118.2;93.2;98.2;119.4;94.4;100.2;49285.0;Groupe scolaire Léonard De Vinci;Marcq-en-Baroeul;059;59378;Nord;Lille;50.65545159917286,3.093760291881095
2023-2024;9;HAUTS-DE-FRANCE;9;LILLE;59;NORD;59399;MERRIS;0591846L;public;110.6;120.3;102.9;105.5;118.2;93.2;98.2;119.4;94.4;100.2;49295.0;Ecole primaire Jean-Michel Dujardin;Merris;059;59399;Nord;Lille;50.71779921060282,2.660549336838978
2023-2024;9;HAUTS-DE-FRANCE;9;LILLE;59;NORD;59512;ROUBAIX;0592057R;public;79.5;120.3;102.9;105.5;118.2;93.2;98.2;119.4;94.4;100.2;49351.0;Ecole primaire Jules Ferry;Roubaix;059;59512;Nord;Lille;50.696689049769496,3.180349355092779
2023-2024;9;HAUTS-DE-FRANCE;9;LILLE;59;NORD;59512;ROUBAIX;0592079P;public;91.5;120.3;102.9;105.5;118.2;93.2;98.2;119.4;94.4;100.2;49359.0;Ecole élémentaire Léon Jouhaux;Roubaix;059;59512;Nord;Lille;50.67824645906304,3.177300251484347
2023-2024;9;HAUTS-DE-FRANCE;9;LILLE;59;NORD;59523;SAINGHIN EN MELANTOIS;0592136B;public;133.6;120.3;102.9;105.5;118.2;93.2;98.2;119.4;94.4;100.2;49375.0;Ecole primaire Antoine De Saint-Exupéry;Sainghin-en-Mélantois;059;59523;Nord;Lille;50.58723786047929,3.1710498044232662
2023-2024;9;HAUTS-DE-FRANCE;9;LILLE;59;NORD;59546;SAINT SYLVESTRE CAPPEL;0592204A;public;101.9;120.3;102.9;105.5;118.2;93.2;98.2;119.4;94.4;100.2;49393.0;Ecole primaire Jacques Prévert;Saint-Sylvestre-Cappel;059;59546;Nord;Lille;50.775609486206555,2.554149905357422
2023-2024;9;HAUTS-DE-FRANCE;9;LILLE;59;NORD;59569;SIN LE NOBLE;0592249Z;public;78.2;120.3;102.9;105.5;118.2;93.2;98.2;119.4;94.4;100.2;49403.0;Ecole élémentaire Suzanne Lanoy;Sin-le-Noble;059;59569;Nord;Lille;50.36120677941496,3.11734063632611
2023-2024;9;HAUTS-DE-FRANCE;9;LILLE;59;NORD;59606;VALENCIENNES;0592425R;public;112.0;120.3;102.9;105.5;118.2;93.2;98.2;119.4;94.4;100.2;49447.0;Ecole élémentaire du Cariot;Valenciennes;059;59606;Nord;Lille;50.36045697547709,3.5200606529051077
2023-2024;9;HAUTS-DE-FRANCE;9;LILLE;59;NORD;59650;WATTRELOS;0592511J;public;83.0;120.3;102.9;105.5;118.2;93.2;98.2;119.4;94.4;100.2;49469.0;Ecole primaire Condorcet;Wattrelos;059;59650;Nord;Lille;50.70535088244394,3.1992804330179276
2023-2024;9;HAUTS-DE-FRANCE;9;LILLE;59;NORD;59053;BAVAY;0592753X;public;87.2;120.3;102.9;105.5;118.2;93.2;98.2;119.4;94.4;100.2;49505.0;Ecole élémentaire Centre;Bavay;059;59053;Nord;Lille;50.29736890425255,3.7965899646079846
2023-2024;9;HAUTS-DE-FRANCE;9;LILLE;59;NORD;59350;LILLE;0593570K;public;103.1;120.3;102.9;105.5;118.2;93.2;98.2;119.4;94.4;100.2;49561.0;Ecole primaire Lamartine - Jenner;Lille;059;59350;Nord;Lille;50.64297116139952,3.0645000934606776
2023-2024;9;HAUTS-DE-FRANCE;9;LILLE;59;NORD;59350;LILLE;0593614H;public;94.1;120.3;102.9;105.5;118.2;93.2;98.2;119.4;94.4;100.2;49568.0;Ecole élémentaire Léon Blum;Lille;059;59350;Nord;Lille;50.649555085613116,3.0042895599539645
2023-2024;9;HAUTS-DE-FRANCE;9;LILLE;59;NORD;59307;HOLQUE;0593618M;public;81.4;120.3;102.9;105.5;118.2;93.2;98.2;119.4;94.4;100.2;49570.0;Ecole primaire;Holque;059;59307;Nord;Lille;50.85481497909564,2.2034202563962446
2023-2024;9;HAUTS-DE-FRANCE;9;LILLE;59;NORD;59012;ANOR;0593743Y;privé sous contrat;85.5;120.3;102.9;105.5;118.2;93.2;98.2;119.4;94.4;100.2;49615.0;Ecole primaire privée Saint Joseph;Anor;059;59012;Nord;Lille;49.988879648789585,4.101600583150005
2023-2024;9;HAUTS-DE-FRANCE;9;LILLE;59;NORD;59033;AULNOYE AYMERIES;0593758P;privé sous contrat;107.5;120.3;102.9;105.5;118.2;93.2;98.2;119.4;94.4;100.2;49619.0;Ecole primaire privée Sacré-Coeur;Aulnoye-Aymeries;059;59033;Nord;Lille;50.2000207233071,3.8316395101797127
2023-2024;9;HAUTS-DE-FRANCE;9;LILLE;59;NORD;59599;TOURCOING;0593858Y;privé sous contrat;92.2;120.3;102.9;105.5;118.2;93.2;98.2;119.4;94.4;100.2;49667.0;Ecole primaire privée Sainte Lucie;Tourcoing;059;59599;Nord;Lille;50.712757028675554,3.1692761107848315
2023-2024;9;HAUTS-DE-FRANCE;9;LILLE;59;NORD;59647;WATTEN;0593882Z;privé sous contrat;101.7;120.3;102.9;105.5;118.2;93.2;98.2;119.4;94.4;100.2;49676.0;Insititution du Sacré Coeur;Watten;059;59647;Nord;Lille;50.833941795622636,2.2110194474310574
2023-2024;9;HAUTS-DE-FRANCE;9;LILLE;59;NORD;59392;MAUBEUGE;0593910E;privé sous contrat;110.9;120.3;102.9;105.5;118.2;93.2;98.2;119.4;94.4;100.2;49688.0;Ecole primaire privée Notre-Dame de Grâce;Maubeuge;059;59392;Nord;Lille;50.275925638189925,3.9712203428564754
2023-2024;9;HAUTS-DE-FRANCE;9;LILLE;59;NORD;59057;BEAUDIGNIES;0594176U;public;112.4;120.3;102.9;105.5;118.2;93.2;98.2;119.4;94.4;100.2;49796.0;Ecole primaire;Beaudignies;059;59057;Nord;Lille;50.23576929030575,3.5914501157213174
2023-2024;9;HAUTS-DE-FRANCE;9;LILLE;59;NORD;59565;SEPMERIES;0594236J;public;;120.3;102.9;105.5;118.2;93.2;98.2;119.4;94.4;100.2;49833.0;Ecole primaire RPI 12;Sepmeries;059;59565;Nord;Lille;50.28191459557752,3.5644795445725355
2023-2024;9;HAUTS-DE-FRANCE;9;LILLE;59;NORD;59271;GRANDE SYNTHE;0594320A;public;79.2;120.3;102.9;105.5;118.2;93.2;98.2;119.4;94.4;100.2;49849.0;Ecole élémentaire Blaise Pascal;Grande-Synthe;059;59271;Nord;Lille;51.021123172108226,2.3121104836843647
2023-2024;9;HAUTS-DE-FRANCE;9;LILLE;59;NORD;59165;CUINCY;0594461D;public;87.7;120.3;102.9;105.5;118.2;93.2;98.2;119.4;94.4;100.2;49865.0;Ecole élémentaire Jean Rostand;Cuincy;059;59165;Nord;Lille;50.38902894785868,3.0546198713984816
2023-2024;9;HAUTS-DE-FRANCE;9;LILLE;59;NORD;59447;ONNAING;0594481A;public;82.6;120.3;102.9;105.5;118.2;93.2;98.2;119.4;94.4;100.2;49882.0;Ecole élémentaire Henri Matisse;Onnaing;059;59447;Nord;Lille;50.39471119993215,3.592889609391077
2023-2024;9;HAUTS-DE-FRANCE;9;LILLE;59;NORD;59009;VILLENEUVE D ASCQ;0594571Y;public;81.8;120.3;102.9;105.5;118.2;93.2;98.2;119.4;94.4;100.2;49904.0;Ecole primaire Hippolyte Taine;Villeneuve-d'Ascq;059;59009;Nord;Lille;50.61700432909897,3.1386299550575774
2023-2024;9;HAUTS-DE-FRANCE;9;LILLE;59;NORD;59178;DOUAI;0594682U;public;84.7;120.3;102.9;105.5;118.2;93.2;98.2;119.4;94.4;100.2;49934.0;Ecole élémentaire Jeanne Georg;Douai;059;59178;Nord;Lille;50.382097401707156,3.076659788271107
2023-2024;9;HAUTS-DE-FRANCE;9;LILLE;59;NORD;59107;BRAY DUNES;0594913V;public;97.6;120.3;102.9;105.5;118.2;93.2;98.2;119.4;94.4;100.2;49977.0;Groupe scolaire Bray-Dunois;Bray-Dunes;059;59107;Nord;Lille;51.06960947605024,2.524090271367226
2023-2024;9;HAUTS-DE-FRANCE;9;LILLE;59;NORD;59365;LOUVROIL;0594940Z;public;76.6;120.3;102.9;105.5;118.2;93.2;98.2;119.4;94.4;100.2;49989.0;Ecole élémentaire Nelson Mandela;Louvroil;059;59365;Nord;Lille;50.26508309836671,3.962259555520422
2023-2024;9;HAUTS-DE-FRANCE;9;LILLE;62;PAS-DE-CALAIS;62197;CAMBLAIN CHATELAIN;0622918K;public;92.9;120.3;102.9;105.5;118.2;93.2;98.2;114.7;91.2;94.5;51505.0;Ecole élémentaire Roger Salengro;Camblain-Châtelain;062;62197;Pas-de-Calais;Lille;50.484212485625285,2.4640400105402556
2023-2024;9;HAUTS-DE-FRANCE;9;LILLE;62;PAS-DE-CALAIS;62239;COQUELLES;0623042V;public;113.6;120.3;102.9;105.5;118.2;93.2;98.2;114.7;91.2;94.5;51541.0;Ecole primaire Abel Mobailly;Coquelles;062;62239;Pas-de-Calais;Lille;50.93459596706148,1.8008597020319073
2023-2024;9;HAUTS-DE-FRANCE;9;LILLE;62;PAS-DE-CALAIS;62464;HULLUCH;0623057L;public;103.8;120.3;102.9;105.5;118.2;93.2;98.2;114.7;91.2;94.5;51548.0;Ecole élémentaire Paul Thellier - Centre;Hulluch;062;62464;Pas-de-Calais;Lille;50.48328394982236,2.8184704252914923
2023-2024;9;HAUTS-DE-FRANCE;9;LILLE;62;PAS-DE-CALAIS;62178;BRUAY LA BUISSIERE;0623416B;public;86.0;120.3;102.9;105.5;118.2;93.2;98.2;114.7;91.2;94.5;51597.0;Ecole élémentaire Félix Faure;Bruay-la-Buissière;062;62178;Pas-de-Calais;Lille;50.486648058378236,2.5358693143679796
2023-2024;9;HAUTS-DE-FRANCE;9;LILLE;62;PAS-DE-CALAIS;62473;ISBERGUES;0623419E;public;91.4;120.3;102.9;105.5;118.2;93.2;98.2;114.7;91.2;94.5;51599.0;Ecole primaire Francis Billiau;Isbergues;062;62473;Pas-de-Calais;Lille;50.60691365612832,2.4696406011290315
2023-2024;9;HAUTS-DE-FRANCE;9;LILLE;62;PAS-DE-CALAIS;62427;HENIN BEAUMONT;0623421G;public;106.8;120.3;102.9;105.5;118.2;93.2;98.2;114.7;91.2;94.5;51600.0;Ecole élémentaire Léon Blum;Hénin-Beaumont;062;62427;Pas-de-Calais;Lille;50.39033219400161,2.97112993645104
2023-2024;9;HAUTS-DE-FRANCE;9;LILLE;62;PAS-DE-CALAIS;62065;AVION;0622914F;public;88.6;120.3;102.9;105.5;118.2;93.2;98.2;114.7;91.2;94.5;51503.0;Ecole élémentaire Félix Cadras;Avion;062;62065;Pas-de-Calais;Lille;50.40981324176576,2.828630160815162
2023-2024;9;HAUTS-DE-FRANCE;9;LILLE;62;PAS-DE-CALAIS;62119;BETHUNE;0623879E;public;69.1;120.3;102.9;105.5;118.2;93.2;98.2;114.7;91.2;94.5;51727.0;Ecole élémentaire Victor Hugo;Béthune;062;62119;Pas-de-Calais;Lille;50.51833069055409,2.626519733933629
2023-2024;9;HAUTS-DE-FRANCE;9;LILLE;62;PAS-DE-CALAIS;62603;NESLES;0623886M;public;87.8;120.3;102.9;105.5;118.2;93.2;98.2;114.7;91.2;94.5;51728.0;Ecole primaire;Nesles;062;62603;Pas-de-Calais;Lille;50.62592467462567,1.656949881291364
2023-2024;9;HAUTS-DE-FRANCE;9;LILLE;62;PAS-DE-CALAIS;62827;TOURNEHEM SUR LA HEM;0623898A;public;91.4;120.3;102.9;105.5;118.2;93.2;98.2;114.7;91.2;94.5;51735.0;Ecole primaire Jean de La Fontaine;Tournehem-sur-la-Hem;062;62827;Pas-de-Calais;Lille;50.80571764117627,2.049749433610788
2023-2024;9;HAUTS-DE-FRANCE;9;LILLE;62;PAS-DE-CALAIS;62510;LIEVIN;0623979N;public;83.7;120.3;102.9;105.5;118.2;93.2;98.2;114.7;91.2;94.5;51751.0;Ecole élémentaire Léo Lagrange;Liévin;062;62510;Pas-de-Calais;Lille;50.42517570167563,2.777360199079223
2023-2024;9;HAUTS-DE-FRANCE;9;LILLE;59;NORD;59656;WERVICQ SUD;0594985Y;public;94.1;120.3;102.9;105.5;118.2;93.2;98.2;119.4;94.4;100.2;50010.0;Groupe scolaire Lili Keller-Rosenberg;Wervicq-Sud;059;59656;Nord;Lille;50.77038823553636,3.0512423706081684
2023-2024;9;HAUTS-DE-FRANCE;9;LILLE;59;NORD;59068;BERLAIMONT;0595195B;public;94.6;120.3;102.9;105.5;118.2;93.2;98.2;119.4;94.4;100.2;50041.0;Ecole élémentaire de Mormal;Berlaimont;059;59068;Nord;Lille;50.203525910520746,3.800056601462947
2023-2024;9;HAUTS-DE-FRANCE;9;LILLE;59;NORD;59183;DUNKERQUE;0595235V;public;79.3;120.3;102.9;105.5;118.2;93.2;98.2;119.4;94.4;100.2;50053.0;Ecole élémentaire Jules Ferry;Dunkerque;059;59183;Nord;Lille;51.02205728304314,2.3496099838288336
2023-2024;9;HAUTS-DE-FRANCE;9;LILLE;59;NORD;59053;BAVAY;0595504M;public;104.6;120.3;102.9;105.5;118.2;93.2;98.2;119.4;94.4;100.2;50077.0;Ecole primaire de l'atrium;Bavay;059;59053;Nord;Lille;50.29375322857502,3.8076004144105577
2023-2024;9;HAUTS-DE-FRANCE;9;LILLE;59;NORD;59271;GRANDE SYNTHE;0595676Z;public;77.9;120.3;102.9;105.5;118.2;93.2;98.2;119.4;94.4;100.2;50089.0;Ecole élémentaire Jacques Brel;Grande-Synthe;059;59271;Nord;Lille;51.01091903607216,2.3064703826772566
2023-2024;9;HAUTS-DE-FRANCE;9;LILLE;59;NORD;59237;FLETRE;0596206A;public;116.0;120.3;102.9;105.5;118.2;93.2;98.2;119.4;94.4;100.2;50136.0;Ecole primaire Daniel Balavoine;Flêtre;059;59237;Nord;Lille;50.75551844509373,2.644950603320545
2023-2024;9;HAUTS-DE-FRANCE;9;LILLE;59;NORD;59456;PECQUENCOURT;0596462D;public;84.3;120.3;102.9;105.5;118.2;93.2;98.2;119.4;94.4;100.2;50184.0;Ecole élémentaire Bellegambe - Lemay;Pecquencourt;059;59456;Nord;Lille;50.37211194801454,3.226379875607215
2023-2024;9;HAUTS-DE-FRANCE;9;LILLE;59;NORD;59218;ETROEUNGT;0596496R;public;89.6;120.3;102.9;105.5;118.2;93.2;98.2;119.4;94.4;100.2;50195.0;Ecole primaire;Etroeungt;059;59218;Nord;Lille;50.05829875998619,3.9290793289188697
2023-2024;9;HAUTS-DE-FRANCE;9;LILLE;59;NORD;59476;PROVILLE;0596540N;public;102.9;120.3;102.9;105.5;118.2;93.2;98.2;119.4;94.4;100.2;50220.0;Ecole primaire Charles De Gaulle;Proville;059;59476;Nord;Lille;50.16079570290852,3.2080104042709565
2023-2024;9;HAUTS-DE-FRANCE;9;LILLE;59;NORD;59586;TEMPLEUVE EN PEVELE;0596586N;public;126.7;120.3;102.9;105.5;118.2;93.2;98.2;119.4;94.4;100.2;50227.0;Ecole primaire publique Jules Verne;Templeuve-en-Pévèle;059;59586;Nord;Lille;50.52316697002472,3.177829656982666
2023-2024;9;HAUTS-DE-FRANCE;9;LILLE;59;NORD;59553;SANTES;0596625F;public;117.8;120.3;102.9;105.5;118.2;93.2;98.2;119.4;94.4;100.2;50233.0;Ecole primaire publique Henri Matisse;Santes;059;59553;Nord;Lille;50.59550385102001,2.962780604639865
2023-2024;9;HAUTS-DE-FRANCE;9;LILLE;62;PAS-DE-CALAIS;62568;MERCATEL;0620716S;public;;120.3;102.9;105.5;118.2;93.2;98.2;114.7;91.2;94.5;51017.0;Ecole primaire RPI 23;Mercatel;062;62568;Pas-de-Calais;Lille;50.23512444294275,2.7948496343964746
2023-2024;9;HAUTS-DE-FRANCE;9;LILLE;62;PAS-DE-CALAIS;62145;BOIRY NOTRE DAME;0620745Y;public;;120.3;102.9;105.5;118.2;93.2;98.2;114.7;91.2;94.5;51024.0;Ecole élémentaire Sensée Cojeul RPI 54;Boiry-Notre-Dame;062;62145;Pas-de-Calais;Lille;50.273406481445,2.9430195408343764
2023-2024;9;HAUTS-DE-FRANCE;9;LILLE;62;PAS-DE-CALAIS;62319;ETERPIGNY;0620753G;public;111.3;120.3;102.9;105.5;118.2;93.2;98.2;114.7;91.2;94.5;51026.0;Ecole élémentaire Sensée Cojeul RPI 54;Eterpigny;062;62319;Pas-de-Calais;Lille;50.25948592173826,2.9776894577009183
2023-2024;9;HAUTS-DE-FRANCE;9;LILLE;62;PAS-DE-CALAIS;62355;FRESNES LES MONTAUBAN;0620754H;public;;120.3;102.9;105.5;118.2;93.2;98.2;114.7;91.2;94.5;51027.0;Ecole primaire mixte RPI 145;Fresnes-lès-Montauban;062;62355;Pas-de-Calais;Lille;50.332914301831856,2.9310901653819847
2023-2024;9;HAUTS-DE-FRANCE;9;LILLE;62;PAS-DE-CALAIS;62119;BETHUNE;0620783P;public;106.0;120.3;102.9;105.5;118.2;93.2;98.2;114.7;91.2;94.5;51037.0;Ecole élémentaire Paul Bert;Béthune;062;62119;Pas-de-Calais;Lille;50.53148684450795,2.63536985739909
2023-2024;9;HAUTS-DE-FRANCE;9;LILLE;62;PAS-DE-CALAIS;62678;QUESQUES;0620897N;public;;120.3;102.9;105.5;118.2;93.2;98.2;114.7;91.2;94.5;51058.0;Ecole primaire du Verval RPI 80;Quesques;062;62678;Pas-de-Calais;Lille;50.69924318952081,1.9712000381487824
2023-2024;9;HAUTS-DE-FRANCE;9;LILLE;62;PAS-DE-CALAIS;62252;LA COUTURE;0620994U;public;111.3;120.3;102.9;105.5;118.2;93.2;98.2;114.7;91.2;94.5;51082.0;Ecole primaire du Centre Antoine de Saint-Exupéry;La Couture;062;62252;Pas-de-Calais;Lille;50.58079669453617,2.714070251426143
2023-2024;9;HAUTS-DE-FRANCE;9;LILLE;62;PAS-DE-CALAIS;62408;HAMES BOUCRES;0621039T;public;99.7;120.3;102.9;105.5;118.2;93.2;98.2;114.7;91.2;94.5;51093.0;Ecole primaire Les Flots;Hames-Boucres;062;62408;Pas-de-Calais;Lille;50.880028745562726,1.8416700820159886
2023-2024;9;HAUTS-DE-FRANCE;9;LILLE;62;PAS-DE-CALAIS;62056;AUDRESSELLES;0621191H;public;92.9;120.3;102.9;105.5;118.2;93.2;98.2;114.7;91.2;94.5;51136.0;Ecole primaire Les Flobarts;Audresselles;062;62056;Pas-de-Calais;Lille;50.8237058602474,1.5960505191664223
2023-2024;9;HAUTS-DE-FRANCE;9;LILLE;62;PAS-DE-CALAIS;62510;LIEVIN;0621561K;public;73.7;120.3;102.9;105.5;118.2;93.2;98.2;114.7;91.2;94.5;51220.0;Ecole élémentaire Jean de La Fontaine;Liévin;062;62510;Pas-de-Calais;Lille;50.42590510976707,2.752139754813034
2023-2024;9;HAUTS-DE-FRANCE;9;LILLE;62;PAS-DE-CALAIS;62794;SETQUES;0621873Z;public;96.8;120.3;102.9;105.5;118.2;93.2;98.2;114.7;91.2;94.5;51302.0;Ecole primaire;Setques;062;62794;Pas-de-Calais;Lille;50.7121368802038,2.1575999932304195
2023-2024;9;HAUTS-DE-FRANCE;9;LILLE;62;PAS-DE-CALAIS;62651;PENIN;0621920A;public;100.6;120.3;102.9;105.5;118.2;93.2;98.2;114.7;91.2;94.5;51318.0;Ecole primaire - Regroupement Pédagogique Intercommunal Concentré (RPC) de PENIN;Penin;062;62651;Pas-de-Calais;Lille;50.32790246780445,2.4847301990709694
2023-2024;9;HAUTS-DE-FRANCE;9;LILLE;62;PAS-DE-CALAIS;62643;OUTREAU;0623001A;public;75.8;120.3;102.9;105.5;118.2;93.2;98.2;114.7;91.2;94.5;51535.0;Ecole élémentaire Les Tilleuls;Outreau;062;62643;Pas-de-Calais;Lille;50.700943649590656,1.5881798773635385
2023-2024;9;HAUTS-DE-FRANCE;9;LILLE;62;PAS-DE-CALAIS;62479;LABEUVRIERE;0623661T;public;107.2;120.3;102.9;105.5;118.2;93.2;98.2;114.7;91.2;94.5;51676.0;Ecole primaire Francois Vallet Jean Vincent;Labeuvrière;062;62479;Pas-de-Calais;Lille;50.5210446499767,2.564059814375429
2023-2024;9;HAUTS-DE-FRANCE;9;LILLE;59;NORD;59599;TOURCOING;0592723P;public;105.1;120.3;102.9;105.5;118.2;93.2;98.2;119.4;94.4;100.2;49503.0;Ecole primaire Maurice Bonnot;Tourcoing;059;59599;Nord;Lille;50.718304690551705,3.153739910075063
2023-2024;9;HAUTS-DE-FRANCE;9;LILLE;59;NORD;59008;ANICHE;0593519E;public;76.4;120.3;102.9;105.5;118.2;93.2;98.2;119.4;94.4;100.2;49523.0;Ecole élémentaire Maxime Quevy;Aniche;059;59008;Nord;Lille;50.32029026914468,3.258699761869914
2023-2024;9;HAUTS-DE-FRANCE;9;LILLE;59;NORD;59158;COUTICHES;0593719X;privé sous contrat;126.4;120.3;102.9;105.5;118.2;93.2;98.2;119.4;94.4;100.2;49607.0;Ecole primaire privée Saint Joseph;Coutiches;059;59158;Nord;Lille;50.450931468885074,3.19929952899349
2023-2024;9;HAUTS-DE-FRANCE;9;LILLE;59;NORD;59163;CROIX;0593723B;privé sous contrat;138.1;120.3;102.9;105.5;118.2;93.2;98.2;119.4;94.4;100.2;49609.0;Ecole primaire privée Sainte Anne;Croix;059;59163;Nord;Lille;50.677115163699334,3.1467994346446
2023-2024;9;HAUTS-DE-FRANCE;9;LILLE;59;NORD;59598;TOUFFLERS;0593854U;privé sous contrat;132.1;120.3;102.9;105.5;118.2;93.2;98.2;119.4;94.4;100.2;49664.0;Ecole primaire privée Saint Pierre;Toufflers;059;59598;Nord;Lille;50.65943294034535,3.2288402273420527
2023-2024;9;HAUTS-DE-FRANCE;9;LILLE;59;NORD;59378;MARCQ EN BAROEUL;0593903X;privé sous contrat;104.4;120.3;102.9;105.5;118.2;93.2;98.2;119.4;94.4;100.2;49684.0;Ecole primaire privée Notre-Dame des Victoires;Marcq-en-Baroeul;059;59378;Nord;Lille;50.6652837633976,3.071690163189297
2023-2024;9;HAUTS-DE-FRANCE;9;LILLE;59;NORD;59416;MORBECQUE;0593988P;privé sous contrat;;120.3;102.9;105.5;118.2;93.2;98.2;119.4;94.4;100.2;49714.0;Ecole primaire privée Saint Joseph;Morbecque;059;59416;Nord;Lille;50.69304542755203,2.5177906756494406
2023-2024;9;HAUTS-DE-FRANCE;9;LILLE;59;NORD;59273;GRAVELINES;0594023C;privé sous contrat;106.0;120.3;102.9;105.5;118.2;93.2;98.2;119.4;94.4;100.2;49729.0;Ecole primaire privée Sacré-Coeur;Gravelines;059;59273;Nord;Lille;50.98786982735389,2.12694990426048
2023-2024;9;HAUTS-DE-FRANCE;9;LILLE;59;NORD;59524;SAINGHIN EN WEPPES;0594118F;privé sous contrat;131.3;120.3;102.9;105.5;118.2;93.2;98.2;119.4;94.4;100.2;49775.0;Ecole primaire privée Sainte Marie;Sainghin-en-Weppes;059;59524;Nord;Lille;50.5619711498638,2.902640553672733
2023-2024;9;HAUTS-DE-FRANCE;9;LILLE;59;NORD;59646;WASQUEHAL;0594131V;privé sous contrat;119.8;120.3;102.9;105.5;118.2;93.2;98.2;119.4;94.4;100.2;49785.0;Ecole primaire privée Notre-Dame;Wasquehal;059;59646;Nord;Lille;50.688172683973946,3.1443202047880545
2023-2024;9;HAUTS-DE-FRANCE;9;LILLE;59;NORD;59377;MARCOING;0594201W;public;98.1;120.3;102.9;105.5;118.2;93.2;98.2;119.4;94.4;100.2;49813.0;Ecole élémentaire;Marcoing;059;59377;Nord;Lille;50.12145662369355,3.171480219982297
2023-2024;9;HAUTS-DE-FRANCE;9;LILLE;59;NORD;59547;SAINT VAAST EN CAMBRESIS;0594207C;public;100.5;120.3;102.9;105.5;118.2;93.2;98.2;119.4;94.4;100.2;49819.0;Ecole primaire Henri Wallon;Saint-Vaast-en-Cambrésis;059;59547;Nord;Lille;50.19200585881022,3.4234904892721514
2023-2024;9;HAUTS-DE-FRANCE;9;LILLE;59;NORD;59588;TETEGHEM COUDEKERQUE VILLAGE;0594242R;public;116.9;120.3;102.9;105.5;118.2;93.2;98.2;119.4;94.4;100.2;49835.0;Ecole primaire;Téteghem-Coudekerque-Village;059;59588;Nord;Lille;51.019234175633805,2.4426654079207766
2023-2024;9;HAUTS-DE-FRANCE;9;LILLE;59;NORD;59581;STEENWERCK;0594267T;public;116.5;120.3;102.9;105.5;118.2;93.2;98.2;119.4;94.4;100.2;49842.0;Ecole primaire Jean Monnet;Steenwerck;059;59581;Nord;Lille;50.69953811713369,2.7816004866068536
2023-2024;9;HAUTS-DE-FRANCE;9;LILLE;59;NORD;59220;FACHES THUMESNIL;0594512J;public;113.4;120.3;102.9;105.5;118.2;93.2;98.2;119.4;94.4;100.2;49894.0;Ecole élémentaire Kleber;Faches-Thumesnil;059;59220;Nord;Lille;50.5968234763797,3.0697496057429023
2023-2024;9;HAUTS-DE-FRANCE;9;LILLE;59;NORD;59313;HORDAIN;0594692E;public;105.0;120.3;102.9;105.5;118.2;93.2;98.2;119.4;94.4;100.2;49942.0;Ecole élémentaire Victor Hugo;Hordain;059;59313;Nord;Lille;50.26334533569246,3.3165506321392906
2023-2024;9;HAUTS-DE-FRANCE;9;LILLE;59;NORD;59234;FLERS EN ESCREBIEUX;0590386Z;public;90.1;120.3;102.9;105.5;118.2;93.2;98.2;119.4;94.4;100.2;49017.0;Ecole élémentaire Antoine De Saint Exupery;Flers-en-Escrebieux;059;59234;Nord;Lille;50.40135583106512,3.0523395634455164
2023-2024;9;HAUTS-DE-FRANCE;9;LILLE;59;NORD;59489;RAIMBEAUCOURT;0590400P;public;100.7;120.3;102.9;105.5;118.2;93.2;98.2;119.4;94.4;100.2;49019.0;Ecole primaire Victor Hugo - Les Tilleuls;Raimbeaucourt;059;59489;Nord;Lille;50.43131879508138,3.077639673127436
2023-2024;9;HAUTS-DE-FRANCE;9;LILLE;59;NORD;59011;ANNOEULLIN;0590471S;public;115.9;120.3;102.9;105.5;118.2;93.2;98.2;119.4;94.4;100.2;49030.0;Ecole primaire Anne Frank;Annoeullin;059;59011;Nord;Lille;50.52822360023628,2.930819992375831
2023-2024;9;HAUTS-DE-FRANCE;9;LILLE;59;NORD;59044;BAISIEUX;0590592Y;public;122.1;120.3;102.9;105.5;118.2;93.2;98.2;119.4;94.4;100.2;49050.0;Ecole primaire Paul Emile Victor;Baisieux;059;59044;Nord;Lille;50.61246996299623,3.2400793176705074
2023-2024;9;HAUTS-DE-FRANCE;9;LILLE;59;NORD;59103;BOUSSIERES SUR SAMBRE;0590702T;public;91.8;120.3;102.9;105.5;118.2;93.2;98.2;119.4;94.4;100.2;49075.0;Ecole primaire Pierre Perret;Boussières-sur-Sambre;059;59103;Nord;Lille;50.2394344408534,3.8785001734699502
2023-2024;9;HAUTS-DE-FRANCE;9;LILLE;59;NORD;59112;BRUAY SUR L ESCAUT;0590716H;public;77.3;120.3;102.9;105.5;118.2;93.2;98.2;119.4;94.4;100.2;49083.0;Ecole élémentaire Emile Zola;Bruay-sur-l'Escaut;059;59112;Nord;Lille;50.396815910401195,3.535409692510586
2023-2024;9;HAUTS-DE-FRANCE;9;LILLE;59;NORD;59145;CHEMY;0590834L;public;124.1;120.3;102.9;105.5;118.2;93.2;98.2;119.4;94.4;100.2;49109.0;Ecole primaire;Chemy;059;59145;Nord;Lille;50.532397706670594,2.9974595752411806
2023-2024;9;HAUTS-DE-FRANCE;9;LILLE;59;NORD;59151;COLLERET;0590843W;public;;120.3;102.9;105.5;118.2;93.2;98.2;119.4;94.4;100.2;49113.0;Groupe scolaire Céline Harcqz;Colleret;059;59151;Nord;Lille;50.257885937058774,4.076909838889971
2023-2024;9;HAUTS-DE-FRANCE;9;LILLE;59;NORD;59163;CROIX;0590886T;public;105.2;120.3;102.9;105.5;118.2;93.2;98.2;119.4;94.4;100.2;49124.0;Ecole élémentaire Jean-Baptiste Lebas;Croix;059;59163;Nord;Lille;50.677958064621016,3.1465702828364854
2023-2024;9;HAUTS-DE-FRANCE;9;LILLE;59;NORD;59183;DUNKERQUE;0590968G;public;70.4;120.3;102.9;105.5;118.2;93.2;98.2;119.4;94.4;100.2;49136.0;Ecole primaire Lucien Maillart;Dunkerque;059;59183;Nord;Lille;51.025767039976,2.368020410086211
2023-2024;9;HAUTS-DE-FRANCE;9;LILLE;59;NORD;59241;FLOYON;0591197F;public;;120.3;102.9;105.5;118.2;93.2;98.2;119.4;94.4;100.2;49175.0;Ecole primaire Le Centre;Floyon;059;59241;Nord;Lille;50.0402353499979,3.884309326181313
2023-2024;9;HAUTS-DE-FRANCE;9;LILLE;59;NORD;59291;HAUTMONT;0591353A;public;70.0;120.3;102.9;105.5;118.2;93.2;98.2;119.4;94.4;100.2;49214.0;Ecole primaire Jules Ferry;Hautmont;059;59291;Nord;Lille;50.25582567913572,3.913840568767428
2023-2024;9;HAUTS-DE-FRANCE;9;LILLE;59;NORD;59299;HEM;0591389P;public;82.7;120.3;102.9;105.5;118.2;93.2;98.2;119.4;94.4;100.2;49219.0;Ecole élémentaire Jules Ferry;Hem;059;59299;Nord;Lille;50.66384704237941,3.1900906983873405
2023-2024;9;HAUTS-DE-FRANCE;9;LILLE;59;NORD;59339;LEERS;0591507T;public;109.1;120.3;102.9;105.5;118.2;93.2;98.2;119.4;94.4;100.2;49236.0;Ecole primaire Alice Cotteaux - Blin - Péri;Leers;059;59339;Nord;Lille;50.68128677569388,3.2476203520100286
2023-2024;9;HAUTS-DE-FRANCE;9;LILLE;59;NORD;59350;LILLE;0591581Y;public;97.1;120.3;102.9;105.5;118.2;93.2;98.2;119.4;94.4;100.2;49249.0;Ecole élémentaire Madame Roland;Lille;059;59350;Nord;Lille;50.640561731500725,3.086430670903289
2023-2024;9;HAUTS-DE-FRANCE;9;LILLE;59;NORD;59350;LILLE;0591641N;public;135.1;120.3;102.9;105.5;118.2;93.2;98.2;119.4;94.4;100.2;49259.0;Ecole élémentaire d'application Michelet;Lille;059;59350;Nord;Lille;50.62696374644441,3.059170435708904
2023-2024;9;HAUTS-DE-FRANCE;9;LILLE;59;NORD;59360;LOOS;0591684K;public;78.7;120.3;102.9;105.5;118.2;93.2;98.2;119.4;94.4;100.2;49268.0;Ecole primaire George Sand-Alphonse Daudet;Loos;059;59360;Nord;Lille;50.60889499400215,3.006710500148804
2023-2024;9;HAUTS-DE-FRANCE;9;LILLE;59;NORD;59406;MONCEAU SAINT WAAST;0591864F;public;;120.3;102.9;105.5;118.2;93.2;98.2;119.4;94.4;100.2;49297.0;Ecole primaire La Licorne;Monceau-Saint-Waast;059;59406;Nord;Lille;50.17006339208386,3.856429718123226
2023-2024;9;HAUTS-DE-FRANCE;9;LILLE;59;NORD;59410;MONS EN BAROEUL;0591874S;public;122.1;120.3;102.9;105.5;118.2;93.2;98.2;119.4;94.4;100.2;49299.0;Groupe scolaire Guynemer-Rollin;Mons-en-Baroeul;059;59410;Nord;Lille;50.64237794026648,3.098689552308813
2023-2024;9;HAUTS-DE-FRANCE;9;LILLE;59;NORD;59422;NAVES;0591907C;public;99.2;120.3;102.9;105.5;118.2;93.2;98.2;119.4;94.4;100.2;49305.0;Ecole primaire Les Deux Saules;Naves;059;59422;Nord;Lille;50.20128541274978,3.318120244078518
2023-2024;9;HAUTS-DE-FRANCE;9;LILLE;59;NORD;59429;NEUVILLE SUR ESCAUT;0591923V;public;87.9;120.3;102.9;105.5;118.2;93.2;98.2;119.4;94.4;100.2;49310.0;Ecole élémentaire Jean Jaurès;Neuville-sur-Escaut;059;59429;Nord;Lille;50.30130061114205,3.355100639789042
2023-2024;9;HAUTS-DE-FRANCE;9;LILLE;59;NORD;59482;QUESNOY SUR DEULE;0591973Z;public;;120.3;102.9;105.5;118.2;93.2;98.2;119.4;94.4;100.2;49326.0;Ecole primaire Jean Macé;Quesnoy-sur-Deûle;059;59482;Nord;Lille;50.71128032662019,3.0036800807512067
2023-2024;9;HAUTS-DE-FRANCE;9;LILLE;59;NORD;59504;ROEULX;0592021B;public;87.5;120.3;102.9;105.5;118.2;93.2;98.2;119.4;94.4;100.2;49343.0;Ecole élémentaire Condorcet niveau 2;Roeulx;059;59504;Nord;Lille;50.30773242706631,3.3343797692870893
2023-2024;9;HAUTS-DE-FRANCE;9;LILLE;59;NORD;59511;ROSULT;0592051J;public;120.7;120.3;102.9;105.5;118.2;93.2;98.2;119.4;94.4;100.2;49350.0;Ecole primaire Les Prés Verts;Rosult;059;59511;Nord;Lille;50.451074425160286,3.3645799778170473
2023-2024;9;HAUTS-DE-FRANCE;9;LILLE;59;NORD;59526;SAINT AMAND LES EAUX;0592150S;public;95.2;120.3;102.9;105.5;118.2;93.2;98.2;119.4;94.4;100.2;49380.0;Ecole élémentaire Bracke-Desrousseaux;Saint-Amand-les-Eaux;059;59526;Nord;Lille;50.43831322251703,3.433230396001924
2023-2024;9;HAUTS-DE-FRANCE;9;LILLE;59;NORD;59555;SARS POTERIES;0592219S;public;84.0;120.3;102.9;105.5;118.2;93.2;98.2;119.4;94.4;100.2;49397.0;Ecole primaire;Sars-Poteries;059;59555;Nord;Lille;50.16773860899396,4.028469922528315
2023-2024;9;HAUTS-DE-FRANCE;9;LILLE;59;NORD;59582;STRAZEELE;0592297B;public;106.5;120.3;102.9;105.5;118.2;93.2;98.2;119.4;94.4;100.2;49414.0;Ecole primaire du Petit Mont;Strazeele;059;59582;Nord;Lille;50.72720441949611,2.630170152333767
2023-2024;9;HAUTS-DE-FRANCE;9;LILLE;59;NORD;59590;THIENNES;0592315W;public;94.5;120.3;102.9;105.5;118.2;93.2;98.2;119.4;94.4;100.2;49418.0;Ecole primaire Andre Williart;Thiennes;059;59590;Nord;Lille;50.6514736174289,2.466410185210631
2023-2024;9;HAUTS-DE-FRANCE;9;LILLE;59;NORD;59600;TOURMIGNIES;0592377N;public;137.6;120.3;102.9;105.5;118.2;93.2;98.2;119.4;94.4;100.2;49439.0;Ecole primaire Jean de La Fontaine;Tourmignies;059;59600;Nord;Lille;50.50638987999012,3.0838695532756963
2023-2024;9;HAUTS-DE-FRANCE;9;LILLE;59;NORD;59606;VALENCIENNES;0592405U;public;115.0;120.3;102.9;105.5;118.2;93.2;98.2;119.4;94.4;100.2;49445.0;Ecole élémentaire Georges Huisman niveau 2;Valenciennes;059;59606;Nord;Lille;50.35132414839326,3.5239699723266917
2023-2024;9;HAUTS-DE-FRANCE;9;LILLE;62;PAS-DE-CALAIS;62736;SAILLY SUR LA LYS;0621520R;public;113.4;120.3;102.9;105.5;118.2;93.2;98.2;114.7;91.2;94.5;51213.0;Ecole élémentaire Terre de Lys;Sailly-sur-la-Lys;062;62736;Pas-de-Calais;Lille;50.65890236452606,2.776463397121303
2023-2024;9;HAUTS-DE-FRANCE;9;LILLE;62;PAS-DE-CALAIS;62186;BULLY LES MINES;0621577C;public;95.9;120.3;102.9;105.5;118.2;93.2;98.2;114.7;91.2;94.5;51231.0;Ecole élémentaire François Brasme;Bully-les-Mines;062;62186;Pas-de-Calais;Lille;50.44329742464015,2.7243795201838914
2023-2024;9;HAUTS-DE-FRANCE;9;LILLE;62;PAS-DE-CALAIS;62045;AUBIGNY EN ARTOIS;0621895Y;public;99.6;120.3;102.9;105.5;118.2;93.2;98.2;114.7;91.2;94.5;51310.0;Ecole primaire Brassens Gauguin;Aubigny-en-Artois;062;62045;Pas-de-Calais;Lille;50.35087376434841,2.5889193035800053
2023-2024;9;HAUTS-DE-FRANCE;9;LILLE;62;PAS-DE-CALAIS;62816;TILLOY LES HERMAVILLE;0621923D;public;109.6;120.3;102.9;105.5;118.2;93.2;98.2;114.7;91.2;94.5;51319.0;Ecole élémentaire RPI 27;Tilloy-lès-Hermaville;062;62816;Pas-de-Calais;Lille;50.3275651490382,2.555410252222359
2023-2024;9;HAUTS-DE-FRANCE;9;LILLE;62;PAS-DE-CALAIS;62158;BOUBERS SUR CANCHE;0621934R;public;85.2;120.3;102.9;105.5;118.2;93.2;98.2;114.7;91.2;94.5;51321.0;Ecole primaire;Boubers-sur-Canche;062;62158;Pas-de-Calais;Lille;50.289643460434874,2.238519416157671
2023-2024;9;HAUTS-DE-FRANCE;9;LILLE;62;PAS-DE-CALAIS;62461;HUBY SAINT LEU;0621987Y;public;84.6;120.3;102.9;105.5;118.2;93.2;98.2;114.7;91.2;94.5;51329.0;Ecole élémentaire de Huby-Saint-Leu RPI 150;Hesdin-la-Forêt;062;62447;Pas-de-Calais;Lille;50.381241694540975,2.036167006137637
2023-2024;9;HAUTS-DE-FRANCE;9;LILLE;62;PAS-DE-CALAIS;62195;CALONNE SUR LA LYS;0622330W;public;98.1;120.3;102.9;105.5;118.2;93.2;98.2;114.7;91.2;94.5;51357.0;Ecole primaire Marcel Pagnol;Calonne-sur-la-Lys;062;62195;Pas-de-Calais;Lille;50.62157381943679,2.617819619278216
2023-2024;9;HAUTS-DE-FRANCE;9;LILLE;62;PAS-DE-CALAIS;62906;ZUTKERQUE;0622699X;privé sous contrat;101.1;120.3;102.9;105.5;118.2;93.2;98.2;114.7;91.2;94.5;51442.0;Ecole primaire privée Saint Joseph;Zutkerque;062;62906;Pas-de-Calais;Lille;50.85284034987559,2.065949578135106
2023-2024;9;HAUTS-DE-FRANCE;9;LILLE;62;PAS-DE-CALAIS;62181;BUCQUOY;0622732H;privé sous contrat;108.6;120.3;102.9;105.5;118.2;93.2;98.2;114.7;91.2;94.5;51459.0;Ecole primaire privée Saint Joseph;Bucquoy;062;62181;Pas-de-Calais;Lille;50.13716866214553,2.707879450835293
2023-2024;9;HAUTS-DE-FRANCE;9;LILLE;62;PAS-DE-CALAIS;62193;CALAIS;0622741T;privé sous contrat;80.5;120.3;102.9;105.5;118.2;93.2;98.2;114.7;91.2;94.5;51466.0;Ecole primaire privée Saint Vincent- Saint Charles;Calais;062;62193;Pas-de-Calais;Lille;50.94628948098027,1.8951368409889617
2023-2024;9;HAUTS-DE-FRANCE;9;LILLE;62;PAS-DE-CALAIS;62626;NOYELLES LES VERMELLES;0622906X;public;98.1;120.3;102.9;105.5;118.2;93.2;98.2;114.7;91.2;94.5;51500.0;Ecole primaire Pierre Baudel;Noyelles-lès-Vermelles;062;62626;Pas-de-Calais;Lille;50.489111633414076,2.723149577018733
2023-2024;9;HAUTS-DE-FRANCE;9;LILLE;62;PAS-DE-CALAIS;62528;LOOS EN GOHELLE;0622927V;public;87.4;120.3;102.9;105.5;118.2;93.2;98.2;114.7;91.2;94.5;51509.0;Ecole élémentaire Arthur Lamendin;Loos-en-Gohelle;062;62528;Pas-de-Calais;Lille;50.45243166331246,2.7645493689451532
2023-2024;9;HAUTS-DE-FRANCE;9;LILLE;62;PAS-DE-CALAIS;62549;MARCONNE;0622974W;public;86.0;120.3;102.9;105.5;118.2;93.2;98.2;114.7;91.2;94.5;51523.0;Ecole primaire de la Fontaine;Hesdin-la-Forêt;062;62447;Pas-de-Calais;Lille;50.37190107585769,2.0498797554092025
2023-2024;9;HAUTS-DE-FRANCE;9;LILLE;62;PAS-DE-CALAIS;62144;BOIRY BECQUERELLE;0620569G;public;106.8;120.3;102.9;105.5;118.2;93.2;98.2;114.7;91.2;94.5;50977.0;Ecole élémentaire RPI 55;Boiry-Becquerelle;062;62144;Pas-de-Calais;Lille;50.213446067742595,2.8157696151257823
2023-2024;9;HAUTS-DE-FRANCE;9;LILLE;62;PAS-DE-CALAIS;62115;BERNEVILLE;0620703C;public;116.4;120.3;102.9;105.5;118.2;93.2;98.2;114.7;91.2;94.5;51013.0;Ecole primaire Jean Monnet;Berneville;062;62115;Pas-de-Calais;Lille;50.26573697958474,2.67030042610583
2023-2024;9;HAUTS-DE-FRANCE;9;LILLE;62;PAS-DE-CALAIS;62836;VAUDRICOURT;0620980D;public;124.6;120.3;102.9;105.5;118.2;93.2;98.2;114.7;91.2;94.5;51077.0;Ecole primaire Les Marcassins;Vaudricourt;062;62836;Pas-de-Calais;Lille;50.500128084525514,2.627649705727157
2023-2024;9;HAUTS-DE-FRANCE;9;LILLE;62;PAS-DE-CALAIS;62321;EVIN MALMAISON;0621286L;public;91.6;120.3;102.9;105.5;118.2;93.2;98.2;114.7;91.2;94.5;51164.0;Ecole élémentaire Méresse-Ségard;Evin-Malmaison;062;62321;Pas-de-Calais;Lille;50.43722207824906,3.0366204579026315
2023-2024;9;HAUTS-DE-FRANCE;9;LILLE;62;PAS-DE-CALAIS;62637;OIGNIES;0621386V;public;82.2;120.3;102.9;105.5;118.2;93.2;98.2;114.7;91.2;94.5;51186.0;Ecole élémentaire Georges Brassens;Oignies;062;62637;Pas-de-Calais;Lille;50.460438444931306,2.997579917345291
2023-2024;9;HAUTS-DE-FRANCE;9;LILLE;62;PAS-DE-CALAIS;62390;GROFFLIERS;0621653K;public;105.5;120.3;102.9;105.5;118.2;93.2;98.2;114.7;91.2;94.5;51246.0;Ecole primaire Francis Tattegrain;Groffliers;062;62390;Pas-de-Calais;Lille;50.38303259955984,1.6121193930748805
2023-2024;9;HAUTS-DE-FRANCE;9;LILLE;62;PAS-DE-CALAIS;62772;SALPERWICK;0621680P;public;105.8;120.3;102.9;105.5;118.2;93.2;98.2;114.7;91.2;94.5;51252.0;Ecole primaire;Salperwick;062;62772;Pas-de-Calais;Lille;50.76809883638423,2.2193593231902105
2023-2024;9;HAUTS-DE-FRANCE;9;LILLE;62;PAS-DE-CALAIS;62327;FEBVIN PALFART;0621758Z;public;90.2;120.3;102.9;105.5;118.2;93.2;98.2;114.7;91.2;94.5;51277.0;Ecole élémentaire Le Village RPI 113;Febvin-Palfart;062;62327;Pas-de-Calais;Lille;50.53994323356596,2.315210479979652
2023-2024;9;HAUTS-DE-FRANCE;9;LILLE;62;PAS-DE-CALAIS;62871;WAMBERCOURT;0622000M;public;83.0;120.3;102.9;105.5;118.2;93.2;98.2;114.7;91.2;94.5;51331.0;Ecole élémentaire RPI 50;Wambercourt;062;62871;Pas-de-Calais;Lille;50.42784695014714,2.0230297466403013
2023-2024;9;HAUTS-DE-FRANCE;9;LILLE;62;PAS-DE-CALAIS;62215;CARVIN;0622333Z;public;79.7;120.3;102.9;105.5;118.2;93.2;98.2;114.7;91.2;94.5;51359.0;Ecole primaire Guillaume Apollinaire;Carvin;062;62215;Pas-de-Calais;Lille;50.47081442529528,2.9405403436209747
2023-2024;9;HAUTS-DE-FRANCE;9;LILLE;62;PAS-DE-CALAIS;62190;BUSNES;0622621M;privé sous contrat;112.1;120.3;102.9;105.5;118.2;93.2;98.2;114.7;91.2;94.5;51402.0;Ecole primaire privée Sainte Thérèse;Busnes;062;62190;Pas-de-Calais;Lille;50.587124466863315,2.5170206190337807
2023-2024;9;HAUTS-DE-FRANCE;9;LILLE;62;PAS-DE-CALAIS;62724;ROUVROY;0622684F;privé sous contrat;114.2;120.3;102.9;105.5;118.2;93.2;98.2;114.7;91.2;94.5;51434.0;Ecole primaire privée Saint Roch;Rouvroy;062;62724;Pas-de-Calais;Lille;50.39189041901891,2.9046004245301607
2023-2024;9;HAUTS-DE-FRANCE;9;LILLE;62;PAS-DE-CALAIS;62235;CONDETTE;0622745X;privé sous contrat;126.9;120.3;102.9;105.5;118.2;93.2;98.2;114.7;91.2;94.5;51470.0;Ecole primaire privée Notre-Dame du Rosaire;Condette;062;62235;Pas-de-Calais;Lille;50.65360794702827,1.6266003337964827
2023-2024;9;HAUTS-DE-FRANCE;9;LILLE;62;PAS-DE-CALAIS;62457;HOUDAIN;0623434W;public;76.6;120.3;102.9;105.5;118.2;93.2;98.2;114.7;91.2;94.5;51611.0;Groupe scolaire Elby-Copernic;Houdain;062;62457;Pas-de-Calais;Lille;50.457478909435416,2.551460689308124
2023-2024;9;HAUTS-DE-FRANCE;9;LILLE;62;PAS-DE-CALAIS;62126;BEUVRY;0623520P;public;120.3;120.3;102.9;105.5;118.2;93.2;98.2;114.7;91.2;94.5;51650.0;Ecole élémentaire Jean de La Fontaine;Beuvry;062;62126;Pas-de-Calais;Lille;50.53900264277478,2.6953702232122683
2023-2024;9;HAUTS-DE-FRANCE;9;LILLE;62;PAS-DE-CALAIS;62510;LIEVIN;0623538J;public;74.8;120.3;102.9;105.5;118.2;93.2;98.2;114.7;91.2;94.5;51661.0;Ecole primaire Edmond Goguillon;Liévin;062;62510;Pas-de-Calais;Lille;50.41246495114888,2.7864594693893814
2023-2024;9;HAUTS-DE-FRANCE;9;LILLE;62;PAS-DE-CALAIS;62498;LENS;0623783A;privé sous contrat;115.5;120.3;102.9;105.5;118.2;93.2;98.2;114.7;91.2;94.5;51697.0;Ecole primaire privée Sainte Thérèse;Lens;062;62498;Pas-de-Calais;Lille;50.42712463179346,2.804439840103728
2023-2024;9;HAUTS-DE-FRANCE;9;LILLE;62;PAS-DE-CALAIS;62756;SAINTE MARIE KERQUE;0623875A;public;95.7;120.3;102.9;105.5;118.2;93.2;98.2;114.7;91.2;94.5;51724.0;Ecole primaire du Marais de L'Angle;Sainte-Marie-Kerque;062;62756;Pas-de-Calais;Lille;50.90023083430407,2.1364695265543534
2023-2024;9;HAUTS-DE-FRANCE;9;LILLE;59;NORD;59009;VILLENEUVE D ASCQ;0594979S;public;74.3;120.3;102.9;105.5;118.2;93.2;98.2;119.4;94.4;100.2;50005.0;Ecole élémentaire Joséphine Baker;Villeneuve-d'Ascq;059;59009;Nord;Lille;50.62451787367139,3.1335986088000336
2023-2024;9;HAUTS-DE-FRANCE;9;LILLE;59;NORD;59276;GUESNAIN;0595495C;public;84.7;120.3;102.9;105.5;118.2;93.2;98.2;119.4;94.4;100.2;50073.0;Ecole élémentaire Marie Curie - Joliot Curie;Guesnain;059;59276;Nord;Lille;50.351363969843455,3.1424598297096358
2023-2024;9;HAUTS-DE-FRANCE;9;LILLE;59;NORD;59183;DUNKERQUE;0595608A;public;103.7;120.3;102.9;105.5;118.2;93.2;98.2;119.4;94.4;100.2;50085.0;Ecole élémentaire Félix Coquelle;Dunkerque;059;59183;Nord;Lille;51.041602481069305,2.4055198521355647
2023-2024;9;HAUTS-DE-FRANCE;9;LILLE;59;NORD;59650;WATTRELOS;0595982G;privé sous contrat;110.0;120.3;102.9;105.5;118.2;93.2;98.2;119.4;94.4;100.2;50119.0;Ecole primaire privée Enfant-Jésus;Wattrelos;059;59650;Nord;Lille;50.701714980178885,3.2132798870101937
2023-2024;9;HAUTS-DE-FRANCE;9;LILLE;59;NORD;59286;HAUBOURDIN;0596426P;public;94.6;120.3;102.9;105.5;118.2;93.2;98.2;119.4;94.4;100.2;50177.0;Ecole élémentaire Léo Lagrange;Haubourdin;059;59286;Nord;Lille;50.61483502539845,2.976610619776166
2023-2024;9;HAUTS-DE-FRANCE;9;LILLE;59;NORD;59322;IWUY;0596631M;public;87.5;120.3;102.9;105.5;118.2;93.2;98.2;119.4;94.4;100.2;50236.0;Ecole élémentaire Joliot-Curie;Iwuy;059;59322;Nord;Lille;50.23583861216408,3.3247505942657143
2023-2024;9;HAUTS-DE-FRANCE;9;LILLE;59;NORD;59383;MARLY;0596636T;public;83.9;120.3;102.9;105.5;118.2;93.2;98.2;119.4;94.4;100.2;50240.0;Ecole primaire publique Jules-Henri Lengrand;Marly;059;59383;Nord;Lille;50.349203452358516,3.544109743705501
2023-2024;9;HAUTS-DE-FRANCE;9;LILLE;59;NORD;59367;LYS LEZ LANNOY;0596783C;public;98.9;120.3;102.9;105.5;118.2;93.2;98.2;119.4;94.4;100.2;50261.0;Ecole primaire publique Le Petit Prince;Lys-lez-Lannoy;059;59367;Nord;Lille;50.66543678232149,3.214599788511071
2023-2024;9;HAUTS-DE-FRANCE;9;LILLE;62;PAS-DE-CALAIS;62007;ACQ;0620671T;public;;120.3;102.9;105.5;118.2;93.2;98.2;114.7;91.2;94.5;51003.0;Ecole primaire RPI 68;Acq;062;62007;Pas-de-Calais;Lille;50.348401994227785,2.656090612611483
2023-2024;9;HAUTS-DE-FRANCE;9;LILLE;62;PAS-DE-CALAIS;62853;VIEIL MOUTIER;0620902U;public;;120.3;102.9;105.5;118.2;93.2;98.2;114.7;91.2;94.5;51061.0;Ecole élémentaire La Calique RPI 45;Vieil-Moutier;062;62853;Pas-de-Calais;Lille;50.66155303999595,1.906139642830782
2023-2024;9;HAUTS-DE-FRANCE;9;LILLE;62;PAS-DE-CALAIS;62083;BARLIN;0620972V;public;76.4;120.3;102.9;105.5;118.2;93.2;98.2;114.7;91.2;94.5;51074.0;Ecole élémentaire Maryse Bastié;Barlin;062;62083;Pas-de-Calais;Lille;50.44403461052394,2.6128999495836456
2023-2024;9;HAUTS-DE-FRANCE;9;LILLE;62;PAS-DE-CALAIS;62300;EQUIHEN PLAGE;0621244R;public;84.6;120.3;102.9;105.5;118.2;93.2;98.2;114.7;91.2;94.5;51149.0;Ecole primaire Jean Macé-Ferdinand Buisson;Equihen-Plage;062;62300;Pas-de-Calais;Lille;50.67980761394152,1.572230556951373
2023-2024;9;HAUTS-DE-FRANCE;9;LILLE;62;PAS-DE-CALAIS;62637;OIGNIES;0621382R;public;89.3;120.3;102.9;105.5;118.2;93.2;98.2;114.7;91.2;94.5;51185.0;Ecole élémentaire André Pantigny;Oignies;062;62637;Pas-de-Calais;Lille;50.4676770154961,2.984439488433787
2023-2024;9;HAUTS-DE-FRANCE;9;LILLE;62;PAS-DE-CALAIS;62573;MEURCHIN;0621534F;public;98.6;120.3;102.9;105.5;118.2;93.2;98.2;114.7;91.2;94.5;51214.0;Ecole élémentaire Les Platanes;Meurchin;062;62573;Pas-de-Calais;Lille;50.495078439762466,2.890949585408798
2023-2024;9;HAUTS-DE-FRANCE;9;LILLE;62;PAS-DE-CALAIS;62588;MONTREUIL SUR MER;0621662V;public;96.2;120.3;102.9;105.5;118.2;93.2;98.2;114.7;91.2;94.5;51247.0;Ecole élémentaire Victor Hugo;Montreuil-sur-Mer;062;62588;Pas-de-Calais;Lille;50.462878420852554,1.763179511053653
2023-2024;9;HAUTS-DE-FRANCE;9;LILLE;62;PAS-DE-CALAIS;62835;VALHUON;0621834G;public;91.4;120.3;102.9;105.5;118.2;93.2;98.2;114.7;91.2;94.5;51288.0;Ecole primaire Albert Châtelet - Regroupement Pédagogique Intercommunal Concentré (RPC) de VALHUON;Valhuon;062;62835;Pas-de-Calais;Lille;50.426860835093386,2.392640039811353
2023-2024;9;HAUTS-DE-FRANCE;9;LILLE;59;NORD;59330;LANDAS;0595033A;public;118.0;120.3;102.9;105.5;118.2;93.2;98.2;119.4;94.4;100.2;50024.0;Ecole primaire Jean Macé;Landas;059;59330;Nord;Lille;50.474701965096294,3.2973598710147014
2023-2024;9;HAUTS-DE-FRANCE;9;LILLE;59;NORD;59497;RENESCURE;0595980E;privé sous contrat;104.2;120.3;102.9;105.5;118.2;93.2;98.2;119.4;94.4;100.2;50117.0;Ecole primaire privée Sainte Marie;Renescure;059;59497;Nord;Lille;50.726632229198856,2.366549770342897
2023-2024;9;HAUTS-DE-FRANCE;9;LILLE;59;NORD;59319;HOYMILLE;0596298A;public;108.8;120.3;102.9;105.5;118.2;93.2;98.2;119.4;94.4;100.2;50148.0;Groupe Scolaire Maurice Schumann;Hoymille;059;59319;Nord;Lille;50.971739450602946,2.450299666517288
2023-2024;9;HAUTS-DE-FRANCE;9;LILLE;59;NORD;59516;RUBROUCK;0596365Y;public;109.1;120.3;102.9;105.5;118.2;93.2;98.2;119.4;94.4;100.2;50161.0;Ecole primaire;Rubrouck;059;59516;Nord;Lille;50.83965483669292,2.356729785867933
2023-2024;9;HAUTS-DE-FRANCE;9;LILLE;59;NORD;59017;ARMENTIERES;0596623D;public;93.8;120.3;102.9;105.5;118.2;93.2;98.2;119.4;94.4;100.2;50232.0;Ecole primaire publique Renan-Buisson;Armentières;059;59017;Nord;Lille;50.70238471526175,2.8847804541646487
2023-2024;9;HAUTS-DE-FRANCE;9;LILLE;59;NORD;59410;MONS EN BAROEUL;0596629K;public;76.8;120.3;102.9;105.5;118.2;93.2;98.2;119.4;94.4;100.2;50235.0;Ecole élémentaire publique des Provinces;Mons-en-Baroeul;059;59410;Nord;Lille;50.642975194414284,3.11484046197408
2023-2024;9;HAUTS-DE-FRANCE;9;LILLE;59;NORD;59143;LA CHAPELLE D ARMENTIERES;0596652K;public;90.7;120.3;102.9;105.5;118.2;93.2;98.2;119.4;94.4;100.2;50252.0;Ecole primaire publique Omer Ollivier;La Chapelle-d'Armentières;059;59143;Nord;Lille;50.67359236683972,2.8869493086356925
2023-2024;9;HAUTS-DE-FRANCE;9;LILLE;59;NORD;59599;TOURCOING;0596653L;public;74.7;120.3;102.9;105.5;118.2;93.2;98.2;119.4;94.4;100.2;50253.0;Ecole élémentaire publique Balzac - Hugo;Tourcoing;059;59599;Nord;Lille;50.71544592360192,3.1662295013314967
2023-2024;9;HAUTS-DE-FRANCE;9;LILLE;62;PAS-DE-CALAIS;62178;BRUAY LA BUISSIERE;0620929Y;public;102.2;120.3;102.9;105.5;118.2;93.2;98.2;114.7;91.2;94.5;51065.0;Ecole élémentaire Les Hayettes;Bruay-la-Buissière;062;62178;Pas-de-Calais;Lille;50.491991457115745,2.562939329492791
2023-2024;9;HAUTS-DE-FRANCE;9;LILLE;62;PAS-DE-CALAIS;62334;FIENNES;0621032K;public;93.9;120.3;102.9;105.5;118.2;93.2;98.2;114.7;91.2;94.5;51092.0;Ecole primaire Jean de Fiennes;Fiennes;062;62334;Pas-de-Calais;Lille;50.82679358733588,1.8284093584254508
2023-2024;9;HAUTS-DE-FRANCE;9;LILLE;62;PAS-DE-CALAIS;62174;BREMES;0621118D;public;100.1;120.3;102.9;105.5;118.2;93.2;98.2;114.7;91.2;94.5;51112.0;Ecole primaire Jacques Prévert;Brêmes;062;62174;Pas-de-Calais;Lille;50.85600227572601,1.959960643723428
2023-2024;9;HAUTS-DE-FRANCE;9;LILLE;62;PAS-DE-CALAIS;62193;CALAIS;0621137Z;public;83.0;120.3;102.9;105.5;118.2;93.2;98.2;114.7;91.2;94.5;51119.0;Ecole primaire Archimède;Calais;062;62193;Pas-de-Calais;Lille;50.94071305264727,1.860359623624755
2023-2024;9;HAUTS-DE-FRANCE;9;LILLE;62;PAS-DE-CALAIS;62133;BILLY MONTIGNY;0621274Y;public;75.6;120.3;102.9;105.5;118.2;93.2;98.2;114.7;91.2;94.5;51159.0;Ecole primaire Voltaire;Billy-Montigny;062;62133;Pas-de-Calais;Lille;50.41297263631118,2.918419757032796
2023-2024;9;HAUTS-DE-FRANCE;9;LILLE;62;PAS-DE-CALAIS;62443;HERSIN COUPIGNY;0621570V;public;91.0;120.3;102.9;105.5;118.2;93.2;98.2;114.7;91.2;94.5;51227.0;Ecole élémentaire Jules Vallès;Hersin-Coupigny;062;62443;Pas-de-Calais;Lille;50.44435793285705,2.6458994240942735
2023-2024;9;HAUTS-DE-FRANCE;9;LILLE;62;PAS-DE-CALAIS;62186;BULLY LES MINES;0621574Z;public;77.5;120.3;102.9;105.5;118.2;93.2;98.2;114.7;91.2;94.5;51229.0;Ecole élémentaire Jean Zay;Bully-les-Mines;062;62186;Pas-de-Calais;Lille;50.462775800910194,2.712119923383505
2023-2024;9;HAUTS-DE-FRANCE;9;LILLE;62;PAS-DE-CALAIS;62267;DENNEBROEUCQ;0621751S;public;89.5;120.3;102.9;105.5;118.2;93.2;98.2;114.7;91.2;94.5;51276.0;Ecole primaire Croisée des villages - Regroupement Pédagogique Intercommunal Concentré (RPC) de DENNEBROEUCQ;Dennebroeucq;062;62267;Pas-de-Calais;Lille;50.58861411783301,2.163882965491799
2023-2024;9;HAUTS-DE-FRANCE;9;LILLE;62;PAS-DE-CALAIS;62883;WAVRANS SUR TERNOISE;0622067K;public;91.7;120.3;102.9;105.5;118.2;93.2;98.2;114.7;91.2;94.5;51349.0;Ecole élémentaire Vallée de la Ternoise RPI 87;Wavrans-sur-Ternoise;062;62883;Pas-de-Calais;Lille;50.41329178712661,2.2985795711416572
2023-2024;9;HAUTS-DE-FRANCE;9;LILLE;62;PAS-DE-CALAIS;62108;BERCK;0622608Y;privé sous contrat;116.9;120.3;102.9;105.5;118.2;93.2;98.2;114.7;91.2;94.5;51395.0;Ecole primaire privée Notre-Dame;Berck;062;62108;Pas-de-Calais;Lille;50.40462040664378,1.5618196929804524
2023-2024;9;HAUTS-DE-FRANCE;9;LILLE;62;PAS-DE-CALAIS;62401;HAISNES;0622968P;public;72.1;120.3;102.9;105.5;118.2;93.2;98.2;114.7;91.2;94.5;51520.0;Ecole élémentaire Pierre Perret;Haisnes;062;62401;Pas-de-Calais;Lille;50.49352812092675,2.8041102791250454
2023-2024;9;HAUTS-DE-FRANCE;9;LILLE;59;NORD;59166;CURGIES;0595234U;public;103.5;120.3;102.9;105.5;118.2;93.2;98.2;119.4;94.4;100.2;50052.0;Ecole primaire Antoine de Saint Exupéry;Curgies;059;59166;Nord;Lille;50.33002359154723,3.6016405389679567
2023-2024;9;HAUTS-DE-FRANCE;9;LILLE;59;NORD;59350;LILLE;0595238Y;public;99.1;120.3;102.9;105.5;118.2;93.2;98.2;119.4;94.4;100.2;50054.0;Ecole primaire Jean Moulin-Louis Pergaud;Lille;059;59350;Nord;Lille;50.60953776455682,3.071559848321585
2023-2024;9;HAUTS-DE-FRANCE;9;LILLE;59;NORD;59009;VILLENEUVE D ASCQ;0595373V;public;86.7;120.3;102.9;105.5;118.2;93.2;98.2;119.4;94.4;100.2;50067.0;Ecole primaire Paul Verlaine 16;Villeneuve-d'Ascq;059;59009;Nord;Lille;50.61899899007345,3.1332298591252847
2023-2024;9;HAUTS-DE-FRANCE;9;LILLE;59;NORD;59532;SAINT GEORGES SUR L AA;0595642M;public;;120.3;102.9;105.5;118.2;93.2;98.2;119.4;94.4;100.2;50086.0;Ecole primaire;Saint-Georges-sur-l'Aa;059;59532;Nord;Lille;50.96996600987765,2.164569849708256
2023-2024;9;HAUTS-DE-FRANCE;9;LILLE;59;NORD;59015;ARLEUX;0595701B;public;104.6;120.3;102.9;105.5;118.2;93.2;98.2;119.4;94.4;100.2;50090.0;Ecole primaire François Noël;Arleux;059;59015;Nord;Lille;50.292407483418515,3.116620423538801
2023-2024;9;HAUTS-DE-FRANCE;9;LILLE;59;NORD;59069;BERMERAIN;0595928Y;public;100.5;120.3;102.9;105.5;118.2;93.2;98.2;119.4;94.4;100.2;50100.0;Ecole primaire Marcel Pagnol;Bermerain;059;59069;Nord;Lille;50.252315255496704,3.5329402736753606
2023-2024;9;HAUTS-DE-FRANCE;9;LILLE;59;NORD;59599;TOURCOING;0596017V;privé sous contrat;102.3;120.3;102.9;105.5;118.2;93.2;98.2;119.4;94.4;100.2;50124.0;Ecole primaire privée Saint Blaise;Tourcoing;059;59599;Nord;Lille;50.72689408773025,3.1306694881277752
2023-2024;9;HAUTS-DE-FRANCE;9;LILLE;59;NORD;59350;LILLE;0596116C;privé sous contrat;94.1;120.3;102.9;105.5;118.2;93.2;98.2;119.4;94.4;100.2;50131.0;Ecole primaire privée Saint Vincent de Paul;Lille;059;59350;Nord;Lille;50.621351056596914,3.0681204329900034
2023-2024;9;HAUTS-DE-FRANCE;9;LILLE;59;NORD;59512;ROUBAIX;0596212G;public;65.7;120.3;102.9;105.5;118.2;93.2;98.2;119.4;94.4;100.2;50141.0;Ecole primaire Jean Macé;Roubaix;059;59512;Nord;Lille;50.68792618526007,3.200420382883655
2023-2024;9;HAUTS-DE-FRANCE;9;LILLE;59;NORD;59009;VILLENEUVE D ASCQ;0596528A;privé sous contrat;142.0;120.3;102.9;105.5;118.2;93.2;98.2;119.4;94.4;100.2;50216.0;Ecole primaire privée Saint Pierre d'Ascq;Villeneuve-d'Ascq;059;59009;Nord;Lille;50.61832240872573,3.1618398459884998
2023-2024;9;HAUTS-DE-FRANCE;9;LILLE;59;NORD;59512;ROUBAIX;0596646D;public;75.0;120.3;102.9;105.5;118.2;93.2;98.2;119.4;94.4;100.2;50247.0;Ecole primaire publique Pierre Brossolette;Roubaix;059;59512;Nord;Lille;50.670769863846296,3.19389995163539
2023-2024;9;HAUTS-DE-FRANCE;9;LILLE;59;NORD;59632;WALLERS;0596655N;public;72.7;120.3;102.9;105.5;118.2;93.2;98.2;119.4;94.4;100.2;50255.0;Ecole primaire publique Le Bosquet;Wallers;059;59632;Nord;Lille;50.38672595724964,3.4255800542068786
2023-2024;9;HAUTS-DE-FRANCE;9;LILLE;59;NORD;59599;TOURCOING;0597101Y;public;75.3;120.3;102.9;105.5;118.2;93.2;98.2;119.4;94.4;100.2;50265.0;Ecole primaire publique Charles De Gaulle;Tourcoing;059;59599;Nord;Lille;50.72150571466749,3.1599014215428642
2023-2024;9;HAUTS-DE-FRANCE;9;LILLE;62;PAS-DE-CALAIS;62082;BARASTRE;0620540A;public;92.8;120.3;102.9;105.5;118.2;93.2;98.2;114.7;91.2;94.5;50973.0;Ecole élémentaire RPI 13;Barastre;062;62082;Pas-de-Calais;Lille;50.0756500817513,2.9344493027702385
2023-2024;9;HAUTS-DE-FRANCE;9;LILLE;62;PAS-DE-CALAIS;62786;SELLES;0620899R;public;;120.3;102.9;105.5;118.2;93.2;98.2;114.7;91.2;94.5;51059.0;Ecole primaire RPI 78;Selles;062;62786;Pas-de-Calais;Lille;50.704052165166814,1.9078297209283281
2023-2024;9;HAUTS-DE-FRANCE;9;LILLE;62;PAS-DE-CALAIS;62851;VIEILLE CHAPELLE;0620986K;public;104.0;120.3;102.9;105.5;118.2;93.2;98.2;114.7;91.2;94.5;51081.0;Ecole primaire des deux rivières;Vieille-Chapelle;062;62851;Pas-de-Calais;Lille;50.59127071237335,2.7045997450624784
2023-2024;9;HAUTS-DE-FRANCE;9;LILLE;62;PAS-DE-CALAIS;62160;BOULOGNE SUR MER;0621174P;public;68.1;120.3;102.9;105.5;118.2;93.2;98.2;114.7;91.2;94.5;51130.0;Ecole élémentaire Louis Blanc;Boulogne-sur-Mer;062;62160;Pas-de-Calais;Lille;50.73679470747993,1.6097301675073536
2023-2024;9;HAUTS-DE-FRANCE;9;LILLE;62;PAS-DE-CALAIS;62487;LANDRETHUN LE NORD;0621199S;public;93.7;120.3;102.9;105.5;118.2;93.2;98.2;114.7;91.2;94.5;51139.0;Ecole primaire du Petit Prince;Landrethun-le-Nord;062;62487;Pas-de-Calais;Lille;50.84218590938255,1.7767296132472457
2023-2024;9;HAUTS-DE-FRANCE;9;LILLE;62;PAS-DE-CALAIS;62505;LEULINGHEN BERNES;0621200T;public;100.1;120.3;102.9;105.5;118.2;93.2;98.2;114.7;91.2;94.5;51140.0;Ecole primaire Jacques Prévert;Leulinghen-Bernes;062;62505;Pas-de-Calais;Lille;50.833031939286,1.7121194136798923
2023-2024;9;HAUTS-DE-FRANCE;9;LILLE;62;PAS-DE-CALAIS;62413;HARNES;0621370C;public;90.5;120.3;102.9;105.5;118.2;93.2;98.2;114.7;91.2;94.5;51180.0;Ecole élémentaire Denis Diderot;Harnes;062;62413;Pas-de-Calais;Lille;50.44582673132992,2.906279527772928
2023-2024;9;HAUTS-DE-FRANCE;9;LILLE;62;PAS-DE-CALAIS;62606;NEUVE CHAPELLE;0621518N;public;115.1;120.3;102.9;105.5;118.2;93.2;98.2;114.7;91.2;94.5;51212.0;Ecole primaire Vieux Moulin;Neuve-Chapelle;062;62606;Pas-de-Calais;Lille;50.58438830771333,2.7804895113062593
2023-2024;9;HAUTS-DE-FRANCE;9;LILLE;62;PAS-DE-CALAIS;62186;BULLY LES MINES;0621573Y;public;69.2;120.3;102.9;105.5;118.2;93.2;98.2;114.7;91.2;94.5;51228.0;Ecole élémentaire George Sand;Bully-les-Mines;062;62186;Pas-de-Calais;Lille;50.45781278815194,2.722390612755419
2023-2024;9;HAUTS-DE-FRANCE;9;LILLE;62;PAS-DE-CALAIS;62752;SAINT JOSSE;0621668B;public;119.5;120.3;102.9;105.5;118.2;93.2;98.2;114.7;91.2;94.5;51249.0;Ecole primaire;Saint-Josse;062;62752;Pas-de-Calais;Lille;50.46829591172317,1.663109480207218
2023-2024;9;HAUTS-DE-FRANCE;9;LILLE;62;PAS-DE-CALAIS;62668;PREDEFIN;0621827Z;public;87.7;120.3;102.9;105.5;118.2;93.2;98.2;114.7;91.2;94.5;51286.0;Ecole élémentaire RPI 115;Prédefin;062;62668;Pas-de-Calais;Lille;50.50330631763656,2.2545699544912776
2023-2024;9;HAUTS-DE-FRANCE;9;LILLE;62;PAS-DE-CALAIS;62675;QUERCAMPS;0621869V;public;85.7;120.3;102.9;105.5;118.2;93.2;98.2;114.7;91.2;94.5;51301.0;Ecole élémentaire RPI 133;Quercamps;062;62675;Pas-de-Calais;Lille;50.75009013544752,2.0547595014994413
2023-2024;9;HAUTS-DE-FRANCE;9;LILLE;62;PAS-DE-CALAIS;62012;AGNIERES;0621897A;public;115.5;120.3;102.9;105.5;118.2;93.2;98.2;114.7;91.2;94.5;51311.0;Ecole élémentaire RPI 97;Agnières;062;62012;Pas-de-Calais;Lille;50.35165313385807,2.606290158128802
2023-2024;9;HAUTS-DE-FRANCE;9;LILLE;62;PAS-DE-CALAIS;62222;CHERIENNES;0621980R;public;85.6;120.3;102.9;105.5;118.2;93.2;98.2;114.7;91.2;94.5;51327.0;Ecole élémentaire RPI 9;Chériennes;062;62222;Pas-de-Calais;Lille;50.31309206891743,2.0380999915856064
2023-2024;9;HAUTS-DE-FRANCE;9;LILLE;62;PAS-DE-CALAIS;62335;FILLIEVRES;0622009X;public;;120.3;102.9;105.5;118.2;93.2;98.2;114.7;91.2;94.5;51332.0;Ecole primaire RPI 10;Fillièvres;062;62335;Pas-de-Calais;Lille;50.31957071957741,2.157829753732034
2023-2024;9;HAUTS-DE-FRANCE;9;LILLE;62;PAS-DE-CALAIS;62516;LILLERS;0622429D;public;93.6;120.3;102.9;105.5;118.2;93.2;98.2;114.7;91.2;94.5;51366.0;Ecole élémentaire Jacques Brel;Lillers;062;62516;Pas-de-Calais;Lille;50.55309159902402,2.5017206952427897
2023-2024;9;HAUTS-DE-FRANCE;9;LILLE;62;PAS-DE-CALAIS;62178;BRUAY LA BUISSIERE;0622466U;public;73.3;120.3;102.9;105.5;118.2;93.2;98.2;114.7;91.2;94.5;51374.0;Ecole élémentaire Caudron;Bruay-la-Buissière;062;62178;Pas-de-Calais;Lille;50.4783486268965,2.5470504980743303
2023-2024;9;HAUTS-DE-FRANCE;9;LILLE;62;PAS-DE-CALAIS;62572;METZ EN COUTURE;0622556S;public;75.5;120.3;102.9;105.5;118.2;93.2;98.2;114.7;91.2;94.5;51382.0;Ecole primaire - Regroupement Pédagogique Intercommunal Concentré (RPC) de METZ-EN-COUTURE;Metz-en-Couture;062;62572;Pas-de-Calais;Lille;50.068285623333935,3.0617695547763586
2023-2024;9;HAUTS-DE-FRANCE;9;LILLE;62;PAS-DE-CALAIS;62773;SAMER;0622592F;privé sous contrat;109.8;120.3;102.9;105.5;118.2;93.2;98.2;114.7;91.2;94.5;51390.0;Ecole primaire privée Saint Wulmer;Samer;062;62773;Pas-de-Calais;Lille;50.63896844322567,1.7473199269203719
2023-2024;9;HAUTS-DE-FRANCE;9;LILLE;62;PAS-DE-CALAIS;62318;ETAPLES;0622628V;privé sous contrat;104.2;120.3;102.9;105.5;118.2;93.2;98.2;114.7;91.2;94.5;51404.0;Ecole primaire privée Saint Michel - Saint Joseph - Notre-Dame de Foy;Etaples;062;62318;Pas-de-Calais;Lille;50.51515211073984,1.6421103925406697
2023-2024;9;HAUTS-DE-FRANCE;9;LILLE;62;PAS-DE-CALAIS;62491;LAVENTIE;0622660E;privé sous contrat;116.3;120.3;102.9;105.5;118.2;93.2;98.2;114.7;91.2;94.5;51420.0;Ecole primaire privée Sainte Thérèse;Laventie;062;62491;Pas-de-Calais;Lille;50.60944711238183,2.796459804069892
2023-2024;9;HAUTS-DE-FRANCE;9;LILLE;62;PAS-DE-CALAIS;62643;OUTREAU;0622678Z;privé sous contrat;108.9;120.3;102.9;105.5;118.2;93.2;98.2;114.7;91.2;94.5;51430.0;Ecole primaire privée Sainte Marie;Outreau;062;62643;Pas-de-Calais;Lille;50.71369128516584,1.5914197157558383
2023-2024;9;HAUTS-DE-FRANCE;9;LILLE;62;PAS-DE-CALAIS;62164;BOURLON;0622731G;privé sous contrat;109.1;120.3;102.9;105.5;118.2;93.2;98.2;114.7;91.2;94.5;51458.0;Ecole primaire privée Saint Joseph;Bourlon;062;62164;Pas-de-Calais;Lille;50.17652399465924,3.1154995134763386
2023-2024;9;HAUTS-DE-FRANCE;9;LILLE;62;PAS-DE-CALAIS;62250;COURRIERES;0622825J;public;107.1;120.3;102.9;105.5;118.2;93.2;98.2;114.7;91.2;94.5;51483.0;Ecole élémentaire Jean Moulin;Courrières;062;62250;Pas-de-Calais;Lille;50.45382876193389,2.954569992667262
2023-2024;9;HAUTS-DE-FRANCE;9;LILLE;62;PAS-DE-CALAIS;62401;HAISNES;0622967N;public;97.0;120.3;102.9;105.5;118.2;93.2;98.2;114.7;91.2;94.5;51519.0;Ecole primaire Cité Papillon;Haisnes;062;62401;Pas-de-Calais;Lille;50.50321460422018,2.799879938112016
2023-2024;9;HAUTS-DE-FRANCE;9;LILLE;62;PAS-DE-CALAIS;62865;VITRY EN ARTOIS;0623004D;public;102.5;120.3;102.9;105.5;118.2;93.2;98.2;114.7;91.2;94.5;51536.0;Ecole primaire Jean Jaurès;Vitry-en-Artois;062;62865;Pas-de-Calais;Lille;50.33217574703964,2.984729475728955
2023-2024;9;HAUTS-DE-FRANCE;9;LILLE;62;PAS-DE-CALAIS;62270;DIVION;0623043W;public;73.3;120.3;102.9;105.5;118.2;93.2;98.2;114.7;91.2;94.5;51542.0;Ecole élémentaire Nicolas Copernic;Divion;062;62270;Pas-de-Calais;Lille;50.48090597554153,2.508690701374579
2023-2024;9;HAUTS-DE-FRANCE;9;LILLE;62;PAS-DE-CALAIS;62498;LENS;0623433V;public;69.1;120.3;102.9;105.5;118.2;93.2;98.2;114.7;91.2;94.5;51610.0;Ecole élémentaire Alfred Maës;Lens;062;62498;Pas-de-Calais;Lille;50.42393343334851,2.805655057489182
2023-2024;9;HAUTS-DE-FRANCE;9;LILLE;62;PAS-DE-CALAIS;62268;DESVRES;0623476S;privé sous contrat;108.4;120.3;102.9;105.5;118.2;93.2;98.2;114.7;91.2;94.5;51633.0;Ecole primaire privée Saint Nicolas;Desvres;062;62268;Pas-de-Calais;Lille;50.66807707757369,1.835569725493247
2023-2024;9;HAUTS-DE-FRANCE;9;LILLE;62;PAS-DE-CALAIS;62065;AVION;0623507A;public;89.9;120.3;102.9;105.5;118.2;93.2;98.2;114.7;91.2;94.5;51639.0;Ecole élémentaire Joliot-Curie;Avion;062;62065;Pas-de-Calais;Lille;50.414303207059596,2.849700014681342
2023-2024;9;HAUTS-DE-FRANCE;9;LILLE;62;PAS-DE-CALAIS;62240;CORBEHEM;0623541M;public;100.9;120.3;102.9;105.5;118.2;93.2;98.2;114.7;91.2;94.5;51663.0;Ecole primaire Pierre et Marie Curie;Corbehem;062;62240;Pas-de-Calais;Lille;50.3358449234954,3.0520893592794964
2023-2024;9;HAUTS-DE-FRANCE;9;LILLE;62;PAS-DE-CALAIS;62652;PERNES;0623778V;public;97.1;120.3;102.9;105.5;118.2;93.2;98.2;114.7;91.2;94.5;51695.0;Ecole primaire Marcel Dollet;Pernes;062;62652;Pas-de-Calais;Lille;50.487477918112795,2.4043105581998905
2023-2024;9;HAUTS-DE-FRANCE;9;LILLE;59;NORD;59009;VILLENEUVE D ASCQ;0595061F;public;117.9;120.3;102.9;105.5;118.2;93.2;98.2;119.4;94.4;100.2;50033.0;Ecole élémentaire Chopin;Villeneuve-d'Ascq;059;59009;Nord;Lille;50.63544764564227,3.1344898736816558
2023-2024;9;HAUTS-DE-FRANCE;9;LILLE;59;NORD;59577;STAPLE;0595939K;public;103.4;120.3;102.9;105.5;118.2;93.2;98.2;119.4;94.4;100.2;50109.0;Ecole primaire espace educatif Pierre Sion;Staple;059;59577;Nord;Lille;50.74835905157169,2.4567297261343217
2023-2024;9;HAUTS-DE-FRANCE;9;LILLE;59;NORD;59183;DUNKERQUE;0596115B;privé sous contrat;86.5;120.3;102.9;105.5;118.2;93.2;98.2;119.4;94.4;100.2;50130.0;Ecole primaire privée Saint Joseph;Dunkerque;059;59183;Nord;Lille;51.02667989350968,2.378190606424905
2023-2024;9;HAUTS-DE-FRANCE;9;LILLE;59;NORD;59326;KILLEM;0596207B;public;83.4;120.3;102.9;105.5;118.2;93.2;98.2;119.4;94.4;100.2;50137.0;Ecole primaire Jules Ferry;Killem;059;59326;Nord;Lille;50.95879526905652,2.5639200511358027
2023-2024;9;HAUTS-DE-FRANCE;9;LILLE;59;NORD;59606;VALENCIENNES;0596301D;public;80.4;120.3;102.9;105.5;118.2;93.2;98.2;119.4;94.4;100.2;50150.0;Ecole primaire Antoine de Saint-Exupéry;Valenciennes;059;59606;Nord;Lille;50.346166267316306,3.520989706800677
2023-2024;9;HAUTS-DE-FRANCE;9;LILLE;59;NORD;59599;TOURCOING;0596493M;privé sous contrat;102.3;120.3;102.9;105.5;118.2;93.2;98.2;119.4;94.4;100.2;50193.0;Ecole primaire privée Saint Eloi;Tourcoing;059;59599;Nord;Lille;50.69684192651433,3.1533604653177494
2023-2024;9;HAUTS-DE-FRANCE;9;LILLE;59;NORD;59350;LILLE;0596505A;public;66.9;120.3;102.9;105.5;118.2;93.2;98.2;119.4;94.4;100.2;50201.0;Ecole élémentaire Chenier Severine;Lille;059;59350;Nord;Lille;50.61839663382076,3.0361501721642723
2023-2024;9;HAUTS-DE-FRANCE;9;LILLE;59;NORD;59603;TRITH SAINT LEGER;0596637U;public;89.8;120.3;102.9;105.5;118.2;93.2;98.2;119.4;94.4;100.2;50241.0;Ecole primaire Gustave Eiffel;Trith-Saint-Léger;059;59603;Nord;Lille;50.334093867225285,3.505080436384648
2023-2024;9;HAUTS-DE-FRANCE;9;LILLE;62;PAS-DE-CALAIS;62193;CALAIS;0620407F;public;89.2;120.3;102.9;105.5;118.2;93.2;98.2;114.7;91.2;94.5;50953.0;Ecole primaire Pauline Kergomard;Calais;062;62193;Pas-de-Calais;Lille;50.93421296135201,1.8549002703906572
2023-2024;9;HAUTS-DE-FRANCE;9;LILLE;62;PAS-DE-CALAIS;62510;LIEVIN;0622925T;public;69.9;120.3;102.9;105.5;118.2;93.2;98.2;114.7;91.2;94.5;51508.0;Ecole élémentaire Marie Liétard;Liévin;062;62510;Pas-de-Calais;Lille;50.41990542411924,2.772020255546918
2023-2024;9;HAUTS-DE-FRANCE;9;LILLE;62;PAS-DE-CALAIS;62721;ROQUETOIRE;0622931Z;public;105.3;120.3;102.9;105.5;118.2;93.2;98.2;114.7;91.2;94.5;51512.0;Groupe scolaire Martin Luther King;Roquetoire;062;62721;Pas-de-Calais;Lille;50.66961194534788,2.3414236548557805
2023-2024;9;HAUTS-DE-FRANCE;9;LILLE;62;PAS-DE-CALAIS;62583;MONDICOURT;0622979B;public;;120.3;102.9;105.5;118.2;93.2;98.2;114.7;91.2;94.5;51525.0;Ecole primaire RPI 61;Mondicourt;062;62583;Pas-de-Calais;Lille;50.1737410001945,2.4606200226737265
2023-2024;9;HAUTS-DE-FRANCE;9;LILLE;62;PAS-DE-CALAIS;62643;OUTREAU;0623168G;public;84.3;120.3;102.9;105.5;118.2;93.2;98.2;114.7;91.2;94.5;51564.0;Ecole primaire Kergomard - Macé;Outreau;062;62643;Pas-de-Calais;Lille;50.70155981588336,1.5793993072016268
2023-2024;9;HAUTS-DE-FRANCE;9;LILLE;62;PAS-DE-CALAIS;62262;CUINCHY;0623246S;public;104.2;120.3;102.9;105.5;118.2;93.2;98.2;114.7;91.2;94.5;51573.0;Ecole primaire;Cuinchy;062;62262;Pas-de-Calais;Lille;50.51977337403246,2.748239599263357
2023-2024;9;HAUTS-DE-FRANCE;9;LILLE;62;PAS-DE-CALAIS;62771;SALLAUMINES;0623556D;public;76.2;120.3;102.9;105.5;118.2;93.2;98.2;114.7;91.2;94.5;51669.0;Ecole primaire Emile Basly;Sallaumines;062;62771;Pas-de-Calais;Lille;50.419034748143844,2.877959845230215
2023-2024;9;HAUTS-DE-FRANCE;9;LILLE;59;NORD;59155;COUDEKERQUE BRANCHE;0590425S;public;85.1;120.3;102.9;105.5;118.2;93.2;98.2;119.4;94.4;100.2;49022.0;Ecole élémentaire Maurice Millon;Coudekerque-Branche;059;59155;Nord;Lille;51.01847208962532,2.3717006873200575
2023-2024;9;HAUTS-DE-FRANCE;9;LILLE;59;NORD;59034;AVELIN;0590558L;public;131.8;120.3;102.9;105.5;118.2;93.2;98.2;119.4;94.4;100.2;49043.0;Ecole primaire Alphonse Daudet;Avelin;059;59034;Nord;Lille;50.54043217627853,3.079640398117233
2023-2024;9;HAUTS-DE-FRANCE;9;LILLE;59;NORD;59139;CAUDRY;0590821X;public;79.4;120.3;102.9;105.5;118.2;93.2;98.2;119.4;94.4;100.2;49103.0;Ecole élémentaire Janssoone;Caudry;059;59139;Nord;Lille;50.11802563279005,3.40909034101273
2023-2024;9;HAUTS-DE-FRANCE;9;LILLE;59;NORD;59196;ENNETIERES EN WEPPES;0590992H;public;120.5;120.3;102.9;105.5;118.2;93.2;98.2;119.4;94.4;100.2;49142.0;Ecole primaire;Ennetières-en-Weppes;059;59196;Nord;Lille;50.635345106136604,2.9395003058844122
2023-2024;9;HAUTS-DE-FRANCE;9;LILLE;59;NORD;59254;FRESSAIN;0591238A;public;102.4;120.3;102.9;105.5;118.2;93.2;98.2;119.4;94.4;100.2;49189.0;Ecole primaire Jean de La Fontaine;Fressain;059;59254;Nord;Lille;50.2881442090743,3.1937896155653243
2023-2024;9;HAUTS-DE-FRANCE;9;LILLE;59;NORD;59347;LIESSIES;0591528R;public;107.0;120.3;102.9;105.5;118.2;93.2;98.2;119.4;94.4;100.2;49241.0;Ecole primaire;Liessies;059;59347;Nord;Lille;50.11795759900604,4.083120088116232
2023-2024;9;HAUTS-DE-FRANCE;9;LILLE;59;NORD;59350;LILLE;0591550P;public;125.2;120.3;102.9;105.5;118.2;93.2;98.2;119.4;94.4;100.2;49243.0;Ecole élémentaire Pasteur;Lille;059;59350;Nord;Lille;50.62721718741841,3.062099713727676
2023-2024;9;HAUTS-DE-FRANCE;9;LILLE;59;NORD;59357;LA LONGUEVILLE;0591675A;public;104.5;120.3;102.9;105.5;118.2;93.2;98.2;119.4;94.4;100.2;49265.0;Ecole primaire Jacques Prévert;La Longueville;059;59357;Nord;Lille;50.288638202639454,3.854420250300814
2023-2024;9;HAUTS-DE-FRANCE;9;LILLE;59;NORD;59374;MARBAIX;0591732M;public;103.5;120.3;102.9;105.5;118.2;93.2;98.2;119.4;94.4;100.2;49283.0;Ecole primaire;Marbaix;059;59374;Nord;Lille;50.13008469257868,3.8408896284507335
2023-2024;9;HAUTS-DE-FRANCE;9;LILLE;59;NORD;59375;MARCHIENNES;0591739V;public;115.2;120.3;102.9;105.5;118.2;93.2;98.2;119.4;94.4;100.2;49284.0;Ecole primaire Le Grand Meaulnes;Marchiennes;059;59375;Nord;Lille;50.43230503163274,3.2608300864518305
2023-2024;9;HAUTS-DE-FRANCE;9;LILLE;59;NORD;59433;NIEURLET;0591931D;public;93.8;120.3;102.9;105.5;118.2;93.2;98.2;119.4;94.4;100.2;49312.0;Ecole primaire Louis et Fernande Leroy;Nieurlet;059;59433;Nord;Lille;50.78984398123002,2.2813300942851984
2023-2024;9;HAUTS-DE-FRANCE;9;LILLE;59;NORD;59450;ORS;0591967T;public;94.1;120.3;102.9;105.5;118.2;93.2;98.2;119.4;94.4;100.2;49324.0;Ecole primaire;Ors;059;59450;Nord;Lille;50.1058654427989,3.636470271806459
2023-2024;9;HAUTS-DE-FRANCE;9;LILLE;59;NORD;59497;RENESCURE;0592009N;public;109.0;120.3;102.9;105.5;118.2;93.2;98.2;119.4;94.4;100.2;49336.0;Ecole primaire Le Nieppe;Renescure;059;59497;Nord;Lille;50.75047303774268,2.39875947536381
2023-2024;9;HAUTS-DE-FRANCE;9;LILLE;59;NORD;59183;DUNKERQUE;0592046D;public;93.1;120.3;102.9;105.5;118.2;93.2;98.2;119.4;94.4;100.2;49348.0;Ecole élémentaire Marcelin Berthelot;Dunkerque;059;59183;Nord;Lille;51.04699331122781,2.4229005387376144
2023-2024;9;HAUTS-DE-FRANCE;9;LILLE;59;NORD;59554;SARS ET ROSIERES;0592218R;public;126.3;120.3;102.9;105.5;118.2;93.2;98.2;119.4;94.4;100.2;49396.0;Ecole primaire;Sars-et-Rosières;059;59554;Nord;Lille;50.44339989556239,3.3315105495499626
2023-2024;9;HAUTS-DE-FRANCE;9;LILLE;59;NORD;59611;VERLINGHEM;0592436C;public;121.5;120.3;102.9;105.5;118.2;93.2;98.2;119.4;94.4;100.2;49451.0;Ecole primaire Gutenberg;Verlinghem;059;59611;Nord;Lille;50.68110894021982,2.996067902014375
2023-2024;9;HAUTS-DE-FRANCE;9;LILLE;59;NORD;59599;TOURCOING;0592722N;public;86.1;120.3;102.9;105.5;118.2;93.2;98.2;119.4;94.4;100.2;49502.0;Ecole élémentaire Jacques Prévert;Tourcoing;059;59599;Nord;Lille;50.71015645021327,3.1584802771423646
2023-2024;9;HAUTS-DE-FRANCE;9;LILLE;59;NORD;59220;FACHES THUMESNIL;0592817S;public;105.0;120.3;102.9;105.5;118.2;93.2;98.2;119.4;94.4;100.2;49507.0;Ecole primaire George Sand - Mozart;Faches-Thumesnil;059;59220;Nord;Lille;50.59707600627719,3.07530970629237
2023-2024;9;HAUTS-DE-FRANCE;9;LILLE;59;NORD;59378;MARCQ EN BAROEUL;0592819U;public;91.0;120.3;102.9;105.5;118.2;93.2;98.2;119.4;94.4;100.2;49508.0;Ecole primaire Dolto - Péguy;Marcq-en-Baroeul;059;59378;Nord;Lille;50.66794942827975,3.086510316578181
2023-2024;9;HAUTS-DE-FRANCE;9;LILLE;59;NORD;59239;FLINES LEZ RACHES;0593534W;public;118.9;120.3;102.9;105.5;118.2;93.2;98.2;119.4;94.4;100.2;49536.0;Ecole primaire Pierre Brossolette;Flines-lez-Raches;059;59239;Nord;Lille;50.420860654415705,3.1920104610958213
2023-2024;9;HAUTS-DE-FRANCE;9;LILLE;59;NORD;59348;LIEU SAINT AMAND;0593536Y;public;105.0;120.3;102.9;105.5;118.2;93.2;98.2;119.4;94.4;100.2;49538.0;Ecole primaire Charlemagne - Brisville;Lieu-Saint-Amand;059;59348;Nord;Lille;50.27209434513502,3.3443798926702093
2023-2024;9;HAUTS-DE-FRANCE;9;LILLE;59;NORD;59155;COUDEKERQUE BRANCHE;0593715T;privé sous contrat;105.9;120.3;102.9;105.5;118.2;93.2;98.2;119.4;94.4;100.2;49605.0;Ecole primaire privée La Salle;Coudekerque-Branche;059;59155;Nord;Lille;51.02434544869233,2.3926703925418273
2023-2024;9;HAUTS-DE-FRANCE;9;LILLE;59;NORD;59011;ANNOEULLIN;0593742X;privé sous contrat;126.8;120.3;102.9;105.5;118.2;93.2;98.2;119.4;94.4;100.2;49614.0;Ecole primaire privée Sainte Anne;Annoeullin;059;59011;Nord;Lille;50.52641072166104,2.93450031249256
2023-2024;9;HAUTS-DE-FRANCE;9;LILLE;59;NORD;59051;LA BASSEE;0593768A;privé sous contrat;112.9;120.3;102.9;105.5;118.2;93.2;98.2;119.4;94.4;100.2;49625.0;Ecole primaire privée Notre-Dame;La Bassée;059;59051;Nord;Lille;50.53202117502433,2.800739880782815
2023-2024;9;HAUTS-DE-FRANCE;9;LILLE;59;NORD;59295;HAZEBROUCK;0593806S;privé sous contrat;122.0;120.3;102.9;105.5;118.2;93.2;98.2;119.4;94.4;100.2;49642.0;Ecole primaire privée Saint Vincent;Hazebrouck;059;59295;Nord;Lille;50.72323321016387,2.531469495381633
2023-2024;9;HAUTS-DE-FRANCE;9;LILLE;59;NORD;59350;LILLE;0593829S;privé sous contrat;102.8;120.3;102.9;105.5;118.2;93.2;98.2;119.4;94.4;100.2;49655.0;Ecole primaire privée Sainte Elisabeth;Lille;059;59350;Nord;Lille;50.61747246792677,3.0242397907993346
2023-2024;9;HAUTS-DE-FRANCE;9;LILLE;59;NORD;59350;LILLE;0593830T;privé sous contrat;98.3;120.3;102.9;105.5;118.2;93.2;98.2;119.4;94.4;100.2;49656.0;Ecole primaire privée Saint Joseph;Lille;059;59350;Nord;Lille;50.63232169940359,3.0983396118862814
2023-2024;9;HAUTS-DE-FRANCE;9;LILLE;59;NORD;59599;TOURCOING;0593855V;privé sous contrat;102.8;120.3;102.9;105.5;118.2;93.2;98.2;119.4;94.4;100.2;49665.0;Ecole primaire privée ND des Petits et de La Consolation;Tourcoing;059;59599;Nord;Lille;50.74181906232874,3.170470227798018
2023-2024;9;HAUTS-DE-FRANCE;9;LILLE;59;NORD;59378;MARCQ EN BAROEUL;0593904Y;privé sous contrat;146.5;120.3;102.9;105.5;118.2;93.2;98.2;119.4;94.4;100.2;49685.0;Ecole primaire privée Jean Bosco - Notre Dame des Jeunes;Marcq-en-Baroeul;059;59378;Nord;Lille;50.68073781747319,3.1073226333477755
2023-2024;9;HAUTS-DE-FRANCE;9;LILLE;59;NORD;59386;MARQUETTE LEZ LILLE;0593908C;privé sous contrat;129.7;120.3;102.9;105.5;118.2;93.2;98.2;119.4;94.4;100.2;49687.0;Ecole primaire privée Saint Joseph;Marquette-lez-Lille;059;59386;Nord;Lille;50.67279823182615,3.065539653344264
2023-2024;9;HAUTS-DE-FRANCE;9;LILLE;59;NORD;59252;FRELINGHIEN;0594015U;privé sous contrat;127.3;120.3;102.9;105.5;118.2;93.2;98.2;119.4;94.4;100.2;49724.0;Ecole primaire privée Sacré-Coeur;Frelinghien;059;59252;Nord;Lille;50.71167361717103,2.935280092613755
2023-2024;9;HAUTS-DE-FRANCE;9;LILLE;59;NORD;59507;RONCHIN;0594061U;privé sous contrat;131.5;120.3;102.9;105.5;118.2;93.2;98.2;119.4;94.4;100.2;49752.0;Ecole primaire privée Notre-Dame de Lourdes;Ronchin;059;59507;Nord;Lille;50.60532824629651,3.076770412944856
2023-2024;9;HAUTS-DE-FRANCE;9;LILLE;59;NORD;59512;ROUBAIX;0594067A;privé sous contrat;98.8;120.3;102.9;105.5;118.2;93.2;98.2;119.4;94.4;100.2;49755.0;Ecole primaire privée Marie Auxiliatrice;Roubaix;059;59512;Nord;Lille;50.680459669527785,3.1927693653394997
2023-2024;9;HAUTS-DE-FRANCE;9;LILLE;59;NORD;59519;RUMEGIES;0594080P;privé sous contrat;121.8;120.3;102.9;105.5;118.2;93.2;98.2;119.4;94.4;100.2;49759.0;Ecole primaire privée Immaculée-Conception;Rumegies;059;59519;Nord;Lille;50.48932262060742,3.3473195933946958
2023-2024;9;HAUTS-DE-FRANCE;9;LILLE;59;NORD;59663;WORMHOUT;0594142G;privé sous contrat;107.5;120.3;102.9;105.5;118.2;93.2;98.2;119.4;94.4;100.2;49790.0;Ecole primaire privée Sainte Union Coeur de Flandre;Wormhout;059;59663;Nord;Lille;50.881367068828844,2.4665897129579224
2023-2024;9;HAUTS-DE-FRANCE;9;LILLE;59;NORD;59117;BUGNICOURT;0594179X;public;102.5;120.3;102.9;105.5;118.2;93.2;98.2;119.4;94.4;100.2;49798.0;Ecole primaire Marcel Pagnol;Bugnicourt;059;59117;Nord;Lille;50.29090660818371,3.15393039706173
2023-2024;9;HAUTS-DE-FRANCE;9;LILLE;59;NORD;59234;FLERS EN ESCREBIEUX;0594189H;public;73.3;120.3;102.9;105.5;118.2;93.2;98.2;119.4;94.4;100.2;49806.0;Ecole primaire Pont de La Deule;Flers-en-Escrebieux;059;59234;Nord;Lille;50.399704197025414,3.088290640090413
2023-2024;9;HAUTS-DE-FRANCE;9;LILLE;59;NORD;59646;WASQUEHAL;0594355N;public;114.6;120.3;102.9;105.5;118.2;93.2;98.2;119.4;94.4;100.2;49857.0;Ecole élémentaire Pierre Lefebvre;Wasquehal;059;59646;Nord;Lille;50.667363207892514,3.126549558645649
2023-2024;9;HAUTS-DE-FRANCE;9;LILLE;59;NORD;59421;MOUVAUX;0594480Z;public;127.8;120.3;102.9;105.5;118.2;93.2;98.2;119.4;94.4;100.2;49881.0;Ecole primaire Lucie Aubrac;Mouvaux;059;59421;Nord;Lille;50.701665690426445,3.136730396961624
2023-2024;9;HAUTS-DE-FRANCE;9;LILLE;59;NORD;59309;HONDSCHOOTE;0594597B;public;85.1;120.3;102.9;105.5;118.2;93.2;98.2;119.4;94.4;100.2;49916.0;Ecole élémentaire Emile Coornaert;Hondschoote;059;59309;Nord;Lille;50.976629683097975,2.584119600645077
2023-2024;9;HAUTS-DE-FRANCE;9;LILLE;59;NORD;59002;ABSCON;0594903J;public;86.3;120.3;102.9;105.5;118.2;93.2;98.2;119.4;94.4;100.2;49972.0;Ecole élémentaire Marius Assez;Abscon;059;59002;Nord;Lille;50.334012231814974,3.297499895388088
2023-2024;9;HAUTS-DE-FRANCE;9;LILLE;59;NORD;59273;GRAVELINES;0595702C;public;97.5;120.3;102.9;105.5;118.2;93.2;98.2;119.4;94.4;100.2;50091.0;Ecole primaire Albert et Marguerite Denvers;Gravelines;059;59273;Nord;Lille;50.9851899774591,2.1393006633949443
2023-2024;9;HAUTS-DE-FRANCE;9;LILLE;62;PAS-DE-CALAIS;62111;BERLENCOURT LE CAUROY;0620479J;public;91.5;120.3;102.9;105.5;118.2;93.2;98.2;114.7;91.2;94.5;50965.0;Ecole primaire - Regroupement Pédagogique Intercommunal Concentré (RPC) des deux Sources de BERLENCOURT-LE-CAUROY;Berlencourt-le-Cauroy;062;62111;Pas-de-Calais;Lille;50.26578040515785,2.4264506879112604
2023-2024;9;HAUTS-DE-FRANCE;9;LILLE;62;PAS-DE-CALAIS;62525;LONGUENESSE;0623062S;public;76.3;120.3;102.9;105.5;118.2;93.2;98.2;114.7;91.2;94.5;51550.0;Ecole primaire George Sand;Longuenesse;062;62525;Pas-de-Calais;Lille;50.74039296156648,2.265700658892578
2023-2024;9;HAUTS-DE-FRANCE;9;LILLE;62;PAS-DE-CALAIS;62291;ELEU DIT LEAUWETTE;0623149L;public;88.6;120.3;102.9;105.5;118.2;93.2;98.2;114.7;91.2;94.5;51558.0;Ecole primaire Fassiaux - Hernu;Eleu-dit-Leauwette;062;62291;Pas-de-Calais;Lille;50.42147348099527,2.818480679896281
2023-2024;9;HAUTS-DE-FRANCE;9;LILLE;62;PAS-DE-CALAIS;62801;SOUCHEZ;0623366X;public;112.2;120.3;102.9;105.5;118.2;93.2;98.2;114.7;91.2;94.5;51583.0;Ecole élémentaire Anatole France;Souchez;062;62801;Pas-de-Calais;Lille;50.391156734458335,2.740650603371965
2023-2024;9;HAUTS-DE-FRANCE;9;LILLE;62;PAS-DE-CALAIS;62178;BRUAY LA BUISSIERE;0623423J;public;77.9;120.3;102.9;105.5;118.2;93.2;98.2;114.7;91.2;94.5;51602.0;Ecole primaire Louis Pasteur;Bruay-la-Buissière;062;62178;Pas-de-Calais;Lille;50.47253435161205,2.5375296553471807
2023-2024;9;HAUTS-DE-FRANCE;9;LILLE;62;PAS-DE-CALAIS;62193;CALAIS;0623548V;public;72.9;120.3;102.9;105.5;118.2;93.2;98.2;114.7;91.2;94.5;51666.0;Ecole primaire Franklin-Stephenson;Calais;062;62193;Pas-de-Calais;Lille;50.94454390937631,1.848349797163194
2023-2024;9;HAUTS-DE-FRANCE;9;LILLE;62;PAS-DE-CALAIS;62520;LOCON;0623657N;public;113.7;120.3;102.9;105.5;118.2;93.2;98.2;114.7;91.2;94.5;51674.0;Ecole primaire Louis Blaringhem;Locon;062;62520;Pas-de-Calais;Lille;50.570484412409826,2.664339897320777
2023-2024;9;HAUTS-DE-FRANCE;9;LILLE;62;PAS-DE-CALAIS;62193;CALAIS;0623854C;public;64.6;120.3;102.9;105.5;118.2;93.2;98.2;114.7;91.2;94.5;51714.0;Ecole élémentaire Oran-Constantine;Calais;062;62193;Pas-de-Calais;Lille;50.947685122757655,1.8295704035254745
2023-2024;9;HAUTS-DE-FRANCE;9;LILLE;62;PAS-DE-CALAIS;62013;AGNY;0623892U;public;107.5;120.3;102.9;105.5;118.2;93.2;98.2;114.7;91.2;94.5;51730.0;Ecole primaire;Agny;062;62013;Pas-de-Calais;Lille;50.25677097370116,2.7570309704882763
2023-2024;9;HAUTS-DE-FRANCE;9;LILLE;59;NORD;59035;AVESNELLES;0590563S;public;93.0;120.3;102.9;105.5;118.2;93.2;98.2;119.4;94.4;100.2;49044.0;Ecole élémentaire;Avesnelles;059;59035;Nord;Lille;50.11784259779566,3.9479098838897224
2023-2024;9;HAUTS-DE-FRANCE;9;LILLE;59;NORD;59039;AWOINGT;0590575E;public;104.5;120.3;102.9;105.5;118.2;93.2;98.2;119.4;94.4;100.2;49045.0;Ecole primaire de la Source;Awoingt;059;59039;Nord;Lille;50.154089270693696,3.27555012750685
2023-2024;9;HAUTS-DE-FRANCE;9;LILLE;59;NORD;59052;BAUVIN;0590607P;public;;120.3;102.9;105.5;118.2;93.2;98.2;119.4;94.4;100.2;49055.0;Ecole élémentaire Brassens - Ferry;Bauvin;059;59052;Nord;Lille;50.516136283548306,2.8964899824432204
2023-2024;9;HAUTS-DE-FRANCE;9;LILLE;59;NORD;59178;DOUAI;0590934V;public;98.1;120.3;102.9;105.5;118.2;93.2;98.2;119.4;94.4;100.2;49133.0;Ecole élémentaire d'application Blancs Mouchons;Douai;059;59178;Nord;Lille;50.370602882288956,3.08030039861161
2023-2024;9;HAUTS-DE-FRANCE;9;LILLE;59;NORD;59269;GOUZEAUCOURT;0591272M;public;98.0;120.3;102.9;105.5;118.2;93.2;98.2;119.4;94.4;100.2;49196.0;Ecole primaire;Gouzeaucourt;059;59269;Nord;Lille;50.057229662673755,3.1270096768307596
2023-2024;9;HAUTS-DE-FRANCE;9;LILLE;59;NORD;59278;HALLENNES LEZ HAUBOURDIN;0591307A;public;112.2;120.3;102.9;105.5;118.2;93.2;98.2;119.4;94.4;100.2;49203.0;Ecole élémentaire Roger Salengro;Hallennes-lez-Haubourdin;059;59278;Nord;Lille;50.61321747272933,2.9639395938449726
2023-2024;9;HAUTS-DE-FRANCE;9;LILLE;59;NORD;59350;LILLE;0591652A;public;81.5;120.3;102.9;105.5;118.2;93.2;98.2;119.4;94.4;100.2;49262.0;Ecole primaire Sand - Bracke Desrousseaux - Michelet;Lille;059;59350;Nord;Lille;50.63976593802501,3.0168698267129703
2023-2024;9;HAUTS-DE-FRANCE;9;LILLE;59;NORD;59358;LOOBERGHE;0591677C;public;103.1;120.3;102.9;105.5;118.2;93.2;98.2;119.4;94.4;100.2;49266.0;Ecole primaire Marcel Valcke;Looberghe;059;59358;Nord;Lille;50.91608530484299,2.2726796870443002
2023-2024;9;HAUTS-DE-FRANCE;9;LILLE;59;NORD;59372;MALINCOURT;0591730K;public;97.6;120.3;102.9;105.5;118.2;93.2;98.2;119.4;94.4;100.2;49282.0;Ecole primaire Louis Blériot;Malincourt;059;59372;Nord;Lille;50.046750143937814,3.324530280914101
2023-2024;9;HAUTS-DE-FRANCE;9;LILLE;59;NORD;59391;MASTAING;0591806T;public;97.1;120.3;102.9;105.5;118.2;93.2;98.2;119.4;94.4;100.2;49290.0;Ecole primaire Jules Ferry;Mastaing;059;59391;Nord;Lille;50.3077454488616,3.306210026023961
2023-2024;9;HAUTS-DE-FRANCE;9;LILLE;59;NORD;59427;LA NEUVILLE;0591915L;public;118.0;120.3;102.9;105.5;118.2;93.2;98.2;119.4;94.4;100.2;49307.0;Ecole primaire la Clairière;La Neuville;059;59427;Nord;Lille;50.49694895050069,3.046249910908297
2023-2024;9;HAUTS-DE-FRANCE;9;LILLE;59;NORD;59443;OCHTEZEELE;0591949Y;public;;120.3;102.9;105.5;118.2;93.2;98.2;119.4;94.4;100.2;49319.0;Ecole élémentaire RPI 7;Ochtezeele;059;59443;Nord;Lille;50.81789124258894,2.4014998112498294
2023-2024;9;HAUTS-DE-FRANCE;9;LILLE;59;NORD;59446;OISY;0591954D;public;117.8;120.3;102.9;105.5;118.2;93.2;98.2;119.4;94.4;100.2;49320.0;Ecole primaire Charles Perrault;Oisy;059;59446;Nord;Lille;50.35583694194506,3.439439994713362
2023-2024;9;HAUTS-DE-FRANCE;9;LILLE;59;NORD;59449;ORCHIES;0591964P;public;104.2;120.3;102.9;105.5;118.2;93.2;98.2;119.4;94.4;100.2;49323.0;Ecole élémentaire Joliot-Curie;Orchies;059;59449;Nord;Lille;50.47309784818672,3.2417501501563475
2023-2024;9;HAUTS-DE-FRANCE;9;LILLE;59;NORD;59512;ROUBAIX;0592059T;public;70.7;120.3;102.9;105.5;118.2;93.2;98.2;119.4;94.4;100.2;49353.0;Ecole élémentaire Montaigne;Roubaix;059;59512;Nord;Lille;50.6957907068733,3.1858998759557715
2023-2024;9;HAUTS-DE-FRANCE;9;LILLE;59;NORD;59512;ROUBAIX;0592084V;public;70.0;120.3;102.9;105.5;118.2;93.2;98.2;119.4;94.4;100.2;49362.0;Ecole élémentaire Montesquieu;Roubaix;059;59512;Nord;Lille;50.6813339372558,3.1794297650795853
2023-2024;9;HAUTS-DE-FRANCE;9;LILLE;59;NORD;59513;ROUCOURT;0592110Y;public;119.5;120.3;102.9;105.5;118.2;93.2;98.2;119.4;94.4;100.2;49368.0;Ecole primaire;Roucourt;059;59513;Nord;Lille;50.3281234619222,3.1484897168862997
2023-2024;9;HAUTS-DE-FRANCE;9;LILLE;59;NORD;59578;STEENBECQUE;0592286P;public;95.8;120.3;102.9;105.5;118.2;93.2;98.2;119.4;94.4;100.2;49409.0;Ecole primaire Les P'tits géants;Steenbecque;059;59578;Nord;Lille;50.673640164027894,2.4852605132787273
2023-2024;9;HAUTS-DE-FRANCE;9;LILLE;59;NORD;59596;TILLOY LEZ MARCHIENNES;0592327J;public;;120.3;102.9;105.5;118.2;93.2;98.2;119.4;94.4;100.2;49424.0;Ecole primaire Bernard Hinault;Tilloy-lez-Marchiennes;059;59596;Nord;Lille;50.4272366148734,3.3186695493289218
2023-2024;9;HAUTS-DE-FRANCE;9;LILLE;59;NORD;59002;ABSCON;0593518D;public;88.5;120.3;102.9;105.5;118.2;93.2;98.2;119.4;94.4;100.2;49522.0;Ecole élémentaire Julien Beauvillain;Abscon;059;59002;Nord;Lille;50.33445637277255,3.291599900012182
2023-2024;9;HAUTS-DE-FRANCE;9;LILLE;59;NORD;59153;CONDE SUR L ESCAUT;0593639K;public;80.9;120.3;102.9;105.5;118.2;93.2;98.2;119.4;94.4;100.2;49581.0;Ecole élémentaire Le Jard;Condé-sur-l'Escaut;059;59153;Nord;Lille;50.45395125205647,3.582454481452799
2023-2024;9;HAUTS-DE-FRANCE;9;LILLE;59;NORD;59350;LILLE;0593809V;privé sous contrat;115.8;120.3;102.9;105.5;118.2;93.2;98.2;119.4;94.4;100.2;49644.0;Ecole primaire privée Saint Joseph;Lille;059;59350;Nord;Lille;50.62938247466288,3.1071790273398636
2023-2024;9;HAUTS-DE-FRANCE;9;LILLE;59;NORD;59599;TOURCOING;0593859Z;privé sous contrat;126.9;120.3;102.9;105.5;118.2;93.2;98.2;119.4;94.4;100.2;49668.0;Ecole primaire privée Notre-Dame Immaculée;Tourcoing;059;59599;Nord;Lille;50.720331819004265,3.156540615596111
2023-2024;9;HAUTS-DE-FRANCE;9;LILLE;59;NORD;59491;RAISMES;0593925W;privé sous contrat;116.0;120.3;102.9;105.5;118.2;93.2;98.2;119.4;94.4;100.2;49697.0;Ecole primaire privée Sainte-Famille;Raismes;059;59491;Nord;Lille;50.39143887357631,3.4832497923498136
2023-2024;9;HAUTS-DE-FRANCE;9;LILLE;59;NORD;59512;ROUBAIX;0593937J;privé sous contrat;82.5;120.3;102.9;105.5;118.2;93.2;98.2;119.4;94.4;100.2;49698.0;Ecole primaire privée Notre-Dame de Lourdes - Saint Nicolas;Roubaix;059;59512;Nord;Lille;50.686852059480344,3.1959100323337504
2023-2024;9;HAUTS-DE-FRANCE;9;LILLE;59;NORD;59499;REXPOEDE;0594057P;privé sous contrat;106.8;120.3;102.9;105.5;118.2;93.2;98.2;119.4;94.4;100.2;49750.0;Ecole primaire privée Sainte Gertrude;Rexpoëde;059;59499;Nord;Lille;50.9372944652565,2.5390693449874187
2023-2024;9;HAUTS-DE-FRANCE;9;LILLE;59;NORD;59523;SAINGHIN EN MELANTOIS;0594081R;privé sous contrat;143.3;120.3;102.9;105.5;118.2;93.2;98.2;119.4;94.4;100.2;49760.0;Ecole primaire privée Saint Joseph;Sainghin-en-Mélantois;059;59523;Nord;Lille;50.59058267890992,3.1624596863648486
2023-2024;9;HAUTS-DE-FRANCE;9;LILLE;59;NORD;59136;LE CATEAU CAMBRESIS;0594147M;privé sous contrat;101.8;120.3;102.9;105.5;118.2;93.2;98.2;119.4;94.4;100.2;49791.0;Ecole primaire privée Saint Joseph;Le Cateau-Cambrésis;059;59136;Nord;Lille;50.106254927034165,3.5444695219366764
2023-2024;9;HAUTS-DE-FRANCE;9;LILLE;59;NORD;59452;OSTRICOURT;0594149P;public;96.3;120.3;102.9;105.5;118.2;93.2;98.2;119.4;94.4;100.2;49792.0;Ecole élémentaire Roger Salengro;Ostricourt;059;59452;Nord;Lille;50.454032879747054,3.029450674879855
2023-2024;9;HAUTS-DE-FRANCE;9;LILLE;59;NORD;59480;QUERENAING;0594213J;public;121.1;120.3;102.9;105.5;118.2;93.2;98.2;119.4;94.4;100.2;49823.0;Ecole primaire Georges Pamart;Quérénaing;059;59480;Nord;Lille;50.28818231337501,3.513249356308079
2023-2024;9;HAUTS-DE-FRANCE;9;LILLE;59;NORD;59183;DUNKERQUE;0594568V;public;69.0;120.3;102.9;105.5;118.2;93.2;98.2;119.4;94.4;100.2;49902.0;Ecole élémentaire Nicolas Copernic;Dunkerque;059;59183;Nord;Lille;51.02889603725829,2.3377596353875907
2023-2024;9;HAUTS-DE-FRANCE;9;LILLE;59;NORD;59378;MARCQ EN BAROEUL;0594948H;public;132.4;120.3;102.9;105.5;118.2;93.2;98.2;119.4;94.4;100.2;49991.0;Ecole élémentaire Victor Hugo;Marcq-en-Baroeul;059;59378;Nord;Lille;50.658374342167,3.098499358726635
2023-2024;9;HAUTS-DE-FRANCE;9;LILLE;62;PAS-DE-CALAIS;62902;WIZERNES;0623181W;public;88.2;120.3;102.9;105.5;118.2;93.2;98.2;114.7;91.2;94.5;51567.0;Ecole primaire Ullmann - Perrault;Wizernes;062;62902;Pas-de-Calais;Lille;50.70886593820375,2.2257975054806236
2023-2024;9;HAUTS-DE-FRANCE;9;LILLE;62;PAS-DE-CALAIS;62261;CUCQ;0623428P;public;100.5;120.3;102.9;105.5;118.2;93.2;98.2;114.7;91.2;94.5;51605.0;Ecole primaire du Centre-Hameau Trépied-Levisse;Cucq;062;62261;Pas-de-Calais;Lille;50.48182043125562,1.6240197701636834
2023-2024;9;HAUTS-DE-FRANCE;9;LILLE;62;PAS-DE-CALAIS;62571;MERLIMONT;0623308J;public;107.1;120.3;102.9;105.5;118.2;93.2;98.2;114.7;91.2;94.5;51575.0;Ecole élémentaire Simone Veil;Merlimont;062;62571;Pas-de-Calais;Lille;50.45444389232212,1.6152804986216052
2023-2024;9;HAUTS-DE-FRANCE;9;LILLE;62;PAS-DE-CALAIS;62194;CALONNE RICOUART;0623422H;public;78.0;120.3;102.9;105.5;118.2;93.2;98.2;114.7;91.2;94.5;51601.0;Ecole élémentaire Eugène et Virginie Deneux;Calonne-Ricouart;062;62194;Pas-de-Calais;Lille;50.48786520985566,2.493289332882238
2023-2024;9;HAUTS-DE-FRANCE;9;LILLE;62;PAS-DE-CALAIS;62160;BOULOGNE SUR MER;0624006T;public;103.7;120.3;102.9;105.5;118.2;93.2;98.2;114.7;91.2;94.5;51756.0;Ecole élémentaire Leuliette-Eurvin;Boulogne-sur-Mer;062;62160;Pas-de-Calais;Lille;50.729240996206144,1.620449738058587
2023-2024;9;HAUTS-DE-FRANCE;9;LILLE;62;PAS-DE-CALAIS;62186;BULLY LES MINES;0624008V;public;79.0;120.3;102.9;105.5;118.2;93.2;98.2;114.7;91.2;94.5;51758.0;Ecole élémentaire Les Alouettes;Bully-les-Mines;062;62186;Pas-de-Calais;Lille;50.44274834506772,2.736879390769948
2023-2024;9;HAUTS-DE-FRANCE;9;LILLE;62;PAS-DE-CALAIS;62765;SAINT OMER;0624148X;public;77.4;120.3;102.9;105.5;118.2;93.2;98.2;114.7;91.2;94.5;51784.0;Ecole primaire Condorcet;Saint-Omer;062;62765;Pas-de-Calais;Lille;50.75412060808929,2.2459805506202275
2023-2024;9;HAUTS-DE-FRANCE;9;LILLE;59;NORD;59190;ELESMES;0590321D;public;103.0;120.3;102.9;105.5;118.2;93.2;98.2;119.4;94.4;100.2;49002.0;Ecole élémentaire Claude Bouquiaux RPI 8;Elesmes;059;59190;Nord;Lille;50.30854588161341,4.00996978765535
2023-2024;9;HAUTS-DE-FRANCE;9;LILLE;59;NORD;59155;COUDEKERQUE BRANCHE;0590427U;public;88.0;120.3;102.9;105.5;118.2;93.2;98.2;119.4;94.4;100.2;49024.0;Ecole élémentaire Georges Brassens;Coudekerque-Branche;059;59155;Nord;Lille;51.01718164669892,2.394869360303682
2023-2024;9;HAUTS-DE-FRANCE;9;LILLE;59;NORD;59003;AIBES;0590445N;public;86.2;120.3;102.9;105.5;118.2;93.2;98.2;119.4;94.4;100.2;49028.0;Ecole primaire;Aibes;059;59003;Nord;Lille;50.23641192695522,4.093629836012185
2023-2024;9;HAUTS-DE-FRANCE;9;LILLE;59;NORD;59017;ARMENTIERES;0590509H;public;74.7;120.3;102.9;105.5;118.2;93.2;98.2;119.4;94.4;100.2;49035.0;Ecole élémentaire Anatole France;Armentières;059;59017;Nord;Lille;50.69437782000841,2.8702897326179384
2023-2024;9;HAUTS-DE-FRANCE;9;LILLE;59;NORD;59042;BACHY;0590579J;public;129.4;120.3;102.9;105.5;118.2;93.2;98.2;119.4;94.4;100.2;49046.0;Complexe scolaire Jacques Brel;Bachy;059;59042;Nord;Lille;50.54975736425737,3.2591300875097846
2023-2024;9;HAUTS-DE-FRANCE;9;LILLE;59;NORD;59122;CAMBRAI;0590756B;public;75.8;120.3;102.9;105.5;118.2;93.2;98.2;119.4;94.4;100.2;49090.0;Ecole élémentaire Ferdinand Buisson;Cambrai;059;59122;Nord;Lille;50.182107473439835,3.2431594342291774
2023-2024;9;HAUTS-DE-FRANCE;9;LILLE;59;NORD;59131;CAPPELLE LA GRANDE;0590792R;public;85.6;120.3;102.9;105.5;118.2;93.2;98.2;119.4;94.4;100.2;49097.0;Groupe scolaire Jean Jaurès;Cappelle-la-Grande;059;59131;Nord;Lille;51.003941047070604,2.3555101020203337
2023-2024;9;HAUTS-DE-FRANCE;9;LILLE;59;NORD;59153;CONDE SUR L ESCAUT;0590853G;public;64.2;120.3;102.9;105.5;118.2;93.2;98.2;119.4;94.4;100.2;49116.0;Ecole élémentaire Centre;Condé-sur-l'Escaut;059;59153;Nord;Lille;50.4481836772072,3.591329402214735
2023-2024;9;HAUTS-DE-FRANCE;9;LILLE;59;NORD;59249;FOURMIES;0591223J;public;;120.3;102.9;105.5;118.2;93.2;98.2;119.4;94.4;100.2;49184.0;Ecole élémentaire Louis Aragon;Fourmies;059;59249;Nord;Lille;50.01874331497538,4.058800674177081
2023-2024;9;HAUTS-DE-FRANCE;9;LILLE;59;NORD;59350;LILLE;0591613H;public;78.9;120.3;102.9;105.5;118.2;93.2;98.2;119.4;94.4;100.2;49255.0;Ecole régionale du premier degré Ernest Couteaux;Lille;059;59350;Nord;Lille;50.6210576973551,3.0414506883096197
2023-2024;9;HAUTS-DE-FRANCE;9;LILLE;59;NORD;59403;MILLONFOSSE;0591857Y;public;95.9;120.3;102.9;105.5;118.2;93.2;98.2;119.4;94.4;100.2;49296.0;Ecole primaire;Millonfosse;059;59403;Nord;Lille;50.43352078729428,3.385400246904457
2023-2024;9;HAUTS-DE-FRANCE;9;LILLE;59;NORD;59502;RIEUX EN CAMBRESIS;0592018Y;public;92.8;120.3;102.9;105.5;118.2;93.2;98.2;119.4;94.4;100.2;49341.0;Ecole primaire Jean Jaurès;Rieux-en-Cambrésis;059;59502;Nord;Lille;50.203128260169954,3.350120356372354
2023-2024;9;HAUTS-DE-FRANCE;9;LILLE;59;NORD;59508;RONCQ;0592037U;public;104.6;120.3;102.9;105.5;118.2;93.2;98.2;119.4;94.4;100.2;49346.0;Groupe scolaire Curie-Jaurès;Roncq;059;59508;Nord;Lille;50.736448978393135,3.1166496088554596
2023-2024;9;HAUTS-DE-FRANCE;9;LILLE;59;NORD;59183;DUNKERQUE;0592048F;public;110.5;120.3;102.9;105.5;118.2;93.2;98.2;119.4;94.4;100.2;49349.0;Ecole élémentaire Lamartine;Dunkerque;059;59183;Nord;Lille;51.04139324940611,2.3966506951651234
2023-2024;9;HAUTS-DE-FRANCE;9;LILLE;59;NORD;59512;ROUBAIX;0592080R;public;91.8;120.3;102.9;105.5;118.2;93.2;98.2;119.4;94.4;100.2;49360.0;Ecole élémentaire Edouard Vaillant;Roubaix;059;59512;Nord;Lille;50.67638488496593,3.1750693604658156
2023-2024;9;HAUTS-DE-FRANCE;9;LILLE;59;NORD;59548;SAINT WAAST;0592207D;public;99.5;120.3;102.9;105.5;118.2;93.2;98.2;119.4;94.4;100.2;49394.0;Ecole primaire Louise Thuliez - Regroupement Pédagogique Intercommunal Concentré (RPC) de SAINT-WAAST;Saint-Waast;059;59548;Nord;Lille;50.30497779409936,3.7454601030196892
2023-2024;9;HAUTS-DE-FRANCE;9;LILLE;59;NORD;59562;SEMERIES;0592233G;public;;120.3;102.9;105.5;118.2;93.2;98.2;119.4;94.4;100.2;49399.0;Ecole élémentaire Centre - RPI 29;Sémeries;059;59562;Nord;Lille;50.11709136606196,4.001590327630171
2023-2024;9;HAUTS-DE-FRANCE;9;LILLE;59;NORD;59587;TERDEGHEM;0592309P;public;119.0;120.3;102.9;105.5;118.2;93.2;98.2;119.4;94.4;100.2;49417.0;Ecole primaire Anne Frank;Terdeghem;059;59587;Nord;Lille;50.79856907785319,2.540150479758379
2023-2024;9;HAUTS-DE-FRANCE;9;LILLE;59;NORD;59605;UXEM;0592397K;public;116.2;120.3;102.9;105.5;118.2;93.2;98.2;119.4;94.4;100.2;49442.0;Ecole primaire Gérard Deligny;Uxem;059;59605;Nord;Lille;51.02101244823462,2.484239380624397
2023-2024;9;HAUTS-DE-FRANCE;9;LILLE;59;NORD;59623;VILLERS GUISLAIN;0592469N;public;95.9;120.3;102.9;105.5;118.2;93.2;98.2;119.4;94.4;100.2;49459.0;Ecole primaire;Villers-Guislain;059;59623;Nord;Lille;50.039718062752364,3.1553594433895404
2023-2024;9;HAUTS-DE-FRANCE;9;LILLE;59;NORD;59328;LAMBERSART;0592672J;public;123.9;120.3;102.9;105.5;118.2;93.2;98.2;119.4;94.4;100.2;49494.0;Ecole élémentaire Pierre Loti;Lambersart;059;59328;Nord;Lille;50.658758995406686,3.020490322537051
2023-2024;9;HAUTS-DE-FRANCE;9;LILLE;59;NORD;59410;MONS EN BAROEUL;0592682V;public;101.9;120.3;102.9;105.5;118.2;93.2;98.2;119.4;94.4;100.2;49497.0;Ecole élémentaire Hélène Boucher;Mons-en-Baroeul;059;59410;Nord;Lille;50.63827848674585,3.1134495785254392
2023-2024;9;HAUTS-DE-FRANCE;9;LILLE;59;NORD;59512;ROUBAIX;0592684X;public;115.7;120.3;102.9;105.5;118.2;93.2;98.2;119.4;94.4;100.2;49498.0;Ecole primaire Anatole France;Roubaix;059;59512;Nord;Lille;50.67920746508658,3.169640283196119
2023-2024;9;HAUTS-DE-FRANCE;9;LILLE;59;NORD;59036;AVESNES SUR HELPE;0590310S;public;79.4;120.3;102.9;105.5;118.2;93.2;98.2;119.4;94.4;100.2;48994.0;Ecole primaire Cayeux;Avesnes-sur-Helpe;059;59036;Nord;Lille;50.122846645738896,3.9243906406367977
2023-2024;9;HAUTS-DE-FRANCE;9;LILLE;59;NORD;59143;LA CHAPELLE D ARMENTIERES;0593526M;public;109.2;120.3;102.9;105.5;118.2;93.2;98.2;119.4;94.4;100.2;49529.0;Ecole élémentaire du Bourg;La Chapelle-d'Armentières;059;59143;Nord;Lille;50.67043728578716,2.9029864896136415
2023-2024;9;HAUTS-DE-FRANCE;9;LILLE;59;NORD;59096;BOURGHELLES;0593602V;public;138.2;120.3;102.9;105.5;118.2;93.2;98.2;119.4;94.4;100.2;49566.0;Ecole primaire des Valettes;Bourghelles;059;59096;Nord;Lille;50.5652560898292,3.2440193603439536
2023-2024;9;HAUTS-DE-FRANCE;9;LILLE;59;NORD;59008;ANICHE;0593603W;public;77.2;120.3;102.9;105.5;118.2;93.2;98.2;119.4;94.4;100.2;49567.0;Ecole élémentaire Basuyaux;Aniche;059;59008;Nord;Lille;50.32982660359366,3.2528198621469686
2023-2024;9;HAUTS-DE-FRANCE;9;LILLE;59;NORD;59122;CAMBRAI;0593694V;privé sous contrat;110.0;120.3;102.9;105.5;118.2;93.2;98.2;119.4;94.4;100.2;49593.0;Ecole primaire privée Immaculée-Conception;Cambrai;059;59122;Nord;Lille;50.17646160913682,3.2512594998499935
2023-2024;9;HAUTS-DE-FRANCE;9;LILLE;59;NORD;59124;CAMPHIN EN PEVELE;0593700B;privé sous contrat;141.1;120.3;102.9;105.5;118.2;93.2;98.2;119.4;94.4;100.2;49597.0;Ecole primaire privée Sacré-Coeur;Camphin-en-Pévèle;059;59124;Nord;Lille;50.59294523462412,3.26235022672348
2023-2024;9;HAUTS-DE-FRANCE;9;LILLE;59;NORD;59155;COUDEKERQUE BRANCHE;0593717V;privé sous contrat;99.9;120.3;102.9;105.5;118.2;93.2;98.2;119.4;94.4;100.2;49606.0;Ecole primaire privée Sacré-Coeur;Coudekerque-Branche;059;59155;Nord;Lille;51.019165618747124,2.3738903820263415
2023-2024;9;HAUTS-DE-FRANCE;9;LILLE;59;NORD;59029;AUCHY LEZ ORCHIES;0593757N;privé sous contrat;132.1;120.3;102.9;105.5;118.2;93.2;98.2;119.4;94.4;100.2;49618.0;Ecole primaire privée Sacré-Coeur;Auchy-lez-Orchies;059;59029;Nord;Lille;50.47759065411551,3.205950304850199
2023-2024;9;HAUTS-DE-FRANCE;9;LILLE;59;NORD;59088;BOIS GRENIER;0593778L;privé sous contrat;137.4;120.3;102.9;105.5;118.2;93.2;98.2;119.4;94.4;100.2;49631.0;Ecole primaire privée Saint Louis;Bois-Grenier;059;59088;Nord;Lille;50.64834545990325,2.875090520092179
2023-2024;9;HAUTS-DE-FRANCE;9;LILLE;59;NORD;59641;WARHEM;0593879W;privé sous contrat;112.8;120.3;102.9;105.5;118.2;93.2;98.2;119.4;94.4;100.2;49674.0;Ecole primaire privée Notre-Dame;Warhem;059;59641;Nord;Lille;50.97630463632539,2.490440496438241
2023-2024;9;HAUTS-DE-FRANCE;9;LILLE;59;NORD;59180;LE DOULIEU;0594000C;privé sous contrat;114.6;120.3;102.9;105.5;118.2;93.2;98.2;119.4;94.4;100.2;49720.0;Ecole primaire privée Louise Jonglez;Le Doulieu;059;59180;Nord;Lille;50.68182925301305,2.7172698645479265
2023-2024;9;HAUTS-DE-FRANCE;9;LILLE;59;NORD;59269;GOUZEAUCOURT;0594021A;privé sous contrat;103.3;120.3;102.9;105.5;118.2;93.2;98.2;119.4;94.4;100.2;49727.0;Ecole primaire privée Sacré-Coeur;Gouzeaucourt;059;59269;Nord;Lille;50.05441967549882,3.1176995651476505
2023-2024;9;HAUTS-DE-FRANCE;9;LILLE;59;NORD;59279;HALLUIN;0594028H;privé sous contrat;112.0;120.3;102.9;105.5;118.2;93.2;98.2;119.4;94.4;100.2;49732.0;Ecole primaire privée Saint Alphonse;Halluin;059;59279;Nord;Lille;50.774318440147276,3.1444906734231184
2023-2024;9;HAUTS-DE-FRANCE;9;LILLE;59;NORD;59636;WAMBRECHIES;0594130U;privé sous contrat;128.1;120.3;102.9;105.5;118.2;93.2;98.2;119.4;94.4;100.2;49784.0;Ecole primaire privée La Providence;Wambrechies;059;59636;Nord;Lille;50.68846831885495,3.057680649300846
2023-2024;9;HAUTS-DE-FRANCE;9;LILLE;59;NORD;59350;LILLE;0594199U;public;78.1;120.3;102.9;105.5;118.2;93.2;98.2;119.4;94.4;100.2;49811.0;Ecole élémentaire Lakanal - Madame Campan;Lille;059;59350;Nord;Lille;50.627931938564295,3.0894000384381646
2023-2024;9;HAUTS-DE-FRANCE;9;LILLE;59;NORD;59637;WANDIGNIES HAMAGE;0594224W;public;108.7;120.3;102.9;105.5;118.2;93.2;98.2;119.4;94.4;100.2;49831.0;Ecole primaire;Wandignies-Hamage;059;59637;Nord;Lille;50.39946940859274,3.3158200194126914
2023-2024;9;HAUTS-DE-FRANCE;9;LILLE;59;NORD;59158;COUTICHES;0594266S;public;122.3;120.3;102.9;105.5;118.2;93.2;98.2;119.4;94.4;100.2;49841.0;Ecole primaire Léon Lambert;Coutiches;059;59158;Nord;Lille;50.453330823584956,3.1999206302602556
2023-2024;9;HAUTS-DE-FRANCE;9;LILLE;59;NORD;59299;HEM;0594553D;public;115.2;120.3;102.9;105.5;118.2;93.2;98.2;119.4;94.4;100.2;49896.0;Groupe scolaire De Lattre de Tassigny;Hem;059;59299;Nord;Lille;50.65718226702787,3.195760346601433
2023-2024;9;HAUTS-DE-FRANCE;9;LILLE;59;NORD;59507;RONCHIN;0594605K;public;97.4;120.3;102.9;105.5;118.2;93.2;98.2;119.4;94.4;100.2;49922.0;Ecole élémentaire Guy Mollet;Ronchin;059;59507;Nord;Lille;50.60027564786469,3.0874006428515153
2023-2024;9;HAUTS-DE-FRANCE;9;LILLE;59;NORD;59156;COURCHELETTES;0594619A;public;93.8;120.3;102.9;105.5;118.2;93.2;98.2;119.4;94.4;100.2;49929.0;Ecole élémentaire Oscar Lamy;Courchelettes;059;59156;Nord;Lille;50.341564026122775,3.057939733080739
2023-2024;9;HAUTS-DE-FRANCE;9;LILLE;59;NORD;59360;LOOS;0594939Y;public;102.1;120.3;102.9;105.5;118.2;93.2;98.2;119.4;94.4;100.2;49988.0;Ecole élémentaire Curie - Michelet;Loos;059;59360;Nord;Lille;50.60887704393624,3.0163700605015373
2023-2024;9;HAUTS-DE-FRANCE;9;LILLE;62;PAS-DE-CALAIS;62083;BARLIN;0623937T;public;73.1;120.3;102.9;105.5;118.2;93.2;98.2;114.7;91.2;94.5;51738.0;Ecole primaire Dunant-Barbusse;Barlin;062;62083;Pas-de-Calais;Lille;50.45229909885737,2.601179365426613
2023-2024;9;HAUTS-DE-FRANCE;9;LILLE;62;PAS-DE-CALAIS;62705;RETY;0624147W;public;95.7;120.3;102.9;105.5;118.2;93.2;98.2;114.7;91.2;94.5;51783.0;Groupe Scolaire La Restusienne;Rety;062;62705;Pas-de-Calais;Lille;50.812263440295474,1.7942001408854065
2023-2024;9;HAUTS-DE-FRANCE;9;LILLE;62;PAS-DE-CALAIS;62498;LENS;0624195Y;public;82.9;120.3;102.9;105.5;118.2;93.2;98.2;114.7;91.2;94.5;51790.0;Ecole primaire Jules Verne;Lens;062;62498;Pas-de-Calais;Lille;50.44168576483769,2.8337102381732824
2023-2024;9;HAUTS-DE-FRANCE;9;LILLE;59;NORD;59560;SECLIN;0595041J;public;76.1;120.3;102.9;105.5;118.2;93.2;98.2;119.4;94.4;100.2;50028.0;Ecole élémentaire Adolphe Dutoit;Seclin;059;59560;Nord;Lille;50.54547273519895,3.031919915184074
2023-2024;9;HAUTS-DE-FRANCE;9;LILLE;59;NORD;59009;VILLENEUVE D ASCQ;0595248J;public;100.9;120.3;102.9;105.5;118.2;93.2;98.2;119.4;94.4;100.2;50060.0;Ecole élémentaire Paul Fort;Villeneuve-d'Ascq;059;59009;Nord;Lille;50.632373617222584,3.125380544659675
2023-2024;9;HAUTS-DE-FRANCE;9;LILLE;59;NORD;59512;ROUBAIX;0595442V;public;63.9;120.3;102.9;105.5;118.2;93.2;98.2;119.4;94.4;100.2;50072.0;Ecole primaire Elsa Triolet;Roubaix;059;59512;Nord;Lille;50.69665388914089,3.1715896652920517
2023-2024;9;HAUTS-DE-FRANCE;9;LILLE;59;NORD;59491;RAISMES;0596113Z;public;79.0;120.3;102.9;105.5;118.2;93.2;98.2;119.4;94.4;100.2;50128.0;Ecole élémentaire Irène Joliot-Curie;Raismes;059;59491;Nord;Lille;50.391689036960685,3.485389559855254
2023-2024;9;HAUTS-DE-FRANCE;9;LILLE;59;NORD;59656;WERVICQ SUD;0596118E;privé sous contrat;117.8;120.3;102.9;105.5;118.2;93.2;98.2;119.4;94.4;100.2;50133.0;Ecole primaire privée Saint Joseph;Wervicq-Sud;059;59656;Nord;Lille;50.77267802446471,3.0441401265737205
2023-2024;9;HAUTS-DE-FRANCE;9;LILLE;59;NORD;59122;CAMBRAI;0596401M;public;78.1;120.3;102.9;105.5;118.2;93.2;98.2;119.4;94.4;100.2;50169.0;Ecole primaire La Fontaine;Cambrai;059;59122;Nord;Lille;50.17047583217221,3.2304502077297905
2023-2024;9;HAUTS-DE-FRANCE;9;LILLE;59;NORD;59016;ARMBOUTS CAPPEL;0596520S;public;106.4;120.3;102.9;105.5;118.2;93.2;98.2;119.4;94.4;100.2;50209.0;Ecole primaire Michel Verièpe - Jules Ferry;Armbouts-Cappel;059;59016;Nord;Lille;50.97854336001889,2.352529288603783
2023-2024;9;HAUTS-DE-FRANCE;9;LILLE;59;NORD;59512;ROUBAIX;0596541P;public;64.0;120.3;102.9;105.5;118.2;93.2;98.2;119.4;94.4;100.2;50221.0;Ecole primaire publique Buffon;Roubaix;059;59512;Nord;Lille;50.699699142700176,3.180070531878246
2023-2024;9;HAUTS-DE-FRANCE;9;LILLE;59;NORD;59544;SAINT SAULVE;0596633P;public;92.6;120.3;102.9;105.5;118.2;93.2;98.2;119.4;94.4;100.2;50238.0;Ecole primaire publique Les Beaux Monts;Saint-Saulve;059;59544;Nord;Lille;50.36575581437191,3.5516906735233205
2023-2024;9;HAUTS-DE-FRANCE;9;LILLE;62;PAS-DE-CALAIS;62447;HESDIN;0620360E;public;66.1;120.3;102.9;105.5;118.2;93.2;98.2;114.7;91.2;94.5;50952.0;Ecole primaire;Hesdin-la-Forêt;062;62447;Pas-de-Calais;Lille;50.37133313686785,2.0402952726568495
2023-2024;9;HAUTS-DE-FRANCE;9;LILLE;62;PAS-DE-CALAIS;62318;ETAPLES;0620417S;public;85.2;120.3;102.9;105.5;118.2;93.2;98.2;114.7;91.2;94.5;50954.0;Ecole primaire Jean Macé;Etaples;062;62318;Pas-de-Calais;Lille;50.51762615591756,1.6359793412095396
2023-2024;9;HAUTS-DE-FRANCE;9;LILLE;62;PAS-DE-CALAIS;62041;ARRAS;0620448A;public;69.0;120.3;102.9;105.5;118.2;93.2;98.2;114.7;91.2;94.5;50957.0;Ecole élémentaire Voltaire Grands;Arras;062;62041;Pas-de-Calais;Lille;50.3020446034903,2.744030373886401
2023-2024;9;HAUTS-DE-FRANCE;9;LILLE;62;PAS-DE-CALAIS;62093;BEAULENCOURT;0620520D;public;;120.3;102.9;105.5;118.2;93.2;98.2;114.7;91.2;94.5;50970.0;Ecole élémentaire RPI 94;Beaulencourt;062;62093;Pas-de-Calais;Lille;50.07526247668251,2.879329884170204
2023-2024;9;HAUTS-DE-FRANCE;9;LILLE;62;PAS-DE-CALAIS;62689;RANSART;0620721X;public;;120.3;102.9;105.5;118.2;93.2;98.2;114.7;91.2;94.5;51019.0;Ecole élémentaire RPI 99;Ransart;062;62689;Pas-de-Calais;Lille;50.20922965117598,2.687429667342057
2023-2024;9;HAUTS-DE-FRANCE;9;LILLE;62;PAS-DE-CALAIS;62048;AUCHEL;0620817B;public;77.6;120.3;102.9;105.5;118.2;93.2;98.2;114.7;91.2;94.5;51039.0;Ecole élémentaire Edmond Michelet;Auchel;062;62048;Pas-de-Calais;Lille;50.505350239278116,2.470389440950906
2023-2024;9;HAUTS-DE-FRANCE;9;LILLE;62;PAS-DE-CALAIS;62083;BARLIN;0620971U;public;91.5;120.3;102.9;105.5;118.2;93.2;98.2;114.7;91.2;94.5;51073.0;Ecole élémentaire Jules Ferry;Barlin;062;62083;Pas-de-Calais;Lille;50.4569566579881,2.619849632868351
2023-2024;9;HAUTS-DE-FRANCE;9;LILLE;62;PAS-DE-CALAIS;62160;BOULOGNE SUR MER;0621181X;public;64.9;120.3;102.9;105.5;118.2;93.2;98.2;114.7;91.2;94.5;51131.0;Ecole élémentaire François Arago;Boulogne-sur-Mer;062;62160;Pas-de-Calais;Lille;50.73922067078127,1.6120006014994466
2023-2024;9;HAUTS-DE-FRANCE;9;LILLE;62;PAS-DE-CALAIS;62296;ENQUIN SUR BAILLONS;0621217L;public;95.9;120.3;102.9;105.5;118.2;93.2;98.2;114.7;91.2;94.5;51142.0;Ecole élémentaire des Ballons RPI 70;Enquin-sur-Baillons;062;62296;Pas-de-Calais;Lille;50.57050512473923,1.837289553401833
2023-2024;9;HAUTS-DE-FRANCE;9;LILLE;62;PAS-DE-CALAIS;62729;RUMILLY;0621227X;public;88.2;120.3;102.9;105.5;118.2;93.2;98.2;114.7;91.2;94.5;51145.0;Ecole élémentaire RPI 79;Rumilly;062;62729;Pas-de-Calais;Lille;50.57669408212981,2.0066002833352794
2023-2024;9;HAUTS-DE-FRANCE;9;LILLE;62;PAS-DE-CALAIS;62402;HALINGHEN;0621245S;public;98.2;120.3;102.9;105.5;118.2;93.2;98.2;114.7;91.2;94.5;51150.0;Ecole élémentaire RPI 102;Halinghen;062;62402;Pas-de-Calais;Lille;50.60247041562021,1.6909195754861372
2023-2024;9;HAUTS-DE-FRANCE;9;LILLE;62;PAS-DE-CALAIS;62413;HARNES;0621369B;public;92.0;120.3;102.9;105.5;118.2;93.2;98.2;114.7;91.2;94.5;51179.0;Ecole élémentaire Jean Jaurès;Harnes;062;62413;Pas-de-Calais;Lille;50.44703273774479,2.909270307299253
2023-2024;9;HAUTS-DE-FRANCE;9;LILLE;62;PAS-DE-CALAIS;62108;BERCK;0621564N;public;84.5;120.3;102.9;105.5;118.2;93.2;98.2;114.7;91.2;94.5;51223.0;Ecole élémentaire Jacques Prévert;Berck;062;62108;Pas-de-Calais;Lille;50.40585437728108,1.5703545207772132
2023-2024;9;HAUTS-DE-FRANCE;9;LILLE;62;PAS-DE-CALAIS;62309;ESQUERDES;0622337D;public;99.0;120.3;102.9;105.5;118.2;93.2;98.2;114.7;91.2;94.5;51361.0;Ecole élémentaire Pierre Brossolette;Esquerdes;062;62309;Pas-de-Calais;Lille;50.70369229174865,2.186399638868059
2023-2024;9;HAUTS-DE-FRANCE;9;LILLE;62;PAS-DE-CALAIS;62905;ZUDAUSQUES;0622551L;public;107.7;120.3;102.9;105.5;118.2;93.2;98.2;114.7;91.2;94.5;51381.0;Ecole primaire;Zudausques;062;62905;Pas-de-Calais;Lille;50.74908790839237,2.1478501560979684
2023-2024;9;HAUTS-DE-FRANCE;9;LILLE;62;PAS-DE-CALAIS;62557;MAROEUIL;0622669P;privé sous contrat;126.2;120.3;102.9;105.5;118.2;93.2;98.2;114.7;91.2;94.5;51423.0;Ecole primaire privée Sainte Bertille;Maroeuil;062;62557;Pas-de-Calais;Lille;50.324680624732075,2.702650389025298
2023-2024;9;HAUTS-DE-FRANCE;9;LILLE;62;PAS-DE-CALAIS;62557;MAROEUIL;0622976Y;public;114.3;120.3;102.9;105.5;118.2;93.2;98.2;114.7;91.2;94.5;51524.0;Ecole primaire Françoise Dolto;Maroeuil;062;62557;Pas-de-Calais;Lille;50.323955047968255,2.705589922302305
2023-2024;9;HAUTS-DE-FRANCE;9;LILLE;62;PAS-DE-CALAIS;62764;SAINT NICOLAS;0622984G;public;82.9;120.3;102.9;105.5;118.2;93.2;98.2;114.7;91.2;94.5;51528.0;Ecole primaire Henri Grenier;Saint-Nicolas;062;62764;Pas-de-Calais;Lille;50.30704212090676,2.78859962329311
2023-2024;9;HAUTS-DE-FRANCE;9;LILLE;59;NORD;59183;DUNKERQUE;0593530S;public;95.8;120.3;102.9;105.5;118.2;93.2;98.2;119.4;94.4;100.2;49532.0;Ecole élémentaire Neptune;Dunkerque;059;59183;Nord;Lille;51.0430361417617,2.3797162971030468
2023-2024;9;HAUTS-DE-FRANCE;9;LILLE;59;NORD;59385;MARPENT;0593545H;public;81.0;120.3;102.9;105.5;118.2;93.2;98.2;119.4;94.4;100.2;49545.0;Ecole primaire Maurice Fostier;Marpent;059;59385;Nord;Lille;50.293187962402676,4.080569924284184
2023-2024;9;HAUTS-DE-FRANCE;9;LILLE;59;NORD;59178;DOUAI;0593688N;public;67.4;120.3;102.9;105.5;118.2;93.2;98.2;119.4;94.4;100.2;49589.0;Ecole élémentaire Robert Mohen;Douai;059;59178;Nord;Lille;50.36085345269844,3.0739596164003316
2023-2024;9;HAUTS-DE-FRANCE;9;LILLE;59;NORD;59146;CHERENG;0593708K;privé sous contrat;137.3;120.3;102.9;105.5;118.2;93.2;98.2;119.4;94.4;100.2;49601.0;Ecole primaire privée Sainte Marie;Chéreng;059;59146;Nord;Lille;50.612019286290334,3.207839806745832
2023-2024;9;HAUTS-DE-FRANCE;9;LILLE;59;NORD;59168;CYSOING;0593724C;privé sous contrat;137.2;120.3;102.9;105.5;118.2;93.2;98.2;119.4;94.4;100.2;49610.0;Ecole primaire privée Saint Joseph;Cysoing;059;59168;Nord;Lille;50.569210157071524,3.215670253613012
2023-2024;9;HAUTS-DE-FRANCE;9;LILLE;59;NORD;59067;BERGUES;0593773F;privé sous contrat;121.2;120.3;102.9;105.5;118.2;93.2;98.2;119.4;94.4;100.2;49628.0;Ecole primaire privée Sainte Thérèse;Bergues;059;59067;Nord;Lille;50.97023779954485,2.4288606586321673
2023-2024;9;HAUTS-DE-FRANCE;9;LILLE;59;NORD;59299;HEM;0593810W;privé sous contrat;130.9;120.3;102.9;105.5;118.2;93.2;98.2;119.4;94.4;100.2;49645.0;Ecole primaire privée Sainte Thérèse;Hem;059;59299;Nord;Lille;50.66327175339676,3.1865799639562877
2023-2024;9;HAUTS-DE-FRANCE;9;LILLE;59;NORD;59328;LAMBERSART;0593819F;privé sous contrat;129.2;120.3;102.9;105.5;118.2;93.2;98.2;119.4;94.4;100.2;49650.0;Ecole primaire privée Sainte Odile;Lambersart;059;59328;Nord;Lille;50.637510710773505,3.027070382794614
2023-2024;9;HAUTS-DE-FRANCE;9;LILLE;59;NORD;59275;GRUSON;0594025E;privé sous contrat;128.4;120.3;102.9;105.5;118.2;93.2;98.2;119.4;94.4;100.2;49730.0;Ecole primaire privée Notre-Dame de La Visitation;Gruson;059;59275;Nord;Lille;50.59683888266597,3.206059615537879
2023-2024;9;HAUTS-DE-FRANCE;9;LILLE;59;NORD;59421;MOUVAUX;0594045B;privé sous contrat;134.0;120.3;102.9;105.5;118.2;93.2;98.2;119.4;94.4;100.2;49742.0;Ecole primaire privée Sacré-Coeur-Saint Paul;Mouvaux;059;59421;Nord;Lille;50.70334998334158,3.147719808916699
2023-2024;9;HAUTS-DE-FRANCE;9;LILLE;59;NORD;59471;PRESEAU;0594052J;privé sous contrat;117.7;120.3;102.9;105.5;118.2;93.2;98.2;119.4;94.4;100.2;49747.0;Ecole primaire privée Sainte Thérèse de L'Enfant-Jésus;Préseau;059;59471;Nord;Lille;50.30746648845037,3.573629546039782
2023-2024;9;HAUTS-DE-FRANCE;9;LILLE;59;NORD;59481;LE QUESNOY;0594054L;privé sous contrat;128.1;120.3;102.9;105.5;118.2;93.2;98.2;119.4;94.4;100.2;49749.0;Ecole primaire privée Sainte Thérèse de L'Enfant-Jésus;Le Quesnoy;059;59481;Nord;Lille;50.24770490177619,3.632800154104245
2023-2024;9;HAUTS-DE-FRANCE;9;LILLE;59;NORD;59599;TOURCOING;0594104R;privé sous contrat;94.0;120.3;102.9;105.5;118.2;93.2;98.2;119.4;94.4;100.2;49769.0;Ecole primaire privée Saint Christophe;Tourcoing;059;59599;Nord;Lille;50.72225130340233,3.1674606587114784
2023-2024;9;HAUTS-DE-FRANCE;9;LILLE;59;NORD;59624;VILLERS OUTREAUX;0594127R;privé sous contrat;104.1;120.3;102.9;105.5;118.2;93.2;98.2;119.4;94.4;100.2;49781.0;Ecole primaire privée Saint Joseph;Villers-Outréaux;059;59624;Nord;Lille;50.031010331541495,3.2992201388454943
2023-2024;9;HAUTS-DE-FRANCE;9;LILLE;59;NORD;59207;ESCAUTPONT;0594187F;public;70.1;120.3;102.9;105.5;118.2;93.2;98.2;119.4;94.4;100.2;49804.0;Ecole élémentaire Brunehaut;Escautpont;059;59207;Nord;Lille;50.41458962129092,3.560069950534956
2023-2024;9;HAUTS-DE-FRANCE;9;LILLE;59;NORD;59616;VIEUX CONDE;0594222U;public;75.6;120.3;102.9;105.5;118.2;93.2;98.2;119.4;94.4;100.2;49830.0;Ecole élémentaire Marcel Caby;Vieux-Condé;059;59616;Nord;Lille;50.46202998835782,3.569230281079524
2023-2024;9;HAUTS-DE-FRANCE;9;LILLE;59;NORD;59183;DUNKERQUE;0594471P;public;104.6;120.3;102.9;105.5;118.2;93.2;98.2;119.4;94.4;100.2;49872.0;Ecole élémentaire Kleber;Dunkerque;059;59183;Nord;Lille;51.05135681098798,2.4056793890219317
2023-2024;9;HAUTS-DE-FRANCE;9;LILLE;59;NORD;59392;MAUBEUGE;0594561M;public;67.7;120.3;102.9;105.5;118.2;93.2;98.2;119.4;94.4;100.2;49899.0;Ecole primaire Epinette 1-Pierre Corneille;Maubeuge;059;59392;Nord;Lille;50.289509805892955,3.9583597429225788
2023-2024;9;HAUTS-DE-FRANCE;9;LILLE;59;NORD;59137;CATILLON SUR SAMBRE;0594588S;public;88.7;120.3;102.9;105.5;118.2;93.2;98.2;119.4;94.4;100.2;49910.0;Ecole primaire Albert Goris;Catillon-sur-Sambre;059;59137;Nord;Lille;50.07301722397221,3.643850104723314
2023-2024;9;HAUTS-DE-FRANCE;9;LILLE;59;NORD;59390;MASNY;0594708X;public;93.2;120.3;102.9;105.5;118.2;93.2;98.2;119.4;94.4;100.2;49951.0;Ecole primaire Robert-Perrault;Masny;059;59390;Nord;Lille;50.34487519902314,3.2035798187470177
2023-2024;9;HAUTS-DE-FRANCE;9;LILLE;59;NORD;59632;WALLERS;0594787H;public;98.5;120.3;102.9;105.5;118.2;93.2;98.2;119.4;94.4;100.2;49962.0;Ecole élémentaire du Centre;Wallers;059;59632;Nord;Lille;50.37536536090423,3.3920402252819537
2023-2024;9;HAUTS-DE-FRANCE;9;LILLE;59;NORD;59041;BACHANT;0594908P;public;89.6;120.3;102.9;105.5;118.2;93.2;98.2;119.4;94.4;100.2;49975.0;Ecole élémentaire Anne Godeau;Bachant;059;59041;Nord;Lille;50.21191204158255,3.863480480204272
2023-2024;9;HAUTS-DE-FRANCE;9;LILLE;59;NORD;59286;HAUBOURDIN;0594930N;public;102.0;120.3;102.9;105.5;118.2;93.2;98.2;119.4;94.4;100.2;49983.0;Ecole élémentaire Louis Cordonnier;Haubourdin;059;59286;Nord;Lille;50.61329692560199,2.9917401992710855
2023-2024;9;HAUTS-DE-FRANCE;9;LILLE;59;NORD;59455;PAILLENCOURT;0594957T;public;106.1;120.3;102.9;105.5;118.2;93.2;98.2;119.4;94.4;100.2;49995.0;Ecole primaire;Paillencourt;059;59455;Nord;Lille;50.2461774013758,3.278169833540444
2023-2024;9;HAUTS-DE-FRANCE;9;LILLE;59;NORD;59512;ROUBAIX;0594965B;public;70.2;120.3;102.9;105.5;118.2;93.2;98.2;119.4;94.4;100.2;50000.0;Ecole primaire Léon Gambetta;Roubaix;059;59512;Nord;Lille;50.692993896584916,3.1857496494575934
2023-2024;9;HAUTS-DE-FRANCE;9;LILLE;59;NORD;59165;CUINCY;0590362Y;public;108.2;120.3;102.9;105.5;118.2;93.2;98.2;119.4;94.4;100.2;49008.0;Ecole élémentaire Joliot-Curie;Cuincy;059;59165;Nord;Lille;50.38172467361155,3.0438796780787536
2023-2024;9;HAUTS-DE-FRANCE;9;LILLE;59;NORD;59023;AUBENCHEUL AU BAC;0590531G;public;104.6;120.3;102.9;105.5;118.2;93.2;98.2;119.4;94.4;100.2;49038.0;Ecole élémentaire Henri Matisse RPI 23;Aubencheul-au-Bac;059;59023;Nord;Lille;50.25709625160893,3.15854047419612
2023-2024;9;HAUTS-DE-FRANCE;9;LILLE;59;NORD;59104;BOUSSOIS;0590705W;public;81.1;120.3;102.9;105.5;118.2;93.2;98.2;119.4;94.4;100.2;49077.0;Ecole élémentaire Ernest Carlin;Boussois;059;59104;Nord;Lille;50.29109018949991,4.037109771227574
2023-2024;9;HAUTS-DE-FRANCE;9;LILLE;59;NORD;59143;LA CHAPELLE D ARMENTIERES;0590832J;public;120.7;120.3;102.9;105.5;118.2;93.2;98.2;119.4;94.4;100.2;49108.0;Ecole primaire Wez Macquart;La Chapelle-d'Armentières;059;59143;Nord;Lille;50.659407646707436,2.9267497406143845
2023-2024;9;HAUTS-DE-FRANCE;9;LILLE;59;NORD;59291;HAUTMONT;0591347U;public;70.4;120.3;102.9;105.5;118.2;93.2;98.2;119.4;94.4;100.2;49211.0;Ecole primaire Victor Hugo;Hautmont;059;59291;Nord;Lille;50.25694181858534,3.9069205127848576
2023-2024;9;HAUTS-DE-FRANCE;9;LILLE;59;NORD;59512;ROUBAIX;0592072G;public;65.3;120.3;102.9;105.5;118.2;93.2;98.2;119.4;94.4;100.2;49355.0;Ecole primaire Condorcet;Roubaix;059;59512;Nord;Lille;50.68919961384588,3.1587502672660275
2023-2024;9;HAUTS-DE-FRANCE;9;LILLE;59;NORD;59514;ROUSIES;0592114C;public;103.8;120.3;102.9;105.5;118.2;93.2;98.2;119.4;94.4;100.2;49370.0;Ecole primaire Pasteur;Rousies;059;59514;Nord;Lille;50.26756605142716,3.9790005279168215
2023-2024;9;HAUTS-DE-FRANCE;9;LILLE;59;NORD;59543;SAINT REMY DU NORD;0592196S;public;92.2;120.3;102.9;105.5;118.2;93.2;98.2;119.4;94.4;100.2;49392.0;Ecole primaire du Mal Battuth;Saint-Remy-du-Nord;059;59543;Nord;Lille;50.22884099226802,3.9029302791804623
2023-2024;9;HAUTS-DE-FRANCE;9;LILLE;59;NORD;59579;STEENE;0592287R;public;108.5;120.3;102.9;105.5;118.2;93.2;98.2;119.4;94.4;100.2;49410.0;Ecole primaire Emile Zola;Steene;059;59579;Nord;Lille;50.96476579313575,2.347570345862703
2023-2024;9;HAUTS-DE-FRANCE;9;LILLE;59;NORD;59579;STEENE;0592288S;public;96.6;120.3;102.9;105.5;118.2;93.2;98.2;119.4;94.4;100.2;49411.0;Ecole primaire Pierre Dewaele;Steene;059;59579;Nord;Lille;50.95140713010229,2.3700603969721112
2023-2024;9;HAUTS-DE-FRANCE;9;LILLE;59;NORD;59586;TEMPLEUVE EN PEVELE;0592308N;public;122.7;120.3;102.9;105.5;118.2;93.2;98.2;119.4;94.4;100.2;49416.0;Groupe scolaire Marie Navart;Templeuve-en-Pévèle;059;59586;Nord;Lille;50.53103744500537,3.171682582508951
2023-2024;9;HAUTS-DE-FRANCE;9;LILLE;59;NORD;59650;WATTRELOS;0592509G;public;92.3;120.3;102.9;105.5;118.2;93.2;98.2;119.4;94.4;100.2;49467.0;Ecole primaire Lavoisier;Wattrelos;059;59650;Nord;Lille;50.70043941225609,3.2039193804829504
2023-2024;9;HAUTS-DE-FRANCE;9;LILLE;59;NORD;59560;SECLIN;0592642B;public;95.6;120.3;102.9;105.5;118.2;93.2;98.2;119.4;94.4;100.2;49490.0;Ecole élémentaire Paul Durot;Seclin;059;59560;Nord;Lille;50.547516082405764,3.0421197725587947
2023-2024;9;HAUTS-DE-FRANCE;9;LILLE;59;NORD;59606;VALENCIENNES;0592679S;public;116.6;120.3;102.9;105.5;118.2;93.2;98.2;119.4;94.4;100.2;49496.0;Ecole élémentaire Jehan Froissart;Valenciennes;059;59606;Nord;Lille;50.36026145509145,3.5278393619920507
2023-2024;9;HAUTS-DE-FRANCE;9;LILLE;62;PAS-DE-CALAIS;62427;HENIN BEAUMONT;0621293U;public;83.2;120.3;102.9;105.5;118.2;93.2;98.2;114.7;91.2;94.5;51165.0;Ecole élémentaire Guy Mollet;Hénin-Beaumont;062;62427;Pas-de-Calais;Lille;50.424022594945995,2.940640465623979
2023-2024;9;HAUTS-DE-FRANCE;9;LILLE;62;PAS-DE-CALAIS;62587;MONTIGNY EN GOHELLE;0621304F;public;90.4;120.3;102.9;105.5;118.2;93.2;98.2;114.7;91.2;94.5;51167.0;Ecole élémentaire Danièle Casanova;Montigny-en-Gohelle;062;62587;Pas-de-Calais;Lille;50.42572077436309,2.9282906245621314
2023-2024;9;HAUTS-DE-FRANCE;9;LILLE;62;PAS-DE-CALAIS;62369;GAVRELLE;0621423K;public;119.7;120.3;102.9;105.5;118.2;93.2;98.2;114.7;91.2;94.5;51194.0;Ecole élémentaire RPI 76;Gavrelle;062;62369;Pas-de-Calais;Lille;50.3301594260104,2.883889976128515
2023-2024;9;HAUTS-DE-FRANCE;9;LILLE;62;PAS-DE-CALAIS;62811;THEROUANNE;0621720H;public;103.2;120.3;102.9;105.5;118.2;93.2;98.2;114.7;91.2;94.5;51263.0;Groupe scolaire de La Morinie - Regroupement Pédagogique Intercommunal Concentré (RPC) de SAINT-AUGUSTIN;Saint-Augustin;062;62691;Pas-de-Calais;Lille;50.63501015690877,2.261599942054211
2023-2024;9;HAUTS-DE-FRANCE;9;LILLE;62;PAS-DE-CALAIS;62681;QUIESTEDE;0621727R;public;110.7;120.3;102.9;105.5;118.2;93.2;98.2;114.7;91.2;94.5;51265.0;Ecole primaire;Quiestède;062;62681;Pas-de-Calais;Lille;50.679100610243815,2.3180399279941812
2023-2024;9;HAUTS-DE-FRANCE;9;LILLE;62;PAS-DE-CALAIS;62900;WITTERNESSE;0621894X;public;98.3;120.3;102.9;105.5;118.2;93.2;98.2;114.7;91.2;94.5;51309.0;Ecole élémentaire Sully RPI 126;Witternesse;062;62900;Pas-de-Calais;Lille;50.61044388971188,2.3616705407615153
2023-2024;9;HAUTS-DE-FRANCE;9;LILLE;62;PAS-DE-CALAIS;62616;NOEUX LES AUXI;0621949G;public;94.7;120.3;102.9;105.5;118.2;93.2;98.2;114.7;91.2;94.5;51323.0;Ecole élémentaire RPI 148;Noeux-lès-Auxi;062;62616;Pas-de-Calais;Lille;50.23509920841697,2.1751402201886445
2023-2024;9;HAUTS-DE-FRANCE;9;LILLE;62;PAS-DE-CALAIS;62041;ARRAS;0622446X;public;96.1;120.3;102.9;105.5;118.2;93.2;98.2;114.7;91.2;94.5;51367.0;Ecole primaire Thomas Pesquet;Arras;062;62041;Pas-de-Calais;Lille;50.29398519508631,2.7308597970730366
2023-2024;9;HAUTS-DE-FRANCE;9;LILLE;62;PAS-DE-CALAIS;62065;AVION;0622447Y;public;92.0;120.3;102.9;105.5;118.2;93.2;98.2;114.7;91.2;94.5;51368.0;Ecole primaire Marcel Cachin;Avion;062;62065;Pas-de-Calais;Lille;50.41330679786761,2.8123200820072656
2023-2024;9;HAUTS-DE-FRANCE;9;LILLE;62;PAS-DE-CALAIS;62423;HELFAUT;0622468W;public;99.1;120.3;102.9;105.5;118.2;93.2;98.2;114.7;91.2;94.5;51375.0;Ecole primaire Dolto - Kergomard;Helfaut;062;62423;Pas-de-Calais;Lille;50.697008250309686,2.2433296308342245
2023-2024;9;HAUTS-DE-FRANCE;9;LILLE;62;PAS-DE-CALAIS;62489;LAPUGNOY;0622640H;privé sous contrat;109.4;120.3;102.9;105.5;118.2;93.2;98.2;114.7;91.2;94.5;51410.0;Ecole primaire privée Notre-Dame;Lapugnoy;062;62489;Pas-de-Calais;Lille;50.51623740586258,2.5402999630523575
2023-2024;9;HAUTS-DE-FRANCE;9;LILLE;62;PAS-DE-CALAIS;62637;OIGNIES;0622677Y;privé sous contrat;118.1;120.3;102.9;105.5;118.2;93.2;98.2;114.7;91.2;94.5;51429.0;Ecole primaire privée Sainte Henriette;Oignies;062;62637;Pas-de-Calais;Lille;50.46922535392048,2.9934304607554196
2023-2024;9;HAUTS-DE-FRANCE;9;LILLE;62;PAS-DE-CALAIS;62041;ARRAS;0622711K;privé sous contrat;133.1;120.3;102.9;105.5;118.2;93.2;98.2;114.7;91.2;94.5;51447.0;Ecole primaire privée Saint Joseph;Arras;062;62041;Pas-de-Calais;Lille;50.290507208237784,2.770540468546942
2023-2024;9;HAUTS-DE-FRANCE;9;LILLE;62;PAS-DE-CALAIS;62276;DOUVRIN;0622748A;privé sous contrat;113.8;120.3;102.9;105.5;118.2;93.2;98.2;114.7;91.2;94.5;51473.0;Ecole primaire privée Sainte Florine;Douvrin;062;62276;Pas-de-Calais;Lille;50.508431267402024,2.832410236712044
2023-2024;9;HAUTS-DE-FRANCE;9;LILLE;62;PAS-DE-CALAIS;62119;BETHUNE;0622818B;public;76.2;120.3;102.9;105.5;118.2;93.2;98.2;114.7;91.2;94.5;51482.0;Ecole élémentaire Louis Pasteur;Béthune;062;62119;Pas-de-Calais;Lille;50.537625160886726,2.6377703260199645
2023-2024;9;HAUTS-DE-FRANCE;9;LILLE;62;PAS-DE-CALAIS;62318;ETAPLES;0623151N;public;75.7;120.3;102.9;105.5;118.2;93.2;98.2;114.7;91.2;94.5;51560.0;Ecole primaire Rombly;Etaples;062;62318;Pas-de-Calais;Lille;50.5214248073676,1.6500294040631542
2023-2024;9;HAUTS-DE-FRANCE;9;LILLE;59;NORD;59202;ERQUINGHEM LYS;0590322E;public;103.2;120.3;102.9;105.5;118.2;93.2;98.2;119.4;94.4;100.2;49003.0;Ecole élémentaire des enfants d'Ercan;Erquinghem-Lys;059;59202;Nord;Lille;50.678712192868446,2.8477400749448125
2023-2024;9;HAUTS-DE-FRANCE;9;LILLE;59;NORD;59014;ANZIN;0590488K;public;83.8;120.3;102.9;105.5;118.2;93.2;98.2;119.4;94.4;100.2;49033.0;Ecole élémentaire Simone Veil;Anzin;059;59014;Nord;Lille;50.37434672787134,3.5051236578089253
2023-2024;9;HAUTS-DE-FRANCE;9;LILLE;59;NORD;59018;ARNEKE;0590522X;public;104.1;120.3;102.9;105.5;118.2;93.2;98.2;119.4;94.4;100.2;49037.0;Ecole primaire;Arnèke;059;59018;Nord;Lille;50.8321148715724,2.4129096478052703
2023-2024;9;HAUTS-DE-FRANCE;9;LILLE;59;NORD;59094;BOURBOURG;0590689D;public;80.6;120.3;102.9;105.5;118.2;93.2;98.2;119.4;94.4;100.2;49071.0;Ecole primaire Lamartine;Bourbourg;059;59094;Nord;Lille;50.951892451049495,2.1982301217132587
2023-2024;9;HAUTS-DE-FRANCE;9;LILLE;59;NORD;59097;BOURSIES;0590692G;public;88.6;120.3;102.9;105.5;118.2;93.2;98.2;119.4;94.4;100.2;49072.0;Ecole élémentaire niveau 2 RPI 2;Boursies;059;59097;Nord;Lille;50.14038460009022,3.035419692526845
2023-2024;9;HAUTS-DE-FRANCE;9;LILLE;59;NORD;59105;BOUVIGNIES;0590706X;public;122.5;120.3;102.9;105.5;118.2;93.2;98.2;119.4;94.4;100.2;49078.0;Ecole primaire Pigeon Vole;Bouvignies;059;59105;Nord;Lille;50.43377560991546,3.246309337512229
2023-2024;9;HAUTS-DE-FRANCE;9;LILLE;59;NORD;59177;DOMPIERRE SUR HELPE;0590930R;public;87.7;120.3;102.9;105.5;118.2;93.2;98.2;119.4;94.4;100.2;49132.0;Ecole primaire Les Boutons d'Or;Dompierre-sur-Helpe;059;59177;Nord;Lille;50.14400021922354,3.8654104907175677
2023-2024;9;HAUTS-DE-FRANCE;9;LILLE;59;NORD;59009;VILLENEUVE D ASCQ;0591180M;public;128.7;120.3;102.9;105.5;118.2;93.2;98.2;119.4;94.4;100.2;49174.0;Ecole élémentaire Jean Jaurès;Villeneuve-d'Ascq;059;59009;Nord;Lille;50.66893973996409,3.145552682002387
2023-2024;9;HAUTS-DE-FRANCE;9;LILLE;59;NORD;59247;FOREST SUR MARQUE;0591209U;public;123.6;120.3;102.9;105.5;118.2;93.2;98.2;119.4;94.4;100.2;49177.0;Ecole primaire Georges Brassens;Forest-sur-Marque;059;59247;Nord;Lille;50.63391316096185,3.1906095487109094
2023-2024;9;HAUTS-DE-FRANCE;9;LILLE;59;NORD;59257;FROMELLES;0591243F;public;119.3;120.3;102.9;105.5;118.2;93.2;98.2;119.4;94.4;100.2;49191.0;Ecole primaire des Cobbers;Fromelles;059;59257;Nord;Lille;50.606150387437864,2.8534798188759347
2023-2024;9;HAUTS-DE-FRANCE;9;LILLE;59;NORD;59320;ILLIES;0591451G;public;109.4;120.3;102.9;105.5;118.2;93.2;98.2;119.4;94.4;100.2;49228.0;Ecole primaire Jean Monnet;Illies;059;59320;Nord;Lille;50.56082341109622,2.831639661746806
2023-2024;9;HAUTS-DE-FRANCE;9;LILLE;59;NORD;59350;LILLE;0591563D;public;96.4;120.3;102.9;105.5;118.2;93.2;98.2;119.4;94.4;100.2;49245.0;Ecole primaire Madame de Maintenon;Lille;059;59350;Nord;Lille;50.633612039651375,3.043720150809456
2023-2024;9;HAUTS-DE-FRANCE;9;LILLE;59;NORD;59368;LA MADELEINE;0591718X;public;134.9;120.3;102.9;105.5;118.2;93.2;98.2;119.4;94.4;100.2;49278.0;Ecole élémentaire Louise de Bettignies;La Madeleine;059;59368;Nord;Lille;50.65207698541467,3.0729403087035236
2023-2024;9;HAUTS-DE-FRANCE;9;LILLE;59;NORD;59388;MARQUILLIES;0591873R;public;115.2;120.3;102.9;105.5;118.2;93.2;98.2;119.4;94.4;100.2;49298.0;Ecole primaire Jacques Prévert;Marquillies;059;59388;Nord;Lille;50.55732631342619,2.8667799233106623
2023-2024;9;HAUTS-DE-FRANCE;9;LILLE;59;NORD;59538;SAINT MOMELIN;0592176V;public;96.9;120.3;102.9;105.5;118.2;93.2;98.2;119.4;94.4;100.2;49388.0;Ecole primaire;Saint-Momelin;059;59538;Nord;Lille;50.79369207264301,2.2496397585934402
2023-2024;9;HAUTS-DE-FRANCE;9;LILLE;59;NORD;59597;TILLOY LEZ CAMBRAI;0592328K;public;;120.3;102.9;105.5;118.2;93.2;98.2;119.4;94.4;100.2;49425.0;Ecole primaire;Tilloy-lez-Cambrai;059;59597;Nord;Lille;50.19612194624833,3.220040240266173
2023-2024;9;HAUTS-DE-FRANCE;9;LILLE;59;NORD;59633;WALLERS EN FAGNE;0592491M;public;;120.3;102.9;105.5;118.2;93.2;98.2;119.4;94.4;100.2;49460.0;Ecole primaire des cigognes noires;Wallers-en-Fagne;059;59633;Nord;Lille;50.06404140796026,4.176240199891711
2023-2024;9;HAUTS-DE-FRANCE;9;LILLE;59;NORD;59082;BIERNE;0593523J;public;103.8;120.3;102.9;105.5;118.2;93.2;98.2;119.4;94.4;100.2;49526.0;Ecole primaire Joseph Leprêtre;Bierne;059;59082;Nord;Lille;50.96407390289232,2.410549307579455
2023-2024;9;HAUTS-DE-FRANCE;9;LILLE;59;NORD;59350;LILLE;0593567G;public;75.0;120.3;102.9;105.5;118.2;93.2;98.2;119.4;94.4;100.2;49560.0;Ecole primaire Arago - Jacquart;Lille;059;59350;Nord;Lille;50.62167161670277,3.0608796382583474
2023-2024;9;HAUTS-DE-FRANCE;9;LILLE;59;NORD;59205;ESCAUDAIN;0593634E;public;74.4;120.3;102.9;105.5;118.2;93.2;98.2;119.4;94.4;100.2;49577.0;Ecole élémentaire Roger Salengro;Escaudain;059;59205;Nord;Lille;50.32701827629599,3.3573401871682957
2023-2024;9;HAUTS-DE-FRANCE;9;LILLE;59;NORD;59090;BONDUES;0593781P;privé sous contrat;142.2;120.3;102.9;105.5;118.2;93.2;98.2;119.4;94.4;100.2;49633.0;Ecole primaire privée Saint Joseph;Bondues;059;59090;Nord;Lille;50.701574604874224,3.0971401564581207
2023-2024;9;HAUTS-DE-FRANCE;9;LILLE;59;NORD;59253;FRESNES SUR ESCAUT;0593799J;privé sous contrat;97.7;120.3;102.9;105.5;118.2;93.2;98.2;119.4;94.4;100.2;49640.0;Ecole primaire privée Sacré-Coeur;Fresnes-sur-Escaut;059;59253;Nord;Lille;50.43423610964094,3.5772695360929427
2023-2024;9;HAUTS-DE-FRANCE;9;LILLE;59;NORD;59183;DUNKERQUE;0594002E;privé sous contrat;129.1;120.3;102.9;105.5;118.2;93.2;98.2;119.4;94.4;100.2;49722.0;Ecole primaire privée Sainte Claire d'Assise;Dunkerque;059;59183;Nord;Lille;51.047780360786824,2.398599387082953
2023-2024;9;HAUTS-DE-FRANCE;9;LILLE;59;NORD;59421;MOUVAUX;0594044A;privé sous contrat;118.2;120.3;102.9;105.5;118.2;93.2;98.2;119.4;94.4;100.2;49741.0;Ecole primaire privée Saint François;Mouvaux;059;59421;Nord;Lille;50.71595346896034,3.139490113219505
2023-2024;9;HAUTS-DE-FRANCE;9;LILLE;59;NORD;59533;SAINT HILAIRE LEZ CAMBRAI;0594607M;public;94.8;120.3;102.9;105.5;118.2;93.2;98.2;119.4;94.4;100.2;49924.0;Ecole élémentaire Joliot-Curie;Saint-Hilaire-lez-Cambrai;059;59533;Nord;Lille;50.18487310357495,3.4129093742008134
2023-2024;9;HAUTS-DE-FRANCE;9;LILLE;59;NORD;59273;GRAVELINES;0594690C;public;101.0;120.3;102.9;105.5;118.2;93.2;98.2;119.4;94.4;100.2;49940.0;Ecole élémentaire Anatole France-Les Huttes;Gravelines;059;59273;Nord;Lille;50.99513492927315,2.1424406855156946
2023-2024;9;HAUTS-DE-FRANCE;9;LILLE;59;NORD;59378;MARCQ EN BAROEUL;0594705U;public;131.8;120.3;102.9;105.5;118.2;93.2;98.2;119.4;94.4;100.2;49949.0;Ecole élémentaire Marcel Pagnol;Marcq-en-Baroeul;059;59378;Nord;Lille;50.681532850397375,3.0964135083686672
2023-2024;9;HAUTS-DE-FRANCE;9;LILLE;59;NORD;59544;SAINT SAULVE;0594725R;public;88.4;120.3;102.9;105.5;118.2;93.2;98.2;119.4;94.4;100.2;49958.0;Ecole primaire du Roleur;Saint-Saulve;059;59544;Nord;Lille;50.36460567648638,3.559880595509911
2023-2024;9;HAUTS-DE-FRANCE;9;LILLE;59;NORD;59183;DUNKERQUE;0594851C;public;77.4;120.3;102.9;105.5;118.2;93.2;98.2;119.4;94.4;100.2;49969.0;Ecole élémentaire Langevin;Dunkerque;059;59183;Nord;Lille;51.028083375614415,2.35807063117889
2023-2024;9;HAUTS-DE-FRANCE;9;LILLE;59;NORD;59426;NEUVILLE EN FERRAIN;0594859L;privé sous contrat;115.1;120.3;102.9;105.5;118.2;93.2;98.2;119.4;94.4;100.2;49971.0;Ecole primaire privée Lacordaire;Neuville-en-Ferrain;059;59426;Nord;Lille;50.74355186813749,3.1581206532085844
2023-2024;9;HAUTS-DE-FRANCE;9;LILLE;59;NORD;59011;ANNOEULLIN;0594904K;public;99.2;120.3;102.9;105.5;118.2;93.2;98.2;119.4;94.4;100.2;49973.0;Groupe scolaire Chopin - Carpentier;Annoeullin;059;59011;Nord;Lille;50.53377974227326,2.9362792081098803
2023-2024;9;HAUTS-DE-FRANCE;9;LILLE;59;NORD;59155;COUDEKERQUE BRANCHE;0594921D;public;93.3;120.3;102.9;105.5;118.2;93.2;98.2;119.4;94.4;100.2;49980.0;Ecole élémentaire Joseph Courtois;Coudekerque-Branche;059;59155;Nord;Lille;51.02109930034554,2.403069776540748
2023-2024;9;HAUTS-DE-FRANCE;9;LILLE;62;PAS-DE-CALAIS;62718;ROEUX;0623215H;public;101.9;120.3;102.9;105.5;118.2;93.2;98.2;114.7;91.2;94.5;51568.0;Ecole primaire Jacques Prévert;Roeux;062;62718;Pas-de-Calais;Lille;50.295206445692436,2.897920480887647
2023-2024;9;HAUTS-DE-FRANCE;9;LILLE;62;PAS-DE-CALAIS;62270;DIVION;0623429R;public;75.5;120.3;102.9;105.5;118.2;93.2;98.2;114.7;91.2;94.5;51606.0;Ecole élémentaire Transvaal;Divion;062;62270;Pas-de-Calais;Lille;50.4681019610364,2.510070078331473
2023-2024;9;HAUTS-DE-FRANCE;9;LILLE;62;PAS-DE-CALAIS;62249;COURCELLES LES LENS;0623431T;public;79.5;120.3;102.9;105.5;118.2;93.2;98.2;114.7;91.2;94.5;51608.0;Ecole primaire Paul Sion;Courcelles-lès-Lens;062;62249;Pas-de-Calais;Lille;50.41060207162113,3.0121601075432296
2023-2024;9;HAUTS-DE-FRANCE;9;LILLE;62;PAS-DE-CALAIS;62403;HALLINES;0622910B;public;89.4;120.3;102.9;105.5;118.2;93.2;98.2;114.7;91.2;94.5;51501.0;Ecole primaire Ferry-Brel;Hallines;062;62403;Pas-de-Calais;Lille;50.70806186124662,2.2123603081957466
2023-2024;9;HAUTS-DE-FRANCE;9;LILLE;62;PAS-DE-CALAIS;62908;LA CAPELLE LES BOULOGNE;0623441D;public;117.8;120.3;102.9;105.5;118.2;93.2;98.2;114.7;91.2;94.5;51616.0;Ecole primaire des Poètes;La Capelle-lès-Boulogne;062;62908;Pas-de-Calais;Lille;50.728602737952905,1.7114806827826448
2023-2024;9;HAUTS-DE-FRANCE;9;LILLE;62;PAS-DE-CALAIS;62033;ANNAY;0623500T;public;98.0;120.3;102.9;105.5;118.2;93.2;98.2;114.7;91.2;94.5;51635.0;Ecole élémentaire Juliette Wantiez;Annay;062;62033;Pas-de-Calais;Lille;50.46209803945493,2.877830268952044
2023-2024;9;HAUTS-DE-FRANCE;9;LILLE;62;PAS-DE-CALAIS;62548;MARCK;0623950G;public;100.9;120.3;102.9;105.5;118.2;93.2;98.2;114.7;91.2;94.5;51743.0;Ecole primaire Les Hemmes;Marck;062;62548;Pas-de-Calais;Lille;50.9828358508767,1.968580430693849
2023-2024;9;HAUTS-DE-FRANCE;9;LILLE;62;PAS-DE-CALAIS;62498;LENS;0624461M;public;73.2;120.3;102.9;105.5;118.2;93.2;98.2;114.7;91.2;94.5;51802.0;Ecole primaire Thérèse Cauche;Lens;062;62498;Pas-de-Calais;Lille;50.44467846871104,2.834940258317912
2023-2024;9;HAUTS-DE-FRANCE;9;LILLE;59;NORD;59056;BEAUCAMPS LIGNY;0590619C;public;;120.3;102.9;105.5;118.2;93.2;98.2;119.4;94.4;100.2;49056.0;Ecole primaire du Tulipier;Beaucamps-Ligny;059;59056;Nord;Lille;50.604842202502816,2.915530372722037
2023-2024;9;HAUTS-DE-FRANCE;9;LILLE;59;NORD;59109;BRILLON;0590712D;public;124.9;120.3;102.9;105.5;118.2;93.2;98.2;119.4;94.4;100.2;49080.0;Ecole primaire des Fresnelles;Brillon;059;59109;Nord;Lille;50.43533207397216,3.3299493939377367
2023-2024;9;HAUTS-DE-FRANCE;9;LILLE;59;NORD;59121;CAGNONCLES;0590747S;public;;120.3;102.9;105.5;118.2;93.2;98.2;119.4;94.4;100.2;49089.0;Ecole primaire du bouton d'or;Cagnoncles;059;59121;Nord;Lille;50.19168334805482,3.309639440631209
2023-2024;9;HAUTS-DE-FRANCE;9;LILLE;59;NORD;59138;CATTENIERES;0590812M;public;95.0;120.3;102.9;105.5;118.2;93.2;98.2;119.4;94.4;100.2;49099.0;Ecole primaire des Chataigniers;Cattenières;059;59138;Nord;Lille;50.13205659448731,3.334830378826791
2023-2024;9;HAUTS-DE-FRANCE;9;LILLE;59;NORD;59139;CAUDRY;0590818U;public;65.9;120.3;102.9;105.5;118.2;93.2;98.2;119.4;94.4;100.2;49100.0;Ecole élémentaire Condorcet;Caudry;059;59139;Nord;Lille;50.11995645907297,3.4064003110736243
2023-2024;9;HAUTS-DE-FRANCE;9;LILLE;59;NORD;59183;DUNKERQUE;0591032B;public;93.5;120.3;102.9;105.5;118.2;93.2;98.2;119.4;94.4;100.2;49150.0;Ecole élémentaire la Meunerie;Dunkerque;059;59183;Nord;Lille;51.017058484670265,2.324000246500685
2023-2024;9;HAUTS-DE-FRANCE;9;LILLE;59;NORD;59183;DUNKERQUE;0591036F;public;90.3;120.3;102.9;105.5;118.2;93.2;98.2;119.4;94.4;100.2;49151.0;Ecole élémentaire du Torpilleur;Dunkerque;059;59183;Nord;Lille;51.02055939037534,2.3352595796914457
2023-2024;9;HAUTS-DE-FRANCE;9;LILLE;59;NORD;59463;PITGAM;0591044P;public;85.1;120.3;102.9;105.5;118.2;93.2;98.2;119.4;94.4;100.2;49152.0;Ecole primaire Desudde;Pitgam;059;59463;Nord;Lille;50.92799800442884,2.330709925279962
2023-2024;9;HAUTS-DE-FRANCE;9;LILLE;59;NORD;59469;PRADELLES;0591055B;public;;120.3;102.9;105.5;118.2;93.2;98.2;119.4;94.4;100.2;49154.0;Ecole primaire Jean-Jacques Vanoost;Pradelles;059;59469;Nord;Lille;50.73120059316719,2.605489300532781
2023-2024;9;HAUTS-DE-FRANCE;9;LILLE;59;NORD;59213;ESTOURMEL;0591115S;public;;120.3;102.9;105.5;118.2;93.2;98.2;119.4;94.4;100.2;49165.0;Ecole primaire Célestin Freinet;Estourmel;059;59213;Nord;Lille;50.148516634245816,3.3208305022700157
2023-2024;9;HAUTS-DE-FRANCE;9;LILLE;59;NORD;59253;FRESNES SUR ESCAUT;0591231T;public;76.7;120.3;102.9;105.5;118.2;93.2;98.2;119.4;94.4;100.2;49187.0;Ecole élémentaire Louis Pasteur niveau 2;Fresnes-sur-Escaut;059;59253;Nord;Lille;50.43207540560299,3.573780361596618
2023-2024;9;HAUTS-DE-FRANCE;9;LILLE;59;NORD;59271;GRANDE SYNTHE;0591277T;public;77.1;120.3;102.9;105.5;118.2;93.2;98.2;119.4;94.4;100.2;49198.0;Ecole élémentaire Jacques Prévert;Grande-Synthe;059;59271;Nord;Lille;51.01248892934132,2.2965496686338773
2023-2024;9;HAUTS-DE-FRANCE;9;LILLE;59;NORD;59338;LEDRINGHEM;0591506S;public;101.3;120.3;102.9;105.5;118.2;93.2;98.2;119.4;94.4;100.2;49235.0;Ecole primaire;Ledringhem;059;59338;Nord;Lille;50.85553036729028,2.44151041916164
2023-2024;9;HAUTS-DE-FRANCE;9;LILLE;59;NORD;59418;MORTAGNE DU NORD;0591895P;public;81.8;120.3;102.9;105.5;118.2;93.2;98.2;119.4;94.4;100.2;49304.0;Groupe scolaire des deux vallées;Mortagne-du-Nord;059;59418;Nord;Lille;50.50193869534371,3.449889490805417
2023-2024;9;HAUTS-DE-FRANCE;9;LILLE;59;NORD;59449;ORCHIES;0591963N;public;99.1;120.3;102.9;105.5;118.2;93.2;98.2;119.4;94.4;100.2;49322.0;Ecole élémentaire Jules Ferry;Orchies;059;59449;Nord;Lille;50.4711639461701,3.244230401157797
2023-2024;9;HAUTS-DE-FRANCE;9;LILLE;59;NORD;59526;SAINT AMAND LES EAUX;0592153V;public;112.5;120.3;102.9;105.5;118.2;93.2;98.2;119.4;94.4;100.2;49381.0;Ecole primaire Georges Wallers;Saint-Amand-les-Eaux;059;59526;Nord;Lille;50.43702708554573,3.451719545028672
2023-2024;9;HAUTS-DE-FRANCE;9;LILLE;59;NORD;59599;TOURCOING;0592336U;public;86.7;120.3;102.9;105.5;118.2;93.2;98.2;119.4;94.4;100.2;49426.0;Ecole primaire Pierre Brossolette;Tourcoing;059;59599;Nord;Lille;50.7309703648347,3.1350204785327236
2023-2024;9;HAUTS-DE-FRANCE;9;LILLE;59;NORD;59609;VENDEVILLE;0592432Y;public;132.6;120.3;102.9;105.5;118.2;93.2;98.2;119.4;94.4;100.2;49449.0;Groupe Scolaire Alain Decaux;Vendeville;059;59609;Nord;Lille;50.574343728303326,3.077799882521924
2023-2024;9;HAUTS-DE-FRANCE;9;LILLE;59;NORD;59666;ZEGERSCAPPEL;0592591W;public;108.3;120.3;102.9;105.5;118.2;93.2;98.2;119.4;94.4;100.2;49485.0;Ecole primaire Dominique Doncre;Zegerscappel;059;59666;Nord;Lille;50.89033242965916,2.385180246621991
2023-2024;9;HAUTS-DE-FRANCE;9;LILLE;59;NORD;59019;ARTRES;0593520F;public;102.6;120.3;102.9;105.5;118.2;93.2;98.2;119.4;94.4;100.2;49524.0;Ecole primaire La Rhonelle;Artres;059;59019;Nord;Lille;50.29399259446847,3.5425795534579003
2023-2024;9;HAUTS-DE-FRANCE;9;LILLE;59;NORD;59078;BEUGNIES;0593522H;public;97.6;120.3;102.9;105.5;118.2;93.2;98.2;119.4;94.4;100.2;49525.0;Ecole primaire;Beugnies;059;59078;Nord;Lille;50.16239587997803,4.0110396295641655
2023-2024;9;HAUTS-DE-FRANCE;9;LILLE;59;NORD;59409;MONCHECOURT;0593548L;public;;120.3;102.9;105.5;118.2;93.2;98.2;119.4;94.4;100.2;49548.0;Ecole primaire Cézanne;Monchecourt;059;59409;Nord;Lille;50.32230859458344,3.2073805160732576
2023-2024;9;HAUTS-DE-FRANCE;9;LILLE;59;NORD;59421;MOUVAUX;0593657E;public;108.5;120.3;102.9;105.5;118.2;93.2;98.2;119.4;94.4;100.2;49586.0;Ecole élémentaire Victor Hugo;Mouvaux;059;59421;Nord;Lille;50.7012528121083,3.147799821852328
2023-2024;9;HAUTS-DE-FRANCE;9;LILLE;59;NORD;59036;AVESNES SUR HELPE;0593760S;privé sous contrat;108.5;120.3;102.9;105.5;118.2;93.2;98.2;119.4;94.4;100.2;49621.0;Ecole primaire privée Jeanne d'Arc-Fénelon;Avesnes-sur-Helpe;059;59036;Nord;Lille;50.122736769728036,3.9338096549462804
2023-2024;9;HAUTS-DE-FRANCE;9;LILLE;59;NORD;59526;SAINT AMAND LES EAUX;0593840D;privé sous contrat;128.2;120.3;102.9;105.5;118.2;93.2;98.2;119.4;94.4;100.2;49658.0;Ecole primaire privée Notre-Dame des Anges;Saint-Amand-les-Eaux;059;59526;Nord;Lille;50.451989918282,3.4261197174824494
2023-2024;9;HAUTS-DE-FRANCE;9;LILLE;59;NORD;59569;SIN LE NOBLE;0593849N;privé sous contrat;107.8;120.3;102.9;105.5;118.2;93.2;98.2;119.4;94.4;100.2;49662.0;Ecole primaire privée Saint Vincent de Paul;Sin-le-Noble;059;59569;Nord;Lille;50.36240736699962,3.118010078130261
2023-2024;9;HAUTS-DE-FRANCE;9;LILLE;59;NORD;59350;LILLE;0593954C;privé sous contrat;101.7;120.3;102.9;105.5;118.2;93.2;98.2;119.4;94.4;100.2;49703.0;Ecole primaire privée Sainte Thérèse;Lille;059;59350;Nord;Lille;50.628159980870734,3.0512002439726245
2023-2024;9;HAUTS-DE-FRANCE;9;LILLE;59;NORD;59272;GRAND FORT PHILIPPE;0594022B;privé sous contrat;96.4;120.3;102.9;105.5;118.2;93.2;98.2;119.4;94.4;100.2;49728.0;Ecole primaire privée Saint Paul;Grand-Fort-Philippe;059;59272;Nord;Lille;51.00228320907811,2.1015694212671048
2023-2024;9;HAUTS-DE-FRANCE;9;LILLE;59;NORD;59512;ROUBAIX;0594075J;privé sous contrat;79.4;120.3;102.9;105.5;118.2;93.2;98.2;119.4;94.4;100.2;49758.0;Ecole primaire privée Mère Térèsa;Roubaix;059;59512;Nord;Lille;50.70418035448023,3.176380207269502
2023-2024;9;HAUTS-DE-FRANCE;9;LILLE;59;NORD;59606;VALENCIENNES;0594121J;privé sous contrat;128.5;120.3;102.9;105.5;118.2;93.2;98.2;119.4;94.4;100.2;49777.0;Ecole primaire privée Saint Jean-Baptiste de La Salle;Valenciennes;059;59606;Nord;Lille;50.3545027430148,3.5204905079378346
2023-2024;9;HAUTS-DE-FRANCE;9;LILLE;59;NORD;59632;WALLERS;0594128S;privé sous contrat;116.6;120.3;102.9;105.5;118.2;93.2;98.2;119.4;94.4;100.2;49782.0;Ecole primaire privée Saint Joseph;Wallers;059;59632;Nord;Lille;50.3739628852755,3.3875399331299887
2023-2024;9;HAUTS-DE-FRANCE;9;LILLE;59;NORD;59512;ROUBAIX;0594214K;public;71.8;120.3;102.9;105.5;118.2;93.2;98.2;119.4;94.4;100.2;49824.0;Ecole élémentaire Pierre de Ronsard niveau 2;Roubaix;059;59512;Nord;Lille;50.683371054365864,3.2016098376428266
2023-2024;9;HAUTS-DE-FRANCE;9;LILLE;59;NORD;59074;BERTRY;0594282J;public;80.6;120.3;102.9;105.5;118.2;93.2;98.2;119.4;94.4;100.2;49848.0;Ecole élémentaire Jules Leroux;Bertry;059;59074;Nord;Lille;50.089425857927864,3.440179683002859
2023-2024;9;HAUTS-DE-FRANCE;9;LILLE;59;NORD;59646;WASQUEHAL;0594323D;public;96.6;120.3;102.9;105.5;118.2;93.2;98.2;119.4;94.4;100.2;49851.0;Ecole élémentaire Charles de Gaulle;Wasquehal;059;59646;Nord;Lille;50.66165275142648,3.127800173958125
2023-2024;9;HAUTS-DE-FRANCE;9;LILLE;59;NORD;59401;METEREN;0594479Y;public;98.8;120.3;102.9;105.5;118.2;93.2;98.2;119.4;94.4;100.2;49880.0;Ecole primaire Fabre d'Eglantine;Méteren;059;59401;Nord;Lille;50.73938323624056,2.691280223147659
2023-2024;9;HAUTS-DE-FRANCE;9;LILLE;59;NORD;59168;CYSOING;0594589T;public;117.8;120.3;102.9;105.5;118.2;93.2;98.2;119.4;94.4;100.2;49911.0;Ecole élémentaire Yann Arthus-Bertrand;Cysoing;059;59168;Nord;Lille;50.570935440287634,3.215519811131128
2023-2024;9;HAUTS-DE-FRANCE;9;LILLE;59;NORD;59361;LOURCHES;0594615W;public;75.6;120.3;102.9;105.5;118.2;93.2;98.2;119.4;94.4;100.2;49928.0;Ecole élémentaire Simone Veil;Lourches;059;59361;Nord;Lille;50.31412301918416,3.359684588829911
2023-2024;9;HAUTS-DE-FRANCE;9;LILLE;59;NORD;59122;CAMBRAI;0594679R;public;71.9;120.3;102.9;105.5;118.2;93.2;98.2;119.4;94.4;100.2;49932.0;Ecole primaire André Malraux;Cambrai;059;59122;Nord;Lille;50.17567094118881,3.2260299719926318
2023-2024;9;HAUTS-DE-FRANCE;9;LILLE;59;NORD;59205;ESCAUDAIN;0594686Y;public;66.5;120.3;102.9;105.5;118.2;93.2;98.2;119.4;94.4;100.2;49937.0;Ecole primaire Schneider;Escaudain;059;59205;Nord;Lille;50.3214038117719,3.3435504269461034
2023-2024;9;HAUTS-DE-FRANCE;9;LILLE;59;NORD;59390;MASNY;0594707W;public;74.4;120.3;102.9;105.5;118.2;93.2;98.2;119.4;94.4;100.2;49950.0;Groupe scolaire du champ fleuri;Masny;059;59390;Nord;Lille;50.333335239711054,3.1880197516245756
2023-2024;9;HAUTS-DE-FRANCE;9;LILLE;59;NORD;59363;LOUVIGNIES QUESNOY;0594820U;public;120.0;120.3;102.9;105.5;118.2;93.2;98.2;119.4;94.4;100.2;49965.0;Ecole primaire;Louvignies-Quesnoy;059;59363;Nord;Lille;50.22516932083311,3.6406902043885903
2023-2024;9;HAUTS-DE-FRANCE;9;LILLE;59;NORD;59350;LILLE;0594937W;public;84.1;120.3;102.9;105.5;118.2;93.2;98.2;119.4;94.4;100.2;49987.0;Ecole élémentaire Jean Minet;Lille;059;59350;Nord;Lille;50.64990437232809,2.986120586808532
2023-2024;9;HAUTS-DE-FRANCE;9;LILLE;62;PAS-DE-CALAIS;62202;CAMPAGNE LES BOULONNAIS;0623871W;public;86.2;120.3;102.9;105.5;118.2;93.2;98.2;114.7;91.2;94.5;51722.0;Ecole primaire;Campagne-lès-Boulonnais;062;62202;Pas-de-Calais;Lille;50.61092464037412,1.9962006853143686
2023-2024;9;HAUTS-DE-FRANCE;9;LILLE;62;PAS-DE-CALAIS;62032;ANGRES;0624143S;public;95.0;120.3;102.9;105.5;118.2;93.2;98.2;114.7;91.2;94.5;51779.0;Ecole élémentaire Curie-Pasteur;Angres;062;62032;Pas-de-Calais;Lille;50.40775414889832,2.759339733401196
2023-2024;9;HAUTS-DE-FRANCE;9;LILLE;59;NORD;59005;ALLENNES LES MARAIS;0595226K;public;120.1;120.3;102.9;105.5;118.2;93.2;98.2;119.4;94.4;100.2;50045.0;Ecole primaire Le Petit Prince;Allennes-les-Marais;059;59005;Nord;Lille;50.53641978564439,2.9507901207146467
2023-2024;9;HAUTS-DE-FRANCE;9;LILLE;59;NORD;59545;SAINT SOUPLET;0595244E;public;79.4;120.3;102.9;105.5;118.2;93.2;98.2;119.4;94.4;100.2;50057.0;Ecole primaire Aimé Césaire;Saint-Souplet;059;59545;Nord;Lille;50.0554704420805,3.529149393641329
2023-2024;9;HAUTS-DE-FRANCE;9;LILLE;59;NORD;59231;FERRIERE LA PETITE;0595249K;public;89.7;120.3;102.9;105.5;118.2;93.2;98.2;119.4;94.4;100.2;50061.0;Ecole primaire Osvald Cuvelier;Ferrière-la-Petite;059;59231;Nord;Lille;50.237562998361255,4.019790136698818
2023-2024;9;HAUTS-DE-FRANCE;9;LILLE;59;NORD;59009;VILLENEUVE D ASCQ;0595319L;public;124.8;120.3;102.9;105.5;118.2;93.2;98.2;119.4;94.4;100.2;50062.0;Ecole élémentaire Jacques Prévert;Villeneuve-d'Ascq;059;59009;Nord;Lille;50.648356663070835,3.1322900945905823
2023-2024;9;HAUTS-DE-FRANCE;9;LILLE;59;NORD;59009;VILLENEUVE D ASCQ;0595507R;public;110.8;120.3;102.9;105.5;118.2;93.2;98.2;119.4;94.4;100.2;50079.0;Ecole primaire René Clair;Villeneuve-d'Ascq;059;59009;Nord;Lille;50.639208185958005,3.1571301946635644
2023-2024;9;HAUTS-DE-FRANCE;9;LILLE;59;NORD;59178;DOUAI;0596009L;public;73.3;120.3;102.9;105.5;118.2;93.2;98.2;119.4;94.4;100.2;50123.0;Ecole primaire Tilleuls-Solitude;Douai;059;59178;Nord;Lille;50.39398121084721,3.1290406902354997
2023-2024;9;HAUTS-DE-FRANCE;9;LILLE;59;NORD;59599;TOURCOING;0596306J;privé sous contrat;94.1;120.3;102.9;105.5;118.2;93.2;98.2;119.4;94.4;100.2;50154.0;Ecole primaire privée Sainte Marie;Tourcoing;059;59599;Nord;Lille;50.72990562199801,3.1794693502108777
2023-2024;9;HAUTS-DE-FRANCE;9;LILLE;59;NORD;59299;HEM;0596332M;public;70.9;120.3;102.9;105.5;118.2;93.2;98.2;119.4;94.4;100.2;50155.0;Ecole élémentaire Antoine de Saint-Exupéry;Hem;059;59299;Nord;Lille;50.66903420177066,3.200760073795158
2023-2024;9;HAUTS-DE-FRANCE;9;LILLE;59;NORD;59408;MONCHEAUX;0596434Y;public;115.3;120.3;102.9;105.5;118.2;93.2;98.2;119.4;94.4;100.2;50181.0;Ecole primaire;Moncheaux;059;59408;Nord;Lille;50.45468466906397,3.0827093084378068
2023-2024;9;HAUTS-DE-FRANCE;9;LILLE;59;NORD;59273;GRAVELINES;0596680R;public;70.8;120.3;102.9;105.5;118.2;93.2;98.2;119.4;94.4;100.2;50257.0;Groupe scolaire public Lamartine;Gravelines;059;59273;Nord;Lille;50.987136398292314,2.13073021701584
2023-2024;9;HAUTS-DE-FRANCE;9;LILLE;62;PAS-DE-CALAIS;62041;ARRAS;0620462R;public;114.3;120.3;102.9;105.5;118.2;93.2;98.2;114.7;91.2;94.5;50961.0;Ecole élémentaire d'application Paul Bert;Arras;062;62041;Pas-de-Calais;Lille;50.29322663906265,2.771880642280241
2023-2024;9;HAUTS-DE-FRANCE;9;LILLE;62;PAS-DE-CALAIS;62086;BAVINCOURT;0620477G;public;96.6;120.3;102.9;105.5;118.2;93.2;98.2;114.7;91.2;94.5;50964.0;Ecole élémentaire RPI 28;Bavincourt;062;62086;Pas-de-Calais;Lille;50.22532222975519,2.5676298346242667
2023-2024;9;HAUTS-DE-FRANCE;9;LILLE;62;PAS-DE-CALAIS;62421;HAVRINCOURT;0620550L;public;94.7;120.3;102.9;105.5;118.2;93.2;98.2;114.7;91.2;94.5;50974.0;Ecole élémentaire RPI 64;Havrincourt;062;62421;Pas-de-Calais;Lille;50.12255822819647,3.0899303654373473
2023-2024;9;HAUTS-DE-FRANCE;9;LILLE;62;PAS-DE-CALAIS;62374;GOMIECOURT;0620590E;public;96.1;120.3;102.9;105.5;118.2;93.2;98.2;114.7;91.2;94.5;50984.0;Ecole élémentaire RPI 35;Gomiécourt;062;62374;Pas-de-Calais;Lille;50.15136032974016,2.798590216853505
2023-2024;9;HAUTS-DE-FRANCE;9;LILLE;62;PAS-DE-CALAIS;62164;BOURLON;0620608Z;public;81.2;120.3;102.9;105.5;118.2;93.2;98.2;114.7;91.2;94.5;50989.0;Ecole primaire Victor Hugo;Bourlon;062;62164;Pas-de-Calais;Lille;50.17862961022762,3.115709873245903
2023-2024;9;HAUTS-DE-FRANCE;9;LILLE;62;PAS-DE-CALAIS;62646;PALLUEL;0620618K;public;87.3;120.3;102.9;105.5;118.2;93.2;98.2;114.7;91.2;94.5;50992.0;Ecole primaire Jean-François Lemaire;Palluel;062;62646;Pas-de-Calais;Lille;50.26676740850625,3.1006199325772923
2023-2024;9;HAUTS-DE-FRANCE;9;LILLE;62;PAS-DE-CALAIS;62031;ANDRES;0621027E;public;97.8;120.3;102.9;105.5;118.2;93.2;98.2;114.7;91.2;94.5;51089.0;Ecole primaire Les sources bleues;Andres;062;62031;Pas-de-Calais;Lille;50.86575478238918,1.9216999117873552
2023-2024;9;HAUTS-DE-FRANCE;9;LILLE;62;PAS-DE-CALAIS;62249;COURCELLES LES LENS;0621279D;public;84.4;120.3;102.9;105.5;118.2;93.2;98.2;114.7;91.2;94.5;51162.0;Ecole élémentaire Marcelle Cloez;Courcelles-lès-Lens;062;62249;Pas-de-Calais;Lille;50.41912264840743,3.0163506320686984
2023-2024;9;HAUTS-DE-FRANCE;9;LILLE;62;PAS-DE-CALAIS;62832;TUBERSENT;0621641X;public;;120.3;102.9;105.5;118.2;93.2;98.2;114.7;91.2;94.5;51244.0;Ecole primaire RPI 108;Tubersent;062;62832;Pas-de-Calais;Lille;50.51985086096687,1.705239570732017
2023-2024;9;HAUTS-DE-FRANCE;9;LILLE;62;PAS-DE-CALAIS;62726;RUISSEAUVILLE;0621792L;public;90.8;120.3;102.9;105.5;118.2;93.2;98.2;114.7;91.2;94.5;51283.0;Ecole primaire - Regroupement Pédagogique Intercommunal Concentré (RPC) de RUISSEAUVILLE;Ruisseauville;062;62726;Pas-de-Calais;Lille;50.480443634886576,2.1216565507881784
2023-2024;9;HAUTS-DE-FRANCE;9;LILLE;62;PAS-DE-CALAIS;62229;CLETY;0621846V;public;89.7;120.3;102.9;105.5;118.2;93.2;98.2;114.7;91.2;94.5;51292.0;Ecole élémentaire RPI 116;Cléty;062;62229;Pas-de-Calais;Lille;50.65097119064317,2.180849626734127
2023-2024;9;HAUTS-DE-FRANCE;9;LILLE;62;PAS-DE-CALAIS;62514;LIGNY SAINT FLOCHEL;0622047N;public;93.2;120.3;102.9;105.5;118.2;93.2;98.2;114.7;91.2;94.5;51342.0;Ecole élémentaire RPI 11;Ligny-Saint-Flochel;062;62514;Pas-de-Calais;Lille;50.358596626940866,2.428349663987736
2023-2024;9;HAUTS-DE-FRANCE;9;LILLE;62;PAS-DE-CALAIS;62736;SAILLY SUR LA LYS;0622582V;privé sous contrat;116.1;120.3;102.9;105.5;118.2;93.2;98.2;114.7;91.2;94.5;51384.0;Ecole primaire privée Sacré-Coeur;Sailly-sur-la-Lys;062;62736;Pas-de-Calais;Lille;50.65698845198169,2.7687498195215174
2023-2024;9;HAUTS-DE-FRANCE;9;LILLE;62;PAS-DE-CALAIS;62033;ANNAY;0623412X;public;79.1;120.3;102.9;105.5;118.2;93.2;98.2;114.7;91.2;94.5;51594.0;Groupe Scolaire Péri-Curie;Annay;062;62033;Pas-de-Calais;Lille;50.460427319512995,2.89313949063789
2023-2024;9;HAUTS-DE-FRANCE;9;LILLE;62;PAS-DE-CALAIS;62666;PONT A VENDIN;0623516K;public;91.0;120.3;102.9;105.5;118.2;93.2;98.2;114.7;91.2;94.5;51646.0;Ecole élémentaire Rimetz-Deparetère;Pont-à-Vendin;062;62666;Pas-de-Calais;Lille;50.47355598777977,2.888749862287953
2023-2024;9;HAUTS-DE-FRANCE;9;LILLE;62;PAS-DE-CALAIS;62497;LEFOREST;0623653J;public;92.6;120.3;102.9;105.5;118.2;93.2;98.2;114.7;91.2;94.5;51673.0;Ecole primaire Jean Rostand;Leforest;062;62497;Pas-de-Calais;Lille;50.43012559780448,3.0638104731526665
2023-2024;9;HAUTS-DE-FRANCE;9;LILLE;62;PAS-DE-CALAIS;62473;ISBERGUES;0624194X;public;80.4;120.3;102.9;105.5;118.2;93.2;98.2;114.7;91.2;94.5;51789.0;Ecole élémentaire Danton-Jaurès;Isbergues;062;62473;Pas-de-Calais;Lille;50.624899670501065,2.4575502257362496
2023-2024;9;HAUTS-DE-FRANCE;9;LILLE;59;NORD;59304;HERRIN;0593537Z;public;;120.3;102.9;105.5;118.2;93.2;98.2;119.4;94.4;100.2;49539.0;Ecole primaire Jacques Brel;Herrin;059;59304;Nord;Lille;50.54351735592063,2.966089665208218
2023-2024;9;HAUTS-DE-FRANCE;9;LILLE;59;NORD;59350;LILLE;0593542E;public;85.2;120.3;102.9;105.5;118.2;93.2;98.2;119.4;94.4;100.2;49543.0;Ecole élémentaire Victor Duruy;Lille;059;59350;Nord;Lille;50.62253248582688,3.0690305549025423
2023-2024;9;HAUTS-DE-FRANCE;9;LILLE;59;NORD;59435;NOMAIN;0593685K;public;121.6;120.3;102.9;105.5;118.2;93.2;98.2;119.4;94.4;100.2;49588.0;Ecole primaire Léo Lagrange;Nomain;059;59435;Nord;Lille;50.50001312980613,3.2444603677159383
2023-2024;9;HAUTS-DE-FRANCE;9;LILLE;59;NORD;59139;CAUDRY;0593705G;privé sous contrat;114.2;120.3;102.9;105.5;118.2;93.2;98.2;119.4;94.4;100.2;49599.0;Ecole primaire privée Sainte Maxellende;Caudry;059;59139;Nord;Lille;50.12213608530915,3.4082993204894843
2023-2024;9;HAUTS-DE-FRANCE;9;LILLE;59;NORD;59044;BAISIEUX;0593763V;privé sous contrat;127.5;120.3;102.9;105.5;118.2;93.2;98.2;119.4;94.4;100.2;49623.0;Ecole primaire privée Saint Jean-Baptiste;Baisieux;059;59044;Nord;Lille;50.61284847904385,3.2312106253038375
2023-2024;9;HAUTS-DE-FRANCE;9;LILLE;59;NORD;59044;BAISIEUX;0593764W;privé sous contrat;133.1;120.3;102.9;105.5;118.2;93.2;98.2;119.4;94.4;100.2;49624.0;Ecole primaire privée Sacré-Coeur;Baisieux;059;59044;Nord;Lille;50.611265226189765,3.2515798889539647
2023-2024;9;HAUTS-DE-FRANCE;9;LILLE;59;NORD;59350;LILLE;0593973Y;privé sous contrat;110.3;120.3;102.9;105.5;118.2;93.2;98.2;119.4;94.4;100.2;49709.0;Ecole primaire privée Saint Jean;Lille;059;59350;Nord;Lille;50.63165689338589,3.006469438343255
2023-2024;9;HAUTS-DE-FRANCE;9;LILLE;59;NORD;59178;DOUAI;0593998A;privé sous contrat;119.9;120.3;102.9;105.5;118.2;93.2;98.2;119.4;94.4;100.2;49718.0;Ecole primaire privée de la Sainte Union;Douai;059;59178;Nord;Lille;50.36098363602,3.0797195206212726
2023-2024;9;HAUTS-DE-FRANCE;9;LILLE;59;NORD;59286;HAUBOURDIN;0594030K;privé sous contrat;112.4;120.3;102.9;105.5;118.2;93.2;98.2;119.4;94.4;100.2;49733.0;Ecole primaire privée La Sagesse - St Michel;Haubourdin;059;59286;Nord;Lille;50.61184904315085,2.975809466894817
2023-2024;9;HAUTS-DE-FRANCE;9;LILLE;59;NORD;59017;ARMENTIERES;0594174S;public;74.3;120.3;102.9;105.5;118.2;93.2;98.2;119.4;94.4;100.2;49794.0;Ecole primaire Roger Salengro;Armentières;059;59017;Nord;Lille;50.685350272425765,2.8626106422764925
2023-2024;9;HAUTS-DE-FRANCE;9;LILLE;59;NORD;59149;CLARY;0594181Z;public;97.9;120.3;102.9;105.5;118.2;93.2;98.2;119.4;94.4;100.2;49800.0;Ecole élémentaire;Clary;059;59149;Nord;Lille;50.0776549443884,3.3995206674166516
2023-2024;9;HAUTS-DE-FRANCE;9;LILLE;59;NORD;59223;LE FAVRIL;0594379P;public;99.9;120.3;102.9;105.5;118.2;93.2;98.2;119.4;94.4;100.2;49863.0;Ecole primaire;Le Favril;059;59223;Nord;Lille;50.10335371104877,3.718750576654502
2023-2024;9;HAUTS-DE-FRANCE;9;LILLE;59;NORD;59350;LILLE;0594477W;public;85.4;120.3;102.9;105.5;118.2;93.2;98.2;119.4;94.4;100.2;49878.0;Ecole primaire Quinet-Rollin;Lille;059;59350;Nord;Lille;50.62569302891897,3.053099532840469
2023-2024;9;HAUTS-DE-FRANCE;9;LILLE;59;NORD;59557;SAULTAIN;0594485E;public;108.0;120.3;102.9;105.5;118.2;93.2;98.2;119.4;94.4;100.2;49885.0;Ecole élémentaire Jacques Brel;Saultain;059;59557;Nord;Lille;50.33539062650256,3.5780299364311556
2023-2024;9;HAUTS-DE-FRANCE;9;LILLE;59;NORD;59574;SOMAIN;0594488H;public;86.3;120.3;102.9;105.5;118.2;93.2;98.2;119.4;94.4;100.2;49888.0;Ecole élémentaire Marie Curie;Somain;059;59574;Nord;Lille;50.36061686004714,3.2809795360107725
2023-2024;9;HAUTS-DE-FRANCE;9;LILLE;59;NORD;59350;LILLE;0594555F;public;115.6;120.3;102.9;105.5;118.2;93.2;98.2;119.4;94.4;100.2;49897.0;Ecole élémentaire Rousseau-Mme Brunschvicg;Lille;059;59350;Nord;Lille;50.645210433941564,3.087580481917965
2023-2024;9;HAUTS-DE-FRANCE;9;LILLE;59;NORD;59411;MONS EN PEVELE;0594600E;public;123.7;120.3;102.9;105.5;118.2;93.2;98.2;119.4;94.4;100.2;49917.0;Ecole primaire;Mons-en-Pévèle;059;59411;Nord;Lille;50.47882118470596,3.1011600956212377
2023-2024;9;HAUTS-DE-FRANCE;9;LILLE;59;NORD;59447;ONNAING;0594712B;public;72.2;120.3;102.9;105.5;118.2;93.2;98.2;119.4;94.4;100.2;49953.0;Ecole élémentaire Hameau de Cuvinot;Onnaing;059;59447;Nord;Lille;50.403022266689895,3.6026104899611044
2023-2024;9;HAUTS-DE-FRANCE;9;LILLE;59;NORD;59183;DUNKERQUE;0594852D;public;83.0;120.3;102.9;105.5;118.2;93.2;98.2;119.4;94.4;100.2;49970.0;Ecole élémentaire Anatole France;Dunkerque;059;59183;Nord;Lille;51.03046571461938,2.353740165737586
2023-2024;9;HAUTS-DE-FRANCE;9;LILLE;59;NORD;59179;DOUCHY LES MINES;0594923F;public;85.7;120.3;102.9;105.5;118.2;93.2;98.2;119.4;94.4;100.2;49981.0;Ecole élémentaire Barbusse;Douchy-les-Mines;059;59179;Nord;Lille;50.305985962156214,3.3857698594352112
2023-2024;9;HAUTS-DE-FRANCE;9;LILLE;59;NORD;59123;CAMPHIN EN CAREMBAULT;0590315X;public;122.2;120.3;102.9;105.5;118.2;93.2;98.2;119.4;94.4;100.2;48997.0;Ecole primaire Jean Macé;Camphin-en-Carembault;059;59123;Nord;Lille;50.51067861465128,2.988529383823609
2023-2024;9;HAUTS-DE-FRANCE;9;LILLE;59;NORD;59007;ANHIERS;0590454Y;public;81.3;120.3;102.9;105.5;118.2;93.2;98.2;119.4;94.4;100.2;49029.0;Ecole primaire Maurice Lénné;Anhiers;059;59007;Nord;Lille;50.40606967660392,3.1558296259115077
2023-2024;9;HAUTS-DE-FRANCE;9;LILLE;59;NORD;59059;BEAUMONT EN CAMBRESIS;0590625J;public;79.7;120.3;102.9;105.5;118.2;93.2;98.2;119.4;94.4;100.2;49058.0;Ecole élémentaire RPI 25;Beaumont-en-Cambrésis;059;59059;Nord;Lille;50.122329791793355,3.4539195522054067
2023-2024;9;HAUTS-DE-FRANCE;9;LILLE;59;NORD;59080;BEUVRY LA FORET;0590663A;public;118.7;120.3;102.9;105.5;118.2;93.2;98.2;119.4;94.4;100.2;49063.0;Ecole élémentaire les trois arbres;Beuvry-la-Forêt;059;59080;Nord;Lille;50.4573646797851,3.2832300347376044
2023-2024;9;HAUTS-DE-FRANCE;9;LILLE;59;NORD;59139;CAUDRY;0590819V;public;74.1;120.3;102.9;105.5;118.2;93.2;98.2;119.4;94.4;100.2;49101.0;Ecole élémentaire Paul Bert;Caudry;059;59139;Nord;Lille;50.12957388902595,3.4189795862403733
2023-2024;9;HAUTS-DE-FRANCE;9;LILLE;59;NORD;59131;CAPPELLE LA GRANDE;0590824A;public;81.0;120.3;102.9;105.5;118.2;93.2;98.2;119.4;94.4;100.2;49105.0;Ecole élémentaire Pasteur;Cappelle-la-Grande;059;59131;Nord;Lille;50.99514891080652,2.3661800894601384
2023-2024;9;HAUTS-DE-FRANCE;9;LILLE;59;NORD;59142;CERFONTAINE;0590826C;public;;120.3;102.9;105.5;118.2;93.2;98.2;119.4;94.4;100.2;49107.0;Ecole primaire Clair Matin;Cerfontaine;059;59142;Nord;Lille;50.26067725230436,4.025089893443231
2023-2024;9;HAUTS-DE-FRANCE;9;LILLE;59;NORD;59172;DENAIN;0590924J;public;;120.3;102.9;105.5;118.2;93.2;98.2;119.4;94.4;100.2;49129.0;Ecole élémentaire Diderot niveau 1;Denain;059;59172;Nord;Lille;50.328762698265514,3.3885398288256647
2023-2024;9;HAUTS-DE-FRANCE;9;LILLE;59;NORD;59453;OUDEZEELE;0591012E;public;113.9;120.3;102.9;105.5;118.2;93.2;98.2;119.4;94.4;100.2;49145.0;Ecole primaire Le Petit Prince;Oudezeele;059;59453;Nord;Lille;50.83795368774611,2.509909794330102
2023-2024;9;HAUTS-DE-FRANCE;9;LILLE;59;NORD;59249;FOURMIES;0591222H;public;75.2;120.3;102.9;105.5;118.2;93.2;98.2;119.4;94.4;100.2;49183.0;Ecole élémentaire Pierre Mendes-France;Fourmies;059;59249;Nord;Lille;50.01808967862357,4.059389323391741
2023-2024;9;HAUTS-DE-FRANCE;9;LILLE;59;NORD;59267;GONNELIEU;0591268H;public;104.0;120.3;102.9;105.5;118.2;93.2;98.2;119.4;94.4;100.2;49194.0;Ecole élémentaire niveau 2 RPI 1;Gonnelieu;059;59267;Nord;Lille;50.05738506259391,3.152959527699457
2023-2024;9;HAUTS-DE-FRANCE;9;LILLE;59;NORD;59350;LILLE;0591635G;public;130.8;120.3;102.9;105.5;118.2;93.2;98.2;119.4;94.4;100.2;49258.0;Ecole primaire Lavoisier - Gounod;Lille;059;59350;Nord;Lille;50.629480621411844,3.047650254636487
2023-2024;9;HAUTS-DE-FRANCE;9;LILLE;59;NORD;59423;NEUF BERQUIN;0591909E;public;100.7;120.3;102.9;105.5;118.2;93.2;98.2;119.4;94.4;100.2;49306.0;Ecole primaire Yves Montand;Neuf-Berquin;059;59423;Nord;Lille;50.659222862557215,2.6718501604537
2023-2024;9;HAUTS-DE-FRANCE;9;LILLE;59;NORD;59512;ROUBAIX;0592098K;public;70.8;120.3;102.9;105.5;118.2;93.2;98.2;119.4;94.4;100.2;49366.0;Ecole primaire Michelet;Roubaix;059;59512;Nord;Lille;50.68479662780772,3.182059511151152
2023-2024;9;HAUTS-DE-FRANCE;9;LILLE;59;NORD;59570;SOCX;0592259K;public;107.0;120.3;102.9;105.5;118.2;93.2;98.2;119.4;94.4;100.2;49406.0;Ecole primaire;Socx;059;59570;Nord;Lille;50.937048833423674,2.423489502413414
2023-2024;9;HAUTS-DE-FRANCE;9;LILLE;59;NORD;59572;SOLRE LE CHATEAU;0592266T;public;94.9;120.3;102.9;105.5;118.2;93.2;98.2;119.4;94.4;100.2;49407.0;Ecole primaire La Ruche - Mercier;Solre-le-Château;059;59572;Nord;Lille;50.17238341326743,4.095839897490039
2023-2024;9;HAUTS-DE-FRANCE;9;LILLE;59;NORD;59592;THUMERIES;0592319A;public;113.7;120.3;102.9;105.5;118.2;93.2;98.2;119.4;94.4;100.2;49420.0;Ecole primaire Jules Ferry;Thumeries;059;59592;Nord;Lille;50.472745733772705,3.0720505680609564
2023-2024;9;HAUTS-DE-FRANCE;9;LILLE;59;NORD;59606;VALENCIENNES;0592402R;public;74.0;120.3;102.9;105.5;118.2;93.2;98.2;119.4;94.4;100.2;49443.0;Groupe Scolaire Saint Waast - Jean Mineur;Valenciennes;059;59606;Nord;Lille;50.3642379433804,3.4880942655135856
2023-2024;9;HAUTS-DE-FRANCE;9;LILLE;59;NORD;59606;VALENCIENNES;0592404T;public;112.8;120.3;102.9;105.5;118.2;93.2;98.2;119.4;94.4;100.2;49444.0;Ecole élémentaire Plaine de Mons;Valenciennes;059;59606;Nord;Lille;50.36056599800065,3.5338493465090504
2023-2024;9;HAUTS-DE-FRANCE;9;LILLE;59;NORD;59662;WINNEZEELE;0592584N;public;110.1;120.3;102.9;105.5;118.2;93.2;98.2;119.4;94.4;100.2;49484.0;Ecole primaire de l'Houtland;Winnezeele;059;59662;Nord;Lille;50.84057575041881,2.551289353095969
2023-2024;9;HAUTS-DE-FRANCE;9;LILLE;62;PAS-DE-CALAIS;62757;SAINT MARTIN LEZ TATINGHEM;0622256R;public;92.4;120.3;102.9;105.5;118.2;93.2;98.2;114.7;91.2;94.5;51352.0;Ecole primaire du Chemin Vert La Gerbe;Saint-Martin-lez-Tatinghem;062;62757;Pas-de-Calais;Lille;50.747711309011315,2.2421706308078164
2023-2024;9;HAUTS-DE-FRANCE;9;LILLE;62;PAS-DE-CALAIS;62065;AVION;0622448Z;public;79.7;120.3;102.9;105.5;118.2;93.2;98.2;114.7;91.2;94.5;51369.0;Ecole élémentaire Henri Wallon;Avion;062;62065;Pas-de-Calais;Lille;50.397251117864435,2.839130346394814
2023-2024;9;HAUTS-DE-FRANCE;9;LILLE;62;PAS-DE-CALAIS;62338;FLEURBAIX;0622653X;privé sous contrat;133.3;120.3;102.9;105.5;118.2;93.2;98.2;114.7;91.2;94.5;51416.0;Ecole primaire privée Sacré-Coeur;Fleurbaix;062;62338;Pas-de-Calais;Lille;50.652368087051144,2.8314201768901155
2023-2024;9;HAUTS-DE-FRANCE;9;LILLE;62;PAS-DE-CALAIS;62041;ARRAS;0622709H;privé sous contrat;130.6;120.3;102.9;105.5;118.2;93.2;98.2;114.7;91.2;94.5;51446.0;Ecole primaire privée Saint Jean-Baptiste-Sainte.Croix;Arras;062;62041;Pas-de-Calais;Lille;50.28234943401923,2.783610609032596
2023-2024;9;HAUTS-DE-FRANCE;9;LILLE;62;PAS-DE-CALAIS;62193;CALAIS;0622737N;privé sous contrat;112.9;120.3;102.9;105.5;118.2;93.2;98.2;114.7;91.2;94.5;51462.0;Ecole primaire privée Saint Pierre;Calais;062;62193;Pas-de-Calais;Lille;50.94496373289567,1.8583213564747443
2023-2024;9;HAUTS-DE-FRANCE;9;LILLE;62;PAS-DE-CALAIS;62244;COULOGNE;0622746Y;privé sous contrat;120.0;120.3;102.9;105.5;118.2;93.2;98.2;114.7;91.2;94.5;51471.0;Ecole primaire privée Sainte Anne;Coulogne;062;62244;Pas-de-Calais;Lille;50.92565608400195,1.8850301255834778
2023-2024;9;HAUTS-DE-FRANCE;9;LILLE;62;PAS-DE-CALAIS;62510;LIEVIN;0623060P;public;85.7;120.3;102.9;105.5;118.2;93.2;98.2;114.7;91.2;94.5;51549.0;Ecole élémentaire Jacques Prévert;Liévin;062;62510;Pas-de-Calais;Lille;50.425474961376445,2.7677793683243364
2023-2024;9;HAUTS-DE-FRANCE;9;LILLE;62;PAS-DE-CALAIS;62040;ARQUES;0623140B;public;85.5;120.3;102.9;105.5;118.2;93.2;98.2;114.7;91.2;94.5;51555.0;Ecole primaire Jules Lesieux;Arques;062;62040;Pas-de-Calais;Lille;50.73929596882839,2.300029628123375
2023-2024;9;HAUTS-DE-FRANCE;9;LILLE;62;PAS-DE-CALAIS;62323;FAMPOUX;0623152P;public;112.7;120.3;102.9;105.5;118.2;93.2;98.2;114.7;91.2;94.5;51561.0;Ecole primaire Paul Verlaine;Fampoux;062;62323;Pas-de-Calais;Lille;50.30138125059423,2.8696199792747668
2023-2024;9;HAUTS-DE-FRANCE;9;LILLE;62;PAS-DE-CALAIS;62638;OISY LE VERGER;0623452R;public;82.5;120.3;102.9;105.5;118.2;93.2;98.2;114.7;91.2;94.5;51625.0;Ecole primaire Jean Jaurès;Oisy-le-Verger;062;62638;Pas-de-Calais;Lille;50.25224373572573,3.1234306022974967
2023-2024;9;HAUTS-DE-FRANCE;9;LILLE;59;NORD;59316;HOUPLIN ANCOISNE;0595087J;public;121.0;120.3;102.9;105.5;118.2;93.2;98.2;119.4;94.4;100.2;50035.0;Groupe scolaire Simone Veil;Houplin-Ancoisne;059;59316;Nord;Lille;50.573570948197165,2.9929193213863314
2023-2024;9;HAUTS-DE-FRANCE;9;LILLE;59;NORD;59599;TOURCOING;0595655B;public;77.7;120.3;102.9;105.5;118.2;93.2;98.2;119.4;94.4;100.2;50087.0;Ecole élémentaire Paul Bert;Tourcoing;059;59599;Nord;Lille;50.72872390546859,3.1532798915131126
2023-2024;9;HAUTS-DE-FRANCE;9;LILLE;59;NORD;59017;ARMENTIERES;0596214J;privé sous contrat;123.0;120.3;102.9;105.5;118.2;93.2;98.2;119.4;94.4;100.2;50143.0;Ecole primaire privée Sainte Colombe;Armentières;059;59017;Nord;Lille;50.68592304322588,2.872099856278225
2023-2024;9;HAUTS-DE-FRANCE;9;LILLE;59;NORD;59220;FACHES THUMESNIL;0596640X;public;98.8;120.3;102.9;105.5;118.2;93.2;98.2;119.4;94.4;100.2;50242.0;Ecole primaire publique Anatole France - La Bruyère;Faches-Thumesnil;059;59220;Nord;Lille;50.60096736659475,3.0642896561971766
2023-2024;9;HAUTS-DE-FRANCE;9;LILLE;59;NORD;59378;MARCQ EN BAROEUL;0596682T;public;131.8;120.3;102.9;105.5;118.2;93.2;98.2;119.4;94.4;100.2;50258.0;Ecole primaire publique Niki de Saint-Phalle;Marcq-en-Baroeul;059;59378;Nord;Lille;50.6732530508533,3.099539680514944
2023-2024;9;HAUTS-DE-FRANCE;9;LILLE;59;NORD;59343;LESQUIN;0597264A;public;;120.3;102.9;105.5;118.2;93.2;98.2;119.4;94.4;100.2;50267.0;Groupe scolaire Florence Arthaud;Lesquin;059;59343;Nord;Lille;50.587752434576984,3.1076668607606517
2023-2024;9;HAUTS-DE-FRANCE;9;LILLE;62;PAS-DE-CALAIS;62597;MOYENNEVILLE;0620599P;public;;120.3;102.9;105.5;118.2;93.2;98.2;114.7;91.2;94.5;50987.0;Ecole maternelle publique RPI 22;Moyenneville;062;62597;Pas-de-Calais;Lille;50.18203121358236,2.780759313405901
2023-2024;9;HAUTS-DE-FRANCE;9;LILLE;62;PAS-DE-CALAIS;62650;PELVES;0620762S;public;116.2;120.3;102.9;105.5;118.2;93.2;98.2;114.7;91.2;94.5;51031.0;Ecole primaire Payen-Bacquet;Pelves;062;62650;Pas-de-Calais;Lille;50.28999478154839,2.9150499510135774
2023-2024;9;HAUTS-DE-FRANCE;9;LILLE;62;PAS-DE-CALAIS;62162;BOURECQ;0620827M;public;;120.3;102.9;105.5;118.2;93.2;98.2;114.7;91.2;94.5;51041.0;Ecole maternelle RPI 85;Bourecq;062;62162;Pas-de-Calais;Lille;50.57044394964334,2.434410394433499
2023-2024;9;HAUTS-DE-FRANCE;9;LILLE;62;PAS-DE-CALAIS;62127;BEZINGHEM;0620906Y;public;100.0;120.3;102.9;105.5;118.2;93.2;98.2;114.7;91.2;94.5;51063.0;Ecole élémentaire RPI 71;Bezinghem;062;62127;Pas-de-Calais;Lille;50.59486788601418,1.8258905530872636
2023-2024;9;HAUTS-DE-FRANCE;9;LILLE;62;PAS-DE-CALAIS;62617;NOEUX LES MINES;0620983G;public;83.8;120.3;102.9;105.5;118.2;93.2;98.2;114.7;91.2;94.5;51079.0;Ecole élémentaire Saint-Exupéry;Noeux-les-Mines;062;62617;Pas-de-Calais;Lille;50.46609470318224,2.6725297716353587
2023-2024;9;HAUTS-DE-FRANCE;9;LILLE;62;PAS-DE-CALAIS;62193;CALAIS;0621050E;public;67.2;120.3;102.9;105.5;118.2;93.2;98.2;114.7;91.2;94.5;51095.0;Ecole primaire Porte de Paris;Calais;062;62193;Pas-de-Calais;Lille;50.946894133620056,1.8231006538517094
2023-2024;9;HAUTS-DE-FRANCE;9;LILLE;62;PAS-DE-CALAIS;62766;SAINT OMER CAPELLE;0621103M;public;108.1;120.3;102.9;105.5;118.2;93.2;98.2;114.7;91.2;94.5;51108.0;Ecole primaire Commandant Cousteau;Saint-Omer-Capelle;062;62766;Pas-de-Calais;Lille;50.9391674508961,2.101760529541854
2023-2024;9;HAUTS-DE-FRANCE;9;LILLE;62;PAS-DE-CALAIS;62087;BAYENGHEM LES EPERLECQUES;0621116B;public;103.4;120.3;102.9;105.5;118.2;93.2;98.2;114.7;91.2;94.5;51110.0;Ecole primaire;Bayenghem-lès-Eperlecques;062;62087;Pas-de-Calais;Lille;50.80641673598172,2.125500467666334
2023-2024;9;HAUTS-DE-FRANCE;9;LILLE;62;PAS-DE-CALAIS;62531;LOUCHES;0621125L;public;88.9;120.3;102.9;105.5;118.2;93.2;98.2;114.7;91.2;94.5;51115.0;Ecole primaire des Petits Artistes RPI 143;Louches;062;62531;Pas-de-Calais;Lille;50.82756345297628,2.006550555532827
2023-2024;9;HAUTS-DE-FRANCE;9;LILLE;62;PAS-DE-CALAIS;62193;CALAIS;0621142E;public;76.4;120.3;102.9;105.5;118.2;93.2;98.2;114.7;91.2;94.5;51124.0;Ecole primaire Washington;Calais;062;62193;Pas-de-Calais;Lille;50.94267060139497,1.8554601138089168
2023-2024;9;HAUTS-DE-FRANCE;9;LILLE;62;PAS-DE-CALAIS;62193;CALAIS;0621145H;public;90.4;120.3;102.9;105.5;118.2;93.2;98.2;114.7;91.2;94.5;51126.0;Ecole primaire Virval;Calais;062;62193;Pas-de-Calais;Lille;50.940987232684904,1.879869785534935
2023-2024;9;HAUTS-DE-FRANCE;9;LILLE;62;PAS-DE-CALAIS;62160;BOULOGNE SUR MER;0621184A;public;68.0;120.3;102.9;105.5;118.2;93.2;98.2;114.7;91.2;94.5;51132.0;Ecole élémentaire Deseille;Boulogne-sur-Mer;062;62160;Pas-de-Calais;Lille;50.73328380307344,1.6075494950340585
2023-2024;9;HAUTS-DE-FRANCE;9;LILLE;62;PAS-DE-CALAIS;62160;BOULOGNE SUR MER;0621185B;public;78.4;120.3;102.9;105.5;118.2;93.2;98.2;114.7;91.2;94.5;51133.0;Ecole élémentaire Duchenne-Quinet;Boulogne-sur-Mer;062;62160;Pas-de-Calais;Lille;50.71259960814209,1.5959905615286383
2023-2024;9;HAUTS-DE-FRANCE;9;LILLE;62;PAS-DE-CALAIS;62560;MARQUISE;0621203W;public;108.6;120.3;102.9;105.5;118.2;93.2;98.2;114.7;91.2;94.5;51141.0;Ecole élémentaire Des Carrières;Marquise;062;62560;Pas-de-Calais;Lille;50.80932467878811,1.7189199455825834
2023-2024;9;HAUTS-DE-FRANCE;9;LILLE;62;PAS-DE-CALAIS;62108;BERCK;0621566R;public;89.8;120.3;102.9;105.5;118.2;93.2;98.2;114.7;91.2;94.5;51225.0;Ecole élémentaire Jean Rostand;Berck;062;62108;Pas-de-Calais;Lille;50.410046217076975,1.5923804150230616
2023-2024;9;HAUTS-DE-FRANCE;9;LILLE;62;PAS-DE-CALAIS;62150;BOISJEAN;0621583J;public;94.9;120.3;102.9;105.5;118.2;93.2;98.2;114.7;91.2;94.5;51233.0;Ecole élémentaire RPI 140;Boisjean;062;62150;Pas-de-Calais;Lille;50.40390135536955,1.7693002769958979
2023-2024;9;HAUTS-DE-FRANCE;9;LILLE;62;PAS-DE-CALAIS;62040;ARQUES;0621685V;public;73.3;120.3;102.9;105.5;118.2;93.2;98.2;114.7;91.2;94.5;51254.0;Ecole primaire Centre;Arques;062;62040;Pas-de-Calais;Lille;50.73499904596062,2.295799677528458
2023-2024;9;HAUTS-DE-FRANCE;9;LILLE;62;PAS-DE-CALAIS;62881;BEAUVOIR WAVANS;0621956P;public;;120.3;102.9;105.5;118.2;93.2;98.2;114.7;91.2;94.5;51325.0;Ecole élémentaire RPI 148;Beauvoir-Wavans;062;62881;Pas-de-Calais;Lille;50.2184073224839,2.1628998706526263
2023-2024;9;HAUTS-DE-FRANCE;9;LILLE;62;PAS-DE-CALAIS;62749;SAINT GEORGES;0622019H;public;94.8;120.3;102.9;105.5;118.2;93.2;98.2;114.7;91.2;94.5;51337.0;Ecole élémentaire RPI 147;Saint-Georges;062;62749;Pas-de-Calais;Lille;50.35880336583623,2.0864999959762023
2023-2024;9;HAUTS-DE-FRANCE;9;LILLE;62;PAS-DE-CALAIS;62763;SAINT MICHEL SUR TERNOISE;0622060C;public;97.9;120.3;102.9;105.5;118.2;93.2;98.2;114.7;91.2;94.5;51347.0;Ecole primaire;Saint-Michel-sur-Ternoise;062;62763;Pas-de-Calais;Lille;50.373728376315896,2.3643306137277844
2023-2024;9;HAUTS-DE-FRANCE;9;LILLE;62;PAS-DE-CALAIS;62041;ARRAS;0622297K;public;98.6;120.3;102.9;105.5;118.2;93.2;98.2;114.7;91.2;94.5;51354.0;Ecole élémentaire Raoul François;Arras;062;62041;Pas-de-Calais;Lille;50.28199383403315,2.793530193113272
2023-2024;9;HAUTS-DE-FRANCE;9;LILLE;62;PAS-DE-CALAIS;62329;FERQUES;0622339F;public;94.2;120.3;102.9;105.5;118.2;93.2;98.2;114.7;91.2;94.5;51362.0;Ecole primaire Jean Ferrat;Ferques;062;62329;Pas-de-Calais;Lille;50.83028785578868,1.760430227919629
2023-2024;9;HAUTS-DE-FRANCE;9;LILLE;62;PAS-DE-CALAIS;62040;ARQUES;0622603T;privé sous contrat;107.3;120.3;102.9;105.5;118.2;93.2;98.2;114.7;91.2;94.5;51393.0;Ecole primaire privée Saint Martin-Sainte Thérèse;Arques;062;62040;Pas-de-Calais;Lille;50.73672330896624,2.291619653428373
2023-2024;9;HAUTS-DE-FRANCE;9;LILLE;62;PAS-DE-CALAIS;62588;MONTREUIL SUR MER;0622647R;privé sous contrat;123.6;120.3;102.9;105.5;118.2;93.2;98.2;114.7;91.2;94.5;51412.0;Ecole primaire privée Sainte Austreberthe;Montreuil-sur-Mer;062;62588;Pas-de-Calais;Lille;50.464055259693836,1.7663138040779454
2023-2024;9;HAUTS-DE-FRANCE;9;LILLE;62;PAS-DE-CALAIS;62080;BAPAUME;0622719U;privé sous contrat;110.9;120.3;102.9;105.5;118.2;93.2;98.2;114.7;91.2;94.5;51453.0;Ecole primaire privée Notre-Dame;Bapaume;062;62080;Pas-de-Calais;Lille;50.10530704818802,2.8495003786602906
2023-2024;9;HAUTS-DE-FRANCE;9;LILLE;62;PAS-DE-CALAIS;62250;COURRIERES;0622747Z;privé sous contrat;113.6;120.3;102.9;105.5;118.2;93.2;98.2;114.7;91.2;94.5;51472.0;Ecole primaire privée Clair Accueil;Courrières;062;62250;Pas-de-Calais;Lille;50.45536360662281,2.9453195076098453
2023-2024;9;HAUTS-DE-FRANCE;9;LILLE;62;PAS-DE-CALAIS;62448;HESDIN L ABBE;0622828M;public;107.1;120.3;102.9;105.5;118.2;93.2;98.2;114.7;91.2;94.5;51485.0;Ecole primaire Le Vert Giniau - Blanche-Neige;Hesdin-l'Abbé;062;62448;Pas-de-Calais;Lille;50.66843404138623,1.685069386882533
2023-2024;9;HAUTS-DE-FRANCE;9;LILLE;62;PAS-DE-CALAIS;62753;SAINT LAURENT BLANGY;0622837X;public;98.6;120.3;102.9;105.5;118.2;93.2;98.2;114.7;91.2;94.5;51490.0;Ecole primaire du Petit Pont de Bois - Lenglet-Vivot;Saint-Laurent-Blangy;062;62753;Pas-de-Calais;Lille;50.298639989599856,2.8021024005289132
2023-2024;9;HAUTS-DE-FRANCE;9;LILLE;62;PAS-DE-CALAIS;62427;HENIN BEAUMONT;0622993S;public;80.6;120.3;102.9;105.5;118.2;93.2;98.2;114.7;91.2;94.5;51533.0;Ecole primaire Achille Breuval;Hénin-Beaumont;062;62427;Pas-de-Calais;Lille;50.42657384117667,2.9486404389341243
2023-2024;9;HAUTS-DE-FRANCE;9;LILLE;62;PAS-DE-CALAIS;62624;NOYELLES GODAULT;0623664W;public;84.3;120.3;102.9;105.5;118.2;93.2;98.2;114.7;91.2;94.5;51677.0;Ecole élémentaire Marie Curie;Noyelles-Godault;062;62624;Pas-de-Calais;Lille;50.41672297100661,2.991480148109727
2023-2024;9;HAUTS-DE-FRANCE;9;LILLE;62;PAS-DE-CALAIS;62724;ROUVROY;0623811F;public;82.6;120.3;102.9;105.5;118.2;93.2;98.2;114.7;91.2;94.5;51703.0;Ecole élémentaire Jules Ferry-Pierre Brossolette;Rouvroy;062;62724;Pas-de-Calais;Lille;50.395853624492446,2.903059319411885
2023-2024;9;HAUTS-DE-FRANCE;9;LILLE;62;PAS-DE-CALAIS;62863;VIOLAINES;0623975J;public;102.3;120.3;102.9;105.5;118.2;93.2;98.2;114.7;91.2;94.5;51749.0;Ecole élémentaire Eustache Varet;Violaines;062;62863;Pas-de-Calais;Lille;50.53986980284257,2.787990664406436
2023-2024;9;HAUTS-DE-FRANCE;9;LILLE;62;PAS-DE-CALAIS;62160;BOULOGNE SUR MER;0624113J;public;88.5;120.3;102.9;105.5;118.2;93.2;98.2;114.7;91.2;94.5;51769.0;Ecole primaire Bucaille-Pelletan;Boulogne-sur-Mer;062;62160;Pas-de-Calais;Lille;50.72856781390766,1.6029904655746539
2023-2024;9;HAUTS-DE-FRANCE;9;LILLE;62;PAS-DE-CALAIS;62154;BONNIERES;0624166S;public;;120.3;102.9;105.5;118.2;93.2;98.2;114.7;91.2;94.5;51786.0;Ecole primaire RPI 34;Bonnières;062;62154;Pas-de-Calais;Lille;50.24149861799548,2.262682598662337
2023-2024;9;HAUTS-DE-FRANCE;9;LILLE;62;PAS-DE-CALAIS;62865;VITRY EN ARTOIS;0624226G;public;94.9;120.3;102.9;105.5;118.2;93.2;98.2;114.7;91.2;94.5;51799.0;Ecole élémentaire Victor Hugo;Vitry-en-Artois;062;62865;Pas-de-Calais;Lille;50.32557038520562,2.977980052049125
2023-2024;9;HAUTS-DE-FRANCE;9;LILLE;62;PAS-DE-CALAIS;62279;DUISANS;0620679B;public;124.7;120.3;102.9;105.5;118.2;93.2;98.2;114.7;91.2;94.5;51005.0;Ecole primaire Camille Corot;Duisans;062;62279;Pas-de-Calais;Lille;50.30706133943781,2.6863104934802307
2023-2024;9;HAUTS-DE-FRANCE;9;LILLE;62;PAS-DE-CALAIS;62627;NOYELLES SOUS BELLONNE;0620761R;public;113.6;120.3;102.9;105.5;118.2;93.2;98.2;114.7;91.2;94.5;51030.0;Ecole primaire Pierre-Joseph Lesage;Noyelles-sous-Bellonne;062;62627;Pas-de-Calais;Lille;50.30792394125385,3.0286099147597
2023-2024;9;HAUTS-DE-FRANCE;9;LILLE;62;PAS-DE-CALAIS;62314;ESTREE CAUCHY;0620942M;public;;120.3;102.9;105.5;118.2;93.2;98.2;114.7;91.2;94.5;51067.0;Ecole primaire;Estrée-Cauchy;062;62314;Pas-de-Calais;Lille;50.398558196244544,2.609160249935706
2023-2024;9;HAUTS-DE-FRANCE;9;LILLE;62;PAS-DE-CALAIS;62191;CAFFIERS;0621030H;public;86.8;120.3;102.9;105.5;118.2;93.2;98.2;114.7;91.2;94.5;51091.0;Ecole primaire;Caffiers;062;62191;Pas-de-Calais;Lille;50.83897523960601,1.812810284749902
2023-2024;9;HAUTS-DE-FRANCE;9;LILLE;62;PAS-DE-CALAIS;62193;CALAIS;0621141D;public;89.9;120.3;102.9;105.5;118.2;93.2;98.2;114.7;91.2;94.5;51123.0;Ecole primaire Delaroche-Van Dyck;Calais;062;62193;Pas-de-Calais;Lille;50.94765985424468,1.8688193916643268
2023-2024;9;HAUTS-DE-FRANCE;9;LILLE;62;PAS-DE-CALAIS;62021;ALETTE;0621237H;public;96.8;120.3;102.9;105.5;118.2;93.2;98.2;114.7;91.2;94.5;51147.0;Ecole élémentaire La Bimoise RPI 29;Alette;062;62021;Pas-de-Calais;Lille;50.51810546202161,1.8267404963698748
2023-2024;9;HAUTS-DE-FRANCE;9;LILLE;62;PAS-DE-CALAIS;62065;AVION;0621400K;public;74.3;120.3;102.9;105.5;118.2;93.2;98.2;114.7;91.2;94.5;51189.0;Ecole élémentaire Louis Aragon-ElsaTriolet;Avion;062;62065;Pas-de-Calais;Lille;50.403312912767085,2.837320135260125
2023-2024;9;HAUTS-DE-FRANCE;9;LILLE;62;PAS-DE-CALAIS;62276;DOUVRIN;0621471M;public;91.2;120.3;102.9;105.5;118.2;93.2;98.2;114.7;91.2;94.5;51205.0;Ecole élémentaire Marie Curie;Douvrin;062;62276;Pas-de-Calais;Lille;50.50240011006436,2.828976591527565
2023-2024;9;HAUTS-DE-FRANCE;9;LILLE;62;PAS-DE-CALAIS;62458;HOULLE;0621715C;public;95.7;120.3;102.9;105.5;118.2;93.2;98.2;114.7;91.2;94.5;51260.0;Ecole primaire Jules Ferry;Houlle;062;62458;Pas-de-Calais;Lille;50.79625644491543,2.169729671259218
2023-2024;9;HAUTS-DE-FRANCE;9;LILLE;62;PAS-DE-CALAIS;62647;LE PARCQ;0622015D;public;88.4;120.3;102.9;105.5;118.2;93.2;98.2;114.7;91.2;94.5;51334.0;Ecole primaire RPI 43;Le Parcq;062;62647;Pas-de-Calais;Lille;50.38313969419988,2.08260966742645
2023-2024;9;HAUTS-DE-FRANCE;9;LILLE;62;PAS-DE-CALAIS;62126;BEUVRY;0622255P;public;89.4;120.3;102.9;105.5;118.2;93.2;98.2;114.7;91.2;94.5;51351.0;Ecole primaire Jacques Prévert;Beuvry;062;62126;Pas-de-Calais;Lille;50.51877587961676,2.674890173437725
2023-2024;9;HAUTS-DE-FRANCE;9;LILLE;62;PAS-DE-CALAIS;62712;RIVIERE;0622930Y;public;112.4;120.3;102.9;105.5;118.2;93.2;98.2;114.7;91.2;94.5;51511.0;Ecole primaire;Rivière;062;62712;Pas-de-Calais;Lille;50.23403978112696,2.6862294061070022
2023-2024;9;HAUTS-DE-FRANCE;9;LILLE;62;PAS-DE-CALAIS;62820;TINCQUES;0623075F;public;110.2;120.3;102.9;105.5;118.2;93.2;98.2;114.7;91.2;94.5;51554.0;Ecole primaire;Tincques;062;62820;Pas-de-Calais;Lille;50.35824543847356,2.4965502057494837
2023-2024;9;HAUTS-DE-FRANCE;9;LILLE;62;PAS-DE-CALAIS;62393;GUEMPS;0623307H;public;91.0;120.3;102.9;105.5;118.2;93.2;98.2;114.7;91.2;94.5;51574.0;Ecole primaire;Guemps;062;62393;Pas-de-Calais;Lille;50.91583996051358,1.998569299466629
2023-2024;9;HAUTS-DE-FRANCE;9;LILLE;62;PAS-DE-CALAIS;62193;CALAIS;0623347B;public;69.0;120.3;102.9;105.5;118.2;93.2;98.2;114.7;91.2;94.5;51577.0;Ecole élémentaire Greuze;Calais;062;62193;Pas-de-Calais;Lille;50.94713930540206,1.8804501825306355
2023-2024;9;HAUTS-DE-FRANCE;9;LILLE;62;PAS-DE-CALAIS;62770;SAINT VENANT;0623512F;public;97.4;120.3;102.9;105.5;118.2;93.2;98.2;114.7;91.2;94.5;51644.0;Ecole primaire Lamartine;Saint-Venant;062;62770;Pas-de-Calais;Lille;50.622705286079366,2.545829338368063
2023-2024;9;HAUTS-DE-FRANCE;9;LILLE;62;PAS-DE-CALAIS;62848;VERQUIN;0623528Y;public;89.7;120.3;102.9;105.5;118.2;93.2;98.2;114.7;91.2;94.5;51656.0;Ecole primaire Jules Ferry;Verquin;062;62848;Pas-de-Calais;Lille;50.500585597847966,2.6424797205761132
2023-2024;9;HAUTS-DE-FRANCE;9;LILLE;62;PAS-DE-CALAIS;62498;LENS;0623773P;public;71.0;120.3;102.9;105.5;118.2;93.2;98.2;114.7;91.2;94.5;51691.0;Ecole primaire Jean Macé;Lens;062;62498;Pas-de-Calais;Lille;50.44189431618794,2.810220409176358
2023-2024;9;HAUTS-DE-FRANCE;9;LILLE;62;PAS-DE-CALAIS;62043;LES ATTAQUES;0623229Y;public;101.3;120.3;102.9;105.5;118.2;93.2;98.2;114.7;91.2;94.5;51571.0;Ecole primaire Robert Doisneau;Les Attaques;062;62043;Pas-de-Calais;Lille;50.905305042373705,1.9323995129814038
2023-2024;9;HAUTS-DE-FRANCE;9;LILLE;62;PAS-DE-CALAIS;62609;NEUVILLE SAINT VAAST;0623544R;public;121.9;120.3;102.9;105.5;118.2;93.2;98.2;114.7;91.2;94.5;51665.0;Ecole primaire Marie Curie;Neuville-Saint-Vaast;062;62609;Pas-de-Calais;Lille;50.35524821480679,2.7608303766810147
2023-2024;9;HAUTS-DE-FRANCE;9;LILLE;59;NORD;59178;DOUAI;0590380T;public;72.4;120.3;102.9;105.5;118.2;93.2;98.2;119.4;94.4;100.2;49012.0;Ecole élémentaire Jules et Léon Maurice;Douai;059;59178;Nord;Lille;50.38048972442839,3.0636733305579953
2023-2024;9;HAUTS-DE-FRANCE;9;LILLE;59;NORD;59033;AULNOYE AYMERIES;0590557K;public;91.3;120.3;102.9;105.5;118.2;93.2;98.2;119.4;94.4;100.2;49042.0;Ecole élémentaire Paul Stiévenart;Aulnoye-Aymeries;059;59033;Nord;Lille;50.20701472336353,3.8453102510319646
2023-2024;9;HAUTS-DE-FRANCE;9;LILLE;59;NORD;59070;BERMERIES;0590646G;public;106.3;120.3;102.9;105.5;118.2;93.2;98.2;119.4;94.4;100.2;49060.0;Ecole primaire - Regroupement Pédagogique Intercommunal Concentré (RPC) de BERMERIES;L'Orée de Mormal;059;59006;Nord;Lille;50.28227476524839,3.749689685193556
2023-2024;9;HAUTS-DE-FRANCE;9;LILLE;59;NORD;59089;BOLLEZEELE;0590677R;public;88.3;120.3;102.9;105.5;118.2;93.2;98.2;119.4;94.4;100.2;49068.0;Ecole primaire Le Chat Botté;Bollezeele;059;59089;Nord;Lille;50.86226514339659,2.327639593420588
2023-2024;9;HAUTS-DE-FRANCE;9;LILLE;59;NORD;59139;CAUDRY;0590820W;public;85.1;120.3;102.9;105.5;118.2;93.2;98.2;119.4;94.4;100.2;49102.0;Ecole élémentaire Jean Macé;Caudry;059;59139;Nord;Lille;50.125411668459144,3.408479330331207
2023-2024;9;HAUTS-DE-FRANCE;9;LILLE;59;NORD;59146;CHERENG;0590836N;public;110.2;120.3;102.9;105.5;118.2;93.2;98.2;119.4;94.4;100.2;49110.0;Ecole primaire Jules Ferry;Chéreng;059;59146;Nord;Lille;50.61015131904911,3.2080506920922676
2023-2024;9;HAUTS-DE-FRANCE;9;LILLE;59;NORD;59201;ERQUINGHEM LE SEC;0591080D;public;137.9;120.3;102.9;105.5;118.2;93.2;98.2;119.4;94.4;100.2;49157.0;Ecole primaire Ghislain Henniart;Erquinghem-le-Sec;059;59201;Nord;Lille;50.61396343303511,2.9305693516890123
2023-2024;9;HAUTS-DE-FRANCE;9;LILLE;59;NORD;59225;FEIGNIES;0591149D;public;81.3;120.3;102.9;105.5;118.2;93.2;98.2;119.4;94.4;100.2;49171.0;Ecole élémentaire Louis Pergaud;Feignies;059;59225;Nord;Lille;50.29528200917873,3.9178502350802167
2023-2024;9;HAUTS-DE-FRANCE;9;LILLE;59;NORD;59255;FRESSIES;0591239B;public;98.9;120.3;102.9;105.5;118.2;93.2;98.2;119.4;94.4;100.2;49190.0;Ecole primaire;Fressies;059;59255;Nord;Lille;50.25436285760823,3.1926603547837873
2023-2024;9;HAUTS-DE-FRANCE;9;LILLE;59;NORD;59350;LILLE;0591382G;public;104.9;120.3;102.9;105.5;118.2;93.2;98.2;119.4;94.4;100.2;49218.0;Ecole élémentaire Berthelot - Sévigné;Lille;059;59350;Nord;Lille;50.623346392355465,3.1006498082058993
2023-2024;9;HAUTS-DE-FRANCE;9;LILLE;59;NORD;59318;HOUTKERQUE;0591446B;public;;120.3;102.9;105.5;118.2;93.2;98.2;119.4;94.4;100.2;49227.0;Ecole primaire RPI 04;Houtkerque;059;59318;Nord;Lille;50.87651892618566,2.598250433470443
2023-2024;9;HAUTS-DE-FRANCE;9;LILLE;59;NORD;59328;LAMBERSART;0591486V;public;120.7;120.3;102.9;105.5;118.2;93.2;98.2;119.4;94.4;100.2;49232.0;Ecole élémentaire Pasteur;Lambersart;059;59328;Nord;Lille;50.652882971957574,3.0127806023884007
2023-2024;9;HAUTS-DE-FRANCE;9;LILLE;59;NORD;59335;LECELLES;0591500K;public;120.2;120.3;102.9;105.5;118.2;93.2;98.2;119.4;94.4;100.2;49234.0;Ecole primaire Centre;Lecelles;059;59335;Nord;Lille;50.471503594833024,3.3937993886857827
2023-2024;9;HAUTS-DE-FRANCE;9;LILLE;59;NORD;59351;LIMONT FONTAINE;0591645T;public;;120.3;102.9;105.5;118.2;93.2;98.2;119.4;94.4;100.2;49260.0;Ecole primaire;Limont-Fontaine;059;59351;Nord;Lille;50.20773596104792,3.921939938312934
2023-2024;9;HAUTS-DE-FRANCE;9;LILLE;59;NORD;59359;LOON PLAGE;0591678D;public;87.4;120.3;102.9;105.5;118.2;93.2;98.2;119.4;94.4;100.2;49267.0;Ecole élémentaire Pasteur - Lamartine;Loon-Plage;059;59359;Nord;Lille;50.996079845136364,2.216069680355547
2023-2024;9;HAUTS-DE-FRANCE;9;LILLE;59;NORD;59371;LE MAISNIL;0591728H;public;143.2;120.3;102.9;105.5;118.2;93.2;98.2;119.4;94.4;100.2;49281.0;Ecole primaire Alexis Delannoy;Le Maisnil;059;59371;Nord;Lille;50.61522544779364,2.884949326340644
2023-2024;9;HAUTS-DE-FRANCE;9;LILLE;59;NORD;59440;NOYELLES SUR SELLE;0591944T;public;102.3;120.3;102.9;105.5;118.2;93.2;98.2;119.4;94.4;100.2;49315.0;Ecole primaire La Clé des Champs;Noyelles-sur-Selle;059;59440;Nord;Lille;50.286946995243554,3.385669525000601
2023-2024;9;HAUTS-DE-FRANCE;9;LILLE;59;NORD;59500;RIBECOURT LA TOUR;0592014U;public;;120.3;102.9;105.5;118.2;93.2;98.2;119.4;94.4;100.2;49339.0;Ecole élémentaire RPI 6;Ribécourt-la-Tour;059;59500;Nord;Lille;50.11122689745133,3.128659973356855
2023-2024;9;HAUTS-DE-FRANCE;9;LILLE;59;NORD;59539;SAINT PIERRE BROUCK;0592178X;public;103.1;120.3;102.9;105.5;118.2;93.2;98.2;119.4;94.4;100.2;49389.0;Ecole primaire Florimond Debeyre;Saint-Pierre-Brouck;059;59539;Nord;Lille;50.896133484319925,2.1879104045522815
2023-2024;9;HAUTS-DE-FRANCE;9;LILLE;59;NORD;59569;SIN LE NOBLE;0592250A;public;77.2;120.3;102.9;105.5;118.2;93.2;98.2;119.4;94.4;100.2;49404.0;Ecole primaire Roger Salengro;Sin-le-Noble;059;59569;Nord;Lille;50.36167283924941,3.103140118983607
2023-2024;9;HAUTS-DE-FRANCE;9;LILLE;59;NORD;59603;TRITH SAINT LEGER;0592387Z;public;92.4;120.3;102.9;105.5;118.2;93.2;98.2;119.4;94.4;100.2;49441.0;Ecole élémentaire Lucie Aubrac;Trith-Saint-Léger;059;59603;Nord;Lille;50.3249759378095,3.483910266441833
2023-2024;9;HAUTS-DE-FRANCE;9;LILLE;59;NORD;59345;LEWARDE;0593601U;public;90.7;120.3;102.9;105.5;118.2;93.2;98.2;119.4;94.4;100.2;49565.0;Ecole élémentaire Roger Salengro;Lewarde;059;59345;Nord;Lille;50.33828228275103,3.169349902511181
2023-2024;9;HAUTS-DE-FRANCE;9;LILLE;59;NORD;59193;EMMERIN;0593617L;public;125.3;120.3;102.9;105.5;118.2;93.2;98.2;119.4;94.4;100.2;49569.0;Ecole élémentaire Simons;Emmerin;059;59193;Nord;Lille;50.59312479827108,2.997050449413537
2023-2024;9;HAUTS-DE-FRANCE;9;LILLE;59;NORD;59238;FLINES LES MORTAGNE;0593643P;public;116.1;120.3;102.9;105.5;118.2;93.2;98.2;119.4;94.4;100.2;49582.0;Ecole primaire Jean-Marie Decobecq;Flines-lès-Mortagne;059;59238;Nord;Lille;50.50370685730609,3.4645102814991278
2023-2024;9;HAUTS-DE-FRANCE;9;LILLE;59;NORD;59173;DEULEMONT;0593729H;privé sous contrat;121.7;120.3;102.9;105.5;118.2;93.2;98.2;119.4;94.4;100.2;49611.0;Ecole primaire privée Sacré-Coeur;Deûlémont;059;59173;Nord;Lille;50.73568847076061,2.9450999285972546
2023-2024;9;HAUTS-DE-FRANCE;9;LILLE;59;NORD;59043;BAILLEUL;0593762U;privé sous contrat;108.8;120.3;102.9;105.5;118.2;93.2;98.2;119.4;94.4;100.2;49622.0;Ecole primaire privée Saint Albert;Bailleul;059;59043;Nord;Lille;50.74284490186492,2.733989996530146
2023-2024;9;HAUTS-DE-FRANCE;9;LILLE;59;NORD;59350;LILLE;0593833W;privé sous contrat;133.8;120.3;102.9;105.5;118.2;93.2;98.2;119.4;94.4;100.2;49657.0;Ecole primaire privée Notre-Dame de La Paix;Lille;059;59350;Nord;Lille;50.6411943907541,3.0676604654367274
2023-2024;9;HAUTS-DE-FRANCE;9;LILLE;59;NORD;59650;WATTRELOS;0593886D;privé sous contrat;102.0;120.3;102.9;105.5;118.2;93.2;98.2;119.4;94.4;100.2;49677.0;Ecole primaire privée Notre-Dame de Lourdes;Wattrelos;059;59650;Nord;Lille;50.70844812805826,3.1961102931331324
2023-2024;9;HAUTS-DE-FRANCE;9;LILLE;59;NORD;59350;LILLE;0593971W;privé sous contrat;114.9;120.3;102.9;105.5;118.2;93.2;98.2;119.4;94.4;100.2;49708.0;Ecole primaire privée Dominique Savio;Lille;059;59350;Nord;Lille;50.641436178551345,3.0157568914514377
2023-2024;9;HAUTS-DE-FRANCE;9;LILLE;59;NORD;59360;LOOS;0593977C;privé sous contrat;106.6;120.3;102.9;105.5;118.2;93.2;98.2;119.4;94.4;100.2;49711.0;Ecole primaire privée Notre-Dame;Loos;059;59360;Nord;Lille;50.6172901173169,3.013560071033474
2023-2024;9;HAUTS-DE-FRANCE;9;LILLE;59;NORD;59477;PROVIN;0594053K;privé sous contrat;119.9;120.3;102.9;105.5;118.2;93.2;98.2;119.4;94.4;100.2;49748.0;Ecole primaire privée Notre-Dame;Provin;059;59477;Nord;Lille;50.51264364946578,2.908880402979134
2023-2024;9;HAUTS-DE-FRANCE;9;LILLE;59;NORD;59512;ROUBAIX;0594068B;privé sous contrat;92.5;120.3;102.9;105.5;118.2;93.2;98.2;119.4;94.4;100.2;49756.0;Ecole primaire privée Saint Louis;Roubaix;059;59512;Nord;Lille;50.69447026533609,3.177610489456841
2023-2024;9;HAUTS-DE-FRANCE;9;LILLE;59;NORD;59559;SEBOURG;0594088Y;privé sous contrat;123.0;120.3;102.9;105.5;118.2;93.2;98.2;119.4;94.4;100.2;49764.0;Ecole primaire privée Sainte Anne;Sebourg;059;59559;Nord;Lille;50.3441221086375,3.643660302490088
2023-2024;9;HAUTS-DE-FRANCE;9;LILLE;59;NORD;59599;TOURCOING;0594115C;privé sous contrat;100.2;120.3;102.9;105.5;118.2;93.2;98.2;119.4;94.4;100.2;49774.0;Ecole primaire privée Saint Pierre;Tourcoing;059;59599;Nord;Lille;50.72352239132814,3.142580078449366
2023-2024;9;HAUTS-DE-FRANCE;9;LILLE;59;NORD;59611;VERLINGHEM;0594122K;privé sous contrat;133.2;120.3;102.9;105.5;118.2;93.2;98.2;119.4;94.4;100.2;49778.0;Ecole primaire privée Sainte Marie;Verlinghem;059;59611;Nord;Lille;50.68008674015594,2.9936104709568374
2023-2024;9;HAUTS-DE-FRANCE;9;LILLE;59;NORD;59653;WAVRIN;0594137B;privé sous contrat;133.5;120.3;102.9;105.5;118.2;93.2;98.2;119.4;94.4;100.2;49788.0;Ecole primaire privée Immaculée-Conception;Wavrin;059;59653;Nord;Lille;50.57267569690551,2.9390105609486548
2023-2024;9;HAUTS-DE-FRANCE;9;LILLE;59;NORD;59316;HOUPLIN ANCOISNE;0594194N;public;108.0;120.3;102.9;105.5;118.2;93.2;98.2;119.4;94.4;100.2;49808.0;Ecole primaire Victor Hugo;Houplin-Ancoisne;059;59316;Nord;Lille;50.561926806968295,3.0008299271853893
2023-2024;9;HAUTS-DE-FRANCE;9;LILLE;59;NORD;59378;MARCQ EN BAROEUL;0594202X;public;101.2;120.3;102.9;105.5;118.2;93.2;98.2;119.4;94.4;100.2;49814.0;Ecole élémentaire Jules Ferry;Marcq-en-Baroeul;059;59378;Nord;Lille;50.6756093646206,3.089150285517763
2023-2024;9;HAUTS-DE-FRANCE;9;LILLE;59;NORD;59410;MONS EN BAROEUL;0594206B;public;86.8;120.3;102.9;105.5;118.2;93.2;98.2;119.4;94.4;100.2;49818.0;Ecole élémentaire La Paix;Mons-en-Baroeul;059;59410;Nord;Lille;50.63697867901185,3.105699419573586
2023-2024;9;HAUTS-DE-FRANCE;9;LILLE;59;NORD;59227;FENAIN;0594264P;public;78.9;120.3;102.9;105.5;118.2;93.2;98.2;119.4;94.4;100.2;49839.0;Ecole primaire Des Tilleuls;Fenain;059;59227;Nord;Lille;50.362857621194834,3.306670439140718
2023-2024;9;HAUTS-DE-FRANCE;9;LILLE;59;NORD;59419;MOUCHIN;0594273Z;public;110.9;120.3;102.9;105.5;118.2;93.2;98.2;119.4;94.4;100.2;49844.0;Ecole primaire Camille Desmoulins;Mouchin;059;59419;Nord;Lille;50.517780675991304,3.2926306322522807
2023-2024;9;HAUTS-DE-FRANCE;9;LILLE;59;NORD;59290;HAUT LIEU;0594367B;public;;120.3;102.9;105.5;118.2;93.2;98.2;119.4;94.4;100.2;49858.0;Ecole primaire Pierre Duez RPI 15;Haut-Lieu;059;59290;Nord;Lille;50.1015552531203,3.912399328143284
2023-2024;9;HAUTS-DE-FRANCE;9;LILLE;59;NORD;59616;VIEUX CONDE;0594491L;public;75.9;120.3;102.9;105.5;118.2;93.2;98.2;119.4;94.4;100.2;49890.0;Ecole élémentaire Joliot-Curie;Vieux-Condé;059;59616;Nord;Lille;50.479197775004586,3.576020569089344
2023-2024;9;HAUTS-DE-FRANCE;9;LILLE;59;NORD;59271;GRANDE SYNTHE;0594493N;privé sous contrat;89.4;120.3;102.9;105.5;118.2;93.2;98.2;119.4;94.4;100.2;49892.0;Ecole primaire privée René Bonpain;Grande-Synthe;059;59271;Nord;Lille;51.017611485752994,2.308490262934476
2023-2024;9;HAUTS-DE-FRANCE;9;LILLE;59;NORD;59350;LILLE;0594510G;public;;120.3;102.9;105.5;118.2;93.2;98.2;119.4;94.4;100.2;49893.0;Ecole primaire Les Dondaines;Lille;059;59350;Nord;Lille;50.63826544831068,3.082149410012024
2023-2024;9;HAUTS-DE-FRANCE;9;LILLE;59;NORD;59365;LOUVROIL;0594559K;public;66.0;120.3;102.9;105.5;118.2;93.2;98.2;119.4;94.4;100.2;49898.0;Ecole élémentaire Les Longs Prés;Louvroil;059;59365;Nord;Lille;50.25701000302564,3.9472493123425623
2023-2024;9;HAUTS-DE-FRANCE;9;LILLE;59;NORD;59029;AUCHY LEZ ORCHIES;0594585N;public;117.0;120.3;102.9;105.5;118.2;93.2;98.2;119.4;94.4;100.2;49908.0;Ecole primaire du Fleuri d'Alcy;Auchy-lez-Orchies;059;59029;Nord;Lille;50.47708302104254,3.2046104806468314
2023-2024;9;HAUTS-DE-FRANCE;9;LILLE;59;NORD;59452;OSTRICOURT;0594603H;public;75.2;120.3;102.9;105.5;118.2;93.2;98.2;119.4;94.4;100.2;49920.0;Ecole élémentaire Robert Anselin;Ostricourt;059;59452;Nord;Lille;50.4639914264946,3.025520242037158
2023-2024;9;HAUTS-DE-FRANCE;9;LILLE;59;NORD;59350;LILLE;0594698L;public;98.8;120.3;102.9;105.5;118.2;93.2;98.2;119.4;94.4;100.2;49946.0;Ecole primaire Salengro;Lille;059;59350;Nord;Lille;50.63165464276634,3.012450669913922
2023-2024;9;HAUTS-DE-FRANCE;9;LILLE;59;NORD;59009;VILLENEUVE D ASCQ;0594781B;public;110.3;120.3;102.9;105.5;118.2;93.2;98.2;119.4;94.4;100.2;49961.0;Ecole élémentaire Toulouse-Lautrec;Villeneuve-d'Ascq;059;59009;Nord;Lille;50.61662232587354,3.1431004417631807
2023-2024;9;HAUTS-DE-FRANCE;9;LILLE;59;NORD;59261;GLAGEON;0594926J;public;80.4;120.3;102.9;105.5;118.2;93.2;98.2;119.4;94.4;100.2;49982.0;Groupe scolaire Les Maroux;Glageon;059;59261;Nord;Lille;50.058236195090025,4.072060124208174
2023-2024;9;HAUTS-DE-FRANCE;9;LILLE;59;NORD;59392;MAUBEUGE;0594950K;public;97.4;120.3;102.9;105.5;118.2;93.2;98.2;119.4;94.4;100.2;49993.0;Ecole primaire Armand De Joyeuse;Maubeuge;059;59392;Nord;Lille;50.27892559324433,3.976117909448894
2023-2024;9;HAUTS-DE-FRANCE;9;LILLE;59;NORD;59489;RAIMBEAUCOURT;0594961X;public;112.5;120.3;102.9;105.5;118.2;93.2;98.2;119.4;94.4;100.2;49997.0;Ecole élémentaire Jules Ferry;Raimbeaucourt;059;59489;Nord;Lille;50.4374214383867,3.0976502766244325
2023-2024;9;HAUTS-DE-FRANCE;9;LILLE;59;NORD;59507;RONCHIN;0594964A;public;98.8;120.3;102.9;105.5;118.2;93.2;98.2;119.4;94.4;100.2;49999.0;Ecole primaire Lacore - Ferry;Ronchin;059;59507;Nord;Lille;50.60734722888194,3.0801004395988416
2023-2024;9;HAUTS-DE-FRANCE;9;LILLE;59;NORD;59486;RACHES;0595038F;public;93.0;120.3;102.9;105.5;118.2;93.2;98.2;119.4;94.4;100.2;50026.0;Ecole élémentaire Suzanne Lanoy;Râches;059;59486;Nord;Lille;50.41693905163495,3.1353994135754526
2023-2024;9;HAUTS-DE-FRANCE;9;LILLE;59;NORD;59324;JEUMONT;0595193Z;public;74.0;120.3;102.9;105.5;118.2;93.2;98.2;119.4;94.4;100.2;50039.0;Ecole élémentaire Annick Mouvet;Jeumont;059;59324;Nord;Lille;50.30456375503637,4.095849512630091
2023-2024;9;HAUTS-DE-FRANCE;9;LILLE;59;NORD;59112;BRUAY SUR L ESCAUT;0595232S;public;73.7;120.3;102.9;105.5;118.2;93.2;98.2;119.4;94.4;100.2;50050.0;Ecole élémentaire Georges Brassens;Bruay-sur-l'Escaut;059;59112;Nord;Lille;50.4099134831126,3.5548594964081897
2023-2024;9;HAUTS-DE-FRANCE;9;LILLE;59;NORD;59271;GRANDE SYNTHE;0595503L;public;77.6;120.3;102.9;105.5;118.2;93.2;98.2;119.4;94.4;100.2;50076.0;Ecole élémentaire Julie Daubie;Grande-Synthe;059;59271;Nord;Lille;51.00846891250394,2.3081494297110283
2023-2024;9;HAUTS-DE-FRANCE;9;LILLE;62;PAS-DE-CALAIS;62387;GREVILLERS;0620529N;public;96.3;120.3;102.9;105.5;118.2;93.2;98.2;114.7;91.2;94.5;50971.0;Ecole élémentaire RPI 96;Grévillers;062;62387;Pas-de-Calais;Lille;50.10366921065875,2.8113393508168185
2023-2024;9;HAUTS-DE-FRANCE;9;LILLE;62;PAS-DE-CALAIS;62559;MARQUION;0620617J;public;91.0;120.3;102.9;105.5;118.2;93.2;98.2;114.7;91.2;94.5;50991.0;Ecole primaire;Marquion;062;62559;Pas-de-Calais;Lille;50.20983524363676,3.0850395416517102
2023-2024;9;HAUTS-DE-FRANCE;9;LILLE;62;PAS-DE-CALAIS;62465;HUMBERCAMPS;0620650V;public;94.1;120.3;102.9;105.5;118.2;93.2;98.2;114.7;91.2;94.5;50998.0;Ecole élémentaire La Fontaine RPI 57;Humbercamps;062;62465;Pas-de-Calais;Lille;50.18484900454949,2.574229463075113
2023-2024;9;HAUTS-DE-FRANCE;9;LILLE;62;PAS-DE-CALAIS;62774;SANGATTE;0623071B;public;120.0;120.3;102.9;105.5;118.2;93.2;98.2;114.7;91.2;94.5;51552.0;Ecole primaire Hubert Latham;Sangatte;062;62774;Pas-de-Calais;Lille;50.947285036345605,1.7591702012098405
2023-2024;9;HAUTS-DE-FRANCE;9;LILLE;62;PAS-DE-CALAIS;62244;COULOGNE;0623242M;public;94.3;120.3;102.9;105.5;118.2;93.2;98.2;114.7;91.2;94.5;51572.0;Ecole primaire Roger Macke;Coulogne;062;62244;Pas-de-Calais;Lille;50.926214932252456,1.8634203821342687
2023-2024;9;HAUTS-DE-FRANCE;9;LILLE;62;PAS-DE-CALAIS;62447;HESDIN;0623477T;privé sous contrat;106.2;120.3;102.9;105.5;118.2;93.2;98.2;114.7;91.2;94.5;51634.0;Ecole primaire privée Saint Joseph;Hesdin-la-Forêt;062;62447;Pas-de-Calais;Lille;50.373830466831265,2.0362059828742693
2023-2024;9;HAUTS-DE-FRANCE;9;LILLE;62;PAS-DE-CALAIS;62443;HERSIN COUPIGNY;0623511E;public;94.9;120.3;102.9;105.5;118.2;93.2;98.2;114.7;91.2;94.5;51643.0;Ecole élémentaire Paul Eluard-Elsa Triolet;Hersin-Coupigny;062;62443;Pas-de-Calais;Lille;50.447602739796665,2.6464207045120633
2023-2024;9;HAUTS-DE-FRANCE;9;LILLE;62;PAS-DE-CALAIS;62235;CONDETTE;0623521R;public;114.2;120.3;102.9;105.5;118.2;93.2;98.2;114.7;91.2;94.5;51651.0;Ecole primaire Louis Pasteur;Condette;062;62235;Pas-de-Calais;Lille;50.64724242184426,1.6212393938941057
2023-2024;9;HAUTS-DE-FRANCE;9;LILLE;62;PAS-DE-CALAIS;62498;LENS;0623536G;public;67.2;120.3;102.9;105.5;118.2;93.2;98.2;114.7;91.2;94.5;51660.0;Ecole élémentaire Voltaire;Lens;062;62498;Pas-de-Calais;Lille;50.42607467297748,2.813970123102375
2023-2024;9;HAUTS-DE-FRANCE;9;LILLE;62;PAS-DE-CALAIS;62907;LIBERCOURT;0623775S;public;89.7;120.3;102.9;105.5;118.2;93.2;98.2;114.7;91.2;94.5;51692.0;Ecole élémentaire André Pantigny;Libercourt;062;62907;Pas-de-Calais;Lille;50.4815446918917,3.0144801545007764
2023-2024;9;HAUTS-DE-FRANCE;9;LILLE;62;PAS-DE-CALAIS;62215;CARVIN;0623851Z;public;92.8;120.3;102.9;105.5;118.2;93.2;98.2;114.7;91.2;94.5;51712.0;Groupe scolaire Boris Vian;Carvin;062;62215;Pas-de-Calais;Lille;50.49616424605821,2.9639600807064435
2023-2024;9;HAUTS-DE-FRANCE;9;LILLE;59;NORD;59606;VALENCIENNES;0594973K;public;69.3;120.3;102.9;105.5;118.2;93.2;98.2;119.4;94.4;100.2;50004.0;Groupe scolaire Gisèle Halimi;Valenciennes;059;59606;Nord;Lille;50.354467976636634,3.4879044471044653
2023-2024;9;HAUTS-DE-FRANCE;9;LILLE;59;NORD;59630;WAHAGNIES;0595246G;public;106.5;120.3;102.9;105.5;118.2;93.2;98.2;119.4;94.4;100.2;50058.0;Ecole élémentaire Jules Ferry;Wahagnies;059;59630;Nord;Lille;50.486613095699745,3.0314900836790377
2023-2024;9;HAUTS-DE-FRANCE;9;LILLE;59;NORD;59560;SECLIN;0595981F;privé sous contrat;131.3;120.3;102.9;105.5;118.2;93.2;98.2;119.4;94.4;100.2;50118.0;Ecole primaire privée Immaculée-Conception;Seclin;059;59560;Nord;Lille;50.55289078933563,3.0322894989696385
2023-2024;9;HAUTS-DE-FRANCE;9;LILLE;59;NORD;59090;BONDUES;0596107T;public;131.6;120.3;102.9;105.5;118.2;93.2;98.2;119.4;94.4;100.2;50126.0;Ecole primaire Les Obeaux;Bondues;059;59090;Nord;Lille;50.69484344305069,3.0851806580366037
2023-2024;9;HAUTS-DE-FRANCE;9;LILLE;59;NORD;59114;BRUILLE SAINT AMAND;0596205Z;public;110.3;120.3;102.9;105.5;118.2;93.2;98.2;119.4;94.4;100.2;50135.0;Ecole primaire de la Source;Bruille-Saint-Amand;059;59114;Nord;Lille;50.45668312111656,3.524849894464138
2023-2024;9;HAUTS-DE-FRANCE;9;LILLE;59;NORD;59509;ROOST WARENDIN;0596362V;public;97.5;120.3;102.9;105.5;118.2;93.2;98.2;119.4;94.4;100.2;50159.0;Ecole primaire du Centre - Salengro;Roost-Warendin;059;59509;Nord;Lille;50.418095225393174,3.1017998530626953
2023-2024;9;HAUTS-DE-FRANCE;9;LILLE;59;NORD;59350;LILLE;0596376K;public;80.3;120.3;102.9;105.5;118.2;93.2;98.2;119.4;94.4;100.2;50164.0;Ecole élémentaire Painlevé;Lille;059;59350;Nord;Lille;50.61285337502209,3.0569069341586292
2023-2024;9;HAUTS-DE-FRANCE;9;LILLE;59;NORD;59456;PECQUENCOURT;0596679P;public;72.7;120.3;102.9;105.5;118.2;93.2;98.2;119.4;94.4;100.2;50256.0;Groupe scolaire Charles Perrault;Pecquencourt;059;59456;Nord;Lille;50.37251290593798,3.200619798521274
2023-2024;9;HAUTS-DE-FRANCE;9;LILLE;59;NORD;59378;MARCQ EN BAROEUL;0596778X;privé sous contrat;160.6;120.3;102.9;105.5;118.2;93.2;98.2;119.4;94.4;100.2;50260.0;Ecole primaire privée Jeannine Manuel;Marcq-en-Baroeul;059;59378;Nord;Lille;50.69070126717458,3.1209196440598825
2023-2024;9;HAUTS-DE-FRANCE;9;LILLE;59;NORD;59343;LESQUIN;0597263Z;public;125.5;120.3;102.9;105.5;118.2;93.2;98.2;119.4;94.4;100.2;50266.0;Ecole élémentaire Thomas Pesquet;Lesquin;059;59343;Nord;Lille;50.59074727837982,3.12407269553806
2023-2024;9;HAUTS-DE-FRANCE;9;LILLE;62;PAS-DE-CALAIS;62290;ECURIE;0620680C;public;;120.3;102.9;105.5;118.2;93.2;98.2;114.7;91.2;94.5;51006.0;Ecole élémentaire Haroun Tazieff RPI 74;Ecurie;062;62290;Pas-de-Calais;Lille;50.32991711587332,2.7709997394422574
2023-2024;9;HAUTS-DE-FRANCE;9;LILLE;62;PAS-DE-CALAIS;62634;OFFEKERQUE;0621091Z;public;90.6;120.3;102.9;105.5;118.2;93.2;98.2;114.7;91.2;94.5;51103.0;Ecole primaire Georges Brassens;Offekerque;062;62634;Pas-de-Calais;Lille;50.9411381394748,2.01790974082796
2023-2024;9;HAUTS-DE-FRANCE;9;LILLE;62;PAS-DE-CALAIS;62193;CALAIS;0621138A;public;83.3;120.3;102.9;105.5;118.2;93.2;98.2;114.7;91.2;94.5;51120.0;Ecole primaire Honoré de Balzac-Nouvelle France;Calais;062;62193;Pas-de-Calais;Lille;50.9454344788702,1.8738200443075474
2023-2024;9;HAUTS-DE-FRANCE;9;LILLE;62;PAS-DE-CALAIS;62237;CONTEVILLE LES BOULOGNE;0621163C;public;112.2;120.3;102.9;105.5;118.2;93.2;98.2;114.7;91.2;94.5;51128.0;Ecole primaire RPI 100;Conteville-lès-Boulogne;062;62237;Pas-de-Calais;Lille;50.744371647683465,1.7313598544897661
2023-2024;9;HAUTS-DE-FRANCE;9;LILLE;62;PAS-DE-CALAIS;62667;LE PORTEL;0621260H;public;78.4;120.3;102.9;105.5;118.2;93.2;98.2;114.7;91.2;94.5;51154.0;Ecole primaire Camus - Pasteur;Le Portel;062;62667;Pas-de-Calais;Lille;50.71380839771575,1.58694964381989
2023-2024;9;HAUTS-DE-FRANCE;9;LILLE;62;PAS-DE-CALAIS;62587;MONTIGNY EN GOHELLE;0621307J;public;64.9;120.3;102.9;105.5;118.2;93.2;98.2;114.7;91.2;94.5;51169.0;Groupe scolaire Mme de Sévigné - Jules Ferry;Montigny-en-Gohelle;062;62587;Pas-de-Calais;Lille;50.44096900186928,2.925460422470631
2023-2024;9;HAUTS-DE-FRANCE;9;LILLE;62;PAS-DE-CALAIS;62291;ELEU DIT LEAUWETTE;0621420G;public;87.9;120.3;102.9;105.5;118.2;93.2;98.2;114.7;91.2;94.5;51193.0;Ecole élémentaire Jules Verne;Eleu-dit-Leauwette;062;62291;Pas-de-Calais;Lille;50.420281395055824,2.8119203806568485
2023-2024;9;HAUTS-DE-FRANCE;9;LILLE;62;PAS-DE-CALAIS;62525;LONGUENESSE;0621698J;public;89.3;120.3;102.9;105.5;118.2;93.2;98.2;114.7;91.2;94.5;51257.0;Ecole primaire Louis Pasteur;Longuenesse;062;62525;Pas-de-Calais;Lille;50.73543211046847,2.250280321938858
2023-2024;9;HAUTS-DE-FRANCE;9;LILLE;62;PAS-DE-CALAIS;62519;LISBOURG;0621819R;public;90.6;120.3;102.9;105.5;118.2;93.2;98.2;114.7;91.2;94.5;51285.0;Ecole primaire;Lisbourg;062;62519;Pas-de-Calais;Lille;50.50809224668391,2.2157294657892215
2023-2024;9;HAUTS-DE-FRANCE;9;LILLE;62;PAS-DE-CALAIS;62265;DELETTES;0621849Y;public;97.7;120.3;102.9;105.5;118.2;93.2;98.2;114.7;91.2;94.5;51294.0;Groupe Scolaire des 3 Epis;Delettes;062;62265;Pas-de-Calais;Lille;50.62393743050078,2.208349346226929
2023-2024;9;HAUTS-DE-FRANCE;9;LILLE;62;PAS-DE-CALAIS;62803;SURQUES;0621874A;public;96.9;120.3;102.9;105.5;118.2;93.2;98.2;114.7;91.2;94.5;51303.0;Ecole élémentaire RPI 157;Surques;062;62803;Pas-de-Calais;Lille;50.739902779038424,1.916520441438684
2023-2024;9;HAUTS-DE-FRANCE;9;LILLE;62;PAS-DE-CALAIS;62765;SAINT OMER;0622583W;privé sous contrat;113.8;120.3;102.9;105.5;118.2;93.2;98.2;114.7;91.2;94.5;51385.0;Ecole primaire privée Notre-Dame - Sainte Marie;Saint-Omer;062;62765;Pas-de-Calais;Lille;50.746765818849575,2.2572501242568443
2023-2024;9;HAUTS-DE-FRANCE;9;LILLE;62;PAS-DE-CALAIS;62119;BETHUNE;0622613D;privé sous contrat;;120.3;102.9;105.5;118.2;93.2;98.2;114.7;91.2;94.5;51398.0;Ecole primaire privée Notre-Dame de Lourdes - Saint Vaast-Saint Dominique;Béthune;062;62119;Pas-de-Calais;Lille;50.53118446704824,2.635100265716052
2023-2024;9;HAUTS-DE-FRANCE;9;LILLE;62;PAS-DE-CALAIS;62364;FRUGES;0622632Z;privé sous contrat;108.5;120.3;102.9;105.5;118.2;93.2;98.2;114.7;91.2;94.5;51407.0;Ecole primaire privée Jeanne d'Arc;Fruges;062;62364;Pas-de-Calais;Lille;50.515699252577946,2.136340429326374
2023-2024;9;HAUTS-DE-FRANCE;9;LILLE;62;PAS-DE-CALAIS;62746;SAINT ETIENNE AU MONT;0622686H;privé sous contrat;107.3;120.3;102.9;105.5;118.2;93.2;98.2;114.7;91.2;94.5;51435.0;Ecole primaire privée Sainte Thérèse;Saint-Etienne-au-Mont;062;62746;Pas-de-Calais;Lille;50.68137287177439,1.626619950657772
2023-2024;9;HAUTS-DE-FRANCE;9;LILLE;62;PAS-DE-CALAIS;62893;WIMEREUX;0622695T;privé sous contrat;135.1;120.3;102.9;105.5;118.2;93.2;98.2;114.7;91.2;94.5;51440.0;Ecole primaire privée Jeanne d'Arc;Wimereux;062;62893;Pas-de-Calais;Lille;50.770669972506376,1.6127901345412665
2023-2024;9;HAUTS-DE-FRANCE;9;LILLE;62;PAS-DE-CALAIS;62038;ARDRES;0622704C;privé sous contrat;106.8;120.3;102.9;105.5;118.2;93.2;98.2;114.7;91.2;94.5;51444.0;Ecole primaire privée Notre-Dame de Grâce;Ardres;062;62038;Pas-de-Calais;Lille;50.85269674165574,1.978279356986259
2023-2024;9;HAUTS-DE-FRANCE;9;LILLE;62;PAS-DE-CALAIS;62318;ETAPLES;0622860X;public;81.9;120.3;102.9;105.5;118.2;93.2;98.2;114.7;91.2;94.5;51495.0;Ecole élémentaire Jean Moulin;Etaples;062;62318;Pas-de-Calais;Lille;50.52161743417009,1.6397393038412633
2023-2024;9;HAUTS-DE-FRANCE;9;LILLE;62;PAS-DE-CALAIS;62400;HAILLICOURT;0622923R;public;81.8;120.3;102.9;105.5;118.2;93.2;98.2;114.7;91.2;94.5;51507.0;Ecole élémentaire Emile Basly;Haillicourt;062;62400;Pas-de-Calais;Lille;50.467878148509925,2.566259488369671
2023-2024;9;HAUTS-DE-FRANCE;9;LILLE;62;PAS-DE-CALAIS;62178;BRUAY LA BUISSIERE;0623035M;public;76.5;120.3;102.9;105.5;118.2;93.2;98.2;114.7;91.2;94.5;51539.0;Ecole élémentaire Jean Jaurès;Bruay-la-Buissière;062;62178;Pas-de-Calais;Lille;50.4686120168221,2.5587806668409327
2023-2024;9;HAUTS-DE-FRANCE;9;LILLE;62;PAS-DE-CALAIS;62555;MARLES LES MINES;0623446J;public;82.8;120.3;102.9;105.5;118.2;93.2;98.2;114.7;91.2;94.5;51620.0;Ecole primaire Léon Gambetta;Marles-les-Mines;062;62555;Pas-de-Calais;Lille;50.502450381907124,2.5038402949760323
2023-2024;9;HAUTS-DE-FRANCE;9;LILLE;62;PAS-DE-CALAIS;62050;AUCHY LES HESDIN;0623508B;public;81.2;120.3;102.9;105.5;118.2;93.2;98.2;114.7;91.2;94.5;51640.0;Ecole élémentaire Emile Panet;Auchy-lès-Hesdin;062;62050;Pas-de-Calais;Lille;50.40304784958491,2.0977795488237145
2023-2024;9;HAUTS-DE-FRANCE;9;LILLE;62;PAS-DE-CALAIS;62138;BLANGY SUR TERNOISE;0623510D;public;88.9;120.3;102.9;105.5;118.2;93.2;98.2;114.7;91.2;94.5;51642.0;Ecole primaire - Regroupement Pédagogique Intercommunal Concentré (RPC) Simone Veil de BLANGY-SUR-TERNOISE;Blangy-sur-Ternoise;062;62138;Pas-de-Calais;Lille;50.42131705483694,2.1682299953457926
2023-2024;9;HAUTS-DE-FRANCE;9;LILLE;62;PAS-DE-CALAIS;62183;BUIRE LE SEC;0623515J;public;81.3;120.3;102.9;105.5;118.2;93.2;98.2;114.7;91.2;94.5;51645.0;Ecole primaire;Buire-le-Sec;062;62183;Pas-de-Calais;Lille;50.38224767157251,1.8315606106733135
2023-2024;9;HAUTS-DE-FRANCE;9;LILLE;62;PAS-DE-CALAIS;62771;SALLAUMINES;0623554B;public;79.1;120.3;102.9;105.5;118.2;93.2;98.2;114.7;91.2;94.5;51668.0;Ecole élémentaire Emile Zola;Sallaumines;062;62771;Pas-de-Calais;Lille;50.426792699237375,2.8517102812607655
2023-2024;9;HAUTS-DE-FRANCE;9;LILLE;62;PAS-DE-CALAIS;62004;ACHICOURT;0623648D;public;86.2;120.3;102.9;105.5;118.2;93.2;98.2;114.7;91.2;94.5;51671.0;Ecole primaire Léopold Bernard;Achicourt;062;62004;Pas-de-Calais;Lille;50.26655721867097,2.770609827100079
2023-2024;9;HAUTS-DE-FRANCE;9;LILLE;62;PAS-DE-CALAIS;62628;NOYELLES SOUS LENS;0623776T;public;95.9;120.3;102.9;105.5;118.2;93.2;98.2;114.7;91.2;94.5;51693.0;Ecole élémentaire Jean Rostand;Noyelles-sous-Lens;062;62628;Pas-de-Calais;Lille;50.43041842774861,2.8752297709863566
2023-2024;9;HAUTS-DE-FRANCE;9;LILLE;62;PAS-DE-CALAIS;62498;LENS;0623857F;public;78.2;120.3;102.9;105.5;118.2;93.2;98.2;114.7;91.2;94.5;51716.0;Ecole élémentaire Louis Pasteur;Lens;062;62498;Pas-de-Calais;Lille;50.44029265122405,2.789570410743501
2023-2024;9;HAUTS-DE-FRANCE;9;LILLE;62;PAS-DE-CALAIS;62065;AVION;0624112H;public;65.3;120.3;102.9;105.5;118.2;93.2;98.2;114.7;91.2;94.5;51768.0;Ecole élémentaire Mandela-Rolland;Avion;062;62065;Pas-de-Calais;Lille;50.39837202708651,2.8334400303798013
2023-2024;9;HAUTS-DE-FRANCE;9;LILLE;62;PAS-DE-CALAIS;62075;BAINCTHUN;0624152B;public;107.2;120.3;102.9;105.5;118.2;93.2;98.2;114.7;91.2;94.5;51785.0;Ecole primaire de la Pâturelle;Baincthun;062;62075;Pas-de-Calais;Lille;50.708554603604476,1.686059444250954
2023-2024;9;HAUTS-DE-FRANCE;9;LILLE;62;PAS-DE-CALAIS;62661;BOUIN PLUMOISON;0624200D;public;;120.3;102.9;105.5;118.2;93.2;98.2;114.7;91.2;94.5;51793.0;Ecole élémentaire RPI 150;Bouin-Plumoison;062;62661;Pas-de-Calais;Lille;50.382457425940544,1.9848601911435033
2023-2024;9;HAUTS-DE-FRANCE;9;LILLE;59;NORD;59229;FERON;0590328L;public;113.0;120.3;102.9;105.5;118.2;93.2;98.2;119.4;94.4;100.2;49005.0;Ecole primaire Jean-Claude Mahy;Féron;059;59229;Nord;Lille;50.043385700811676,4.02576065568444
2023-2024;9;HAUTS-DE-FRANCE;9;LILLE;59;NORD;59340;LEFFRINCKOUCKE;0590440H;public;;120.3;102.9;105.5;118.2;93.2;98.2;119.4;94.4;100.2;49027.0;Ecole primaire Albert Favresse;Leffrinckoucke;059;59340;Nord;Lille;51.03599472917282,2.4634296454055447
2023-2024;9;HAUTS-DE-FRANCE;9;LILLE;59;NORD;59026;AUBIGNY AU BAC;0590539R;public;96.9;120.3;102.9;105.5;118.2;93.2;98.2;119.4;94.4;100.2;49039.0;Ecole primaire Jean de La Fontaine;Aubigny-au-Bac;059;59026;Nord;Lille;50.26206430077548,3.163389844777384
2023-2024;9;HAUTS-DE-FRANCE;9;LILLE;59;NORD;59125;CANTAING SUR ESCAUT;0590779B;public;;120.3;102.9;105.5;118.2;93.2;98.2;119.4;94.4;100.2;49093.0;Ecole primaire - Regroupement Pédagogique Intercommunal Concentré (RPC) de CANTAING-SUR-ESCAUT;Cantaing-sur-Escaut;059;59125;Nord;Lille;50.14764919773164,3.1602095344461993
2023-2024;9;HAUTS-DE-FRANCE;9;LILLE;59;NORD;59152;COMINES;0590847A;public;83.6;120.3;102.9;105.5;118.2;93.2;98.2;119.4;94.4;100.2;49115.0;Ecole primaire Les Coquelicots;Comines;059;59152;Nord;Lille;50.74061801239315,3.0122104852284486
2023-2024;9;HAUTS-DE-FRANCE;9;LILLE;59;NORD;59173;DEULEMONT;0590926L;public;121.5;120.3;102.9;105.5;118.2;93.2;98.2;119.4;94.4;100.2;49130.0;Ecole primaire Guynemer;Deûlémont;059;59173;Nord;Lille;50.73538933750762,2.9463883390011816
2023-2024;9;HAUTS-DE-FRANCE;9;LILLE;59;NORD;59195;ENGLOS;0590991G;public;114.2;120.3;102.9;105.5;118.2;93.2;98.2;119.4;94.4;100.2;49141.0;Ecole primaire Maud Fontenoy;Englos;059;59195;Nord;Lille;50.62691673385086,2.9575201864513008
2023-2024;9;HAUTS-DE-FRANCE;9;LILLE;59;NORD;59268;LA GORGUE;0591271L;public;;120.3;102.9;105.5;118.2;93.2;98.2;119.4;94.4;100.2;49195.0;Ecole primaire du Grand Chemin;La Gorgue;059;59268;Nord;Lille;50.62072236408086,2.744349429228117
2023-2024;9;HAUTS-DE-FRANCE;9;LILLE;59;NORD;59292;HAVELUY;0591360H;public;80.7;120.3;102.9;105.5;118.2;93.2;98.2;119.4;94.4;100.2;49215.0;Ecole primaire du Centre;Haveluy;059;59292;Nord;Lille;50.354978697144496,3.4011998550406863
2023-2024;9;HAUTS-DE-FRANCE;9;LILLE;59;NORD;59350;LILLE;0591609D;public;75.5;120.3;102.9;105.5;118.2;93.2;98.2;119.4;94.4;100.2;49254.0;Ecole primaire Nadaud - Briand - Buisson;Lille;059;59350;Nord;Lille;50.60746897452665,3.0399106898389356
2023-2024;9;HAUTS-DE-FRANCE;9;LILLE;59;NORD;59368;LA MADELEINE;0591719Y;public;95.4;120.3;102.9;105.5;118.2;93.2;98.2;119.4;94.4;100.2;49279.0;Ecole primaire Hugo - Leclercq;La Madeleine;059;59368;Nord;Lille;50.6520202453628,3.0652400921455434
2023-2024;9;HAUTS-DE-FRANCE;9;LILLE;59;NORD;59410;MONS EN BAROEUL;0591875T;public;123.3;120.3;102.9;105.5;118.2;93.2;98.2;119.4;94.4;100.2;49300.0;Ecole élémentaire Sévigné;Mons-en-Baroeul;059;59410;Nord;Lille;50.64446840645158,3.1026398292453923
2023-2024;9;HAUTS-DE-FRANCE;9;LILLE;59;NORD;59439;NOYELLES SUR SAMBRE;0591942R;public;100.1;120.3;102.9;105.5;118.2;93.2;98.2;119.4;94.4;100.2;49314.0;Ecole élémentaire RPI 17;Noyelles-sur-Sambre;059;59439;Nord;Lille;50.156565222448684,3.800499932696976
2023-2024;9;HAUTS-DE-FRANCE;9;LILLE;59;NORD;59488;RAILLENCOURT SAINTE OLLE;0591981H;public;90.4;120.3;102.9;105.5;118.2;93.2;98.2;119.4;94.4;100.2;49328.0;Ecole primaire Joseph Ringeval;Raillencourt-Sainte-Olle;059;59488;Nord;Lille;50.18341721209223,3.2016993535726668
2023-2024;9;HAUTS-DE-FRANCE;9;LILLE;59;NORD;59492;RAMILLIES;0591999C;public;;120.3;102.9;105.5;118.2;93.2;98.2;119.4;94.4;100.2;49332.0;Ecole primaire du Marais;Ramillies;059;59492;Nord;Lille;50.205369893330136,3.260225772706223
2023-2024;9;HAUTS-DE-FRANCE;9;LILLE;59;NORD;59580;STEENVOORDE;0592290U;public;103.8;120.3;102.9;105.5;118.2;93.2;98.2;119.4;94.4;100.2;49412.0;Ecole élémentaire Jean de La Fontaine;Steenvoorde;059;59580;Nord;Lille;50.80755568754677,2.586260060590017
2023-2024;9;HAUTS-DE-FRANCE;9;LILLE;59;NORD;59599;TOURCOING;0592352L;public;84.2;120.3;102.9;105.5;118.2;93.2;98.2;119.4;94.4;100.2;49430.0;Ecole élémentaire La Fontaine;Tourcoing;059;59599;Nord;Lille;50.73219647621655,3.1568604437069685
2023-2024;9;HAUTS-DE-FRANCE;9;LILLE;59;NORD;59153;CONDE SUR L ESCAUT;0593286B;public;77.8;120.3;102.9;105.5;118.2;93.2;98.2;119.4;94.4;100.2;49515.0;Ecole élémentaire Jules Vallès;Condé-sur-l'Escaut;059;59153;Nord;Lille;50.45582138465006,3.5895994792888133
2023-2024;9;HAUTS-DE-FRANCE;9;LILLE;59;NORD;59181;DOURLERS;0593529R;public;108.6;120.3;102.9;105.5;118.2;93.2;98.2;119.4;94.4;100.2;49531.0;Ecole primaire Galilée;Dourlers;059;59181;Nord;Lille;50.176776261391936,3.9441393835817875
2023-2024;9;HAUTS-DE-FRANCE;9;LILLE;59;NORD;59203;ERRE;0593636G;public;101.3;120.3;102.9;105.5;118.2;93.2;98.2;119.4;94.4;100.2;49578.0;Ecole primaire Suzanne Lanoy;Erre;059;59203;Nord;Lille;50.36114660609505,3.3126906914013725
2023-2024;9;HAUTS-DE-FRANCE;9;LILLE;59;NORD;59105;BOUVIGNIES;0593690R;privé sous contrat;124.7;120.3;102.9;105.5;118.2;93.2;98.2;119.4;94.4;100.2;49590.0;Ecole primaire privée Sacré-Coeur;Bouvignies;059;59105;Nord;Lille;50.43494685260513,3.2473298311462364
2023-2024;9;HAUTS-DE-FRANCE;9;LILLE;59;NORD;59053;BAVAY;0593769B;privé sous contrat;122.1;120.3;102.9;105.5;118.2;93.2;98.2;119.4;94.4;100.2;49626.0;Ecole primaire privée Notre-Dame de L'Assomption;Bavay;059;59053;Nord;Lille;50.297556369621674,3.792860058649581
2023-2024;9;HAUTS-DE-FRANCE;9;LILLE;59;NORD;59599;TOURCOING;0593863D;privé sous contrat;102.1;120.3;102.9;105.5;118.2;93.2;98.2;119.4;94.4;100.2;49670.0;Ecole primaire privée Saint Louis;Tourcoing;059;59599;Nord;Lille;50.71929807556384,3.15076053478653
2023-2024;9;HAUTS-DE-FRANCE;9;LILLE;59;NORD;59367;LYS LEZ LANNOY;0593898S;privé sous contrat;119.1;120.3;102.9;105.5;118.2;93.2;98.2;119.4;94.4;100.2;49681.0;Ecole primaire privée Saint Luc;Lys-lez-Lannoy;059;59367;Nord;Lille;50.673844868653234,3.216889607732825
2023-2024;9;HAUTS-DE-FRANCE;9;LILLE;59;NORD;59350;LILLE;0593959H;privé sous contrat;140.3;120.3;102.9;105.5;118.2;93.2;98.2;119.4;94.4;100.2;49704.0;Ecole primaire privée Saint Denis;Lille;059;59350;Nord;Lille;50.641221923195246,3.085579400016337
2023-2024;9;HAUTS-DE-FRANCE;9;LILLE;59;NORD;59660;WILLEMS;0594140E;privé sous contrat;133.0;120.3;102.9;105.5;118.2;93.2;98.2;119.4;94.4;100.2;49789.0;Ecole primaire privée Sainte Marie;Willems;059;59660;Nord;Lille;50.631900907307276,3.2380401618561923
2023-2024;9;HAUTS-DE-FRANCE;9;LILLE;59;NORD;59392;MAUBEUGE;0594200V;public;79.2;120.3;102.9;105.5;118.2;93.2;98.2;119.4;94.4;100.2;49812.0;Ecole primaire Lamartine - Blanche Neige;Maubeuge;059;59392;Nord;Lille;50.28855925936731,3.963839948498549
2023-2024;9;HAUTS-DE-FRANCE;9;LILLE;59;NORD;59606;VALENCIENNES;0594351J;public;88.3;120.3;102.9;105.5;118.2;93.2;98.2;119.4;94.4;100.2;49854.0;Groupe scolaire Louis Duvant;Valenciennes;059;59606;Nord;Lille;50.35052446415106,3.5134406496912876
2023-2024;9;HAUTS-DE-FRANCE;9;LILLE;59;NORD;59670;DON;0594376L;public;117.3;120.3;102.9;105.5;118.2;93.2;98.2;119.4;94.4;100.2;49861.0;Groupe scolaire Deleuneville - Pasteur;Don;059;59670;Nord;Lille;50.54989742426191,2.919979763039669
2023-2024;9;HAUTS-DE-FRANCE;9;LILLE;59;NORD;59386;MARQUETTE LEZ LILLE;0594378N;public;102.0;120.3;102.9;105.5;118.2;93.2;98.2;119.4;94.4;100.2;49862.0;Groupe scolaire Cousteau - Van Hecke;Marquette-lez-Lille;059;59386;Nord;Lille;50.66888868499753,3.066610527930278
2023-2024;9;HAUTS-DE-FRANCE;9;LILLE;59;NORD;59122;CAMBRAI;0594439E;public;84.1;120.3;102.9;105.5;118.2;93.2;98.2;119.4;94.4;100.2;49864.0;Groupe scolaire Pierre Corneille;Cambrai;059;59122;Nord;Lille;50.16652359534906,3.2571995743944018
2023-2024;9;HAUTS-DE-FRANCE;9;LILLE;59;NORD;59032;AULNOY LEZ VALENCIENNES;0594465H;public;90.3;120.3;102.9;105.5;118.2;93.2;98.2;119.4;94.4;100.2;49868.0;Ecole élémentaire Emile Zola;Aulnoy-lez-Valenciennes;059;59032;Nord;Lille;50.333164055254706,3.516919710654432
2023-2024;9;HAUTS-DE-FRANCE;9;LILLE;59;NORD;59352;LINSELLES;0594478X;public;106.8;120.3;102.9;105.5;118.2;93.2;98.2;119.4;94.4;100.2;49879.0;Ecole primaire Prévert - Saint-Exupéry;Linselles;059;59352;Nord;Lille;50.73931664031591,3.0845506575148938
2023-2024;9;HAUTS-DE-FRANCE;9;LILLE;59;NORD;59571;SOLESMES;0594487G;public;77.6;120.3;102.9;105.5;118.2;93.2;98.2;119.4;94.4;100.2;49887.0;Ecole élémentaire Suzanne Lanoy;Solesmes;059;59571;Nord;Lille;50.18499246101586,3.495589352660854
2023-2024;9;HAUTS-DE-FRANCE;9;LILLE;59;NORD;59179;DOUCHY LES MINES;0594683V;public;86.5;120.3;102.9;105.5;118.2;93.2;98.2;119.4;94.4;100.2;49935.0;Ecole élémentaire Jules Ferry;Douchy-les-Mines;059;59179;Nord;Lille;50.297949641245154,3.3980604033470554
2023-2024;9;HAUTS-DE-FRANCE;9;LILLE;59;NORD;59350;LILLE;0594697K;public;75.8;120.3;102.9;105.5;118.2;93.2;98.2;119.4;94.4;100.2;49945.0;Ecole élémentaire Bracke-Desrousseaux;Lille;059;59350;Nord;Lille;50.607817108886685,3.0563201737767263
2023-2024;9;HAUTS-DE-FRANCE;9;LILLE;59;NORD;59014;ANZIN;0594846X;public;75.8;120.3;102.9;105.5;118.2;93.2;98.2;119.4;94.4;100.2;49966.0;Ecole élémentaire Jean Jaurès;Anzin;059;59014;Nord;Lille;50.37808225820632,3.5175101098343653
2023-2024;9;HAUTS-DE-FRANCE;9;LILLE;59;NORD;59629;VRED;0594983W;public;106.8;120.3;102.9;105.5;118.2;93.2;98.2;119.4;94.4;100.2;50009.0;Ecole primaire Henri Matisse;Vred;059;59629;Nord;Lille;50.39372683186619,3.23140048004852
2023-2024;9;HAUTS-DE-FRANCE;9;LILLE;59;NORD;59017;ARMENTIERES;0595673W;public;;120.3;102.9;105.5;118.2;93.2;98.2;119.4;94.4;100.2;50088.0;Ecole primaire Léon Blum;Armentières;059;59017;Nord;Lille;50.69402379597065,2.8863098984954068
2023-2024;9;HAUTS-DE-FRANCE;9;LILLE;59;NORD;59301;HERGNIES;0596402N;public;96.3;120.3;102.9;105.5;118.2;93.2;98.2;119.4;94.4;100.2;50170.0;Ecole primaire César Dewasmes;Hergnies;059;59301;Nord;Lille;50.474466286606855,3.5260197585192987
2023-2024;9;HAUTS-DE-FRANCE;9;LILLE;59;NORD;59314;HORNAING;0596651J;public;89.8;120.3;102.9;105.5;118.2;93.2;98.2;119.4;94.4;100.2;50251.0;Ecole primaire publique Paul Lafargue - Paul Langevin;Hornaing;059;59314;Nord;Lille;50.36605378009318,3.3399002120977905
2023-2024;9;HAUTS-DE-FRANCE;9;LILLE;59;NORD;59392;MAUBEUGE;0595049T;public;72.3;120.3;102.9;105.5;118.2;93.2;98.2;119.4;94.4;100.2;50031.0;Ecole élémentaire Jules Ferry;Maubeuge;059;59392;Nord;Lille;50.27525318497932,3.9558198435368968
2023-2024;9;HAUTS-DE-FRANCE;9;LILLE;59;NORD;59133;CARNIN;0595233T;public;121.1;120.3;102.9;105.5;118.2;93.2;98.2;119.4;94.4;100.2;50051.0;Ecole primaire Louis Marcy;Carnin;059;59133;Nord;Lille;50.518681759255195,2.959830269478039
2023-2024;9;HAUTS-DE-FRANCE;9;LILLE;59;NORD;59183;DUNKERQUE;0595334C;public;73.8;120.3;102.9;105.5;118.2;93.2;98.2;119.4;94.4;100.2;50065.0;Ecole élémentaire Jules Verne;Dunkerque;059;59183;Nord;Lille;51.025733635603444,2.3388000859028564
2023-2024;9;HAUTS-DE-FRANCE;9;LILLE;59;NORD;59663;WORMHOUT;0595604W;public;103.2;120.3;102.9;105.5;118.2;93.2;98.2;119.4;94.4;100.2;50082.0;Groupe scolaire Roger Salengro;Wormhout;059;59663;Nord;Lille;50.87980747066426,2.463770284247932
2023-2024;9;HAUTS-DE-FRANCE;9;LILLE;59;NORD;59309;HONDSCHOOTE;0595979D;privé sous contrat;99.7;120.3;102.9;105.5;118.2;93.2;98.2;119.4;94.4;100.2;50116.0;Ecole primaire privée Sainte Jeanne d'Arc;Hondschoote;059;59309;Nord;Lille;50.97830831493743,2.5883098313130826
2023-2024;9;HAUTS-DE-FRANCE;9;LILLE;59;NORD;59028;AUBY;0596361U;public;87.3;120.3;102.9;105.5;118.2;93.2;98.2;119.4;94.4;100.2;50158.0;Ecole élémentaire Jules Guesde;Auby;059;59028;Nord;Lille;50.41492039767778,3.0543205491430077
2023-2024;9;HAUTS-DE-FRANCE;9;LILLE;59;NORD;59508;RONCQ;0596626G;public;106.6;120.3;102.9;105.5;118.2;93.2;98.2;119.4;94.4;100.2;50234.0;Ecole élémentaire publique Pablo Neruda-Elsa Triolet;Roncq;059;59508;Nord;Lille;50.75771040336748,3.114199610060388
2023-2024;9;HAUTS-DE-FRANCE;9;LILLE;62;PAS-DE-CALAIS;62530;LOTTINGHEN;0620893J;public;94.1;120.3;102.9;105.5;118.2;93.2;98.2;114.7;91.2;94.5;51056.0;Ecole primaire RPI 78;Lottinghen;062;62530;Pas-de-Calais;Lille;50.68061813370039,1.9265499979943952
2023-2024;9;HAUTS-DE-FRANCE;9;LILLE;62;PAS-DE-CALAIS;62853;VIEIL MOUTIER;0620901T;public;97.0;120.3;102.9;105.5;118.2;93.2;98.2;114.7;91.2;94.5;51060.0;Ecole élémentaire RPI 45;Vieil-Moutier;062;62853;Pas-de-Calais;Lille;50.669518034157655,1.9131894131265754
2023-2024;9;HAUTS-DE-FRANCE;9;LILLE;62;PAS-DE-CALAIS;62193;CALAIS;0621060R;public;116.2;120.3;102.9;105.5;118.2;93.2;98.2;114.7;91.2;94.5;51097.0;Ecole primaire de L'Esplanade;Calais;062;62193;Pas-de-Calais;Lille;50.955938291168486,1.8473296322927781
2023-2024;9;HAUTS-DE-FRANCE;9;LILLE;62;PAS-DE-CALAIS;62645;OYE PLAGE;0621094C;public;101.1;120.3;102.9;105.5;118.2;93.2;98.2;114.7;91.2;94.5;51105.0;Ecole primaire L'Etoile;Oye-Plage;062;62645;Pas-de-Calais;Lille;50.987110697507994,2.068340598555943
2023-2024;9;HAUTS-DE-FRANCE;9;LILLE;62;PAS-DE-CALAIS;62478;JOURNY;0621123J;public;;120.3;102.9;105.5;118.2;93.2;98.2;114.7;91.2;94.5;51113.0;Ecole élémentaire RPI 110;Journy;062;62478;Pas-de-Calais;Lille;50.754133103311624,1.993919430222005
2023-2024;9;HAUTS-DE-FRANCE;9;LILLE;62;PAS-DE-CALAIS;62446;HESDIGNEUL LES BOULOGNE;0621246T;public;87.0;120.3;102.9;105.5;118.2;93.2;98.2;114.7;91.2;94.5;51151.0;Ecole primaire;Hesdigneul-lès-Boulogne;062;62446;Pas-de-Calais;Lille;50.66166266407531,1.6653242943580928
2023-2024;9;HAUTS-DE-FRANCE;9;LILLE;62;PAS-DE-CALAIS;62250;COURRIERES;0621366Y;public;88.2;120.3;102.9;105.5;118.2;93.2;98.2;114.7;91.2;94.5;51178.0;Ecole élémentaire Berlinguez;Courrières;062;62250;Pas-de-Calais;Lille;50.458655137975825,2.9469794217671983
2023-2024;9;HAUTS-DE-FRANCE;9;LILLE;62;PAS-DE-CALAIS;62907;LIBERCOURT;0621377K;public;73.4;120.3;102.9;105.5;118.2;93.2;98.2;114.7;91.2;94.5;51183.0;Groupe scolaire Marie et Pierre Curie;Libercourt;062;62907;Pas-de-Calais;Lille;50.482646735523424,3.0068301454919
2023-2024;9;HAUTS-DE-FRANCE;9;LILLE;62;PAS-DE-CALAIS;62443;HERSIN COUPIGNY;0621568T;public;90.2;120.3;102.9;105.5;118.2;93.2;98.2;114.7;91.2;94.5;51226.0;Ecole élémentaire Jeannette Prin;Hersin-Coupigny;062;62443;Pas-de-Calais;Lille;50.44596630921038,2.6527696051986034
2023-2024;9;HAUTS-DE-FRANCE;9;LILLE;62;PAS-DE-CALAIS;62233;CONCHIL LE TEMPLE;0621649F;public;104.3;120.3;102.9;105.5;118.2;93.2;98.2;114.7;91.2;94.5;51245.0;Ecole primaire Monvoisin;Conchil-le-Temple;062;62233;Pas-de-Calais;Lille;50.365726275527344,1.665930169834315
2023-2024;9;HAUTS-DE-FRANCE;9;LILLE;62;PAS-DE-CALAIS;62452;HEURINGHEM;0621733X;public;109.6;120.3;102.9;105.5;118.2;93.2;98.2;114.7;91.2;94.5;51266.0;Ecole primaire Condorcet;Heuringhem;062;62452;Pas-de-Calais;Lille;50.69599888553228,2.2838095225437236
2023-2024;9;HAUTS-DE-FRANCE;9;LILLE;62;PAS-DE-CALAIS;62859;VILLERS L HOPITAL;0621955N;public;78.1;120.3;102.9;105.5;118.2;93.2;98.2;114.7;91.2;94.5;51324.0;Ecole élémentaire RPI 34;Villers-l'Hôpital;062;62859;Pas-de-Calais;Lille;50.22815038692324,2.2135205480453197
2023-2024;9;HAUTS-DE-FRANCE;9;LILLE;62;PAS-DE-CALAIS;62677;LE QUESNOY EN ARTOIS;0622016E;public;;120.3;102.9;105.5;118.2;93.2;98.2;114.7;91.2;94.5;51335.0;Ecole élémentaire RPI 9;Le Quesnoy-en-Artois;062;62677;Pas-de-Calais;Lille;50.33607276338251,2.043659771719668
2023-2024;9;HAUTS-DE-FRANCE;9;LILLE;62;PAS-DE-CALAIS;62498;LENS;0622412K;public;71.2;120.3;102.9;105.5;118.2;93.2;98.2;114.7;91.2;94.5;51365.0;Ecole primaire Georges Lapierre;Lens;062;62498;Pas-de-Calais;Lille;50.44601725673395,2.8331997025745124
2023-2024;9;HAUTS-DE-FRANCE;9;LILLE;62;PAS-DE-CALAIS;62204;CAMPAGNE LES HESDIN;0622452D;public;94.8;120.3;102.9;105.5;118.2;93.2;98.2;114.7;91.2;94.5;51371.0;Ecole primaire Le Chat Botté;Campagne-lès-Hesdin;062;62204;Pas-de-Calais;Lille;50.3972546907583,1.8792896410059996
2023-2024;9;HAUTS-DE-FRANCE;9;LILLE;62;PAS-DE-CALAIS;62649;PAS EN ARTOIS;0622469X;public;86.7;120.3;102.9;105.5;118.2;93.2;98.2;114.7;91.2;94.5;51376.0;Ecole primaire;Pas-en-Artois;062;62649;Pas-de-Calais;Lille;50.15656825955684,2.4880096536173206
2023-2024;9;HAUTS-DE-FRANCE;9;LILLE;62;PAS-DE-CALAIS;62765;SAINT OMER;0622584X;privé sous contrat;121.5;120.3;102.9;105.5;118.2;93.2;98.2;114.7;91.2;94.5;51386.0;Ecole primaire privée Notre-Dame Enclos;Saint-Omer;062;62765;Pas-de-Calais;Lille;50.7471896092,2.251750631980154
2023-2024;9;HAUTS-DE-FRANCE;9;LILLE;62;PAS-DE-CALAIS;62391;GUARBECQUE;0622634B;privé sous contrat;122.9;120.3;102.9;105.5;118.2;93.2;98.2;114.7;91.2;94.5;51408.0;Ecole primaire privée Sainte Bernadette;Guarbecque;062;62391;Pas-de-Calais;Lille;50.611054344407414,2.4879497056856836
2023-2024;9;HAUTS-DE-FRANCE;9;LILLE;62;PAS-DE-CALAIS;62894;WIMILLE;0622696U;privé sous contrat;118.0;120.3;102.9;105.5;118.2;93.2;98.2;114.7;91.2;94.5;51441.0;Ecole primaire privée Jeanne d'Arc;Wimille;062;62894;Pas-de-Calais;Lille;50.76190673967471,1.6331299203504106
2023-2024;9;HAUTS-DE-FRANCE;9;LILLE;62;PAS-DE-CALAIS;62041;ARRAS;0622708G;privé sous contrat;129.3;120.3;102.9;105.5;118.2;93.2;98.2;114.7;91.2;94.5;51445.0;Ecole primaire privée Notre-Dame;Arras;062;62041;Pas-de-Calais;Lille;50.293832896668185,2.7667102785557245
2023-2024;9;HAUTS-DE-FRANCE;9;LILLE;62;PAS-DE-CALAIS;62908;LA CAPELLE LES BOULOGNE;0622743V;privé sous contrat;;120.3;102.9;105.5;118.2;93.2;98.2;114.7;91.2;94.5;51468.0;Ecole primaire privée Saint Joseph;La Capelle-lès-Boulogne;062;62908;Pas-de-Calais;Lille;50.73043968752195,1.7078405500402993
2023-2024;9;HAUTS-DE-FRANCE;9;LILLE;62;PAS-DE-CALAIS;62215;CARVIN;0622744W;privé sous contrat;121.2;120.3;102.9;105.5;118.2;93.2;98.2;114.7;91.2;94.5;51469.0;Ecole primaire privée Sacré-Coeur;Carvin;062;62215;Pas-de-Calais;Lille;50.491114081775464,2.9576206506216516
2023-2024;9;HAUTS-DE-FRANCE;9;LILLE;62;PAS-DE-CALAIS;62569;MERCK SAINT LIEVIN;0622833T;public;88.9;120.3;102.9;105.5;118.2;93.2;98.2;114.7;91.2;94.5;51488.0;Ecole primaire;Merck-Saint-Liévin;062;62569;Pas-de-Calais;Lille;50.62746596546917,2.1138706937737246
2023-2024;9;HAUTS-DE-FRANCE;9;LILLE;62;PAS-DE-CALAIS;62753;SAINT LAURENT BLANGY;0622847H;public;92.3;120.3;102.9;105.5;118.2;93.2;98.2;114.7;91.2;94.5;51493.0;Ecole primaire Paul Langevin;Saint-Laurent-Blangy;062;62753;Pas-de-Calais;Lille;50.30309083607734,2.794530488459373
2023-2024;9;HAUTS-DE-FRANCE;9;LILLE;62;PAS-DE-CALAIS;62555;MARLES LES MINES;0623445H;public;74.6;120.3;102.9;105.5;118.2;93.2;98.2;114.7;91.2;94.5;51619.0;Ecole primaire Pierre et Marie Curie;Marles-les-Mines;062;62555;Pas-de-Calais;Lille;50.500996797336285,2.490059592251835
2023-2024;9;HAUTS-DE-FRANCE;9;LILLE;62;PAS-DE-CALAIS;62555;MARLES LES MINES;0623447K;public;76.8;120.3;102.9;105.5;118.2;93.2;98.2;114.7;91.2;94.5;51621.0;Ecole élémentaire René Camphin;Marles-les-Mines;062;62555;Pas-de-Calais;Lille;50.51298529880932,2.51098051501575
2023-2024;9;HAUTS-DE-FRANCE;9;LILLE;62;PAS-DE-CALAIS;62274;DOURGES;0623524U;public;99.4;120.3;102.9;105.5;118.2;93.2;98.2;114.7;91.2;94.5;51654.0;Ecole élémentaire Jules Ferry;Dourges;062;62274;Pas-de-Calais;Lille;50.43370533134946,2.988260177115309
2023-2024;9;HAUTS-DE-FRANCE;9;LILLE;62;PAS-DE-CALAIS;62473;ISBERGUES;0623758Y;privé sous contrat;98.5;120.3;102.9;105.5;118.2;93.2;98.2;114.7;91.2;94.5;51683.0;Ecole primaire privée Saint Eloi-Sainte Isbergue;Isbergues;062;62473;Pas-de-Calais;Lille;50.62053944678179,2.456649305354922
2023-2024;9;HAUTS-DE-FRANCE;9;LILLE;62;PAS-DE-CALAIS;62373;GIVENCHY LES LA BASSEE;0623905H;public;104.5;120.3;102.9;105.5;118.2;93.2;98.2;114.7;91.2;94.5;51737.0;Ecole primaire;Givenchy-lès-la-Bassée;062;62373;Pas-de-Calais;Lille;50.52851248418031,2.7597001935059713
2023-2024;9;HAUTS-DE-FRANCE;9;LILLE;62;PAS-DE-CALAIS;62188;BURBURE;0624114K;public;88.6;120.3;102.9;105.5;118.2;93.2;98.2;114.7;91.2;94.5;51770.0;Ecole primaire Delobelle-Maquet;Burbure;062;62188;Pas-de-Calais;Lille;50.538255599818775,2.465070026659651
2023-2024;9;HAUTS-DE-FRANCE;9;LILLE;62;PAS-DE-CALAIS;62510;LIEVIN;0624145U;public;75.0;120.3;102.9;105.5;118.2;93.2;98.2;114.7;91.2;94.5;51781.0;Ecole élémentaire Floréal-Prairial;Liévin;062;62510;Pas-de-Calais;Lille;50.42092714700939,2.791410388503193
2023-2024;9;HAUTS-DE-FRANCE;9;LILLE;62;PAS-DE-CALAIS;62672;PUISIEUX;0620660F;public;;120.3;102.9;105.5;118.2;93.2;98.2;114.7;91.2;94.5;51001.0;Ecole primaire RPI 24;Puisieux;062;62672;Pas-de-Calais;Lille;50.11636235228701,2.693909395751851
2023-2024;9;HAUTS-DE-FRANCE;9;LILLE;62;PAS-DE-CALAIS;62072;BAILLEULMONT;0620698X;public;;120.3;102.9;105.5;118.2;93.2;98.2;114.7;91.2;94.5;51010.0;Ecole primaire La Fontaine RPI 57;Bailleulmont;062;62072;Pas-de-Calais;Lille;50.21607225631422,2.612349599394396
2023-2024;9;HAUTS-DE-FRANCE;9;LILLE;62;PAS-DE-CALAIS;62268;DESVRES;0620886B;public;;120.3;102.9;105.5;118.2;93.2;98.2;114.7;91.2;94.5;51051.0;Ecole élémentaire Madame de Sévigné;Desvres;062;62268;Pas-de-Calais;Lille;50.66840175110839,1.8311505159418873
2023-2024;9;HAUTS-DE-FRANCE;9;LILLE;62;PAS-DE-CALAIS;62748;SAINT FOLQUIN;0621098G;public;108.9;120.3;102.9;105.5;118.2;93.2;98.2;114.7;91.2;94.5;51107.0;Ecole primaire Jacques Brel;Saint-Folquin;062;62748;Pas-de-Calais;Lille;50.94599206959091,2.12474070027083
2023-2024;9;HAUTS-DE-FRANCE;9;LILLE;62;PAS-DE-CALAIS;62667;LE PORTEL;0621258F;public;78.4;120.3;102.9;105.5;118.2;93.2;98.2;114.7;91.2;94.5;51153.0;Ecole élémentaire Aristide Vallois;Le Portel;062;62667;Pas-de-Calais;Lille;50.706575592004874,1.576789497990337
2023-2024;9;HAUTS-DE-FRANCE;9;LILLE;62;PAS-DE-CALAIS;62793;SERVINS;0621562L;public;110.6;120.3;102.9;105.5;118.2;93.2;98.2;114.7;91.2;94.5;51221.0;Ecole primaire Les Quatre Vents;Servins;062;62793;Pas-de-Calais;Lille;50.40826068626167,2.6391893024080586
2023-2024;9;HAUTS-DE-FRANCE;9;LILLE;62;PAS-DE-CALAIS;62139;BLENDECQUES;0621691B;public;80.8;120.3;102.9;105.5;118.2;93.2;98.2;114.7;91.2;94.5;51255.0;Ecole élémentaire Rachid Ben Amor;Blendecques;062;62139;Pas-de-Calais;Lille;50.71624562318788,2.281069362189277
2023-2024;9;HAUTS-DE-FRANCE;9;LILLE;62;PAS-DE-CALAIS;62247;COUPELLE VIEILLE;0621774S;public;89.8;120.3;102.9;105.5;118.2;93.2;98.2;114.7;91.2;94.5;51280.0;Ecole primaire;Coupelle-Vieille;062;62247;Pas-de-Calais;Lille;50.52403840585831,2.0995593199120446
2023-2024;9;HAUTS-DE-FRANCE;9;LILLE;62;PAS-DE-CALAIS;62419;HAUT LOQUIN;0621858H;public;78.6;120.3;102.9;105.5;118.2;93.2;98.2;114.7;91.2;94.5;51298.0;Ecole élémentaire RPI 110;Haut-Loquin;062;62419;Pas-de-Calais;Lille;50.740888954805115,1.9695501229266743
2023-2024;9;HAUTS-DE-FRANCE;9;LILLE;62;PAS-DE-CALAIS;62099;BEAURAINS;0622449A;public;98.7;120.3;102.9;105.5;118.2;93.2;98.2;114.7;91.2;94.5;51370.0;Ecole primaire Jean Haniquaut;Beaurains;062;62099;Pas-de-Calais;Lille;50.264591603592045,2.7804003199057687
2023-2024;9;HAUTS-DE-FRANCE;9;LILLE;62;PAS-DE-CALAIS;62516;LILLERS;0622666L;privé sous contrat;99.1;120.3;102.9;105.5;118.2;93.2;98.2;114.7;91.2;94.5;51422.0;Ecole primaire privée Saint Joseph;Lillers;062;62516;Pas-de-Calais;Lille;50.56524421181378,2.482200296768728
2023-2024;9;HAUTS-DE-FRANCE;9;LILLE;62;PAS-DE-CALAIS;62126;BEUVRY;0622915G;public;94.5;120.3;102.9;105.5;118.2;93.2;98.2;114.7;91.2;94.5;51504.0;Ecole primaire André Chenier;Beuvry;062;62126;Pas-de-Calais;Lille;50.528173957236476,2.7044406238992287
2023-2024;9;HAUTS-DE-FRANCE;9;LILLE;62;PAS-DE-CALAIS;62295;ENQUIN LEZ GUINEGATTE;0622961G;public;98.3;120.3;102.9;105.5;118.2;93.2;98.2;114.7;91.2;94.5;51516.0;Ecole primaire - Regroupement Pédagogique Intercommunal Concentré (RPC) de l'Hermitage de ENQUIN-LEZ-GUINEGATTE;Enquin-lez-Guinegatte;062;62295;Pas-de-Calais;Lille;50.58598093451573,2.2939893923099457
2023-2024;9;HAUTS-DE-FRANCE;9;LILLE;62;PAS-DE-CALAIS;62656;PIHEM;0622981D;public;105.1;120.3;102.9;105.5;118.2;93.2;98.2;114.7;91.2;94.5;51526.0;Ecole primaire Jacques Brel;Pihem;062;62656;Pas-de-Calais;Lille;50.68133941378536,2.2117996160351705
2023-2024;9;HAUTS-DE-FRANCE;9;LILLE;62;PAS-DE-CALAIS;62371;GIVENCHY EN GOHELLE;0623437Z;public;115.1;120.3;102.9;105.5;118.2;93.2;98.2;114.7;91.2;94.5;51614.0;Ecole élémentaire Sévigné-Buisson;Givenchy-en-Gohelle;062;62371;Pas-de-Calais;Lille;50.39184840330408,2.773249350051208
2023-2024;9;HAUTS-DE-FRANCE;9;LILLE;62;PAS-DE-CALAIS;62491;LAVENTIE;0623810E;public;108.4;120.3;102.9;105.5;118.2;93.2;98.2;114.7;91.2;94.5;51702.0;Ecole primaire Henri Puchois;Laventie;062;62491;Pas-de-Calais;Lille;50.62424197521637,2.7709194353945303
2023-2024;9;HAUTS-DE-FRANCE;9;LILLE;62;PAS-DE-CALAIS;62351;FOUQUIERES LES LENS;0623825W;public;77.4;120.3;102.9;105.5;118.2;93.2;98.2;114.7;91.2;94.5;51707.0;Ecole élémentaire Jules Ferry;Fouquières-lès-Lens;062;62351;Pas-de-Calais;Lille;50.42310763606092,2.8988504607121715
2023-2024;9;HAUTS-DE-FRANCE;9;LILLE;62;PAS-DE-CALAIS;62224;CHOCQUES;0623887N;public;91.7;120.3;102.9;105.5;118.2;93.2;98.2;114.7;91.2;94.5;51729.0;Ecole élémentaire Françoise Dolto;Chocques;062;62224;Pas-de-Calais;Lille;50.54052632808338,2.5743305888402364
2023-2024;9;HAUTS-DE-FRANCE;9;LILLE;62;PAS-DE-CALAIS;62711;RINXENT;0623953K;public;92.9;120.3;102.9;105.5;118.2;93.2;98.2;114.7;91.2;94.5;51744.0;Groupe scolaire Jacques Brel;Rinxent;062;62711;Pas-de-Calais;Lille;50.804931698239415,1.738380194580165
2023-2024;9;HAUTS-DE-FRANCE;9;LILLE;62;PAS-DE-CALAIS;62117;BERTINCOURT;0623972F;public;89.8;120.3;102.9;105.5;118.2;93.2;98.2;114.7;91.2;94.5;51746.0;Ecole primaire - Regroupement Pédagogique Intercommunal Concentré (RPC) de BERTINCOURT;Bertincourt;062;62117;Pas-de-Calais;Lille;50.08778342019777,2.9807101971781154
2023-2024;9;HAUTS-DE-FRANCE;9;LILLE;62;PAS-DE-CALAIS;62049;AUCHY AU BOIS;0624206K;public;95.3;120.3;102.9;105.5;118.2;93.2;98.2;114.7;91.2;94.5;51795.0;Ecole élémentaire du Vert Bocage RPI 135;Auchy-au-Bois;062;62049;Pas-de-Calais;Lille;50.55109199145976,2.3705594060860533
2023-2024;9;HAUTS-DE-FRANCE;9;LILLE;59;NORD;59589;THIANT;0595114N;public;97.0;120.3;102.9;105.5;118.2;93.2;98.2;119.4;94.4;100.2;50037.0;Ecole élémentaire Gustave Ansart;Thiant;059;59589;Nord;Lille;50.30130522005672,3.446230311528889
2023-2024;9;HAUTS-DE-FRANCE;9;LILLE;59;NORD;59659;WIGNEHIES;0595375X;public;82.9;120.3;102.9;105.5;118.2;93.2;98.2;119.4;94.4;100.2;50068.0;Ecole élémentaire du Terne;Wignehies;059;59659;Nord;Lille;50.01480787493573,4.0113894307932165
2023-2024;9;HAUTS-DE-FRANCE;9;LILLE;59;NORD;59189;EECKE;0596297Z;public;114.0;120.3;102.9;105.5;118.2;93.2;98.2;119.4;94.4;100.2;50147.0;Ecole primaire Paul Delmaere;Eecke;059;59189;Nord;Lille;50.77946096710266,2.5974995614510523
2023-2024;9;HAUTS-DE-FRANCE;9;LILLE;59;NORD;59350;LILLE;0596419G;privé sous contrat;126.2;120.3;102.9;105.5;118.2;93.2;98.2;119.4;94.4;100.2;50172.0;Ecole primaire privée La Salle;Lille;059;59350;Nord;Lille;50.62478507478894,3.0405296850777144
2023-2024;9;HAUTS-DE-FRANCE;9;LILLE;59;NORD;59179;DOUCHY LES MINES;0596470M;public;78.9;120.3;102.9;105.5;118.2;93.2;98.2;119.4;94.4;100.2;50189.0;Ecole élémentaire Jules Mousseron;Douchy-les-Mines;059;59179;Nord;Lille;50.301476398611044,3.3975204301750304
2023-2024;9;HAUTS-DE-FRANCE;9;LILLE;59;NORD;59178;DOUAI;0596510F;public;100.7;120.3;102.9;105.5;118.2;93.2;98.2;119.4;94.4;100.2;50204.0;Ecole élémentaire d'application Jean Jaurès;Douai;059;59178;Nord;Lille;50.36304881625106,3.084670105119726
2023-2024;9;HAUTS-DE-FRANCE;9;LILLE;59;NORD;59008;ANICHE;0590303J;public;80.2;120.3;102.9;105.5;118.2;93.2;98.2;119.4;94.4;100.2;48992.0;Ecole élémentaire François Wartel;Aniche;059;59008;Nord;Lille;50.33677511032325,3.2526694563825167
2023-2024;9;HAUTS-DE-FRANCE;9;LILLE;59;NORD;59183;DUNKERQUE;0590320C;public;72.1;120.3;102.9;105.5;118.2;93.2;98.2;119.4;94.4;100.2;49001.0;Ecole primaire André Nita;Dunkerque;059;59183;Nord;Lille;51.02578865834141,2.378069469866218
2023-2024;9;HAUTS-DE-FRANCE;9;LILLE;59;NORD;59088;BOIS GRENIER;0590676P;public;126.1;120.3;102.9;105.5;118.2;93.2;98.2;119.4;94.4;100.2;49067.0;Ecole primaire;Bois-Grenier;059;59088;Nord;Lille;50.64912013884298,2.873530303997076
2023-2024;9;HAUTS-DE-FRANCE;9;LILLE;59;NORD;59091;BORRE;0590680U;public;105.3;120.3;102.9;105.5;118.2;93.2;98.2;119.4;94.4;100.2;49069.0;Ecole primaire René Delhay;Borre;059;59091;Nord;Lille;50.727999388669595,2.584390523261333
2023-2024;9;HAUTS-DE-FRANCE;9;LILLE;59;NORD;59111;BROXEELE;0590715G;public;;120.3;102.9;105.5;118.2;93.2;98.2;119.4;94.4;100.2;49082.0;Ecole primaire;Broxeele;059;59111;Nord;Lille;50.83081489010064,2.3207000265987228
2023-2024;9;HAUTS-DE-FRANCE;9;LILLE;59;NORD;59182;DRINCHAM;0590957V;public;;120.3;102.9;105.5;118.2;93.2;98.2;119.4;94.4;100.2;49135.0;Ecole primaire;Drincham;059;59182;Nord;Lille;50.90602374833698,2.308719330557473
2023-2024;9;HAUTS-DE-FRANCE;9;LILLE;59;NORD;59281;HANTAY;0591318M;public;110.4;120.3;102.9;105.5;118.2;93.2;98.2;119.4;94.4;100.2;49207.0;Ecole primaire Jean Macé;Hantay;059;59281;Nord;Lille;50.53350011667309,2.8676203484164495
2023-2024;9;HAUTS-DE-FRANCE;9;LILLE;59;NORD;59293;HAVERSKERQUE;0591361J;public;100.1;120.3;102.9;105.5;118.2;93.2;98.2;119.4;94.4;100.2;49216.0;Ecole primaire Antoine de Saint Exupéry;Haverskerque;059;59293;Nord;Lille;50.642202088488446,2.5411494602176345
2023-2024;9;HAUTS-DE-FRANCE;9;LILLE;59;NORD;59299;HEM;0591394V;public;80.5;120.3;102.9;105.5;118.2;93.2;98.2;119.4;94.4;100.2;49220.0;Ecole élémentaire Marie Curie;Hem;059;59299;Nord;Lille;50.66636810481166,3.19396060329831
2023-2024;9;HAUTS-DE-FRANCE;9;LILLE;59;NORD;59325;JOLIMETZ;0591465X;public;121.4;120.3;102.9;105.5;118.2;93.2;98.2;119.4;94.4;100.2;49230.0;Ecole primaire des Cerisiers;Jolimetz;059;59325;Nord;Lille;50.22817459941647,3.6774605555617166
2023-2024;9;HAUTS-DE-FRANCE;9;LILLE;59;NORD;59331;LANDRECIES;0591493C;public;83.7;120.3;102.9;105.5;118.2;93.2;98.2;119.4;94.4;100.2;49233.0;Ecole primaire Emilienne Bonnaire;Landrecies;059;59331;Nord;Lille;50.12345306592388,3.688090442429629
2023-2024;9;HAUTS-DE-FRANCE;9;LILLE;59;NORD;59354;LOFFRE;0591650Y;public;112.1;120.3;102.9;105.5;118.2;93.2;98.2;119.4;94.4;100.2;49261.0;Ecole primaire Henri Matisse;Loffre;059;59354;Nord;Lille;50.35590733334939,3.173579595668976
2023-2024;9;HAUTS-DE-FRANCE;9;LILLE;59;NORD;59386;MARQUETTE LEZ LILLE;0591790A;public;112.5;120.3;102.9;105.5;118.2;93.2;98.2;119.4;94.4;100.2;49289.0;Groupe scolaire Alouettes - Paul Bert;Marquette-lez-Lille;059;59386;Nord;Lille;50.677999227491334,3.0605694865528927
2023-2024;9;HAUTS-DE-FRANCE;9;LILLE;59;NORD;59429;NEUVILLE SUR ESCAUT;0591920S;public;;120.3;102.9;105.5;118.2;93.2;98.2;119.4;94.4;100.2;49309.0;Ecole primaire Pasteur;Neuville-sur-Escaut;059;59429;Nord;Lille;50.28063419592644,3.338540270352698
2023-2024;9;HAUTS-DE-FRANCE;9;LILLE;59;NORD;59491;RAISMES;0591984L;public;77.9;120.3;102.9;105.5;118.2;93.2;98.2;119.4;94.4;100.2;49330.0;Ecole primaire Paul Langevin;Raismes;059;59491;Nord;Lille;50.403349614354966,3.457949668278903
2023-2024;9;HAUTS-DE-FRANCE;9;LILLE;59;NORD;59520;RUMILLY EN CAMBRESIS;0592126R;public;94.6;120.3;102.9;105.5;118.2;93.2;98.2;119.4;94.4;100.2;49373.0;Ecole primaire Jules Ferry;Rumilly-en-Cambrésis;059;59520;Nord;Lille;50.12667902822777,3.218860520302172
2023-2024;9;HAUTS-DE-FRANCE;9;LILLE;59;NORD;59581;STEENWERCK;0592296A;public;108.2;120.3;102.9;105.5;118.2;93.2;98.2;119.4;94.4;100.2;49413.0;Ecole primaire du Tilleul;Steenwerck;059;59581;Nord;Lille;50.67556743535019,2.7907304580068946
2023-2024;9;HAUTS-DE-FRANCE;9;LILLE;59;NORD;59599;TOURCOING;0592373J;public;;120.3;102.9;105.5;118.2;93.2;98.2;119.4;94.4;100.2;49437.0;Ecole primaire Jules Ferry niveau 1;Tourcoing;059;59599;Nord;Lille;50.73126602743487,3.1806406142327366
2023-2024;9;HAUTS-DE-FRANCE;9;LILLE;59;NORD;59650;WATTRELOS;0592514M;public;80.6;120.3;102.9;105.5;118.2;93.2;98.2;119.4;94.4;100.2;49471.0;Ecole primaire Léo Lagrange;Wattrelos;059;59650;Nord;Lille;50.71317495075918,3.181527991987998
2023-2024;9;HAUTS-DE-FRANCE;9;LILLE;62;PAS-DE-CALAIS;62869;WAILLY;0620741U;public;116.6;120.3;102.9;105.5;118.2;93.2;98.2;114.7;91.2;94.5;51022.0;Ecole primaire Robert Doisneau;Wailly;062;62869;Pas-de-Calais;Lille;50.245908663420565,2.7237093877249734
2023-2024;9;HAUTS-DE-FRANCE;9;LILLE;62;PAS-DE-CALAIS;62161;BOUQUEHAULT;0621028F;public;86.6;120.3;102.9;105.5;118.2;93.2;98.2;114.7;91.2;94.5;51090.0;Ecole primaire;Bouquehault;062;62161;Pas-de-Calais;Lille;50.828203808547656,1.9100896164210734
2023-2024;9;HAUTS-DE-FRANCE;9;LILLE;62;PAS-DE-CALAIS;62244;COULOGNE;0621152R;public;104.2;120.3;102.9;105.5;118.2;93.2;98.2;114.7;91.2;94.5;51127.0;Ecole élémentaire Centre;Coulogne;062;62244;Pas-de-Calais;Lille;50.92477690201407,1.8882505774169829
2023-2024;9;HAUTS-DE-FRANCE;9;LILLE;62;PAS-DE-CALAIS;62498;LENS;0621336R;public;80.3;120.3;102.9;105.5;118.2;93.2;98.2;114.7;91.2;94.5;51172.0;Ecole élémentaire Marie Curie;Lens;062;62498;Pas-de-Calais;Lille;50.43371596710109,2.80530956423364
2023-2024;9;HAUTS-DE-FRANCE;9;LILLE;62;PAS-DE-CALAIS;62215;CARVIN;0621357N;public;98.7;120.3;102.9;105.5;118.2;93.2;98.2;114.7;91.2;94.5;51176.0;Ecole élémentaire Michel de Montaigne;Carvin;062;62215;Pas-de-Calais;Lille;50.48967675325869,2.952020498711485
2023-2024;9;HAUTS-DE-FRANCE;9;LILLE;62;PAS-DE-CALAIS;62413;HARNES;0621371D;public;75.6;120.3;102.9;105.5;118.2;93.2;98.2;114.7;91.2;94.5;51181.0;Ecole élémentaire Louis Pasteur;Harnes;062;62413;Pas-de-Calais;Lille;50.44355890232508,2.887600083149626
2023-2024;9;HAUTS-DE-FRANCE;9;LILLE;62;PAS-DE-CALAIS;62892;WILLERVAL;0621451R;public;119.6;120.3;102.9;105.5;118.2;93.2;98.2;114.7;91.2;94.5;51203.0;Ecole élémentaire RPI 91;Willerval;062;62892;Pas-de-Calais;Lille;50.3553874613417,2.8417404601043925
2023-2024;9;HAUTS-DE-FRANCE;9;LILLE;62;PAS-DE-CALAIS;62502;LESTREM;0621514J;public;105.6;120.3;102.9;105.5;118.2;93.2;98.2;114.7;91.2;94.5;51210.0;Ecole élémentaire René Flament - Regroupement Pédagogique Intercommunal Concentré (RPC) de LESTREM;Lestrem;062;62502;Pas-de-Calais;Lille;50.616490087929016,2.6832898561436083
2023-2024;9;HAUTS-DE-FRANCE;9;LILLE;62;PAS-DE-CALAIS;62529;LORGIES;0621517M;public;112.0;120.3;102.9;105.5;118.2;93.2;98.2;114.7;91.2;94.5;51211.0;Ecole primaire le Frenelet;Lorgies;062;62529;Pas-de-Calais;Lille;50.56780038802957,2.791280399325527
2023-2024;9;HAUTS-DE-FRANCE;9;LILLE;62;PAS-DE-CALAIS;62536;MAGNICOURT EN COMTE;0621916W;public;95.1;120.3;102.9;105.5;118.2;93.2;98.2;114.7;91.2;94.5;51316.0;Ecole primaire - Regroupement Pédagogique Intercommunal Concentré (RPC) de MAGNICOURT-EN-COMTE;Magnicourt-en-Comte;062;62536;Pas-de-Calais;Lille;50.403414223568035,2.487850122076861
2023-2024;9;HAUTS-DE-FRANCE;9;LILLE;62;PAS-DE-CALAIS;62580;MONCHY BRETON;0621919Z;public;99.9;120.3;102.9;105.5;118.2;93.2;98.2;114.7;91.2;94.5;51317.0;Ecole élémentaire RPI 122;Monchy-Breton;062;62580;Pas-de-Calais;Lille;50.400795100681286,2.4397699123796572
2023-2024;9;HAUTS-DE-FRANCE;9;LILLE;62;PAS-DE-CALAIS;62743;SAINTE AUSTREBERTHE;0621998K;public;;120.3;102.9;105.5;118.2;93.2;98.2;114.7;91.2;94.5;51330.0;Ecole primaire RPI 147;Hesdin-la-Forêt;062;62447;Pas-de-Calais;Lille;50.36357594056847,2.0470298286138604
2023-2024;9;HAUTS-DE-FRANCE;9;LILLE;62;PAS-DE-CALAIS;62119;BETHUNE;0622612C;privé sous contrat;121.4;120.3;102.9;105.5;118.2;93.2;98.2;114.7;91.2;94.5;51397.0;Ecole primaire privée Sainte-Famille;Béthune;062;62119;Pas-de-Calais;Lille;50.52881406696751,2.642829790692822
2023-2024;9;HAUTS-DE-FRANCE;9;LILLE;62;PAS-DE-CALAIS;62502;LESTREM;0622664J;privé sous contrat;119.1;120.3;102.9;105.5;118.2;93.2;98.2;114.7;91.2;94.5;51421.0;Ecole primaire privée Saint Paul - Saint Joseph;Lestrem;062;62502;Pas-de-Calais;Lille;50.62101589824344,2.684680499295832
2023-2024;9;HAUTS-DE-FRANCE;9;LILLE;62;PAS-DE-CALAIS;62706;RICHEBOURG;0622683E;privé sous contrat;;120.3;102.9;105.5;118.2;93.2;98.2;114.7;91.2;94.5;51433.0;Ecole primaire privée Sacré-Coeur;Richebourg;062;62706;Pas-de-Calais;Lille;50.57890959532309,2.74120031699153
2023-2024;9;HAUTS-DE-FRANCE;9;LILLE;62;PAS-DE-CALAIS;62023;ALLOUAGNE;0622701Z;privé sous contrat;105.3;120.3;102.9;105.5;118.2;93.2;98.2;114.7;91.2;94.5;51443.0;Ecole primaire privée Marie Auxiliatrice;Allouagne;062;62023;Pas-de-Calais;Lille;50.52946176253008,2.5103698184913217
2023-2024;9;HAUTS-DE-FRANCE;9;LILLE;62;PAS-DE-CALAIS;62041;ARRAS;0622715P;privé sous contrat;116.7;120.3;102.9;105.5;118.2;93.2;98.2;114.7;91.2;94.5;51450.0;Ecole primaire privée Sainte Bernadette;Arras;062;62041;Pas-de-Calais;Lille;50.29215818044562,2.7527895447063844
2023-2024;9;HAUTS-DE-FRANCE;9;LILLE;62;PAS-DE-CALAIS;62523;LOISON SOUS LENS;0622831R;public;86.7;120.3;102.9;105.5;118.2;93.2;98.2;114.7;91.2;94.5;51487.0;Ecole élémentaire Lino Ventura;Loison-sous-Lens;062;62523;Pas-de-Calais;Lille;50.445595300027534,2.849239826349274
2023-2024;9;HAUTS-DE-FRANCE;9;LILLE;62;PAS-DE-CALAIS;62008;ACQUIN WESTBECOURT;0623410V;public;105.2;120.3;102.9;105.5;118.2;93.2;98.2;114.7;91.2;94.5;51593.0;Ecole élémentaire Centre RPI 132;Acquin-Westbécourt;062;62008;Pas-de-Calais;Lille;50.72865366665691,2.08516952876549
2023-2024;9;HAUTS-DE-FRANCE;9;LILLE;62;PAS-DE-CALAIS;62730;RUMINGHEM;0623829A;public;93.2;120.3;102.9;105.5;118.2;93.2;98.2;114.7;91.2;94.5;51709.0;Ecole primaire Pablo Picasso;Ruminghem;062;62730;Pas-de-Calais;Lille;50.85868373654262,2.157290310784382
2023-2024;9;HAUTS-DE-FRANCE;9;LILLE;62;PAS-DE-CALAIS;62846;VERMELLES;0623876B;public;90.5;120.3;102.9;105.5;118.2;93.2;98.2;114.7;91.2;94.5;51725.0;Ecole élémentaire Centre;Vermelles;062;62846;Pas-de-Calais;Lille;50.48872593420967,2.745440060164451
2023-2024;9;HAUTS-DE-FRANCE;9;LILLE;62;PAS-DE-CALAIS;62383;GOUY SOUS BELLONNE;0624115L;public;114.8;120.3;102.9;105.5;118.2;93.2;98.2;114.7;91.2;94.5;51771.0;Ecole primaire;Gouy-sous-Bellonne;062;62383;Pas-de-Calais;Lille;50.3067353402388,3.0505396791885486
2023-2024;9;HAUTS-DE-FRANCE;9;LILLE;62;PAS-DE-CALAIS;62620;NORRENT FONTES;0624121T;public;100.3;120.3;102.9;105.5;118.2;93.2;98.2;114.7;91.2;94.5;51776.0;Ecole primaire Michel de Montaigne;Norrent-Fontes;062;62620;Pas-de-Calais;Lille;50.58610760054525,2.4078899771130176
2023-2024;9;HAUTS-DE-FRANCE;9;LILLE;62;PAS-DE-CALAIS;62397;GUINES;0624124W;public;78.5;120.3;102.9;105.5;118.2;93.2;98.2;114.7;91.2;94.5;51778.0;Ecole primaire Warnault-du Centre;Guînes;062;62397;Pas-de-Calais;Lille;50.86684603163652,1.8727006042541892
2023-2024;9;HAUTS-DE-FRANCE;9;LILLE;59;NORD;59350;LILLE;0596208C;public;70.0;120.3;102.9;105.5;118.2;93.2;98.2;119.4;94.4;100.2;50138.0;Ecole élémentaire François Launay;Lille;059;59350;Nord;Lille;50.61817103017671,3.07499995879159
2023-2024;9;HAUTS-DE-FRANCE;9;LILLE;59;NORD;59569;SIN LE NOBLE;0594969F;public;75.9;120.3;102.9;105.5;118.2;93.2;98.2;119.4;94.4;100.2;50002.0;Groupe scolaire Paulette Deblock;Sin-le-Noble;059;59569;Nord;Lille;50.34771328128888,3.0974796964704643
2023-2024;9;HAUTS-DE-FRANCE;9;LILLE;59;NORD;59327;LALLAING;0595032Z;public;86.5;120.3;102.9;105.5;118.2;93.2;98.2;119.4;94.4;100.2;50023.0;Ecole élémentaire Albert Camus;Lallaing;059;59327;Nord;Lille;50.3868573735246,3.1557394311922495
2023-2024;9;HAUTS-DE-FRANCE;9;LILLE;59;NORD;59588;TETEGHEM COUDEKERQUE VILLAGE;0595219C;public;66.6;120.3;102.9;105.5;118.2;93.2;98.2;119.4;94.4;100.2;50043.0;Ecole primaire Georges Brassens;Téteghem-Coudekerque-Village;059;59588;Nord;Lille;51.03229798539864,2.4129093203981675
2023-2024;9;HAUTS-DE-FRANCE;9;LILLE;59;NORD;59273;GRAVELINES;0595440T;public;101.2;120.3;102.9;105.5;118.2;93.2;98.2;119.4;94.4;100.2;50070.0;Ecole primaire Les Cygnes du Bois d'Osiers;Gravelines;059;59273;Nord;Lille;51.000535216446536,2.1195193817289852
2023-2024;9;HAUTS-DE-FRANCE;9;LILLE;59;NORD;59239;FLINES LEZ RACHES;0595978C;privé sous contrat;125.9;120.3;102.9;105.5;118.2;93.2;98.2;119.4;94.4;100.2;50115.0;Ecole primaire privée Saint Michel;Flines-lez-Raches;059;59239;Nord;Lille;50.42973292161724,3.1761299962541383
2023-2024;9;HAUTS-DE-FRANCE;9;LILLE;59;NORD;59602;TRESSIN;0596300C;public;133.8;120.3;102.9;105.5;118.2;93.2;98.2;119.4;94.4;100.2;50149.0;Ecole primaire Henri Matisse;Tressin;059;59602;Nord;Lille;50.617747257997344,3.194860458737308
2023-2024;9;HAUTS-DE-FRANCE;9;LILLE;59;NORD;59571;SOLESMES;0596420H;privé sous contrat;114.9;120.3;102.9;105.5;118.2;93.2;98.2;119.4;94.4;100.2;50173.0;Ecole primaire privée Saint Joseph;Solesmes;059;59571;Nord;Lille;50.1846270497398,3.4973493948056045
2023-2024;9;HAUTS-DE-FRANCE;9;LILLE;59;NORD;59183;DUNKERQUE;0596465G;public;83.0;120.3;102.9;105.5;118.2;93.2;98.2;119.4;94.4;100.2;50187.0;Ecole primaire Paul Dessinguez;Dunkerque;059;59183;Nord;Lille;51.0255478933765,2.310679770433728
2023-2024;9;HAUTS-DE-FRANCE;9;LILLE;59;NORD;59606;VALENCIENNES;0596525X;public;90.2;120.3;102.9;105.5;118.2;93.2;98.2;119.4;94.4;100.2;50214.0;Ecole primaire Françoise Badar;Valenciennes;059;59606;Nord;Lille;50.35743338750322,3.520439308701615
2023-2024;9;HAUTS-DE-FRANCE;9;LILLE;62;PAS-DE-CALAIS;62263;DAINVILLE;0620678A;public;113.6;120.3;102.9;105.5;118.2;93.2;98.2;114.7;91.2;94.5;51004.0;Ecole élémentaire Charles de Montesquieu;Dainville;062;62263;Pas-de-Calais;Lille;50.286923947308935,2.7364903167916816
2023-2024;9;HAUTS-DE-FRANCE;9;LILLE;62;PAS-DE-CALAIS;62112;BERLES AU BOIS;0620702B;public;98.3;120.3;102.9;105.5;118.2;93.2;98.2;114.7;91.2;94.5;51012.0;Ecole élémentaire La Fontaine RPI 57;Berles-au-Bois;062;62112;Pas-de-Calais;Lille;50.19917948735871,2.6277402062560133
2023-2024;9;HAUTS-DE-FRANCE;9;LILLE;62;PAS-DE-CALAIS;62424;HENDECOURT LES CAGNICOURT;0620759N;public;;120.3;102.9;105.5;118.2;93.2;98.2;114.7;91.2;94.5;51028.0;Ecole élémentaire RPI 65;Hendecourt-lès-Cagnicourt;062;62424;Pas-de-Calais;Lille;50.20966332523348,2.948120115078121
2023-2024;9;HAUTS-DE-FRANCE;9;LILLE;62;PAS-DE-CALAIS;62489;LAPUGNOY;0620808S;public;98.8;120.3;102.9;105.5;118.2;93.2;98.2;114.7;91.2;94.5;51038.0;Ecole primaire Les Marronniers;Lapugnoy;062;62489;Pas-de-Calais;Lille;50.51578648231452,2.5377996449648217
2023-2024;9;HAUTS-DE-FRANCE;9;LILLE;62;PAS-DE-CALAIS;62880;LE WAST;0620890F;public;112.6;120.3;102.9;105.5;118.2;93.2;98.2;114.7;91.2;94.5;51054.0;Ecole élémentaire RPI 2;Le Wast;062;62880;Pas-de-Calais;Lille;50.75053029881119,1.8019794485599494
2023-2024;9;HAUTS-DE-FRANCE;9;LILLE;62;PAS-DE-CALAIS;62278;DROUVIN LE MARAIS;0620973W;public;101.6;120.3;102.9;105.5;118.2;93.2;98.2;114.7;91.2;94.5;51075.0;Ecole primaire du Wacret;Drouvin-le-Marais;062;62278;Pas-de-Calais;Lille;50.49448646902647,2.628510386323881
2023-2024;9;HAUTS-DE-FRANCE;9;LILLE;62;PAS-DE-CALAIS;62662;POLINCOVE;0621095D;public;99.9;120.3;102.9;105.5;118.2;93.2;98.2;114.7;91.2;94.5;51106.0;Ecole primaire Moulin Bleu;Polincove;062;62662;Pas-de-Calais;Lille;50.855907144174815,2.102019612057027
2023-2024;9;HAUTS-DE-FRANCE;9;LILLE;62;PAS-DE-CALAIS;62193;CALAIS;0621139B;public;75.9;120.3;102.9;105.5;118.2;93.2;98.2;114.7;91.2;94.5;51121.0;Ecole primaire Beau-Marais-Castre;Calais;062;62193;Pas-de-Calais;Lille;50.94227583939113,1.8859337534901095
2023-2024;9;HAUTS-DE-FRANCE;9;LILLE;62;PAS-DE-CALAIS;62587;MONTIGNY EN GOHELLE;0621306H;public;79.0;120.3;102.9;105.5;118.2;93.2;98.2;114.7;91.2;94.5;51168.0;Ecole élémentaire Marcel Cachin;Montigny-en-Gohelle;062;62587;Pas-de-Calais;Lille;50.434181888975466,2.9321394358747863
2023-2024;9;HAUTS-DE-FRANCE;9;LILLE;62;PAS-DE-CALAIS;62148;BOIS BERNARD;0621413Z;public;113.6;120.3;102.9;105.5;118.2;93.2;98.2;114.7;91.2;94.5;51191.0;Ecole primaire Condorcet;Bois-Bernard;062;62148;Pas-de-Calais;Lille;50.38327208632403,2.911870077172141
2023-2024;9;HAUTS-DE-FRANCE;9;LILLE;62;PAS-DE-CALAIS;62570;MERICOURT;0621429S;public;97.6;120.3;102.9;105.5;118.2;93.2;98.2;114.7;91.2;94.5;51196.0;Ecole élémentaire Nelson Mandela;Méricourt;062;62570;Pas-de-Calais;Lille;50.399163896024795,2.874510684684873
2023-2024;9;HAUTS-DE-FRANCE;9;LILLE;62;PAS-DE-CALAIS;62293;EMBRY;0621778W;public;90.4;120.3;102.9;105.5;118.2;93.2;98.2;114.7;91.2;94.5;51281.0;Ecole élémentaire RPI 90;Embry;062;62293;Pas-de-Calais;Lille;50.494982278429006,1.9687305911724735
2023-2024;9;HAUTS-DE-FRANCE;9;LILLE;62;PAS-DE-CALAIS;62534;LUMBRES;0621862M;public;85.9;120.3;102.9;105.5;118.2;93.2;98.2;114.7;91.2;94.5;51299.0;Ecole élémentaire Roger Salengro;Lumbres;062;62534;Pas-de-Calais;Lille;50.704542632362106,2.1205705939584005
2023-2024;9;HAUTS-DE-FRANCE;9;LILLE;62;PAS-DE-CALAIS;62674;QUELMES;0621868U;public;;120.3;102.9;105.5;118.2;93.2;98.2;114.7;91.2;94.5;51300.0;Ecole primaire RPI 132;Quelmes;062;62674;Pas-de-Calais;Lille;50.73303288899916,2.136800360883534
2023-2024;9;HAUTS-DE-FRANCE;9;LILLE;62;PAS-DE-CALAIS;62337;FLERS;0622035A;public;;120.3;102.9;105.5;118.2;93.2;98.2;114.7;91.2;94.5;51339.0;Ecole primaire RPI 4;Flers;062;62337;Pas-de-Calais;Lille;50.3222270275888,2.2548605306228677
2023-2024;9;HAUTS-DE-FRANCE;9;LILLE;62;PAS-DE-CALAIS;62686;RAMECOURT;0622058A;public;94.8;120.3;102.9;105.5;118.2;93.2;98.2;114.7;91.2;94.5;51345.0;Ecole élémentaire RPI 129;Ramecourt;062;62686;Pas-de-Calais;Lille;50.36988769060767,2.314509870995031
2023-2024;9;HAUTS-DE-FRANCE;9;LILLE;62;PAS-DE-CALAIS;62445;HESDIGNEUL LES BETHUNE;0622391M;public;101.2;120.3;102.9;105.5;118.2;93.2;98.2;114.7;91.2;94.5;51364.0;Ecole primaire du Rietz;Hesdigneul-lès-Béthune;062;62445;Pas-de-Calais;Lille;50.501068698251046,2.594479749435666
2023-2024;9;HAUTS-DE-FRANCE;9;LILLE;62;PAS-DE-CALAIS;62765;SAINT OMER;0622587A;privé sous contrat;121.3;120.3;102.9;105.5;118.2;93.2;98.2;114.7;91.2;94.5;51387.0;Ecole primaire privée Immaculée-Conception;Saint-Omer;062;62765;Pas-de-Calais;Lille;50.757951431201214,2.2618897103422513
2023-2024;9;HAUTS-DE-FRANCE;9;LILLE;62;PAS-DE-CALAIS;62170;BOUVIGNY BOYEFFLES;0622620L;privé sous contrat;117.1;120.3;102.9;105.5;118.2;93.2;98.2;114.7;91.2;94.5;51401.0;Ecole primaire privée Sainte-Thérèse;Bouvigny-Boyeffles;062;62170;Pas-de-Calais;Lille;50.421274384098865,2.6688203256306435
2023-2024;9;HAUTS-DE-FRANCE;9;LILLE;62;PAS-DE-CALAIS;62412;HARDINGHEN;0622655Z;privé sous contrat;107.6;120.3;102.9;105.5;118.2;93.2;98.2;114.7;91.2;94.5;51417.0;Ecole primaire privée Saint Joseph;Hardinghen;062;62412;Pas-de-Calais;Lille;50.806099407223016,1.8229563639479887
2023-2024;9;HAUTS-DE-FRANCE;9;LILLE;62;PAS-DE-CALAIS;62491;LAVENTIE;0622659D;privé sous contrat;124.4;120.3;102.9;105.5;118.2;93.2;98.2;114.7;91.2;94.5;51419.0;Ecole primaire privée Sainte Jeanne d'Arc;Laventie;062;62491;Pas-de-Calais;Lille;50.629557810384526,2.7750095122368785
2023-2024;9;HAUTS-DE-FRANCE;9;LILLE;62;PAS-DE-CALAIS;62758;SAINT MARTIN BOULOGNE;0622689L;privé sous contrat;125.3;120.3;102.9;105.5;118.2;93.2;98.2;114.7;91.2;94.5;51437.0;Ecole primaire privée Saint Charles;Saint-Martin-Boulogne;062;62758;Pas-de-Calais;Lille;50.72741548642443,1.631080283809898
2023-2024;9;HAUTS-DE-FRANCE;9;LILLE;62;PAS-DE-CALAIS;62784;SAULTY;0622690M;privé sous contrat;;120.3;102.9;105.5;118.2;93.2;98.2;114.7;91.2;94.5;51438.0;Ecole primaire privée Notre-Dame;Saulty;062;62784;Pas-de-Calais;Lille;50.215022466232966,2.5322396892217784
2023-2024;9;HAUTS-DE-FRANCE;9;LILLE;62;PAS-DE-CALAIS;62587;MONTIGNY EN GOHELLE;0623361S;public;77.8;120.3;102.9;105.5;118.2;93.2;98.2;114.7;91.2;94.5;51581.0;Ecole élémentaire Jacques Duclos;Montigny-en-Gohelle;062;62587;Pas-de-Calais;Lille;50.4207777403726,2.9325396545026443
2023-2024;9;HAUTS-DE-FRANCE;9;LILLE;62;PAS-DE-CALAIS;62103;BEHAGNIES;0623454T;public;95.6;120.3;102.9;105.5;118.2;93.2;98.2;114.7;91.2;94.5;51627.0;Ecole élémentaire RPI 37;Béhagnies;062;62103;Pas-de-Calais;Lille;50.139662180182235,2.829250544342008
2023-2024;9;HAUTS-DE-FRANCE;9;LILLE;62;PAS-DE-CALAIS;62563;MAZINGARBE;0623939V;public;72.1;120.3;102.9;105.5;118.2;93.2;98.2;114.7;91.2;94.5;51740.0;Ecole élémentaire France-Pasteur;Mazingarbe;062;62563;Pas-de-Calais;Lille;50.46969807675695,2.750809042064241
2023-2024;9;HAUTS-DE-FRANCE;9;LILLE;62;PAS-DE-CALAIS;62351;FOUQUIERES LES LENS;0624144T;public;85.3;120.3;102.9;105.5;118.2;93.2;98.2;114.7;91.2;94.5;51780.0;Ecole élémentaire Condorcet-Curie;Fouquières-lès-Lens;062;62351;Pas-de-Calais;Lille;50.42845760722742,2.912579512902496
2023-2024;9;HAUTS-DE-FRANCE;9;LILLE;62;PAS-DE-CALAIS;62203;CAMPAGNE LES GUINES;0624167T;public;;120.3;102.9;105.5;118.2;93.2;98.2;114.7;91.2;94.5;51787.0;Ecole primaire Les Marronniers;Campagne-lès-Guines;062;62203;Pas-de-Calais;Lille;50.84099044872361,1.9041596890763524
2023-2024;9;HAUTS-DE-FRANCE;9;LILLE;59;NORD;59360;LOOS;0592728V;public;74.1;120.3;102.9;105.5;118.2;93.2;98.2;119.4;94.4;100.2;49504.0;Ecole élémentaire Victor Hugo-Sévigné;Loos;059;59360;Nord;Lille;50.606616965632625,3.010609668780984
2023-2024;9;HAUTS-DE-FRANCE;9;LILLE;59;NORD;59574;SOMAIN;0593553S;public;73.5;120.3;102.9;105.5;118.2;93.2;98.2;119.4;94.4;100.2;49553.0;Ecole élémentaire Louis Aragon;Somain;059;59574;Nord;Lille;50.36920195834692,3.2698694853119776
2023-2024;9;HAUTS-DE-FRANCE;9;LILLE;59;NORD;59328;LAMBERSART;0593821H;privé sous contrat;130.6;120.3;102.9;105.5;118.2;93.2;98.2;119.4;94.4;100.2;49651.0;Ecole primaire privée Sacré-Coeur;Lambersart;059;59328;Nord;Lille;50.65119481378463,3.0392001531210173
2023-2024;9;HAUTS-DE-FRANCE;9;LILLE;59;NORD;59646;WASQUEHAL;0593880X;privé sous contrat;137.4;120.3;102.9;105.5;118.2;93.2;98.2;119.4;94.4;100.2;49675.0;Ecole primaire privée Saint Edmond;Wasquehal;059;59646;Nord;Lille;50.66764515814878,3.1290001146869697
2023-2024;9;HAUTS-DE-FRANCE;9;LILLE;59;NORD;59368;LA MADELEINE;0593899T;privé sous contrat;132.0;120.3;102.9;105.5;118.2;93.2;98.2;119.4;94.4;100.2;49682.0;Ecole primaire privée Jeanne d'Arc;La Madeleine;059;59368;Nord;Lille;50.650765736095515,3.0746901227035606
2023-2024;9;HAUTS-DE-FRANCE;9;LILLE;59;NORD;59183;DUNKERQUE;0594001D;privé sous contrat;115.7;120.3;102.9;105.5;118.2;93.2;98.2;119.4;94.4;100.2;49721.0;Ecole primaire privée Sainte Thérèse - Sainte Marie;Dunkerque;059;59183;Nord;Lille;51.0361887716055,2.373849843885496
2023-2024;9;HAUTS-DE-FRANCE;9;LILLE;59;NORD;59343;LESQUIN;0594017W;privé sous contrat;136.8;120.3;102.9;105.5;118.2;93.2;98.2;119.4;94.4;100.2;49725.0;Ecole primaire privée Sainte Philomène;Lesquin;059;59343;Nord;Lille;50.58709499114745,3.119930289532493
2023-2024;9;HAUTS-DE-FRANCE;9;LILLE;59;NORD;59324;JEUMONT;0594043Z;privé sous contrat;96.8;120.3;102.9;105.5;118.2;93.2;98.2;119.4;94.4;100.2;49740.0;Ecole primaire privée Sainte Bernadette;Jeumont;059;59324;Nord;Lille;50.295591822154826,4.10386943682424
2023-2024;9;HAUTS-DE-FRANCE;9;LILLE;59;NORD;59205;ESCAUDAIN;0594185D;public;93.4;120.3;102.9;105.5;118.2;93.2;98.2;119.4;94.4;100.2;49802.0;Ecole primaire Paul Langevin;Escaudain;059;59205;Nord;Lille;50.341771891389776,3.308879729653575
2023-2024;9;HAUTS-DE-FRANCE;9;LILLE;59;NORD;59207;ESCAUTPONT;0594186E;public;73.0;120.3;102.9;105.5;118.2;93.2;98.2;119.4;94.4;100.2;49803.0;Ecole élémentaire Centre;Escautpont;059;59207;Nord;Lille;50.423702063220844,3.5605505322213102
2023-2024;9;HAUTS-DE-FRANCE;9;LILLE;59;NORD;59108;BRIASTRE;0594281H;public;81.7;120.3;102.9;105.5;118.2;93.2;98.2;119.4;94.4;100.2;49847.0;Ecole primaire;Briastre;059;59108;Nord;Lille;50.13373403651939,3.473299802986397
2023-2024;9;HAUTS-DE-FRANCE;9;LILLE;59;NORD;59648;WATTIGNIES;0594321B;public;100.8;120.3;102.9;105.5;118.2;93.2;98.2;119.4;94.4;100.2;49850.0;Ecole primaire George Sand;Wattignies;059;59648;Nord;Lille;50.58552837768855,3.03702028975616
2023-2024;9;HAUTS-DE-FRANCE;9;LILLE;59;NORD;59291;HAUTMONT;0594325F;public;75.8;120.3;102.9;105.5;118.2;93.2;98.2;119.4;94.4;100.2;49852.0;Groupe scolaire Edouard Deniès;Hautmont;059;59291;Nord;Lille;50.245037675762106,3.929879773991567
2023-2024;9;HAUTS-DE-FRANCE;9;LILLE;59;NORD;59295;HAZEBROUCK;0594475U;public;102.8;120.3;102.9;105.5;118.2;93.2;98.2;119.4;94.4;100.2;49876.0;Ecole primaire Buisson - Lamartine;Hazebrouck;059;59295;Nord;Lille;50.72366385794757,2.53817024643094
2023-2024;9;HAUTS-DE-FRANCE;9;LILLE;59;NORD;59445;OHAIN;0594602G;public;95.6;120.3;102.9;105.5;118.2;93.2;98.2;119.4;94.4;100.2;49919.0;Ecole primaire Jacques-Yves Cousteau;Ohain;059;59445;Nord;Lille;50.04032923007645,4.118290007178018
2023-2024;9;HAUTS-DE-FRANCE;9;LILLE;59;NORD;59350;LILLE;0594696J;public;69.8;120.3;102.9;105.5;118.2;93.2;98.2;119.4;94.4;100.2;49944.0;Ecole primaire Richard Wagner;Lille;059;59350;Nord;Lille;50.604410318498736,3.054350486542146
2023-2024;9;HAUTS-DE-FRANCE;9;LILLE;59;NORD;59392;MAUBEUGE;0594709Y;public;93.5;120.3;102.9;105.5;118.2;93.2;98.2;119.4;94.4;100.2;49952.0;Ecole élémentaire Thomas Pesquet;Maubeuge;059;59392;Nord;Lille;50.28694706786215,3.9873697036509115
2023-2024;9;HAUTS-DE-FRANCE;9;LILLE;59;NORD;59126;CANTIN;0594916Y;public;95.3;120.3;102.9;105.5;118.2;93.2;98.2;119.4;94.4;100.2;49979.0;Ecole primaire Jules Ferry;Cantin;059;59126;Nord;Lille;50.3103024579382,3.1276101722200527
2023-2024;9;HAUTS-DE-FRANCE;9;LILLE;59;NORD;59350;LILLE;0594931P;public;102.2;120.3;102.9;105.5;118.2;93.2;98.2;119.4;94.4;100.2;49984.0;Ecole élémentaire Jean Jaurès;Lille;059;59350;Nord;Lille;50.63749590760235,3.0663995449777985
2023-2024;9;HAUTS-DE-FRANCE;9;LILLE;62;PAS-DE-CALAIS;62406;HAMELINCOURT;0620593H;public;104.7;120.3;102.9;105.5;118.2;93.2;98.2;114.7;91.2;94.5;50985.0;Ecole élémentaire RPI 22;Hamelincourt;062;62406;Pas-de-Calais;Lille;50.18311772766307,2.797479508650687
2023-2024;9;HAUTS-DE-FRANCE;9;LILLE;62;PAS-DE-CALAIS;62193;CALAIS;0622954Z;public;72.1;120.3;102.9;105.5;118.2;93.2;98.2;114.7;91.2;94.5;51514.0;Ecole primaire Mouchotte-Gagarine;Calais;062;62193;Pas-de-Calais;Lille;50.95395967070105,1.8974907098269447
2023-2024;9;HAUTS-DE-FRANCE;9;LILLE;62;PAS-DE-CALAIS;62386;GRENAY;0622964K;public;78.0;120.3;102.9;105.5;118.2;93.2;98.2;114.7;91.2;94.5;51518.0;Ecole élémentaire Ferdinand Buisson;Grenay;062;62386;Pas-de-Calais;Lille;50.45177022082005,2.7513194489994635
2023-2024;9;HAUTS-DE-FRANCE;9;LILLE;62;PAS-DE-CALAIS;62310;ESSARS;0623150M;public;95.3;120.3;102.9;105.5;118.2;93.2;98.2;114.7;91.2;94.5;51559.0;Ecole primaire Pierre Bachelet;Essars;062;62310;Pas-de-Calais;Lille;50.54727259385836,2.666069625449678
2023-2024;9;HAUTS-DE-FRANCE;9;LILLE;59;NORD;59051;LA BASSEE;0590602J;public;86.7;120.3;102.9;105.5;118.2;93.2;98.2;119.4;94.4;100.2;49053.0;Ecole élémentaire Jules Verne;La Bassée;059;59051;Nord;Lille;50.532854469983235,2.8032094421006883
2023-2024;9;HAUTS-DE-FRANCE;9;LILLE;59;NORD;59112;BRUAY SUR L ESCAUT;0590717J;public;81.0;120.3;102.9;105.5;118.2;93.2;98.2;119.4;94.4;100.2;49084.0;Ecole élémentaire Léo Lagrange;Bruay-sur-l'Escaut;059;59112;Nord;Lille;50.39608359115589,3.53390057105754
2023-2024;9;HAUTS-DE-FRANCE;9;LILLE;59;NORD;59115;BRUNEMONT;0590733B;public;105.8;120.3;102.9;105.5;118.2;93.2;98.2;119.4;94.4;100.2;49086.0;Ecole primaire Valmuse;Brunémont;059;59115;Nord;Lille;50.272042034169566,3.1397694105321543
2023-2024;9;HAUTS-DE-FRANCE;9;LILLE;59;NORD;59131;CAPPELLE LA GRANDE;0590789M;public;94.5;120.3;102.9;105.5;118.2;93.2;98.2;119.4;94.4;100.2;49096.0;Ecole élémentaire Joliot-Curie;Cappelle-la-Grande;059;59131;Nord;Lille;50.99920068242841,2.3812797908819765
2023-2024;9;HAUTS-DE-FRANCE;9;LILLE;59;NORD;59141;CAUROIR;0590825B;public;106.4;120.3;102.9;105.5;118.2;93.2;98.2;119.4;94.4;100.2;49106.0;Ecole primaire Yvonne Pagniez;Cauroir;059;59141;Nord;Lille;50.17606140233991,3.2992593312899507
2023-2024;9;HAUTS-DE-FRANCE;9;LILLE;59;NORD;59172;DENAIN;0590921F;public;62.7;120.3;102.9;105.5;118.2;93.2;98.2;119.4;94.4;100.2;49128.0;Ecole élémentaire Emile Zola;Denain;059;59172;Nord;Lille;50.32645801348321,3.3992105449970795
2023-2024;9;HAUTS-DE-FRANCE;9;LILLE;59;NORD;59226;FELLERIES;0591156L;public;92.2;120.3;102.9;105.5;118.2;93.2;98.2;119.4;94.4;100.2;49172.0;Ecole primaire;Felleries;059;59226;Nord;Lille;50.145927027351284,4.028719615924544
2023-2024;9;HAUTS-DE-FRANCE;9;LILLE;59;NORD;59249;FOURMIES;0591218D;public;75.0;120.3;102.9;105.5;118.2;93.2;98.2;119.4;94.4;100.2;49179.0;Ecole primaire Georges Brassens;Fourmies;059;59249;Nord;Lille;50.010325840479375,4.045910465682669
2023-2024;9;HAUTS-DE-FRANCE;9;LILLE;59;NORD;59253;FRESNES SUR ESCAUT;0591233V;public;77.7;120.3;102.9;105.5;118.2;93.2;98.2;119.4;94.4;100.2;49188.0;Ecole primaire Daniel Fery - Le Trieu;Fresnes-sur-Escaut;059;59253;Nord;Lille;50.435205222540674,3.556010594604681
2023-2024;9;HAUTS-DE-FRANCE;9;LILLE;59;NORD;59365;LOUVROIL;0591706J;public;72.3;120.3;102.9;105.5;118.2;93.2;98.2;119.4;94.4;100.2;49273.0;Ecole primaire Mespreuven-Eluard;Louvroil;059;59365;Nord;Lille;50.25894904848234,3.9474396764973765
2023-2024;9;HAUTS-DE-FRANCE;9;LILLE;59;NORD;59392;MAUBEUGE;0591828S;public;63.9;120.3;102.9;105.5;118.2;93.2;98.2;119.4;94.4;100.2;49291.0;Ecole élémentaire Georges Brassens - Marie-Louise Piotte;Maubeuge;059;59392;Nord;Lille;50.270013881825015,3.946250012158744
2023-2024;9;HAUTS-DE-FRANCE;9;LILLE;59;NORD;59482;QUESNOY SUR DEULE;0591972Y;public;105.3;120.3;102.9;105.5;118.2;93.2;98.2;119.4;94.4;100.2;49325.0;Ecole élémentaire Jules Ferry;Quesnoy-sur-Deûle;059;59482;Nord;Lille;50.71451880568577,2.998699733872207
2023-2024;9;HAUTS-DE-FRANCE;9;LILLE;59;NORD;59524;SAINGHIN EN WEPPES;0592137C;public;112.7;120.3;102.9;105.5;118.2;93.2;98.2;119.4;94.4;100.2;49376.0;Ecole élémentaire Yann Arthus-Bertrand;Sainghin-en-Weppes;059;59524;Nord;Lille;50.563320393624444,2.9018446272510645
2023-2024;9;HAUTS-DE-FRANCE;9;LILLE;59;NORD;59534;SAINT HILAIRE SUR HELPE;0592168L;public;102.8;120.3;102.9;105.5;118.2;93.2;98.2;119.4;94.4;100.2;49384.0;Ecole primaire;Saint-Hilaire-sur-Helpe;059;59534;Nord;Lille;50.1319058255211,3.904019633097368
2023-2024;9;HAUTS-DE-FRANCE;9;LILLE;59;NORD;59535;SAINT JANS CAPPEL;0592171P;public;104.7;120.3;102.9;105.5;118.2;93.2;98.2;119.4;94.4;100.2;49385.0;Ecole primaire Jules Sagary;Saint-Jans-Cappel;059;59535;Nord;Lille;50.76442416553468,2.7204295937451572
2023-2024;9;HAUTS-DE-FRANCE;9;LILLE;59;NORD;59542;SAINT REMY CHAUSSEE;0592193N;public;100.3;120.3;102.9;105.5;118.2;93.2;98.2;119.4;94.4;100.2;49391.0;Ecole primaire Les Hirondelles;Saint-Remy-Chaussée;059;59542;Nord;Lille;50.17283045730653,3.874019704986062
2023-2024;9;HAUTS-DE-FRANCE;9;LILLE;59;NORD;59620;VILLERS AU TERTRE;0592463G;public;103.2;120.3;102.9;105.5;118.2;93.2;98.2;119.4;94.4;100.2;49458.0;Ecole primaire;Villers-au-Tertre;059;59620;Nord;Lille;50.30243796362065,3.1796902333290267
2023-2024;9;HAUTS-DE-FRANCE;9;LILLE;59;NORD;59650;WATTRELOS;0592515N;public;88.1;120.3;102.9;105.5;118.2;93.2;98.2;119.4;94.4;100.2;49472.0;Ecole élémentaire Jean Zay;Wattrelos;059;59650;Nord;Lille;50.714695638675586,3.181099602494258
2023-2024;9;HAUTS-DE-FRANCE;9;LILLE;59;NORD;59652;WAVRECHAIN SOUS FAULX;0592557J;public;;120.3;102.9;105.5;118.2;93.2;98.2;119.4;94.4;100.2;49478.0;Ecole primaire Henri Matisse;Wavrechain-sous-Faulx;059;59652;Nord;Lille;50.272500397483284,3.2844900991247012
2023-2024;9;HAUTS-DE-FRANCE;9;LILLE;59;NORD;59264;GOGNIES CHAUSSEE;0592605L;public;107.6;120.3;102.9;105.5;118.2;93.2;98.2;119.4;94.4;100.2;49487.0;Ecole primaire;Gognies-Chaussée;059;59264;Nord;Lille;50.34048722899484,3.9440299314373606
2023-2024;9;HAUTS-DE-FRANCE;9;LILLE;59;NORD;59499;REXPOEDE;0593551P;public;97.3;120.3;102.9;105.5;118.2;93.2;98.2;119.4;94.4;100.2;49551.0;Ecole primaire Victor Hugo;Rexpoëde;059;59499;Nord;Lille;50.9341113813725,2.5257703451445077
2023-2024;9;HAUTS-DE-FRANCE;9;LILLE;59;NORD;59260;GHYVELDE;0593621R;public;104.3;120.3;102.9;105.5;118.2;93.2;98.2;119.4;94.4;100.2;49572.0;Ecole élémentaire Bruneel;Ghyvelde;059;59260;Nord;Lille;51.04985737755075,2.525790241025467
2023-2024;9;HAUTS-DE-FRANCE;9;LILLE;59;NORD;59389;MASNIERES;0593625V;public;93.1;120.3;102.9;105.5;118.2;93.2;98.2;119.4;94.4;100.2;49574.0;Ecole élémentaire Hostetter;Masnières;059;59389;Nord;Lille;50.113380461080894,3.212680510266238
2023-2024;9;HAUTS-DE-FRANCE;9;LILLE;59;NORD;59122;CAMBRAI;0593699A;privé sous contrat;115.8;120.3;102.9;105.5;118.2;93.2;98.2;119.4;94.4;100.2;49596.0;Ecole primaire privée Saint Joseph;Cambrai;059;59122;Nord;Lille;50.178699452368406,3.2162994343243736
2023-2024;9;HAUTS-DE-FRANCE;9;LILLE;59;NORD;59178;DOUAI;0593733M;privé sous contrat;126.8;120.3;102.9;105.5;118.2;93.2;98.2;119.4;94.4;100.2;49612.0;Ecole primaire privée Saint Jean;Douai;059;59178;Nord;Lille;50.36955226931116,3.0859695840732506
2023-2024;9;HAUTS-DE-FRANCE;9;LILLE;59;NORD;59034;AVELIN;0593759R;privé sous contrat;141.5;120.3;102.9;105.5;118.2;93.2;98.2;119.4;94.4;100.2;49620.0;Ecole primaire privée Sacré-Coeur;Avelin;059;59034;Nord;Lille;50.536589728198365,3.086380245700001
2023-2024;9;HAUTS-DE-FRANCE;9;LILLE;59;NORD;59295;HAZEBROUCK;0593807T;privé sous contrat;111.1;120.3;102.9;105.5;118.2;93.2;98.2;119.4;94.4;100.2;49643.0;Ecole primaire privée Abbé Lemire - Saint Jules;Hazebrouck;059;59295;Nord;Lille;50.717675334125595,2.535340574538554
2023-2024;9;HAUTS-DE-FRANCE;9;LILLE;59;NORD;59599;TOURCOING;0593864E;privé sous contrat;90.3;120.3;102.9;105.5;118.2;93.2;98.2;119.4;94.4;100.2;49671.0;Ecole primaire privée Notre-Dame de Lourdes - Cardinal Liénart;Tourcoing;059;59599;Nord;Lille;50.7334953199946,3.1572094937626956
2023-2024;9;HAUTS-DE-FRANCE;9;LILLE;59;NORD;59314;HORNAING;0594041X;privé sous contrat;100.6;120.3;102.9;105.5;118.2;93.2;98.2;119.4;94.4;100.2;49738.0;Ecole primaire privée Sainte Anne;Hornaing;059;59314;Nord;Lille;50.3674214595474,3.3348395049595054
2023-2024;9;HAUTS-DE-FRANCE;9;LILLE;59;NORD;59553;SANTES;0594087X;privé sous contrat;131.8;120.3;102.9;105.5;118.2;93.2;98.2;119.4;94.4;100.2;49763.0;Ecole primaire privée Sainte Famille;Santes;059;59553;Nord;Lille;50.59707039843894,2.9559393895337536
2023-2024;9;HAUTS-DE-FRANCE;9;LILLE;59;NORD;59599;TOURCOING;0594109W;privé sous contrat;119.9;120.3;102.9;105.5;118.2;93.2;98.2;119.4;94.4;100.2;49772.0;Ecole primaire privée Saint Raphael;Tourcoing;059;59599;Nord;Lille;50.708681040770486,3.158639541489075
2023-2024;9;HAUTS-DE-FRANCE;9;LILLE;59;NORD;59606;VALENCIENNES;0594120H;privé sous contrat;129.5;120.3;102.9;105.5;118.2;93.2;98.2;119.4;94.4;100.2;49776.0;Ecole primaire privée Notre-Dame;Valenciennes;059;59606;Nord;Lille;50.36274584996973,3.54168016680581
2023-2024;9;HAUTS-DE-FRANCE;9;LILLE;59;NORD;59615;VIEUX BERQUIN;0594123L;privé sous contrat;;120.3;102.9;105.5;118.2;93.2;98.2;119.4;94.4;100.2;49779.0;Ecole primaire privée Sainte Marguerite-Marie;Vieux-Berquin;059;59615;Nord;Lille;50.695962840442185,2.6442999060492496
2023-2024;9;HAUTS-DE-FRANCE;9;LILLE;59;NORD;59650;WATTRELOS;0594133X;privé sous contrat;90.0;120.3;102.9;105.5;118.2;93.2;98.2;119.4;94.4;100.2;49787.0;Ecole primaire privée Notre-Dame de La Mousserie;Wattrelos;059;59650;Nord;Lille;50.71057465773167,3.1783204485590364
2023-2024;9;HAUTS-DE-FRANCE;9;LILLE;59;NORD;59392;MAUBEUGE;0594204Z;public;88.6;120.3;102.9;105.5;118.2;93.2;98.2;119.4;94.4;100.2;49816.0;Ecole élémentaire du Faubourg de Mons;Maubeuge;059;59392;Nord;Lille;50.29198460521581,3.9747201900936155
2023-2024;9;HAUTS-DE-FRANCE;9;LILLE;59;NORD;59183;DUNKERQUE;0594217N;public;90.2;120.3;102.9;105.5;118.2;93.2;98.2;119.4;94.4;100.2;49827.0;Ecole élémentaire Jean Jaurès;Dunkerque;059;59183;Nord;Lille;51.02680431781888,2.3438703891966903
2023-2024;9;HAUTS-DE-FRANCE;9;LILLE;59;NORD;59036;AVESNES SUR HELPE;0594254D;public;61.9;120.3;102.9;105.5;118.2;93.2;98.2;119.4;94.4;100.2;49838.0;Groupe scolaire Verdun - Les Lutins;Avesnes-sur-Helpe;059;59036;Nord;Lille;50.11889701818918,3.9149906277589
2023-2024;9;HAUTS-DE-FRANCE;9;LILLE;59;NORD;59558;SAULZOIR;0594486F;public;100.0;120.3;102.9;105.5;118.2;93.2;98.2;119.4;94.4;100.2;49886.0;Ecole primaire Pasteur;Saulzoir;059;59558;Nord;Lille;50.241982624352545,3.442260339669103
2023-2024;9;HAUTS-DE-FRANCE;9;LILLE;59;NORD;59651;WAVRECHAIN SOUS DENAIN;0594492M;public;78.7;120.3;102.9;105.5;118.2;93.2;98.2;119.4;94.4;100.2;49891.0;Ecole élémentaire Maurice Thorez;Wavrechain-sous-Denain;059;59651;Nord;Lille;50.33209344416509,3.4129197179098982
2023-2024;9;HAUTS-DE-FRANCE;9;LILLE;59;NORD;59528;SAINT AUBERT;0594606L;public;91.6;120.3;102.9;105.5;118.2;93.2;98.2;119.4;94.4;100.2;49923.0;Ecole primaire La Pierronne;Saint-Aubert;059;59528;Nord;Lille;50.20909070909062,3.41724988512656
2023-2024;9;HAUTS-DE-FRANCE;9;LILLE;59;NORD;59339;LEERS;0595034B;public;111.2;120.3;102.9;105.5;118.2;93.2;98.2;119.4;94.4;100.2;50025.0;Ecole primaire Pauline Kergomard - Léonard de Vinci;Leers;059;59339;Nord;Lille;50.68402581449904,3.23356980671064
2023-2024;9;HAUTS-DE-FRANCE;9;LILLE;59;NORD;59350;LILLE;0595085G;public;77.6;120.3;102.9;105.5;118.2;93.2;98.2;119.4;94.4;100.2;50034.0;Ecole primaire Jean Rostand;Lille;059;59350;Nord;Lille;50.620067274151154,3.1037495475123213
2023-2024;9;HAUTS-DE-FRANCE;9;LILLE;59;NORD;59054;BAVINCHOVE;0595230P;public;103.8;120.3;102.9;105.5;118.2;93.2;98.2;119.4;94.4;100.2;50048.0;Ecole primaire du val de La Peene;Bavinchove;059;59054;Nord;Lille;50.786890598082614,2.4545097148431303
2023-2024;9;HAUTS-DE-FRANCE;9;LILLE;59;NORD;59459;PETITE FORET;0595705F;public;86.1;120.3;102.9;105.5;118.2;93.2;98.2;119.4;94.4;100.2;50093.0;Ecole élémentaire Saint-Exupéry;Petite-Forêt;059;59459;Nord;Lille;50.37353959697884,3.4713005098660332
2023-2024;9;HAUTS-DE-FRANCE;9;LILLE;62;PAS-DE-CALAIS;62041;ARRAS;0620463S;public;121.9;120.3;102.9;105.5;118.2;93.2;98.2;114.7;91.2;94.5;50962.0;Ecole primaire Oscar Cléret;Arras;062;62041;Pas-de-Calais;Lille;50.28703186530465,2.7678305223888438
2023-2024;9;HAUTS-DE-FRANCE;9;LILLE;62;PAS-DE-CALAIS;62223;CHERISY;0620576P;public;112.1;120.3;102.9;105.5;118.2;93.2;98.2;114.7;91.2;94.5;50981.0;Ecole élémentaire RPI 59;Chérisy;062;62223;Pas-de-Calais;Lille;50.23530398956526,2.9140595218534635
2023-2024;9;HAUTS-DE-FRANCE;9;LILLE;62;PAS-DE-CALAIS;62412;HARDINGHEN;0623155T;public;94.8;120.3;102.9;105.5;118.2;93.2;98.2;114.7;91.2;94.5;51563.0;Ecole primaire RPI 159;Hardinghen;062;62412;Pas-de-Calais;Lille;50.806346877158944,1.8188594741690765
2023-2024;9;HAUTS-DE-FRANCE;9;LILLE;62;PAS-DE-CALAIS;62454;HINGES;0623353H;public;104.4;120.3;102.9;105.5;118.2;93.2;98.2;114.7;91.2;94.5;51579.0;Groupe scolaire de La Colline;Hinges;062;62454;Pas-de-Calais;Lille;50.56377988173908,2.623989666558104
2023-2024;9;HAUTS-DE-FRANCE;9;LILLE;62;PAS-DE-CALAIS;62040;ARQUES;0623399H;public;102.5;120.3;102.9;105.5;118.2;93.2;98.2;114.7;91.2;94.5;51589.0;Ecole primaire Kergomard - Ferry;Arques;062;62040;Pas-de-Calais;Lille;50.74262134553509,2.3102996138727967
2023-2024;9;HAUTS-DE-FRANCE;9;LILLE;62;PAS-DE-CALAIS;62215;CARVIN;0623518M;public;84.9;120.3;102.9;105.5;118.2;93.2;98.2;114.7;91.2;94.5;51648.0;Ecole primaire Louis Aragon;Carvin;062;62215;Pas-de-Calais;Lille;50.491986140155575,2.9761906649619347
2023-2024;9;HAUTS-DE-FRANCE;9;LILLE;62;PAS-DE-CALAIS;62361;FREVENT;0623649E;public;77.6;120.3;102.9;105.5;118.2;93.2;98.2;114.7;91.2;94.5;51672.0;Ecole primaire Saint-Exupéry;Frévent;062;62361;Pas-de-Calais;Lille;50.2758388218028,2.2868198133789934
2023-2024;9;HAUTS-DE-FRANCE;9;LILLE;62;PAS-DE-CALAIS;62842;VENDIN LE VIEIL;0623831C;public;94.9;120.3;102.9;105.5;118.2;93.2;98.2;114.7;91.2;94.5;51710.0;Ecole élémentaire Jules Ferry;Vendin-le-Vieil;062;62842;Pas-de-Calais;Lille;50.451066326942545,2.8453894447193013
2023-2024;9;HAUTS-DE-FRANCE;9;LILLE;62;PAS-DE-CALAIS;62391;GUARBECQUE;0624057Y;public;98.1;120.3;102.9;105.5;118.2;93.2;98.2;114.7;91.2;94.5;51766.0;Ecole primaire Daudet-Perrault;Guarbecque;062;62391;Pas-de-Calais;Lille;50.610363751738696,2.488279732704561
2023-2024;9;HAUTS-DE-FRANCE;9;LILLE;59;NORD;59178;DOUAI;0590368E;public;89.3;120.3;102.9;105.5;118.2;93.2;98.2;119.4;94.4;100.2;49009.0;Ecole élémentaire d'application Andrieu-Parent;Douai;059;59178;Nord;Lille;50.36767744937707,3.07241018212899
2023-2024;9;HAUTS-DE-FRANCE;9;LILLE;59;NORD;59143;LA CHAPELLE D ARMENTIERES;0590500Y;public;95.5;120.3;102.9;105.5;118.2;93.2;98.2;119.4;94.4;100.2;49034.0;Groupe scolaire Louis Bartier;La Chapelle-d'Armentières;059;59143;Nord;Lille;50.6738107052668,2.8706705285303533
2023-2024;9;HAUTS-DE-FRANCE;9;LILLE;59;NORD;59104;BOUSSOIS;0590704V;public;72.3;120.3;102.9;105.5;118.2;93.2;98.2;119.4;94.4;100.2;49076.0;Ecole élémentaire Danielle Casanova;Boussois;059;59104;Nord;Lille;50.288420996003396,4.046200143738544
2023-2024;9;HAUTS-DE-FRANCE;9;LILLE;59;NORD;59110;BROUCKERQUE;0590714F;public;107.6;120.3;102.9;105.5;118.2;93.2;98.2;119.4;94.4;100.2;49081.0;Ecole primaire des Marais;Brouckerque;059;59110;Nord;Lille;50.954408233260786,2.2922093854907537
2023-2024;9;HAUTS-DE-FRANCE;9;LILLE;59;NORD;59172;DENAIN;0590914Y;public;69.1;120.3;102.9;105.5;118.2;93.2;98.2;119.4;94.4;100.2;49126.0;Ecole élémentaire Michelet - Chaptal;Denain;059;59172;Nord;Lille;50.326079048096865,3.381940139801686
2023-2024;9;HAUTS-DE-FRANCE;9;LILLE;59;NORD;59187;ECLAIBES;0590978T;public;;120.3;102.9;105.5;118.2;93.2;98.2;119.4;94.4;100.2;49138.0;Ecole primaire;Eclaibes;059;59187;Nord;Lille;50.20311660706393,3.9325301155555374
2023-2024;9;HAUTS-DE-FRANCE;9;LILLE;59;NORD;59456;PECQUENCOURT;0591019M;public;99.1;120.3;102.9;105.5;118.2;93.2;98.2;119.4;94.4;100.2;49147.0;Ecole primaire Langevin-Wallon;Pecquencourt;059;59456;Nord;Lille;50.37934867782899,3.2117803104862843
2023-2024;9;HAUTS-DE-FRANCE;9;LILLE;59;NORD;59252;FRELINGHIEN;0591228P;public;109.2;120.3;102.9;105.5;118.2;93.2;98.2;119.4;94.4;100.2;49186.0;Ecole primaire Pasteur;Frelinghien;059;59252;Nord;Lille;50.71382561346808,2.932320662239417
2023-2024;9;HAUTS-DE-FRANCE;9;LILLE;59;NORD;59283;HARGNIES;0591320P;public;107.5;120.3;102.9;105.5;118.2;93.2;98.2;119.4;94.4;100.2;49208.0;Ecole primaire Célestin Freinet;Hargnies;059;59283;Nord;Lille;50.25670600209161,3.8472296849072563
2023-2024;9;HAUTS-DE-FRANCE;9;LILLE;59;NORD;59297;HELESMES;0591377B;public;100.9;120.3;102.9;105.5;118.2;93.2;98.2;119.4;94.4;100.2;49217.0;Ecole primaire Justin Guiot;Hélesmes;059;59297;Nord;Lille;50.36795368552818,3.3560703636354807
2023-2024;9;HAUTS-DE-FRANCE;9;LILLE;59;NORD;59350;LILLE;0591578V;public;130.4;120.3;102.9;105.5;118.2;93.2;98.2;119.4;94.4;100.2;49247.0;Ecole primaire Anatole France;Lille;059;59350;Nord;Lille;50.65062187993057,3.089989531473196
2023-2024;9;HAUTS-DE-FRANCE;9;LILLE;59;NORD;59379;MARCQ EN OSTREVENT;0591765Y;public;97.5;120.3;102.9;105.5;118.2;93.2;98.2;119.4;94.4;100.2;49286.0;Ecole primaire Louis Pasteur;Marcq-en-Ostrevent;059;59379;Nord;Lille;50.28494170503286,3.2405496793887814
2023-2024;9;HAUTS-DE-FRANCE;9;LILLE;59;NORD;59447;ONNAING;0591958H;public;84.4;120.3;102.9;105.5;118.2;93.2;98.2;119.4;94.4;100.2;49321.0;Ecole élémentaire Nelson Mandela;Onnaing;059;59447;Nord;Lille;50.38629678472528,3.595989515317219
2023-2024;9;HAUTS-DE-FRANCE;9;LILLE;59;NORD;59488;RAILLENCOURT SAINTE OLLE;0591982J;public;97.1;120.3;102.9;105.5;118.2;93.2;98.2;119.4;94.4;100.2;49329.0;Ecole primaire Jules Ferry;Raillencourt-Sainte-Olle;059;59488;Nord;Lille;50.19065535539529,3.1686804482412882
2023-2024;9;HAUTS-DE-FRANCE;9;LILLE;59;NORD;59512;ROUBAIX;0592058S;public;66.5;120.3;102.9;105.5;118.2;93.2;98.2;119.4;94.4;100.2;49352.0;Ecole élémentaire Simone Veil;Roubaix;059;59512;Nord;Lille;50.70264364956731,3.177338469204145
2023-2024;9;HAUTS-DE-FRANCE;9;LILLE;59;NORD;59526;SAINT AMAND LES EAUX;0592145L;public;75.9;120.3;102.9;105.5;118.2;93.2;98.2;119.4;94.4;100.2;49378.0;Ecole élémentaire Marcel Benoist;Saint-Amand-les-Eaux;059;59526;Nord;Lille;50.45062444729204,3.432100353409098
2023-2024;9;HAUTS-DE-FRANCE;9;LILLE;59;NORD;59594;THUN SAINT AMAND;0592325G;public;110.0;120.3;102.9;105.5;118.2;93.2;98.2;119.4;94.4;100.2;49422.0;Groupe scolaire Les prés verts;Thun-Saint-Amand;059;59594;Nord;Lille;50.48284659294336,3.4571303178855675
2023-2024;9;HAUTS-DE-FRANCE;9;LILLE;59;NORD;59636;WAMBRECHIES;0592496T;public;107.0;120.3;102.9;105.5;118.2;93.2;98.2;119.4;94.4;100.2;49463.0;Groupe scolaire Pasteur-Ségur;Wambrechies;059;59636;Nord;Lille;50.691383027116395,3.055470329743532
2023-2024;9;HAUTS-DE-FRANCE;9;LILLE;59;NORD;59649;WATTIGNIES LA VICTOIRE;0592516P;public;102.8;120.3;102.9;105.5;118.2;93.2;98.2;119.4;94.4;100.2;49473.0;Ecole élémentaire RPI 11;Wattignies-la-Victoire;059;59649;Nord;Lille;50.20003459658574,4.01019969074799
2023-2024;9;HAUTS-DE-FRANCE;9;LILLE;59;NORD;59654;WAZIERS;0592561N;public;82.0;120.3;102.9;105.5;118.2;93.2;98.2;119.4;94.4;100.2;49480.0;Ecole élémentaire Léon Gambetta;Waziers;059;59654;Nord;Lille;50.38699092529801,3.1168894500696673
2023-2024;9;HAUTS-DE-FRANCE;9;LILLE;59;NORD;59099;BOUSIES;0590313V;public;103.9;120.3;102.9;105.5;118.2;93.2;98.2;119.4;94.4;100.2;48996.0;Ecole élémentaire André Ducarne;Bousies;059;59099;Nord;Lille;50.150729137128884,3.617159653643658
2023-2024;9;HAUTS-DE-FRANCE;9;LILLE;59;NORD;59327;LALLAING;0593517C;public;91.0;120.3;102.9;105.5;118.2;93.2;98.2;119.4;94.4;100.2;49521.0;Ecole primaire Leclerc - Clémenceau;Lallaing;059;59327;Nord;Lille;50.39245813994481,3.160149412036016
2023-2024;9;HAUTS-DE-FRANCE;9;LILLE;59;NORD;59227;FENAIN;0593533V;public;90.5;120.3;102.9;105.5;118.2;93.2;98.2;119.4;94.4;100.2;49535.0;Ecole élémentaire Irène Joliot-Curie;Fenain;059;59227;Nord;Lille;50.36732570622015,3.299050621213922
2023-2024;9;HAUTS-DE-FRANCE;9;LILLE;59;NORD;59017;ARMENTIERES;0593748D;privé sous contrat;104.9;120.3;102.9;105.5;118.2;93.2;98.2;119.4;94.4;100.2;49616.0;Ecole primaire privée Sainte Famille;Armentières;059;59017;Nord;Lille;50.68539092907058,2.8840101165127217
2023-2024;9;HAUTS-DE-FRANCE;9;LILLE;59;NORD;59247;FOREST SUR MARQUE;0593795E;privé sous contrat;132.9;120.3;102.9;105.5;118.2;93.2;98.2;119.4;94.4;100.2;49638.0;Ecole primaire privée Sainte Marie;Forest-sur-Marque;059;59247;Nord;Lille;50.635803437173806,3.187469923139921
2023-2024;9;HAUTS-DE-FRANCE;9;LILLE;59;NORD;59327;LALLAING;0593816C;privé sous contrat;113.1;120.3;102.9;105.5;118.2;93.2;98.2;119.4;94.4;100.2;49648.0;Ecole primaire privée Sainte Jeanne d'Arc;Lallaing;059;59327;Nord;Lille;50.390095864627014,3.166500364798617
2023-2024;9;HAUTS-DE-FRANCE;9;LILLE;59;NORD;59330;LANDAS;0593824L;privé sous contrat;123.9;120.3;102.9;105.5;118.2;93.2;98.2;119.4;94.4;100.2;49652.0;Ecole primaire privée Sainte Bernadette - Saint Joseph;Landas;059;59330;Nord;Lille;50.474736420411,3.3009300665869814
2023-2024;9;HAUTS-DE-FRANCE;9;LILLE;59;NORD;59606;VALENCIENNES;0593870L;privé sous contrat;117.5;120.3;102.9;105.5;118.2;93.2;98.2;119.4;94.4;100.2;49672.0;Ecole primaire privée Sainte Marie;Valenciennes;059;59606;Nord;Lille;50.36083965625933,3.520860357482447
2023-2024;9;HAUTS-DE-FRANCE;9;LILLE;59;NORD;59410;MONS EN BAROEUL;0593913H;privé sous contrat;119.1;120.3;102.9;105.5;118.2;93.2;98.2;119.4;94.4;100.2;49691.0;Ecole primaire privée Saint Honoré - La Treille;Mons-en-Baroeul;059;59410;Nord;Lille;50.644815115933966,3.1033504579948152
2023-2024;9;HAUTS-DE-FRANCE;9;LILLE;59;NORD;59457;PERENCHIES;0593921S;privé sous contrat;118.1;120.3;102.9;105.5;118.2;93.2;98.2;119.4;94.4;100.2;49695.0;Ecole primaire privée Sainte Marie;Pérenchies;059;59457;Nord;Lille;50.66878343361587,2.977929742480079
2023-2024;9;HAUTS-DE-FRANCE;9;LILLE;59;NORD;59210;ESQUELBECQ;0594472R;public;100.6;120.3;102.9;105.5;118.2;93.2;98.2;119.4;94.4;100.2;49873.0;Ecole primaire André Ammeux;Esquelbecq;059;59210;Nord;Lille;50.88939684393853,2.4337493832745785
2023-2024;9;HAUTS-DE-FRANCE;9;LILLE;59;NORD;59324;JEUMONT;0594551B;public;82.2;120.3;102.9;105.5;118.2;93.2;98.2;119.4;94.4;100.2;49895.0;Ecole élémentaire Ronsard;Jeumont;059;59324;Nord;Lille;50.28914994836318,4.104669324918307
2023-2024;9;HAUTS-DE-FRANCE;9;LILLE;59;NORD;59648;WATTIGNIES;0594572Z;public;75.6;120.3;102.9;105.5;118.2;93.2;98.2;119.4;94.4;100.2;49905.0;Ecole primaire Simone Veil;Wattignies;059;59648;Nord;Lille;50.591676912690126,3.043029491055167
2023-2024;9;HAUTS-DE-FRANCE;9;LILLE;59;NORD;59017;ARMENTIERES;0594582K;public;93.0;120.3;102.9;105.5;118.2;93.2;98.2;119.4;94.4;100.2;49907.0;Ecole élémentaire Gambetta;Armentières;059;59017;Nord;Lille;50.683231661911165,2.8799995054825263
2023-2024;9;HAUTS-DE-FRANCE;9;LILLE;59;NORD;59172;DENAIN;0594681T;public;74.0;120.3;102.9;105.5;118.2;93.2;98.2;119.4;94.4;100.2;49933.0;Ecole élémentaire Pascal - Descartes;Denain;059;59172;Nord;Lille;50.317699891695455,3.401889809151613
2023-2024;9;HAUTS-DE-FRANCE;9;LILLE;59;NORD;59286;HAUBOURDIN;0594691D;public;106.9;120.3;102.9;105.5;118.2;93.2;98.2;119.4;94.4;100.2;49941.0;Groupe scolaire le Petit Prince;Haubourdin;059;59286;Nord;Lille;50.6080478696519,2.9842394755550146
2023-2024;9;HAUTS-DE-FRANCE;9;LILLE;59;NORD;59349;LIGNY EN CAMBRESIS;0594694G;public;98.8;120.3;102.9;105.5;118.2;93.2;98.2;119.4;94.4;100.2;49943.0;Ecole primaire;Ligny-en-Cambrésis;059;59349;Nord;Lille;50.099574008014585,3.378379615417041
2023-2024;9;HAUTS-DE-FRANCE;9;LILLE;59;NORD;59378;MARCQ EN BAROEUL;0594703S;public;108.2;120.3;102.9;105.5;118.2;93.2;98.2;119.4;94.4;100.2;49948.0;Ecole élémentaire Derain - Bettignies;Marcq-en-Baroeul;059;59378;Nord;Lille;50.66030514363041,3.078939738571943
2023-2024;9;HAUTS-DE-FRANCE;9;LILLE;62;PAS-DE-CALAIS;62377;GOSNAY;0623659R;public;85.5;120.3;102.9;105.5;118.2;93.2;98.2;114.7;91.2;94.5;51675.0;Ecole primaire Jean Jaurès;Gosnay;062;62377;Pas-de-Calais;Lille;50.50618515145819,2.588790235073942
2023-2024;9;HAUTS-DE-FRANCE;9;LILLE;62;PAS-DE-CALAIS;62401;HAISNES;0623771M;public;84.2;120.3;102.9;105.5;118.2;93.2;98.2;114.7;91.2;94.5;51689.0;Ecole primaire Jules Andrieu;Haisnes;062;62401;Pas-de-Calais;Lille;50.50888593035868,2.802309376274715
2023-2024;9;HAUTS-DE-FRANCE;9;LILLE;62;PAS-DE-CALAIS;62350;FOUQUIERES LES BETHUNE;0623826X;public;109.6;120.3;102.9;105.5;118.2;93.2;98.2;114.7;91.2;94.5;51708.0;Ecole primaire Yves Duteil;Fouquières-lès-Béthune;062;62350;Pas-de-Calais;Lille;50.517934421682604,2.6095006057465806
2023-2024;9;HAUTS-DE-FRANCE;9;LILLE;59;NORD;59009;VILLENEUVE D ASCQ;0594995J;privé sous contrat;105.9;120.3;102.9;105.5;118.2;93.2;98.2;119.4;94.4;100.2;50014.0;Ecole primaire privée Cardinal Liénart;Villeneuve-d'Ascq;059;59009;Nord;Lille;50.62336320423874,3.1374003839658777
2023-2024;9;HAUTS-DE-FRANCE;9;LILLE;59;NORD;59273;GRAVELINES;0595026T;public;79.0;120.3;102.9;105.5;118.2;93.2;98.2;119.4;94.4;100.2;50019.0;Ecole primaire Copernic - Suzanne Lacore;Gravelines;059;59273;Nord;Lille;50.99800471503036,2.1172101605145466
2023-2024;9;HAUTS-DE-FRANCE;9;LILLE;59;NORD;59317;HOUPLINES;0595031Y;public;81.8;120.3;102.9;105.5;118.2;93.2;98.2;119.4;94.4;100.2;50022.0;Ecole élémentaire Jean Jacob;Houplines;059;59317;Nord;Lille;50.6870854439788,2.900959756696757
2023-2024;9;HAUTS-DE-FRANCE;9;LILLE;59;NORD;59526;SAINT AMAND LES EAUX;0595509T;public;76.4;120.3;102.9;105.5;118.2;93.2;98.2;119.4;94.4;100.2;50080.0;Ecole primaire Eugène Pauwels;Saint-Amand-les-Eaux;059;59526;Nord;Lille;50.45323145901527,3.4305099854829133
2023-2024;9;HAUTS-DE-FRANCE;9;LILLE;59;NORD;59350;LILLE;0595934E;public;100.6;120.3;102.9;105.5;118.2;93.2;98.2;119.4;94.4;100.2;50105.0;Ecole élémentaire Marie Curie-Louis Pasteur;Lille;059;59350;Nord;Lille;50.640588912612856,2.992839308755309
2023-2024;9;HAUTS-DE-FRANCE;9;LILLE;59;NORD;59650;WATTRELOS;0595943P;public;79.8;120.3;102.9;105.5;118.2;93.2;98.2;119.4;94.4;100.2;50111.0;Ecole primaire Voltaire;Wattrelos;059;59650;Nord;Lille;50.713663288054185,3.192730262545099
2023-2024;9;HAUTS-DE-FRANCE;9;LILLE;59;NORD;59262;GODEWAERSVELDE;0595966P;public;108.0;120.3;102.9;105.5;118.2;93.2;98.2;119.4;94.4;100.2;50112.0;Ecole primaire Jacques Prévert;Godewaersvelde;059;59262;Nord;Lille;50.79311595458721,2.6453293859861353
2023-2024;9;HAUTS-DE-FRANCE;9;LILLE;59;NORD;59616;VIEUX CONDE;0596302E;public;84.8;120.3;102.9;105.5;118.2;93.2;98.2;119.4;94.4;100.2;50151.0;Ecole primaire Georges Germay;Vieux-Condé;059;59616;Nord;Lille;50.48875869269813,3.580419946609008
2023-2024;9;HAUTS-DE-FRANCE;9;LILLE;59;NORD;59482;QUESNOY SUR DEULE;0596336S;privé sous contrat;124.3;120.3;102.9;105.5;118.2;93.2;98.2;119.4;94.4;100.2;50157.0;Ecole primaire privée Sainte Marie;Quesnoy-sur-Deûle;059;59482;Nord;Lille;50.71432319578467,2.9994601089969963
2023-2024;9;HAUTS-DE-FRANCE;9;LILLE;59;NORD;59178;DOUAI;0596377L;public;79.6;120.3;102.9;105.5;118.2;93.2;98.2;119.4;94.4;100.2;50165.0;Ecole primaire Denis Papin;Douai;059;59178;Nord;Lille;50.3530243298059,3.0818005622759825
2023-2024;9;HAUTS-DE-FRANCE;9;LILLE;59;NORD;59414;MONTIGNY EN OSTREVENT;0596463E;public;94.8;120.3;102.9;105.5;118.2;93.2;98.2;119.4;94.4;100.2;50185.0;Ecole élémentaire Malraux-Pasteur;Montigny-en-Ostrevent;059;59414;Nord;Lille;50.36950086979638,3.180880527185014
2023-2024;9;HAUTS-DE-FRANCE;9;LILLE;59;NORD;59064;BELLAING;0596497S;public;97.6;120.3;102.9;105.5;118.2;93.2;98.2;119.4;94.4;100.2;50196.0;Ecole primaire de la cité;Bellaing;059;59064;Nord;Lille;50.3725789997179,3.429969775329321
2023-2024;9;HAUTS-DE-FRANCE;9;LILLE;59;NORD;59378;MARCQ EN BAROEUL;0596616W;privé sous contrat;144.0;120.3;102.9;105.5;118.2;93.2;98.2;119.4;94.4;100.2;50229.0;Ecole primaire privée Saint Christophe;Marcq-en-Baroeul;059;59378;Nord;Lille;50.66068539249898,3.104759659492609
2023-2024;9;HAUTS-DE-FRANCE;9;LILLE;62;PAS-DE-CALAIS;62005;ACHIET LE GRAND;0620516Z;public;93.0;120.3;102.9;105.5;118.2;93.2;98.2;114.7;91.2;94.5;50968.0;Ecole primaire Jacques Prévert - Regroupement Pédagogique Intercommunal Concentré (RPC) d'ACHIET-LE-GRAND;Achiet-le-Grand;062;62005;Pas-de-Calais;Lille;50.132354264295905,2.7849193685020883
2023-2024;9;HAUTS-DE-FRANCE;9;LILLE;62;PAS-DE-CALAIS;62800;SOUASTRE;0620666M;public;82.2;120.3;102.9;105.5;118.2;93.2;98.2;114.7;91.2;94.5;51002.0;Ecole primaire RPI 138;Souastre;062;62800;Pas-de-Calais;Lille;50.15445506444787,2.561864307867528
2023-2024;9;HAUTS-DE-FRANCE;9;LILLE;62;PAS-DE-CALAIS;62714;ROCLINCOURT;0620687K;public;105.1;120.3;102.9;105.5;118.2;93.2;98.2;114.7;91.2;94.5;51008.0;Ecole primaire Jean-Yves Cousteau RPI 74;Roclincourt;062;62714;Pas-de-Calais;Lille;50.325415235630814,2.7890094400969216
2023-2024;9;HAUTS-DE-FRANCE;9;LILLE;62;PAS-DE-CALAIS;62147;BOIRY SAINTE RICTRUDE;0620706F;public;105.7;120.3;102.9;105.5;118.2;93.2;98.2;114.7;91.2;94.5;51015.0;Ecole élémentaire RPI 6;Boiry-Sainte-Rictrude;062;62147;Pas-de-Calais;Lille;50.20258177886726,2.7542296266833506
2023-2024;9;HAUTS-DE-FRANCE;9;LILLE;62;PAS-DE-CALAIS;62796;SIMENCOURT;0620724A;public;108.6;120.3;102.9;105.5;118.2;93.2;98.2;114.7;91.2;94.5;51020.0;Ecole élémentaire RPI 51;Simencourt;062;62796;Pas-de-Calais;Lille;50.25757519045925,2.6436094223946456
2023-2024;9;HAUTS-DE-FRANCE;9;LILLE;62;PAS-DE-CALAIS;62516;LILLERS;0621019W;public;72.1;120.3;102.9;105.5;118.2;93.2;98.2;114.7;91.2;94.5;51084.0;Ecole élémentaire Jacques Prévert;Lillers;062;62516;Pas-de-Calais;Lille;50.56512911882795,2.480220196323321
2023-2024;9;HAUTS-DE-FRANCE;9;LILLE;62;PAS-DE-CALAIS;62567;MENTQUE NORTBECOURT;0621126M;public;87.1;120.3;102.9;105.5;118.2;93.2;98.2;114.7;91.2;94.5;51116.0;Ecole élémentaire RPI 144;Mentque-Nortbécourt;062;62567;Pas-de-Calais;Lille;50.78287180149331,2.0839593135735592
2023-2024;9;HAUTS-DE-FRANCE;9;LILLE;62;PAS-DE-CALAIS;62193;CALAIS;0621143F;public;78.6;120.3;102.9;105.5;118.2;93.2;98.2;114.7;91.2;94.5;51125.0;Ecole primaire La Fontaine-Malherbe;Calais;062;62193;Pas-de-Calais;Lille;50.941678071920414,1.8768795612212619
2023-2024;9;HAUTS-DE-FRANCE;9;LILLE;62;PAS-DE-CALAIS;62063;AVESNES LE COMTE;0622718T;privé sous contrat;104.2;120.3;102.9;105.5;118.2;93.2;98.2;114.7;91.2;94.5;51452.0;Ecole primaire privée Notre-Dame;Avesnes-le-Comte;062;62063;Pas-de-Calais;Lille;50.27582642390612,2.5262105555502754
2023-2024;9;HAUTS-DE-FRANCE;9;LILLE;62;PAS-DE-CALAIS;62160;BOULOGNE SUR MER;0622730F;privé sous contrat;85.7;120.3;102.9;105.5;118.2;93.2;98.2;114.7;91.2;94.5;51457.0;Ecole primaire privée Saint Patrick;Boulogne-sur-Mer;062;62160;Pas-de-Calais;Lille;50.73685612042618,1.610970115017108
2023-2024;9;HAUTS-DE-FRANCE;9;LILLE;62;PAS-DE-CALAIS;62270;DIVION;0622826K;public;90.2;120.3;102.9;105.5;118.2;93.2;98.2;114.7;91.2;94.5;51484.0;Ecole primaire René Goscinny;Divion;062;62270;Pas-de-Calais;Lille;50.471279871297604,2.503590209403273
2023-2024;9;HAUTS-DE-FRANCE;9;LILLE;62;PAS-DE-CALAIS;62040;ARQUES;0622891F;public;89.3;120.3;102.9;105.5;118.2;93.2;98.2;114.7;91.2;94.5;51497.0;Ecole primaire Basse Meldyck;Arques;062;62040;Pas-de-Calais;Lille;50.7245124779234,2.2949503775443687
2023-2024;9;HAUTS-DE-FRANCE;9;LILLE;62;PAS-DE-CALAIS;62360;FRETHUN;0623053G;public;107.3;120.3;102.9;105.5;118.2;93.2;98.2;114.7;91.2;94.5;51546.0;Ecole élémentaire;Fréthun;062;62360;Pas-de-Calais;Lille;50.91338940380121,1.8148508490402808
2023-2024;9;HAUTS-DE-FRANCE;9;LILLE;62;PAS-DE-CALAIS;62193;CALAIS;0623522S;public;88.1;120.3;102.9;105.5;118.2;93.2;98.2;114.7;91.2;94.5;51652.0;Ecole primaire Condorcet-Phare;Calais;062;62193;Pas-de-Calais;Lille;50.96071979371186,1.854659469637101
2023-2024;9;HAUTS-DE-FRANCE;9;LILLE;59;NORD;59152;COMINES;0592815P;public;87.5;120.3;102.9;105.5;118.2;93.2;98.2;119.4;94.4;100.2;49506.0;Ecole primaire Jacques Brel;Comines;059;59152;Nord;Lille;50.75530305449535,3.0091403923757465
2023-2024;9;HAUTS-DE-FRANCE;9;LILLE;59;NORD;59350;LILLE;0593539B;public;79.1;120.3;102.9;105.5;118.2;93.2;98.2;119.4;94.4;100.2;49541.0;Ecole primaire Berthelot - Jules Verne;Lille;059;59350;Nord;Lille;50.631357960845726,3.09707065271897
2023-2024;9;HAUTS-DE-FRANCE;9;LILLE;59;NORD;59628;VOLCKERINCKHOVE;0593619N;public;107.1;120.3;102.9;105.5;118.2;93.2;98.2;119.4;94.4;100.2;49571.0;Ecole primaire;Volckerinckhove;059;59628;Nord;Lille;50.839243423460296,2.3062605350458427
2023-2024;9;HAUTS-DE-FRANCE;9;LILLE;59;NORD;59120;CAESTRE;0593692T;privé sous contrat;116.3;120.3;102.9;105.5;118.2;93.2;98.2;119.4;94.4;100.2;49591.0;Ecole primaire privée Notre-Dame de Grâce;Caëstre;059;59120;Nord;Lille;50.757830701303675,2.6030600834634585
2023-2024;9;HAUTS-DE-FRANCE;9;LILLE;59;NORD;59122;CAMBRAI;0593693U;privé sous contrat;105.7;120.3;102.9;105.5;118.2;93.2;98.2;119.4;94.4;100.2;49592.0;Ecole primaire privée Sainte Anne;Cambrai;059;59122;Nord;Lille;50.16070482094309,3.24058953847243
2023-2024;9;HAUTS-DE-FRANCE;9;LILLE;59;NORD;59094;BOURBOURG;0593784T;privé sous contrat;106.1;120.3;102.9;105.5;118.2;93.2;98.2;119.4;94.4;100.2;49635.0;Ecole primaire privée Saint Joseph;Bourbourg;059;59094;Nord;Lille;50.94457299844161,2.1941092969078535
2023-2024;9;HAUTS-DE-FRANCE;9;LILLE;59;NORD;59071;BERSEE;0593996Y;privé sous contrat;125.4;120.3;102.9;105.5;118.2;93.2;98.2;119.4;94.4;100.2;49716.0;Ecole primaire privée Sainte Thérèse;Bersée;059;59071;Nord;Lille;50.482951597275644,3.1441894739198277
2023-2024;9;HAUTS-DE-FRANCE;9;LILLE;59;NORD;59178;DOUAI;0593999B;privé sous contrat;86.7;120.3;102.9;105.5;118.2;93.2;98.2;119.4;94.4;100.2;49719.0;Ecole primaire privée Saint Vincent de Paul;Douai;059;59178;Nord;Lille;50.39426237276149,3.0827703956194097
2023-2024;9;HAUTS-DE-FRANCE;9;LILLE;59;NORD;59512;ROUBAIX;0594069C;privé sous contrat;90.0;120.3;102.9;105.5;118.2;93.2;98.2;119.4;94.4;100.2;49757.0;Ecole primaire privée Sainte Marie;Roubaix;059;59512;Nord;Lille;50.686763732536726,3.166640146319665
2023-2024;9;HAUTS-DE-FRANCE;9;LILLE;59;NORD;59599;TOURCOING;0594114B;privé sous contrat;96.2;120.3;102.9;105.5;118.2;93.2;98.2;119.4;94.4;100.2;49773.0;Ecole primaire privée Saint Jean;Tourcoing;059;59599;Nord;Lille;50.73242229686952,3.1475693921460404
2023-2024;9;HAUTS-DE-FRANCE;9;LILLE;59;NORD;59009;VILLENEUVE D ASCQ;0594172P;public;124.8;120.3;102.9;105.5;118.2;93.2;98.2;119.4;94.4;100.2;49793.0;Ecole élémentaire Pierre et Marie Curie;Villeneuve-d'Ascq;059;59009;Nord;Lille;50.618520785984096,3.1638605140621365
2023-2024;9;HAUTS-DE-FRANCE;9;LILLE;59;NORD;59037;AVESNES LES AUBERT;0594175T;public;86.3;120.3;102.9;105.5;118.2;93.2;98.2;119.4;94.4;100.2;49795.0;Ecole élémentaire Joliot-Curie;Avesnes-les-Aubert;059;59037;Nord;Lille;50.19595804432874,3.37885006090868
2023-2024;9;HAUTS-DE-FRANCE;9;LILLE;59;NORD;59271;GRANDE SYNTHE;0594209E;public;72.2;120.3;102.9;105.5;118.2;93.2;98.2;119.4;94.4;100.2;49820.0;Ecole élémentaire Buffon;Grande-Synthe;059;59271;Nord;Lille;51.02202066822869,2.307820374840419
2023-2024;9;HAUTS-DE-FRANCE;9;LILLE;59;NORD;59604;TROISVILLES;0594247W;public;85.7;120.3;102.9;105.5;118.2;93.2;98.2;119.4;94.4;100.2;49836.0;Ecole primaire;Troisvilles;059;59604;Nord;Lille;50.103573632159595,3.4681398780872117
2023-2024;9;HAUTS-DE-FRANCE;9;LILLE;59;NORD;59512;ROUBAIX;0594327H;public;70.2;120.3;102.9;105.5;118.2;93.2;98.2;119.4;94.4;100.2;49853.0;Ecole primaire Léo Lagrange;Roubaix;059;59512;Nord;Lille;50.68457247755924,3.2049905260549054
2023-2024;9;HAUTS-DE-FRANCE;9;LILLE;59;NORD;59012;ANOR;0594462E;public;81.6;120.3;102.9;105.5;118.2;93.2;98.2;119.4;94.4;100.2;49866.0;Ecole primaire Daniel Vincent;Anor;059;59012;Nord;Lille;49.98130832959536,4.093320534475246
2023-2024;9;HAUTS-DE-FRANCE;9;LILLE;59;NORD;59090;BONDUES;0594678P;public;126.0;120.3;102.9;105.5;118.2;93.2;98.2;119.4;94.4;100.2;49931.0;Ecole primaire Maxence Van Der Meersch;Bondues;059;59090;Nord;Lille;50.7036392105395,3.0902104320423684
2023-2024;9;HAUTS-DE-FRANCE;9;LILLE;59;NORD;59509;ROOST WARENDIN;0594721L;public;80.9;120.3;102.9;105.5;118.2;93.2;98.2;119.4;94.4;100.2;49956.0;Ecole primaire Belleforière;Roost-Warendin;059;59509;Nord;Lille;50.406847448629605,3.1053999226068094
2023-2024;9;HAUTS-DE-FRANCE;9;LILLE;59;NORD;59517;LES RUES DES VIGNES;0594791M;public;106.2;120.3;102.9;105.5;118.2;93.2;98.2;119.4;94.4;100.2;49963.0;Ecole primaire;Les Rues-des-Vignes;059;59517;Nord;Lille;50.09652499730942,3.2391002159789157
2023-2024;9;HAUTS-DE-FRANCE;9;LILLE;59;NORD;59051;LA BASSEE;0594848Z;public;114.1;120.3;102.9;105.5;118.2;93.2;98.2;119.4;94.4;100.2;49967.0;Ecole primaire Charlemagne;La Bassée;059;59051;Nord;Lille;50.53350026296488,2.8121704456208434
2023-2024;9;HAUTS-DE-FRANCE;9;LILLE;59;NORD;59122;CAMBRAI;0594915X;public;81.4;120.3;102.9;105.5;118.2;93.2;98.2;119.4;94.4;100.2;49978.0;Ecole primaire René Coty;Cambrai;059;59122;Nord;Lille;50.162465373593164,3.2271495991139982
2023-2024;9;HAUTS-DE-FRANCE;9;LILLE;59;NORD;59382;MARETZ;0594949J;public;84.9;120.3;102.9;105.5;118.2;93.2;98.2;119.4;94.4;100.2;49992.0;Groupe scolaire Fernand Lantoine;Maretz;059;59382;Nord;Lille;50.04443973783577,3.418070264830571
2023-2024;9;HAUTS-DE-FRANCE;9;LILLE;59;NORD;59183;DUNKERQUE;0594959V;public;75.3;120.3;102.9;105.5;118.2;93.2;98.2;119.4;94.4;100.2;49996.0;Ecole élémentaire l'Alliance;Dunkerque;059;59183;Nord;Lille;51.024940194671785,2.3567700264647478
2023-2024;9;HAUTS-DE-FRANCE;9;LILLE;59;NORD;59043;BAILLEUL;0590584P;public;101.2;120.3;102.9;105.5;118.2;93.2;98.2;119.4;94.4;100.2;49047.0;Groupe scolaire Jan de Belle;Bailleul;059;59043;Nord;Lille;50.73792538784321,2.7337205870400036
2023-2024;9;HAUTS-DE-FRANCE;9;LILLE;59;NORD;59204;ESCARMAIN;0591085J;public;116.3;120.3;102.9;105.5;118.2;93.2;98.2;119.4;94.4;100.2;49158.0;Ecole primaire Jean-Marie Fosse;Escarmain;059;59204;Nord;Lille;50.229097679738814,3.547939988626401
2023-2024;9;HAUTS-DE-FRANCE;9;LILLE;59;NORD;59308;HONDEGHEM;0591417V;public;117.2;120.3;102.9;105.5;118.2;93.2;98.2;119.4;94.4;100.2;49224.0;Ecole primaire des géants;Hondeghem;059;59308;Nord;Lille;50.75717872611773,2.5198694158075607
2023-2024;9;HAUTS-DE-FRANCE;9;LILLE;59;NORD;59395;MAZINGHIEN;0591838C;public;;120.3;102.9;105.5;118.2;93.2;98.2;119.4;94.4;100.2;49293.0;Ecole primaire;Mazinghien;059;59395;Nord;Lille;50.05093605398211,3.6011606696685186
2023-2024;9;HAUTS-DE-FRANCE;9;LILLE;59;NORD;59416;MORBECQUE;0591892L;public;98.4;120.3;102.9;105.5;118.2;93.2;98.2;119.4;94.4;100.2;49303.0;Ecole primaire La Motte Au Bois;Morbecque;059;59416;Nord;Lille;50.680728446091116,2.572830403753262
2023-2024;9;HAUTS-DE-FRANCE;9;LILLE;59;NORD;59428;NEUVILLE SAINT REMY;0591918P;public;83.6;120.3;102.9;105.5;118.2;93.2;98.2;119.4;94.4;100.2;49308.0;Ecole élémentaire Jean Lebas;Neuville-Saint-Rémy;059;59428;Nord;Lille;50.18872026536549,3.222799868241795
2023-2024;9;HAUTS-DE-FRANCE;9;LILLE;59;NORD;59501;RIEULAY;0592015V;public;109.9;120.3;102.9;105.5;118.2;93.2;98.2;119.4;94.4;100.2;49340.0;Ecole primaire le Colombier;Rieulay;059;59501;Nord;Lille;50.38004337163937,3.253780304721167
2023-2024;9;HAUTS-DE-FRANCE;9;LILLE;59;NORD;59512;ROUBAIX;0592096H;public;73.0;120.3;102.9;105.5;118.2;93.2;98.2;119.4;94.4;100.2;49365.0;Ecole primaire Ernest Renan;Roubaix;059;59512;Nord;Lille;50.68900801111494,3.1844395186506897
2023-2024;9;HAUTS-DE-FRANCE;9;LILLE;59;NORD;59559;SEBOURG;0592226Z;public;122.7;120.3;102.9;105.5;118.2;93.2;98.2;119.4;94.4;100.2;49398.0;Ecole Primaire de l'Aunelle;Sebourg;059;59559;Nord;Lille;50.34311368230791,3.6435197850407324
2023-2024;9;HAUTS-DE-FRANCE;9;LILLE;59;NORD;59566;SEQUEDIN;0592241R;public;121.6;120.3;102.9;105.5;118.2;93.2;98.2;119.4;94.4;100.2;49400.0;Ecole primaire Felix Vanoverschelde;Sequedin;059;59566;Nord;Lille;50.62346821871792,2.980419913207486
2023-2024;9;HAUTS-DE-FRANCE;9;LILLE;59;NORD;59606;VALENCIENNES;0592406V;public;;120.3;102.9;105.5;118.2;93.2;98.2;119.4;94.4;100.2;49446.0;Ecole élémentaire Henri Lemaitre niveau 1;Valenciennes;059;59606;Nord;Lille;50.352318234567385,3.5239199435539588
2023-2024;9;HAUTS-DE-FRANCE;9;LILLE;59;NORD;59614;VIESLY;0592442J;public;91.4;120.3;102.9;105.5;118.2;93.2;98.2;119.4;94.4;100.2;49453.0;Ecole élémentaire;Viesly;059;59614;Nord;Lille;50.15328485566782,3.4645605674511297
2023-2024;9;HAUTS-DE-FRANCE;9;LILLE;59;NORD;59638;WANNEHAIN;0592502Z;public;120.6;120.3;102.9;105.5;118.2;93.2;98.2;119.4;94.4;100.2;49464.0;Ecole primaire Pablo Picasso;Wannehain;059;59638;Nord;Lille;50.56998285650744,3.266059439559245
2023-2024;9;HAUTS-DE-FRANCE;9;LILLE;59;NORD;59163;CROIX;0592670G;public;92.5;120.3;102.9;105.5;118.2;93.2;98.2;119.4;94.4;100.2;49493.0;Ecole primaire Françoise Dolto;Croix;059;59163;Nord;Lille;50.68403638189358,3.14844968583565
2023-2024;9;HAUTS-DE-FRANCE;9;LILLE;62;PAS-DE-CALAIS;62044;ATTIN;0621612R;public;102.6;120.3;102.9;105.5;118.2;93.2;98.2;114.7;91.2;94.5;51237.0;Ecole primaire mixte;Attin;062;62044;Pas-de-Calais;Lille;50.488270675329154,1.7431794558777984
2023-2024;9;HAUTS-DE-FRANCE;9;LILLE;62;PAS-DE-CALAIS;62014;AIRE SUR LA LYS;0621740E;public;97.0;120.3;102.9;105.5;118.2;93.2;98.2;114.7;91.2;94.5;51270.0;Ecole primaire de Saint-Quentin;Aire-sur-la-Lys;062;62014;Pas-de-Calais;Lille;50.6319496984533,2.370570460038144
2023-2024;9;HAUTS-DE-FRANCE;9;LILLE;62;PAS-DE-CALAIS;62153;BOMY;0621748N;public;92.6;120.3;102.9;105.5;118.2;93.2;98.2;114.7;91.2;94.5;51275.0;Ecole primaire mixte;Bomy;062;62153;Pas-de-Calais;Lille;50.57246200674151,2.2355199451926544
2023-2024;9;HAUTS-DE-FRANCE;9;LILLE;62;PAS-DE-CALAIS;62234;CONCHY SUR CANCHE;0621937U;public;85.1;120.3;102.9;105.5;118.2;93.2;98.2;114.7;91.2;94.5;51322.0;Ecole élémentaire RPI 4;Conchy-sur-Canche;062;62234;Pas-de-Calais;Lille;50.301141266731726,2.1976394826215953
2023-2024;9;HAUTS-DE-FRANCE;9;LILLE;62;PAS-DE-CALAIS;62631;NUNCQ HAUTECOTE;0622054W;public;;120.3;102.9;105.5;118.2;93.2;98.2;114.7;91.2;94.5;51344.0;Ecole primaire RPI 48;Nuncq-Hautecôte;062;62631;Pas-de-Calais;Lille;50.30602664564881,2.28797971301361
2023-2024;9;HAUTS-DE-FRANCE;9;LILLE;62;PAS-DE-CALAIS;62717;ROELLECOURT;0622059B;public;90.1;120.3;102.9;105.5;118.2;93.2;98.2;114.7;91.2;94.5;51346.0;Ecole primaire;Roëllecourt;062;62717;Pas-de-Calais;Lille;50.366347602858056,2.3895906149848676
2023-2024;9;HAUTS-DE-FRANCE;9;LILLE;62;PAS-DE-CALAIS;62036;ANVIN;0622325R;public;78.8;120.3;102.9;105.5;118.2;93.2;98.2;114.7;91.2;94.5;51355.0;Ecole primaire Gaëtan Marichez;Anvin;062;62036;Pas-de-Calais;Lille;50.44618160784731,2.2524298862634002
2023-2024;9;HAUTS-DE-FRANCE;9;LILLE;62;PAS-DE-CALAIS;62060;AUXI LE CHATEAU;0622605V;privé sous contrat;95.5;120.3;102.9;105.5;118.2;93.2;98.2;114.7;91.2;94.5;51394.0;Ecole primaire privée Notre-Dame de Lourdes;Auxi-le-Château;062;62060;Pas-de-Calais;Lille;50.23376136810897,2.1185406319955815
2023-2024;9;HAUTS-DE-FRANCE;9;LILLE;62;PAS-DE-CALAIS;62279;DUISANS;0622650U;privé sous contrat;125.9;120.3;102.9;105.5;118.2;93.2;98.2;114.7;91.2;94.5;51414.0;Ecole primaire privée Sainte Marie;Duisans;062;62279;Pas-de-Calais;Lille;50.3079072671906,2.6832096820665914
2023-2024;9;HAUTS-DE-FRANCE;9;LILLE;62;PAS-DE-CALAIS;62041;ARRAS;0622713M;privé sous contrat;125.6;120.3;102.9;105.5;118.2;93.2;98.2;114.7;91.2;94.5;51448.0;Ecole primaire privée Sainte Marie de La Présentation;Arras;062;62041;Pas-de-Calais;Lille;50.28975510643901,2.7770705161144797
2023-2024;9;HAUTS-DE-FRANCE;9;LILLE;62;PAS-DE-CALAIS;62893;WIMEREUX;0622905W;public;95.4;120.3;102.9;105.5;118.2;93.2;98.2;114.7;91.2;94.5;51499.0;Ecole élémentaire Louis Pasteur;Wimereux;062;62893;Pas-de-Calais;Lille;50.780337857868254,1.620749980955731
2023-2024;9;HAUTS-DE-FRANCE;9;LILLE;62;PAS-DE-CALAIS;62427;HENIN BEAUMONT;0622970S;public;86.1;120.3;102.9;105.5;118.2;93.2;98.2;114.7;91.2;94.5;51521.0;Ecole primaire Jean-Jacques Rousseau;Hénin-Beaumont;062;62427;Pas-de-Calais;Lille;50.41912841856827,2.9488798528917384
2023-2024;9;HAUTS-DE-FRANCE;9;LILLE;62;PAS-DE-CALAIS;62895;WINGLES;0623368Z;public;90.7;120.3;102.9;105.5;118.2;93.2;98.2;114.7;91.2;94.5;51584.0;Ecole élémentaire Suzanne Blin;Wingles;062;62895;Pas-de-Calais;Lille;50.49494060752602,2.857740618811519
2023-2024;9;HAUTS-DE-FRANCE;9;LILLE;62;PAS-DE-CALAIS;62264;DANNES;0623442E;public;93.5;120.3;102.9;105.5;118.2;93.2;98.2;114.7;91.2;94.5;51617.0;Ecole primaire;Dannes;062;62264;Pas-de-Calais;Lille;50.589327595647326,1.613990082189481
2023-2024;9;HAUTS-DE-FRANCE;9;LILLE;59;NORD;59599;TOURCOING;0594972J;public;92.2;120.3;102.9;105.5;118.2;93.2;98.2;119.4;94.4;100.2;50003.0;Ecole élémentaire Jean Jaurès niveau 2;Tourcoing;059;59599;Nord;Lille;50.72770642951973,3.1418794730768824
2023-2024;9;HAUTS-DE-FRANCE;9;LILLE;59;NORD;59009;VILLENEUVE D ASCQ;0594980T;public;88.4;120.3;102.9;105.5;118.2;93.2;98.2;119.4;94.4;100.2;50006.0;Ecole primaire Verhaeren;Villeneuve-d'Ascq;059;59009;Nord;Lille;50.62201511520047,3.129163665146504
2023-2024;9;HAUTS-DE-FRANCE;9;LILLE;59;NORD;59328;LAMBERSART;0594990D;public;84.7;120.3;102.9;105.5;118.2;93.2;98.2;119.4;94.4;100.2;50012.0;Groupe scolaire Louise de Bettignies;Lambersart;059;59328;Nord;Lille;50.655697193740245,3.0325702007189115
2023-2024;9;HAUTS-DE-FRANCE;9;LILLE;59;NORD;59113;BRUILLE LEZ MARCHIENNES;0595014E;public;88.6;120.3;102.9;105.5;118.2;93.2;98.2;119.4;94.4;100.2;50015.0;Ecole primaire Félicien Joly;Bruille-lez-Marchiennes;059;59113;Nord;Lille;50.35669480213454,3.2427198695524466
2023-2024;9;HAUTS-DE-FRANCE;9;LILLE;59;NORD;59239;FLINES LEZ RACHES;0595021M;public;115.1;120.3;102.9;105.5;118.2;93.2;98.2;119.4;94.4;100.2;50017.0;Ecole élémentaire René Cassin;Flines-lez-Raches;059;59239;Nord;Lille;50.42621171481685,3.1832297053059384
2023-2024;9;HAUTS-DE-FRANCE;9;LILLE;59;NORD;59274;LA GROISE;0595027U;public;101.6;120.3;102.9;105.5;118.2;93.2;98.2;119.4;94.4;100.2;50020.0;Ecole primaire Pierre Nord;La Groise;059;59274;Nord;Lille;50.07398559255344,3.6810805642812845
2023-2024;9;HAUTS-DE-FRANCE;9;LILLE;59;NORD;59086;BOESCHEPE;0595231R;public;100.3;120.3;102.9;105.5;118.2;93.2;98.2;119.4;94.4;100.2;50049.0;Ecole primaire Pasteur - Hugo;Boeschepe;059;59086;Nord;Lille;50.79998486136886,2.690000281736638
2023-2024;9;HAUTS-DE-FRANCE;9;LILLE;59;NORD;59183;DUNKERQUE;0595429F;privé sous contrat;108.8;120.3;102.9;105.5;118.2;93.2;98.2;119.4;94.4;100.2;50069.0;Ecole primaire privée La Providence;Dunkerque;059;59183;Nord;Lille;51.0190576731135,2.3211702995178563
2023-2024;9;HAUTS-DE-FRANCE;9;LILLE;59;NORD;59163;CROIX;0595715S;public;121.2;120.3;102.9;105.5;118.2;93.2;98.2;119.4;94.4;100.2;50095.0;Ecole primaire André Malraux;Croix;059;59163;Nord;Lille;50.67165661507377,3.1618296910250727
2023-2024;9;HAUTS-DE-FRANCE;9;LILLE;59;NORD;59178;DOUAI;0595930A;public;84.4;120.3;102.9;105.5;118.2;93.2;98.2;119.4;94.4;100.2;50102.0;Ecole élémentaire d'application Paul Painlevé;Douai;059;59178;Nord;Lille;50.37506912422381,3.0635696312418688
2023-2024;9;HAUTS-DE-FRANCE;9;LILLE;59;NORD;59028;AUBY;0596001C;public;73.5;120.3;102.9;105.5;118.2;93.2;98.2;119.4;94.4;100.2;50120.0;Groupe scolaire Marcel Pagnol;Auby;059;59028;Nord;Lille;50.40815862620269,3.0899995623198895
2023-2024;9;HAUTS-DE-FRANCE;9;LILLE;59;NORD;59350;LILLE;0596461C;privé sous contrat;124.9;120.3;102.9;105.5;118.2;93.2;98.2;119.4;94.4;100.2;50183.0;Ecole primaire privée Saint Sauveur et Saint Eubert;Lille;059;59350;Nord;Lille;50.632031324970114,3.0730706388885807
2023-2024;9;HAUTS-DE-FRANCE;9;LILLE;59;NORD;59153;CONDE SUR L ESCAUT;0596641Y;public;72.3;120.3;102.9;105.5;118.2;93.2;98.2;119.4;94.4;100.2;50243.0;Ecole primaire du Hameau de Macou;Condé-sur-l'Escaut;059;59153;Nord;Lille;50.466567599491,3.599100379507109
2023-2024;9;HAUTS-DE-FRANCE;9;LILLE;59;NORD;59009;VILLENEUVE D ASCQ;0596647E;public;124.7;120.3;102.9;105.5;118.2;93.2;98.2;119.4;94.4;100.2;50248.0;Ecole primaire publique Calmette;Villeneuve-d'Ascq;059;59009;Nord;Lille;50.64342321043409,3.1628197720502733
2023-2024;9;HAUTS-DE-FRANCE;9;LILLE;59;NORD;59136;LE CATEAU CAMBRESIS;0596654M;public;74.0;120.3;102.9;105.5;118.2;93.2;98.2;119.4;94.4;100.2;50254.0;Ecole primaire publique Henri Matisse;Le Cateau-Cambrésis;059;59136;Nord;Lille;50.09850499499532,3.5436897322684455
2023-2024;9;HAUTS-DE-FRANCE;9;LILLE;59;NORD;59350;LILLE;0597265B;public;;120.3;102.9;105.5;118.2;93.2;98.2;119.4;94.4;100.2;50268.0;Ecole primaire Ariane Capon;Lille;059;59350;Nord;Lille;50.621040663273085,3.078546518952809
2023-2024;9;HAUTS-DE-FRANCE;9;LILLE;62;PAS-DE-CALAIS;62765;SAINT OMER;0620434K;public;85.6;120.3;102.9;105.5;118.2;93.2;98.2;114.7;91.2;94.5;50955.0;Ecole primaire Charles Perrault;Saint-Omer;062;62765;Pas-de-Calais;Lille;50.75261521478451,2.2560190823603716
2023-2024;9;HAUTS-DE-FRANCE;9;LILLE;62;PAS-DE-CALAIS;62041;ARRAS;0620451D;public;72.6;120.3;102.9;105.5;118.2;93.2;98.2;114.7;91.2;94.5;50958.0;Ecole élémentaire Molière;Arras;062;62041;Pas-de-Calais;Lille;50.294062990755535,2.7450700965878436
2023-2024;9;HAUTS-DE-FRANCE;9;LILLE;62;PAS-DE-CALAIS;62081;BARALLE;0620606X;public;92.5;120.3;102.9;105.5;118.2;93.2;98.2;114.7;91.2;94.5;50988.0;Ecole primaire RPI 7;Baralle;062;62081;Pas-de-Calais;Lille;50.210336460131145,3.0547294794807867
2023-2024;9;HAUTS-DE-FRANCE;9;LILLE;62;PAS-DE-CALAIS;62582;MONCHY LE PREUX;0620760P;public;120.2;120.3;102.9;105.5;118.2;93.2;98.2;114.7;91.2;94.5;51029.0;Ecole primaire François Rabelais;Monchy-le-Preux;062;62582;Pas-de-Calais;Lille;50.27104634450642,2.894590133789476
2023-2024;9;HAUTS-DE-FRANCE;9;LILLE;62;PAS-DE-CALAIS;62751;SAINT INGLEVERT;0620860Y;public;;120.3;102.9;105.5;118.2;93.2;98.2;114.7;91.2;94.5;51043.0;Ecole primaire RPI 105;Saint-Inglevert;062;62751;Pas-de-Calais;Lille;50.87562559246647,1.7430499737306493
2023-2024;9;HAUTS-DE-FRANCE;9;LILLE;62;PAS-DE-CALAIS;62160;BOULOGNE SUR MER;0621170K;public;80.5;120.3;102.9;105.5;118.2;93.2;98.2;114.7;91.2;94.5;51129.0;Ecole élémentaire Cary-Sauvage;Boulogne-sur-Mer;062;62160;Pas-de-Calais;Lille;50.719090443509614,1.6062403154173888
2023-2024;9;HAUTS-DE-FRANCE;9;LILLE;62;PAS-DE-CALAIS;62321;EVIN MALMAISON;0621285K;public;85.4;120.3;102.9;105.5;118.2;93.2;98.2;114.7;91.2;94.5;51163.0;Ecole élémentaire Léon Blum;Evin-Malmaison;062;62321;Pas-de-Calais;Lille;50.438818087150075,3.0336993651716444
2023-2024;9;HAUTS-DE-FRANCE;9;LILLE;62;PAS-DE-CALAIS;62215;CARVIN;0621358P;public;104.4;120.3;102.9;105.5;118.2;93.2;98.2;114.7;91.2;94.5;51177.0;Ecole élémentaire Jules Verne;Carvin;062;62215;Pas-de-Calais;Lille;50.48711871644771,2.952460497151202
2023-2024;9;HAUTS-DE-FRANCE;9;LILLE;62;PAS-DE-CALAIS;62126;BEUVRY;0621456W;public;82.9;120.3;102.9;105.5;118.2;93.2;98.2;114.7;91.2;94.5;51204.0;Ecole élémentaire Simone Veil;Beuvry;062;62126;Pas-de-Calais;Lille;50.52108196086949,2.679439733993125
2023-2024;9;HAUTS-DE-FRANCE;9;LILLE;62;PAS-DE-CALAIS;62276;DOUVRIN;0621472N;public;98.1;120.3;102.9;105.5;118.2;93.2;98.2;114.7;91.2;94.5;51206.0;Ecole élémentaire François Villon;Douvrin;062;62276;Pas-de-Calais;Lille;50.509799091543734,2.8290499921696064
2023-2024;9;HAUTS-DE-FRANCE;9;LILLE;62;PAS-DE-CALAIS;62563;MAZINGARBE;0621504Y;public;84.4;120.3;102.9;105.5;118.2;93.2;98.2;114.7;91.2;94.5;51209.0;Ecole élémentaire Jaurès;Mazingarbe;062;62563;Pas-de-Calais;Lille;50.461909992762806,2.7177597420430426
2023-2024;9;HAUTS-DE-FRANCE;9;LILLE;62;PAS-DE-CALAIS;62186;BULLY LES MINES;0621576B;public;92.9;120.3;102.9;105.5;118.2;93.2;98.2;114.7;91.2;94.5;51230.0;Ecole élémentaire Suzanne Blin;Bully-les-Mines;062;62186;Pas-de-Calais;Lille;50.441438896243774,2.721030088958401
2023-2024;9;HAUTS-DE-FRANCE;9;LILLE;62;PAS-DE-CALAIS;62449;HESMOND;0621597Z;public;92.5;120.3;102.9;105.5;118.2;93.2;98.2;114.7;91.2;94.5;51234.0;Ecole élémentaire de la Crequoise RPI 18;Hesmond;062;62449;Pas-de-Calais;Lille;50.45322785523264,1.9476196726415131
2023-2024;9;HAUTS-DE-FRANCE;9;LILLE;62;PAS-DE-CALAIS;62176;BREXENT ENOCQ;0621616V;public;97.1;120.3;102.9;105.5;118.2;93.2;98.2;114.7;91.2;94.5;51239.0;Ecole élémentaire du Centre RPI 108;Bréxent-Enocq;062;62176;Pas-de-Calais;Lille;50.510148017632666,1.7293706930363497
2023-2024;9;HAUTS-DE-FRANCE;9;LILLE;62;PAS-DE-CALAIS;62897;WISMES;0621880G;public;;120.3;102.9;105.5;118.2;93.2;98.2;114.7;91.2;94.5;51306.0;Ecole primaire du Centre RPI 131;Wismes;062;62897;Pas-de-Calais;Lille;50.65519559731579,2.0698595600621466
2023-2024;9;HAUTS-DE-FRANCE;9;LILLE;62;PAS-DE-CALAIS;62198;CAMBLIGNEUL;0621905J;public;121.7;120.3;102.9;105.5;118.2;93.2;98.2;114.7;91.2;94.5;51315.0;Ecole élémentaire l'Orée du Ternois RPI 58;Cambligneul;062;62198;Pas-de-Calais;Lille;50.380293399189526,2.6165995852355675
2023-2024;9;HAUTS-DE-FRANCE;9;LILLE;62;PAS-DE-CALAIS;62395;GUIGNY;0621983U;public;90.0;120.3;102.9;105.5;118.2;93.2;98.2;114.7;91.2;94.5;51328.0;Ecole élémentaire RPI 8;Guigny;062;62395;Pas-de-Calais;Lille;50.332067125151276,1.9987103175187446
2023-2024;9;HAUTS-DE-FRANCE;9;LILLE;62;PAS-DE-CALAIS;62826;LE TOUQUET PARIS PLAGE;0622594H;privé sous contrat;123.8;120.3;102.9;105.5;118.2;93.2;98.2;114.7;91.2;94.5;51391.0;Ecole primaire privée Jeanne d'Arc;Le Touquet-Paris-Plage;062;62826;Pas-de-Calais;Lille;50.51636468455344,1.592009730421014
2023-2024;9;HAUTS-DE-FRANCE;9;LILLE;62;PAS-DE-CALAIS;62361;FREVENT;0622631Y;privé sous contrat;101.0;120.3;102.9;105.5;118.2;93.2;98.2;114.7;91.2;94.5;51406.0;Ecole primaire privée Sacré-Coeur;Frévent;062;62361;Pas-de-Calais;Lille;50.27712562436676,2.2890099196856215
2023-2024;9;HAUTS-DE-FRANCE;9;LILLE;62;PAS-DE-CALAIS;62847;VERQUIGNEUL;0622844E;public;103.8;120.3;102.9;105.5;118.2;93.2;98.2;114.7;91.2;94.5;51492.0;Ecole primaire Marie-Paul Armand;Verquigneul;062;62847;Pas-de-Calais;Lille;50.500943795202744,2.6642995739842954
2023-2024;9;HAUTS-DE-FRANCE;9;LILLE;62;PAS-DE-CALAIS;62038;ARDRES;0622991P;public;94.9;120.3;102.9;105.5;118.2;93.2;98.2;114.7;91.2;94.5;51531.0;Ecole élémentaire Pierre et Marie Curie;Ardres;062;62038;Pas-de-Calais;Lille;50.87562246597023,1.9788101815227188
2023-2024;9;HAUTS-DE-FRANCE;9;LILLE;62;PAS-DE-CALAIS;62764;SAINT NICOLAS;0623069Z;public;107.2;120.3;102.9;105.5;118.2;93.2;98.2;114.7;91.2;94.5;51551.0;Ecole primaire Charles Desavary - Constant Dutilleux;Saint-Nicolas;062;62764;Pas-de-Calais;Lille;50.30348343004688,2.777590367002478
2023-2024;9;HAUTS-DE-FRANCE;9;LILLE;62;PAS-DE-CALAIS;62771;SALLAUMINES;0623506Z;public;73.5;120.3;102.9;105.5;118.2;93.2;98.2;114.7;91.2;94.5;51638.0;Ecole élémentaire Jean Jaurès;Sallaumines;062;62771;Pas-de-Calais;Lille;50.418420628655014,2.864110466983248
2023-2024;9;HAUTS-DE-FRANCE;9;LILLE;62;PAS-DE-CALAIS;62724;ROUVROY;0623667Z;public;79.6;120.3;102.9;105.5;118.2;93.2;98.2;114.7;91.2;94.5;51679.0;Ecole élémentaire Raoul Briquet;Rouvroy;062;62724;Pas-de-Calais;Lille;50.40581675701012,2.9067499566462036
2023-2024;9;HAUTS-DE-FRANCE;9;LILLE;62;PAS-DE-CALAIS;62060;AUXI LE CHATEAU;0623852A;public;81.9;120.3;102.9;105.5;118.2;93.2;98.2;114.7;91.2;94.5;51713.0;Ecole primaire;Auxi-le-Château;062;62060;Pas-de-Calais;Lille;50.232939163203284,2.1157101873248445
2023-2024;9;HAUTS-DE-FRANCE;9;LILLE;59;NORD;59017;ARMENTIERES;0590306M;public;91.2;120.3;102.9;105.5;118.2;93.2;98.2;119.4;94.4;100.2;48993.0;Ecole élémentaire Léo Lagrange niveau 2;Armentières;059;59017;Nord;Lille;50.694467148854145,2.888360234279858
2023-2024;9;HAUTS-DE-FRANCE;9;LILLE;59;NORD;59233;FLAUMONT WAUDRECHIES;0590329M;public;87.4;120.3;102.9;105.5;118.2;93.2;98.2;119.4;94.4;100.2;49006.0;Ecole primaire Chauffour - RPI 29;Flaumont-Waudrechies;059;59233;Nord;Lille;50.12791573590819,3.967869703682243
2023-2024;9;HAUTS-DE-FRANCE;9;LILLE;59;NORD;59027;AUBRY DU HAINAUT;0590540S;public;109.9;120.3;102.9;105.5;118.2;93.2;98.2;119.4;94.4;100.2;49040.0;Ecole primaire des Mésanges;Aubry-du-Hainaut;059;59027;Nord;Lille;50.369191940565706,3.464829627825717
2023-2024;9;HAUTS-DE-FRANCE;9;LILLE;59;NORD;59073;BERTHEN;0590650L;public;;120.3;102.9;105.5;118.2;93.2;98.2;119.4;94.4;100.2;49061.0;Ecole primaire Evariste Vandewalle;Berthen;059;59073;Nord;Lille;50.783682813258295,2.6938093139218777
2023-2024;9;HAUTS-DE-FRANCE;9;LILLE;59;NORD;59159;CRAYWICK;0590871B;public;93.6;120.3;102.9;105.5;118.2;93.2;98.2;119.4;94.4;100.2;49118.0;Ecole primaire Jean-Marc Broquet;Craywick;059;59159;Nord;Lille;50.97033281397931,2.2360994101488862
2023-2024;9;HAUTS-DE-FRANCE;9;LILLE;59;NORD;59163;CROIX;0590888V;public;87.2;120.3;102.9;105.5;118.2;93.2;98.2;119.4;94.4;100.2;49125.0;Ecole primaire Lucie Aubrac;Croix;059;59163;Nord;Lille;50.68361282357366,3.157209950732978
2023-2024;9;HAUTS-DE-FRANCE;9;LILLE;59;NORD;59172;DENAIN;0590920E;public;69.7;120.3;102.9;105.5;118.2;93.2;98.2;119.4;94.4;100.2;49127.0;Ecole élémentaire Voltaire niveau 2;Denain;059;59172;Nord;Lille;50.33110038538953,3.394559634850944
2023-2024;9;HAUTS-DE-FRANCE;9;LILLE;59;NORD;59176;DOIGNIES;0590929P;public;;120.3;102.9;105.5;118.2;93.2;98.2;119.4;94.4;100.2;49131.0;Ecole primaire niveau 1 RPI 2;Doignies;059;59176;Nord;Lille;50.12846969685175,3.016199713349019
2023-2024;9;HAUTS-DE-FRANCE;9;LILLE;59;NORD;59454;OXELAERE;0591014G;public;100.2;120.3;102.9;105.5;118.2;93.2;98.2;119.4;94.4;100.2;49146.0;Ecole élémentaire RPI 20;Oxelaëre;059;59454;Nord;Lille;50.78871170651275,2.47596947402601
2023-2024;9;HAUTS-DE-FRANCE;9;LILLE;59;NORD;59205;ESCAUDAIN;0591088M;public;80.8;120.3;102.9;105.5;118.2;93.2;98.2;119.4;94.4;100.2;49159.0;Ecole élémentaire Victor Hugo niveau 2;Escaudain;059;59205;Nord;Lille;50.33456315548799,3.3442304220945425
2023-2024;9;HAUTS-DE-FRANCE;9;LILLE;59;NORD;59183;DUNKERQUE;0591210V;public;92.7;120.3;102.9;105.5;118.2;93.2;98.2;119.4;94.4;100.2;49178.0;Ecole élémentaire Roger Salengro;Dunkerque;059;59183;Nord;Lille;51.02755775880044,2.3028806624767317
2023-2024;9;HAUTS-DE-FRANCE;9;LILLE;59;NORD;59273;GRAVELINES;0591293K;public;88.4;120.3;102.9;105.5;118.2;93.2;98.2;119.4;94.4;100.2;49201.0;Groupe scolaire Michelet - Islandais;Gravelines;059;59273;Nord;Lille;51.00177914397315,2.1128899471346965
2023-2024;9;HAUTS-DE-FRANCE;9;LILLE;59;NORD;59289;HAUSSY;0591343P;public;92.7;120.3;102.9;105.5;118.2;93.2;98.2;119.4;94.4;100.2;49210.0;Ecole primaire Pasteur;Haussy;059;59289;Nord;Lille;50.21753586821333,3.479200551582342
2023-2024;9;HAUTS-DE-FRANCE;9;LILLE;59;NORD;59315;HOUDAIN LEZ BAVAY;0591434N;public;108.7;120.3;102.9;105.5;118.2;93.2;98.2;119.4;94.4;100.2;49226.0;Ecole primaire Aimé Dewitte - Regroupement Pédagogique Intercommunal Concentré (RPC) de HOUDAIN-LEZ-BAVAY;Houdain-lez-Bavay;059;59315;Nord;Lille;50.3159488226264,3.783010159545326
2023-2024;9;HAUTS-DE-FRANCE;9;LILLE;59;NORD;59341;LESDAIN;0591510W;public;;120.3;102.9;105.5;118.2;93.2;98.2;119.4;94.4;100.2;49237.0;Ecole primaire Jean-Louis Dufour;Lesdain;059;59341;Nord;Lille;50.09898337875151,3.268500506214899
2023-2024;9;HAUTS-DE-FRANCE;9;LILLE;59;NORD;59346;LEZENNES;0591524L;public;121.5;120.3;102.9;105.5;118.2;93.2;98.2;119.4;94.4;100.2;49240.0;Ecole élémentaire Jules Ferry niveau 2;Lezennes;059;59346;Nord;Lille;50.61546282514399,3.111609481717823
2023-2024;9;HAUTS-DE-FRANCE;9;LILLE;59;NORD;59350;LILLE;0591599T;public;96.4;120.3;102.9;105.5;118.2;93.2;98.2;119.4;94.4;100.2;49252.0;Ecole élémentaire Desbordes Valmore;Lille;059;59350;Nord;Lille;50.63238885829693,3.0281795068339763
2023-2024;9;HAUTS-DE-FRANCE;9;LILLE;59;NORD;59367;LYS LEZ LANNOY;0591712R;public;94.4;120.3;102.9;105.5;118.2;93.2;98.2;119.4;94.4;100.2;49275.0;Ecole élémentaire Paul Bert;Lys-lez-Lannoy;059;59367;Nord;Lille;50.67072736054095,3.2122204244638524
2023-2024;9;HAUTS-DE-FRANCE;9;LILLE;59;NORD;59431;NIEPPE;0591928A;public;92.3;120.3;102.9;105.5;118.2;93.2;98.2;119.4;94.4;100.2;49311.0;Ecole élémentaire Suzanne Crapet;Nieppe;059;59431;Nord;Lille;50.69843935704197,2.855770345366625
2023-2024;9;HAUTS-DE-FRANCE;9;LILLE;59;NORD;59442;OBRECHIES;0591948X;public;;120.3;102.9;105.5;118.2;93.2;98.2;119.4;94.4;100.2;49318.0;Ecole primaire;Obrechies;059;59442;Nord;Lille;50.220441856694656,4.025039928752756
2023-2024;9;HAUTS-DE-FRANCE;9;LILLE;59;NORD;59497;RENESCURE;0592008M;public;93.9;120.3;102.9;105.5;118.2;93.2;98.2;119.4;94.4;100.2;49335.0;Ecole primaire Philippe de Commynes;Renescure;059;59497;Nord;Lille;50.72738029578068,2.3664894207331915
2023-2024;9;HAUTS-DE-FRANCE;9;LILLE;59;NORD;59512;ROUBAIX;0592075K;public;76.0;120.3;102.9;105.5;118.2;93.2;98.2;119.4;94.4;100.2;49358.0;Ecole primaire Legouve;Roubaix;059;59512;Nord;Lille;50.68804361695008,3.1684496881632986
2023-2024;9;HAUTS-DE-FRANCE;9;LILLE;59;NORD;59525;SAINS DU NORD;0592143J;public;85.4;120.3;102.9;105.5;118.2;93.2;98.2;119.4;94.4;100.2;49377.0;Ecole primaire Léon Dorléant;Sains-du-Nord;059;59525;Nord;Lille;50.09488842649797,4.009980667824318
2023-2024;9;HAUTS-DE-FRANCE;9;LILLE;59;NORD;59527;SAINT ANDRE LEZ LILLE;0592156Y;public;101.8;120.3;102.9;105.5;118.2;93.2;98.2;119.4;94.4;100.2;49382.0;Ecole élémentaire Curie - Ferry niveau 1;Saint-André-lez-Lille;059;59527;Nord;Lille;50.664176981424625,3.052559951770951
2023-2024;9;HAUTS-DE-FRANCE;9;LILLE;59;NORD;59567;SERANVILLERS FORENVILLE;0592244U;public;107.8;120.3;102.9;105.5;118.2;93.2;98.2;119.4;94.4;100.2;49401.0;Ecole élémentaire RPI 14;Séranvillers-Forenville;059;59567;Nord;Lille;50.1229347319001,3.278430379061191
2023-2024;9;HAUTS-DE-FRANCE;9;LILLE;59;NORD;59569;SIN LE NOBLE;0592257H;public;81.3;120.3;102.9;105.5;118.2;93.2;98.2;119.4;94.4;100.2;49405.0;Ecole primaire Jean Jaurès;Sin-le-Noble;059;59569;Nord;Lille;50.36521418092854,3.1137905248927127
2023-2024;9;HAUTS-DE-FRANCE;9;LILLE;59;NORD;59592;THUMERIES;0592320B;public;114.1;120.3;102.9;105.5;118.2;93.2;98.2;119.4;94.4;100.2;49421.0;Ecole élémentaire Paul Bert;Thumeries;059;59592;Nord;Lille;50.47771678945724,3.0603793365336585
2023-2024;9;HAUTS-DE-FRANCE;9;LILLE;59;NORD;59617;VIEUX MESNIL;0592456Z;public;96.0;120.3;102.9;105.5;118.2;93.2;98.2;119.4;94.4;100.2;49455.0;Ecole primaire Pierre Devigne;Vieux-Mesnil;059;59617;Nord;Lille;50.2590450972851,3.8824094955324844
2023-2024;9;HAUTS-DE-FRANCE;9;LILLE;59;NORD;59653;WAVRIN;0592559L;public;107.1;120.3;102.9;105.5;118.2;93.2;98.2;119.4;94.4;100.2;49479.0;Ecole élémentaire Anne Frank;Wavrin;059;59653;Nord;Lille;50.5695692433653,2.944366694014026
2023-2024;9;HAUTS-DE-FRANCE;9;LILLE;59;NORD;59183;DUNKERQUE;0592645E;public;79.5;120.3;102.9;105.5;118.2;93.2;98.2;119.4;94.4;100.2;49492.0;Ecole primaire Trystram;Dunkerque;059;59183;Nord;Lille;51.01954922365648,2.3502499461394013
2023-2024;9;HAUTS-DE-FRANCE;9;LILLE;59;NORD;59185;ECAILLON;0593532U;public;71.4;120.3;102.9;105.5;118.2;93.2;98.2;119.4;94.4;100.2;49534.0;Ecole primaire Simon Martin;Ecaillon;059;59185;Nord;Lille;50.3353858748476,3.2102494600408336
2023-2024;9;HAUTS-DE-FRANCE;9;LILLE;59;NORD;59350;LILLE;0593541D;public;107.9;120.3;102.9;105.5;118.2;93.2;98.2;119.4;94.4;100.2;49542.0;Ecole élémentaire Lalo - Clement;Lille;059;59350;Nord;Lille;50.630628712252665,3.072950076509317
2023-2024;9;HAUTS-DE-FRANCE;9;LILLE;59;NORD;59574;SOMAIN;0593552R;public;85.6;120.3;102.9;105.5;118.2;93.2;98.2;119.4;94.4;100.2;49552.0;Ecole élémentaire Henri Barbusse;Somain;059;59574;Nord;Lille;50.35196513840879,3.28164985525165
2023-2024;9;HAUTS-DE-FRANCE;9;LILLE;59;NORD;59009;VILLENEUVE D ASCQ;0593575R;public;108.4;120.3;102.9;105.5;118.2;93.2;98.2;119.4;94.4;100.2;49562.0;Ecole primaire Louise de Bettignies;Villeneuve-d'Ascq;059;59009;Nord;Lille;50.62438721129608,3.149789998964631
2023-2024;9;HAUTS-DE-FRANCE;9;LILLE;59;NORD;59200;ERINGHEM;0593622S;public;88.3;120.3;102.9;105.5;118.2;93.2;98.2;119.4;94.4;100.2;49573.0;Ecole primaire Champêtre Des Linden;Eringhem;059;59200;Nord;Lille;50.89571905070884,2.3401004582426967
2023-2024;9;HAUTS-DE-FRANCE;9;LILLE;59;NORD;59025;AUBERS;0593756M;privé sous contrat;127.8;120.3;102.9;105.5;118.2;93.2;98.2;119.4;94.4;100.2;49617.0;Ecole primaire privée Sainte Jeanne d'Arc;Aubers;059;59025;Nord;Lille;50.5956198123844,2.8234297493075697
2023-2024;9;HAUTS-DE-FRANCE;9;LILLE;59;NORD;59401;METEREN;0593912G;privé sous contrat;110.0;120.3;102.9;105.5;118.2;93.2;98.2;119.4;94.4;100.2;49690.0;Ecole primaire privée Sainte Marthe;Méteren;059;59401;Nord;Lille;50.741885266426195,2.692159941576596
2023-2024;9;HAUTS-DE-FRANCE;9;LILLE;59;NORD;59350;LILLE;0593968T;privé sous contrat;132.1;120.3;102.9;105.5;118.2;93.2;98.2;119.4;94.4;100.2;49706.0;Ecole primaire privée Sainte Anne-Saint Joachim;Lille;059;59350;Nord;Lille;50.64959167474818,3.093609608561349
2023-2024;9;HAUTS-DE-FRANCE;9;LILLE;59;NORD;59378;MARCQ EN BAROEUL;0593982H;privé sous contrat;145.7;120.3;102.9;105.5;118.2;93.2;98.2;119.4;94.4;100.2;49713.0;Ecole primaire privée Saint Aignan;Marcq-en-Baroeul;059;59378;Nord;Lille;50.665951946066194,3.107120164971381
2023-2024;9;HAUTS-DE-FRANCE;9;LILLE;59;NORD;59599;TOURCOING;0594097H;privé sous contrat;73.2;120.3;102.9;105.5;118.2;93.2;98.2;119.4;94.4;100.2;49768.0;Ecole primaire privée Sainte Clotilde;Tourcoing;059;59599;Nord;Lille;50.740125971651345,3.1818193577246254
2023-2024;9;HAUTS-DE-FRANCE;9;LILLE;59;NORD;59636;WAMBRECHIES;0594129T;privé sous contrat;126.6;120.3;102.9;105.5;118.2;93.2;98.2;119.4;94.4;100.2;49783.0;Ecole primaire privée Saint Vaast Robersart;Wambrechies;059;59636;Nord;Lille;50.686638944599814,3.046139445017719
2023-2024;9;HAUTS-DE-FRANCE;9;LILLE;59;NORD;59317;HOUPLINES;0594195P;public;105.5;120.3;102.9;105.5;118.2;93.2;98.2;119.4;94.4;100.2;49809.0;Ecole élémentaire du Bourg;Houplines;059;59317;Nord;Lille;50.69314620954265,2.914309402943893
2023-2024;9;HAUTS-DE-FRANCE;9;LILLE;59;NORD;59392;MAUBEUGE;0594205A;public;67.4;120.3;102.9;105.5;118.2;93.2;98.2;119.4;94.4;100.2;49817.0;Ecole primaire Jean Mabuse;Maubeuge;059;59392;Nord;Lille;50.27354409614073,3.9753345583568915
2023-2024;9;HAUTS-DE-FRANCE;9;LILLE;59;NORD;59337;LEDERZEELE;0594279F;public;101.1;120.3;102.9;105.5;118.2;93.2;98.2;119.4;94.4;100.2;49846.0;Ecole primaire;Lederzeele;059;59337;Nord;Lille;50.823875597534524,2.303079823094004
2023-2024;9;HAUTS-DE-FRANCE;9;LILLE;59;NORD;59012;ANOR;0594463F;public;88.4;120.3;102.9;105.5;118.2;93.2;98.2;119.4;94.4;100.2;49867.0;Ecole élémentaire du Centre;Anor;059;59012;Nord;Lille;49.991427605033024,4.101760227288463
2023-2024;9;HAUTS-DE-FRANCE;9;LILLE;59;NORD;59224;FECHAIN;0594688A;public;101.9;120.3;102.9;105.5;118.2;93.2;98.2;119.4;94.4;100.2;49938.0;Ecole primaire Camus - Sablon;Féchain;059;59224;Nord;Lille;50.265339035598934,3.2132503340768537
2023-2024;9;HAUTS-DE-FRANCE;9;LILLE;59;NORD;59430;NEUVILLY;0594850B;public;83.8;120.3;102.9;105.5;118.2;93.2;98.2;119.4;94.4;100.2;49968.0;Ecole primaire;Neuvilly;059;59430;Nord;Lille;50.143410913493355,3.5096104931848844
2023-2024;9;HAUTS-DE-FRANCE;9;LILLE;59;NORD;59384;MAROILLES;0594947G;public;93.3;120.3;102.9;105.5;118.2;93.2;98.2;119.4;94.4;100.2;49990.0;Ecole primaire Reine des prés;Maroilles;059;59384;Nord;Lille;50.13408947546171,3.7622804462439037
2023-2024;9;HAUTS-DE-FRANCE;9;LILLE;62;PAS-DE-CALAIS;62757;SAINT MARTIN LEZ TATINGHEM;0623073D;public;102.2;120.3;102.9;105.5;118.2;93.2;98.2;114.7;91.2;94.5;51553.0;Ecole primaire Léon Blum;Saint-Martin-lez-Tatinghem;062;62757;Pas-de-Calais;Lille;50.738367625323136,2.198929565347384
2023-2024;9;HAUTS-DE-FRANCE;9;LILLE;62;PAS-DE-CALAIS;62325;FAUQUEMBERGUES;0623153R;public;87.3;120.3;102.9;105.5;118.2;93.2;98.2;114.7;91.2;94.5;51562.0;Ecole primaire;Fauquembergues;062;62325;Pas-de-Calais;Lille;50.60104642822922,2.099719521573969
2023-2024;9;HAUTS-DE-FRANCE;9;LILLE;62;PAS-DE-CALAIS;62474;ISQUES;0623438A;public;95.2;120.3;102.9;105.5;118.2;93.2;98.2;114.7;91.2;94.5;51615.0;Ecole primaire Abel Lombard;Isques;062;62474;Pas-de-Calais;Lille;50.67751895800985,1.6453393955916085
2023-2024;9;HAUTS-DE-FRANCE;9;LILLE;62;PAS-DE-CALAIS;62713;ROBECQ;0623457W;public;114.1;120.3;102.9;105.5;118.2;93.2;98.2;114.7;91.2;94.5;51629.0;Ecole primaire La Clarence;Robecq;062;62713;Pas-de-Calais;Lille;50.59446532250042,2.563320108855996
2023-2024;9;HAUTS-DE-FRANCE;9;LILLE;62;PAS-DE-CALAIS;62057;AUDRUICQ;0624191U;public;92.5;120.3;102.9;105.5;118.2;93.2;98.2;114.7;91.2;94.5;51788.0;Ecole primaire du Brédenarde;Audruicq;062;62057;Pas-de-Calais;Lille;50.878525860462,2.074420175961497
2023-2024;9;HAUTS-DE-FRANCE;9;LILLE;62;PAS-DE-CALAIS;62532;LOZINGHEM;0624196Z;public;89.6;120.3;102.9;105.5;118.2;93.2;98.2;114.7;91.2;94.5;51791.0;Ecole primaire;Lozinghem;062;62532;Pas-de-Calais;Lille;50.51742611917645,2.4985104932889897
2023-2024;9;HAUTS-DE-FRANCE;9;LILLE;62;PAS-DE-CALAIS;62336;FLECHIN;0624202F;public;;120.3;102.9;105.5;118.2;93.2;98.2;114.7;91.2;94.5;51794.0;Ecole primaire RPI 113;Fléchin;062;62336;Pas-de-Calais;Lille;50.55965593345453,2.2931894112787012
2023-2024;9;HAUTS-DE-FRANCE;9;LILLE;62;PAS-DE-CALAIS;62104;BELLEBRUNE;0624209N;public;;120.3;102.9;105.5;118.2;93.2;98.2;114.7;91.2;94.5;51796.0;Ecole élémentaire RPI 2;Bellebrune;062;62104;Pas-de-Calais;Lille;50.72831605545469,1.7836393568663647
2023-2024;9;HAUTS-DE-FRANCE;9;LILLE;62;PAS-DE-CALAIS;62636;OFFRETHUN;0624213T;public;112.5;120.3;102.9;105.5;118.2;93.2;98.2;114.7;91.2;94.5;51798.0;Ecole élémentaire RPI 93;Offrethun;062;62636;Pas-de-Calais;Lille;50.7856138209325,1.6906202899390153
2023-2024;9;HAUTS-DE-FRANCE;9;LILLE;59;NORD;59155;COUDEKERQUE BRANCHE;0590428V;public;95.0;120.3;102.9;105.5;118.2;93.2;98.2;119.4;94.4;100.2;49025.0;Ecole élémentaire Raymond Queneau;Coudekerque-Branche;059;59155;Nord;Lille;51.02139123789469,2.386280031516276
2023-2024;9;HAUTS-DE-FRANCE;9;LILLE;59;NORD;59093;BOULOGNE SUR HELPE;0590684Y;public;;120.3;102.9;105.5;118.2;93.2;98.2;119.4;94.4;100.2;49070.0;Ecole élémentaire RPI 15;Boulogne-sur-Helpe;059;59093;Nord;Lille;50.080594057361374,3.895189763565111
2023-2024;9;HAUTS-DE-FRANCE;9;LILLE;59;NORD;59100;BOUSIGNIES;0590699P;public;;120.3;102.9;105.5;118.2;93.2;98.2;119.4;94.4;100.2;49073.0;Ecole primaire du Lugras;Bousignies;059;59100;Nord;Lille;50.43458761394835,3.3445293892421093
2023-2024;9;HAUTS-DE-FRANCE;9;LILLE;59;NORD;59144;CHATEAU L ABBAYE;0590731Z;public;108.3;120.3;102.9;105.5;118.2;93.2;98.2;119.4;94.4;100.2;49085.0;Ecole primaire Jean de La Fontaine;Château-l'Abbaye;059;59144;Nord;Lille;50.48221269413144,3.477149520956727
2023-2024;9;HAUTS-DE-FRANCE;9;LILLE;59;NORD;59151;COLLERET;0590877H;public;97.4;120.3;102.9;105.5;118.2;93.2;98.2;119.4;94.4;100.2;49120.0;Ecole élémentaire niveau 2;Colleret;059;59151;Nord;Lille;50.25541617263583,4.074270313209263
2023-2024;9;HAUTS-DE-FRANCE;9;LILLE;59;NORD;59206;ESCAUDOEUVRES;0591103D;public;85.7;120.3;102.9;105.5;118.2;93.2;98.2;119.4;94.4;100.2;49162.0;Ecole élémentaire Jean-Baptiste Lebas;Escaudoeuvres;059;59206;Nord;Lille;50.19168179131505,3.2649406583774745
2023-2024;9;HAUTS-DE-FRANCE;9;LILLE;59;NORD;59215;ESTREUX;0591120X;public;102.2;120.3;102.9;105.5;118.2;93.2;98.2;119.4;94.4;100.2;49166.0;Ecole primaire Donat - Godin;Estreux;059;59215;Nord;Lille;50.34893805439999,3.5933206230022705
2023-2024;9;HAUTS-DE-FRANCE;9;LILLE;59;NORD;59225;FEIGNIES;0591148C;public;89.0;120.3;102.9;105.5;118.2;93.2;98.2;119.4;94.4;100.2;49170.0;Ecole élémentaire Jean Lurcat;Feignies;059;59225;Nord;Lille;50.303010650534894,3.9126099215623316
2023-2024;9;HAUTS-DE-FRANCE;9;LILLE;59;NORD;59227;FENAIN;0591164V;public;75.7;120.3;102.9;105.5;118.2;93.2;98.2;119.4;94.4;100.2;49173.0;Ecole primaire du Rond Point;Fenain;059;59227;Nord;Lille;50.35061544354969,3.296350251232334
2023-2024;9;HAUTS-DE-FRANCE;9;LILLE;59;NORD;59279;HALLUIN;0591311E;public;73.4;120.3;102.9;105.5;118.2;93.2;98.2;119.4;94.4;100.2;49204.0;Ecole primaire Jean Macé - Maria Montessori;Halluin;059;59279;Nord;Lille;50.78015816459346,3.1222197358210786
2023-2024;9;HAUTS-DE-FRANCE;9;LILLE;59;NORD;59350;LILLE;0591545J;public;81.9;120.3;102.9;105.5;118.2;93.2;98.2;119.4;94.4;100.2;49242.0;Ecole élémentaire Viala-Voltaire;Lille;059;59350;Nord;Lille;50.6199274036358,3.0520707014726307
2023-2024;9;HAUTS-DE-FRANCE;9;LILLE;59;NORD;59365;LOUVROIL;0591704G;public;63.7;120.3;102.9;105.5;118.2;93.2;98.2;119.4;94.4;100.2;49272.0;Ecole primaire Suzanne Lanoy-Blin;Louvroil;059;59365;Nord;Lille;50.268751362544066,3.9510303722863767
2023-2024;9;HAUTS-DE-FRANCE;9;LILLE;59;NORD;59369;MAING;0591725E;public;103.6;120.3;102.9;105.5;118.2;93.2;98.2;119.4;94.4;100.2;49280.0;Ecole primaire Pierre Vanderbecq du Centre;Maing;059;59369;Nord;Lille;50.307303147042745,3.483330369236545
2023-2024;9;HAUTS-DE-FRANCE;9;LILLE;59;NORD;59438;NOYELLES SUR ESCAUT;0591941P;public;102.1;120.3;102.9;105.5;118.2;93.2;98.2;119.4;94.4;100.2;49313.0;Ecole primaire Henri Matisse;Noyelles-sur-Escaut;059;59438;Nord;Lille;50.13824591704297,3.1814297008317585
2023-2024;9;HAUTS-DE-FRANCE;9;LILLE;59;NORD;59183;DUNKERQUE;0592043A;public;84.3;120.3;102.9;105.5;118.2;93.2;98.2;119.4;94.4;100.2;49347.0;Ecole primaire Louise de Bettignies;Dunkerque;059;59183;Nord;Lille;51.04513884653799,2.412160309423235
2023-2024;9;HAUTS-DE-FRANCE;9;LILLE;59;NORD;59512;ROUBAIX;0592109X;public;71.9;120.3;102.9;105.5;118.2;93.2;98.2;119.4;94.4;100.2;49367.0;Ecole primaire Boileau - Pasteur;Roubaix;059;59512;Nord;Lille;50.68740223745145,3.1929796795378844
2023-2024;9;HAUTS-DE-FRANCE;9;LILLE;59;NORD;59599;TOURCOING;0592370F;public;74.8;120.3;102.9;105.5;118.2;93.2;98.2;119.4;94.4;100.2;49435.0;Ecole primaire Pasteur;Tourcoing;059;59599;Nord;Lille;50.72508145334253,3.175249341958343
2023-2024;9;HAUTS-DE-FRANCE;9;LILLE;59;NORD;59607;VENDEGIES AU BOIS;0592429V;public;101.4;120.3;102.9;105.5;118.2;93.2;98.2;119.4;94.4;100.2;49448.0;Ecole élémentaire RPI 9;Vendegies-au-Bois;059;59607;Nord;Lille;50.17895005477191,3.576089750969312
2023-2024;9;HAUTS-DE-FRANCE;9;LILLE;59;NORD;59634;WALLON CAPPEL;0592493P;public;104.7;120.3;102.9;105.5;118.2;93.2;98.2;119.4;94.4;100.2;49461.0;Ecole primaire Roger Marcotte;Wallon-Cappel;059;59634;Nord;Lille;50.72666143453025,2.473050088398881
2023-2024;9;HAUTS-DE-FRANCE;9;LILLE;59;NORD;59271;GRANDE SYNTHE;0592641A;public;88.4;120.3;102.9;105.5;118.2;93.2;98.2;119.4;94.4;100.2;49489.0;Ecole primaire Chabrier;Grande-Synthe;059;59271;Nord;Lille;51.01381580580799,2.2900898127611806
2023-2024;9;HAUTS-DE-FRANCE;9;LILLE;59;NORD;59606;VALENCIENNES;0592676N;public;64.8;120.3;102.9;105.5;118.2;93.2;98.2;119.4;94.4;100.2;49495.0;Ecole élémentaire Emile Zola;Valenciennes;059;59606;Nord;Lille;50.35952060516277,3.4824700718947934
2023-2024;9;HAUTS-DE-FRANCE;9;LILLE;59;NORD;59310;HON HERGIES;0593538A;public;112.3;120.3;102.9;105.5;118.2;93.2;98.2;119.4;94.4;100.2;49540.0;Ecole primaire;Hon-Hergies;059;59310;Nord;Lille;50.32642975442513,3.8196206121872835
2023-2024;9;HAUTS-DE-FRANCE;9;LILLE;59;NORD;59648;WATTIGNIES;0593556V;public;85.2;120.3;102.9;105.5;118.2;93.2;98.2;119.4;94.4;100.2;49556.0;Groupe scolaire Joséphine Baker;Wattignies;059;59648;Nord;Lille;50.58798869784407,3.0467523698110868
2023-2024;9;HAUTS-DE-FRANCE;9;LILLE;59;NORD;59009;VILLENEUVE D ASCQ;0593562B;public;89.7;120.3;102.9;105.5;118.2;93.2;98.2;119.4;94.4;100.2;49559.0;Ecole élémentaire Boris Vian - Corneille;Villeneuve-d'Ascq;059;59009;Nord;Lille;50.624867294499104,3.142199849052728
2023-2024;9;HAUTS-DE-FRANCE;9;LILLE;59;NORD;59416;MORBECQUE;0593646T;public;94.7;120.3;102.9;105.5;118.2;93.2;98.2;119.4;94.4;100.2;49584.0;Ecole primaire Charles Perrault;Morbecque;059;59416;Nord;Lille;50.69267432974351,2.513749558094731
2023-2024;9;HAUTS-DE-FRANCE;9;LILLE;59;NORD;59056;BEAUCAMPS LIGNY;0593771D;privé sous contrat;137.9;120.3;102.9;105.5;118.2;93.2;98.2;119.4;94.4;100.2;49627.0;Ecole primaire privée Sainte Marie;Beaucamps-Ligny;059;59056;Nord;Lille;50.60361841295472,2.917389681946646
2023-2024;9;HAUTS-DE-FRANCE;9;LILLE;59;NORD;59089;BOLLEZEELE;0593780N;privé sous contrat;97.0;120.3;102.9;105.5;118.2;93.2;98.2;119.4;94.4;100.2;49632.0;Ecole primaire privée Saint Coeur de Marie;Bollezeele;059;59089;Nord;Lille;50.86451704587184,2.3263206714978635
2023-2024;9;HAUTS-DE-FRANCE;9;LILLE;59;NORD;59527;SAINT ANDRE LEZ LILLE;0593841E;privé sous contrat;122.5;120.3;102.9;105.5;118.2;93.2;98.2;119.4;94.4;100.2;49659.0;Ecole primaire privée Saint Joseph;Saint-André-lez-Lille;059;59527;Nord;Lille;50.65315341142592,3.0480905602928545
2023-2024;9;HAUTS-DE-FRANCE;9;LILLE;59;NORD;59421;MOUVAUX;0593916L;privé sous contrat;146.6;120.3;102.9;105.5;118.2;93.2;98.2;119.4;94.4;100.2;49693.0;Ecole primaire privée Sainte Jeanne d'Arc;Mouvaux;059;59421;Nord;Lille;50.702981024248174,3.1344095826045986
2023-2024;9;HAUTS-DE-FRANCE;9;LILLE;59;NORD;59426;NEUVILLE EN FERRAIN;0593917M;privé sous contrat;109.0;120.3;102.9;105.5;118.2;93.2;98.2;119.4;94.4;100.2;49694.0;Ecole primaire privée Saint Joseph - Sacré Coeur;Neuville-en-Ferrain;059;59426;Nord;Lille;50.75075476298006,3.1541803582724115
2023-2024;9;HAUTS-DE-FRANCE;9;LILLE;59;NORD;59335;LECELLES;0593950Y;privé sous contrat;124.5;120.3;102.9;105.5;118.2;93.2;98.2;119.4;94.4;100.2;49701.0;Ecole primaire privée Sainte Marie;Lecelles;059;59335;Nord;Lille;50.47143193532098,3.39544025103896
2023-2024;9;HAUTS-DE-FRANCE;9;LILLE;59;NORD;59183;DUNKERQUE;0594051H;privé sous contrat;95.9;120.3;102.9;105.5;118.2;93.2;98.2;119.4;94.4;100.2;49746.0;Ecole primaire privée Nicolas Barré;Dunkerque;059;59183;Nord;Lille;51.044832861222694,2.3866895809764133
2023-2024;9;HAUTS-DE-FRANCE;9;LILLE;59;NORD;59185;ECAILLON;0594184C;public;101.7;120.3;102.9;105.5;118.2;93.2;98.2;119.4;94.4;100.2;49801.0;Ecole primaire François Pierrard;Ecaillon;059;59185;Nord;Lille;50.34698838481782,3.2168906933435775
2023-2024;9;HAUTS-DE-FRANCE;9;LILLE;59;NORD;59214;ESTREES;0594188G;public;107.3;120.3;102.9;105.5;118.2;93.2;98.2;119.4;94.4;100.2;49805.0;Ecole primaire Thérèse Gras;Estrées;059;59214;Nord;Lille;50.30074108102574,3.0725694669530346
2023-2024;9;HAUTS-DE-FRANCE;9;LILLE;59;NORD;59295;HAZEBROUCK;0594192L;public;96.6;120.3;102.9;105.5;118.2;93.2;98.2;119.4;94.4;100.2;49807.0;Ecole élémentaire Jean Macé;Hazebrouck;059;59295;Nord;Lille;50.73210907094542,2.5422095578483748
2023-2024;9;HAUTS-DE-FRANCE;9;LILLE;59;NORD;59512;ROUBAIX;0594215L;public;79.8;120.3;102.9;105.5;118.2;93.2;98.2;119.4;94.4;100.2;49825.0;Ecole élémentaire Léon Marlot;Roubaix;059;59512;Nord;Lille;50.675837412675875,3.1868300541032615
2023-2024;9;HAUTS-DE-FRANCE;9;LILLE;59;NORD;59478;QUAEDYPRE;0594265R;public;107.2;120.3;102.9;105.5;118.2;93.2;98.2;119.4;94.4;100.2;49840.0;"Ecole primaire ""Le petit bois""";Quaëdypre;059;59478;Nord;Lille;50.935739838962654,2.454820331040047
2023-2024;9;HAUTS-DE-FRANCE;9;LILLE;59;NORD;59250;FOURNES EN WEPPES;0594473S;public;127.3;120.3;102.9;105.5;118.2;93.2;98.2;119.4;94.4;100.2;49874.0;Ecole primaire du Clos d'Hespel;Fournes-en-Weppes;059;59250;Nord;Lille;50.58573642794528,2.8890006659316527
2023-2024;9;HAUTS-DE-FRANCE;9;LILLE;59;NORD;59527;SAINT ANDRE LEZ LILLE;0594567U;public;121.2;120.3;102.9;105.5;118.2;93.2;98.2;119.4;94.4;100.2;49901.0;Ecole primaire Les Peupliers;Saint-André-lez-Lille;059;59527;Nord;Lille;50.66236742265615,3.0391199319766615
2023-2024;9;HAUTS-DE-FRANCE;9;LILLE;59;NORD;59599;TOURCOING;0594611S;public;83.4;120.3;102.9;105.5;118.2;93.2;98.2;119.4;94.4;100.2;49926.0;Ecole primaire Edouard Herriot;Tourcoing;059;59599;Nord;Lille;50.722993631768844,3.1347502021602778
2023-2024;9;HAUTS-DE-FRANCE;9;LILLE;59;NORD;59328;LAMBERSART;0594935U;public;125.6;120.3;102.9;105.5;118.2;93.2;98.2;119.4;94.4;100.2;49986.0;Ecole primaire Hugo - Maintenon - Lanoy - Blin;Lambersart;059;59328;Nord;Lille;50.640934125367146,3.0238700760890063
2023-2024;9;HAUTS-DE-FRANCE;9;LILLE;59;NORD;59393;MAULDE;0594952M;public;95.8;120.3;102.9;105.5;118.2;93.2;98.2;119.4;94.4;100.2;49994.0;Ecole primaire Marcel Dhot;Maulde;059;59393;Nord;Lille;50.50256038104513,3.43081062938898
2023-2024;9;HAUTS-DE-FRANCE;9;LILLE;59;NORD;59055;BAZUEL;0594989C;public;;120.3;102.9;105.5;118.2;93.2;98.2;119.4;94.4;100.2;50011.0;Ecole primaire;Bazuel;059;59055;Nord;Lille;50.09149989546752,3.592350101523013
2023-2024;9;HAUTS-DE-FRANCE;9;LILLE;59;NORD;59271;GRANDE SYNTHE;0595502K;public;91.0;120.3;102.9;105.5;118.2;93.2;98.2;119.4;94.4;100.2;50075.0;Ecole élémentaire Célestin Freinet;Grande-Synthe;059;59271;Nord;Lille;51.006172664091835,2.2975103368399177
2023-2024;9;HAUTS-DE-FRANCE;9;LILLE;59;NORD;59436;NOORDPEENE;0595935F;public;102.9;120.3;102.9;105.5;118.2;93.2;98.2;119.4;94.4;100.2;50106.0;Ecole primaire RPI 7;Noordpeene;059;59436;Nord;Lille;50.8066293371994,2.4012904469834973
2023-2024;9;HAUTS-DE-FRANCE;9;LILLE;59;NORD;59431;NIEPPE;0596215K;privé sous contrat;120.1;120.3;102.9;105.5;118.2;93.2;98.2;119.4;94.4;100.2;50144.0;Ecole primaire privée Saint Louis Sacré-Coeur;Nieppe;059;59431;Nord;Lille;50.703772288477914,2.839690240107144
2023-2024;9;HAUTS-DE-FRANCE;9;LILLE;59;NORD;59183;DUNKERQUE;0596504Z;public;80.7;120.3;102.9;105.5;118.2;93.2;98.2;119.4;94.4;100.2;50200.0;Groupe scolaire Jean Jaurès;Dunkerque;059;59183;Nord;Lille;51.03108837788728,2.3139897295553924
2023-2024;9;HAUTS-DE-FRANCE;9;LILLE;59;NORD;59392;MAUBEUGE;0596519R;public;67.2;120.3;102.9;105.5;118.2;93.2;98.2;119.4;94.4;100.2;50208.0;Ecole élémentaire Claude Debussy;Maubeuge;059;59392;Nord;Lille;50.28419485640049,3.9522301926698833
2023-2024;9;HAUTS-DE-FRANCE;9;LILLE;59;NORD;59426;NEUVILLE EN FERRAIN;0596530C;public;110.5;120.3;102.9;105.5;118.2;93.2;98.2;119.4;94.4;100.2;50217.0;Groupe scolaire européen Lamartine;Neuville-en-Ferrain;059;59426;Nord;Lille;50.74217230582864,3.157759942300304
2023-2024;9;HAUTS-DE-FRANCE;9;LILLE;59;NORD;59143;LA CHAPELLE D ARMENTIERES;0596544T;public;114.8;120.3;102.9;105.5;118.2;93.2;98.2;119.4;94.4;100.2;50222.0;Ecole primaire du Parc;La Chapelle-d'Armentières;059;59143;Nord;Lille;50.66763490908103,2.9078901812852527
2023-2024;9;HAUTS-DE-FRANCE;9;LILLE;59;NORD;59329;LAMBRES LEZ DOUAI;0596547W;public;111.7;120.3;102.9;105.5;118.2;93.2;98.2;119.4;94.4;100.2;50225.0;Ecole primaire Roger Salengro;Lambres-lez-Douai;059;59329;Nord;Lille;50.354612472095695,3.0652993701225135
2023-2024;9;HAUTS-DE-FRANCE;9;LILLE;62;PAS-DE-CALAIS;62645;OYE PLAGE;0621093B;public;101.6;120.3;102.9;105.5;118.2;93.2;98.2;114.7;91.2;94.5;51104.0;Ecole élémentaire des Dunes d'Oye;Oye-Plage;062;62645;Pas-de-Calais;Lille;50.97683033875099,2.0435396421469547
2023-2024;9;HAUTS-DE-FRANCE;9;LILLE;62;PAS-DE-CALAIS;62052;AUDEMBERT;0621189F;public;117.7;120.3;102.9;105.5;118.2;93.2;98.2;114.7;91.2;94.5;51134.0;Ecole primaire RPI 81;Audembert;062;62052;Pas-de-Calais;Lille;50.861140334151685,1.6906601480312795
2023-2024;9;HAUTS-DE-FRANCE;9;LILLE;62;PAS-DE-CALAIS;62648;PARENTY;0621224U;public;;120.3;102.9;105.5;118.2;93.2;98.2;114.7;91.2;94.5;51144.0;Ecole primaire RPI 71;Parenty;062;62648;Pas-de-Calais;Lille;50.591173778452124,1.8034771079647225
2023-2024;9;HAUTS-DE-FRANCE;9;LILLE;62;PAS-DE-CALAIS;62886;WICQUINGHEM;0621231B;public;103.2;120.3;102.9;105.5;118.2;93.2;98.2;114.7;91.2;94.5;51146.0;Ecole élémentaire RPI 69;Wicquinghem;062;62886;Pas-de-Calais;Lille;50.57185730456242,1.959039864974242
2023-2024;9;HAUTS-DE-FRANCE;9;LILLE;62;PAS-DE-CALAIS;62746;SAINT ETIENNE AU MONT;0621265N;public;95.3;120.3;102.9;105.5;118.2;93.2;98.2;114.7;91.2;94.5;51157.0;Ecole primaire d'Ecault;Saint-Etienne-au-Mont;062;62746;Pas-de-Calais;Lille;50.667550885354316,1.6049195071125961
2023-2024;9;HAUTS-DE-FRANCE;9;LILLE;62;PAS-DE-CALAIS;62108;BERCK;0621565P;public;79.2;120.3;102.9;105.5;118.2;93.2;98.2;114.7;91.2;94.5;51224.0;Ecole primaire Brel Perrault;Berck;062;62108;Pas-de-Calais;Lille;50.406360225239766,1.566510346149248
2023-2024;9;HAUTS-DE-FRANCE;9;LILLE;62;PAS-DE-CALAIS;62592;MORINGHEM;0621714B;public;;120.3;102.9;105.5;118.2;93.2;98.2;114.7;91.2;94.5;51259.0;Ecole primaire publique RPI 144 Pierre Gilles de Gennes;Moringhem;062;62592;Pas-de-Calais;Lille;50.764194590717935,2.128849573838831
2023-2024;9;HAUTS-DE-FRANCE;9;LILLE;62;PAS-DE-CALAIS;62901;WITTES;0621718F;public;98.5;120.3;102.9;105.5;118.2;93.2;98.2;114.7;91.2;94.5;51261.0;Ecole primaire Jules Verne;Wittes;062;62901;Pas-de-Calais;Lille;50.6691681719413,2.3924105557683863
2023-2024;9;HAUTS-DE-FRANCE;9;LILLE;62;PAS-DE-CALAIS;62067;AVROULT;0621746L;public;92.4;120.3;102.9;105.5;118.2;93.2;98.2;114.7;91.2;94.5;51274.0;Ecole primaire René Magritte;Avroult;062;62067;Pas-de-Calais;Lille;50.63315100359752,2.1438499957570953
2023-2024;9;HAUTS-DE-FRANCE;9;LILLE;62;PAS-DE-CALAIS;62701;RELY;0621893W;public;;120.3;102.9;105.5;118.2;93.2;98.2;114.7;91.2;94.5;51308.0;Ecole élémentaire RPI 135;Rely;062;62701;Pas-de-Calais;Lille;50.57312036030145,2.3589605147784
2023-2024;9;HAUTS-DE-FRANCE;9;LILLE;62;PAS-DE-CALAIS;62160;BOULOGNE SUR MER;0622728D;privé sous contrat;111.3;120.3;102.9;105.5;118.2;93.2;98.2;114.7;91.2;94.5;51456.0;Ecole primaire privée Sainte Thérèse;Boulogne-sur-Mer;062;62160;Pas-de-Calais;Lille;50.72250660793035,1.609650070632191
2023-2024;9;HAUTS-DE-FRANCE;9;LILLE;62;PAS-DE-CALAIS;62099;BEAURAINS;0622816Z;public;100.9;120.3;102.9;105.5;118.2;93.2;98.2;114.7;91.2;94.5;51480.0;Ecole primaire Jean Moulin;Beaurains;062;62099;Pas-de-Calais;Lille;50.26248310656931,2.7884803717440763
2023-2024;9;HAUTS-DE-FRANCE;9;LILLE;62;PAS-DE-CALAIS;62683;QUOEUX HAUT MAINIL;0622929X;public;95.1;120.3;102.9;105.5;118.2;93.2;98.2;114.7;91.2;94.5;51510.0;Ecole élémentaire RPI 21;Quoeux-Haut-Maînil;062;62683;Pas-de-Calais;Lille;50.29968018801767,2.107859399615701
2023-2024;9;HAUTS-DE-FRANCE;9;LILLE;62;PAS-DE-CALAIS;62427;HENIN BEAUMONT;0622971T;public;107.2;120.3;102.9;105.5;118.2;93.2;98.2;114.7;91.2;94.5;51522.0;Ecole primaire Bracke-Desrousseaux;Hénin-Beaumont;062;62427;Pas-de-Calais;Lille;50.42913046044451,2.9405993210677437
2023-2024;9;HAUTS-DE-FRANCE;9;LILLE;62;PAS-DE-CALAIS;62100;BEAURAINVILLE;0623143E;public;89.9;120.3;102.9;105.5;118.2;93.2;98.2;114.7;91.2;94.5;51556.0;Ecole primaire;Beaurainville;062;62100;Pas-de-Calais;Lille;50.4237432085691,1.901249540423822
2023-2024;9;HAUTS-DE-FRANCE;9;LILLE;62;PAS-DE-CALAIS;62755;SAINT LEONARD;0623217K;public;101.5;120.3;102.9;105.5;118.2;93.2;98.2;114.7;91.2;94.5;51570.0;Ecole élémentaire Jean Rostand;Saint-Léonard;062;62755;Pas-de-Calais;Lille;50.68943135508755,1.6272597073782045
2023-2024;9;HAUTS-DE-FRANCE;9;LILLE;62;PAS-DE-CALAIS;62621;NORTKERQUE;0623309K;public;96.5;120.3;102.9;105.5;118.2;93.2;98.2;114.7;91.2;94.5;51576.0;Ecole primaire Les Lilas;Nortkerque;062;62621;Pas-de-Calais;Lille;50.87574345016731,2.025470045543731
2023-2024;9;HAUTS-DE-FRANCE;9;LILLE;62;PAS-DE-CALAIS;62528;LOOS EN GOHELLE;0623375G;public;94.2;120.3;102.9;105.5;118.2;93.2;98.2;114.7;91.2;94.5;51586.0;Ecole élémentaire Ovide Leroy;Loos-en-Gohelle;062;62528;Pas-de-Calais;Lille;50.45753283860313,2.803479601998945
2023-2024;9;HAUTS-DE-FRANCE;9;LILLE;62;PAS-DE-CALAIS;62693;REBREUVE RANCHICOURT;0623456V;public;107.7;120.3;102.9;105.5;118.2;93.2;98.2;114.7;91.2;94.5;51628.0;Ecole primaire;Rebreuve-Ranchicourt;062;62693;Pas-de-Calais;Lille;50.43726095264991,2.558599559204101
2023-2024;9;HAUTS-DE-FRANCE;9;LILLE;62;PAS-DE-CALAIS;62178;BRUAY LA BUISSIERE;0623469J;public;81.9;120.3;102.9;105.5;118.2;93.2;98.2;114.7;91.2;94.5;51631.0;Ecole primaire Emile Loubet - Saint Exupéry;Bruay-la-Buissière;062;62178;Pas-de-Calais;Lille;50.48372490189246,2.5518193195871155
2023-2024;9;HAUTS-DE-FRANCE;9;LILLE;62;PAS-DE-CALAIS;62643;OUTREAU;0623666Y;public;93.8;120.3;102.9;105.5;118.2;93.2;98.2;114.7;91.2;94.5;51678.0;Ecole élémentaire Edouard Vaillant;Outreau;062;62643;Pas-de-Calais;Lille;50.69058960160441,1.6018598175662637
2023-2024;9;HAUTS-DE-FRANCE;9;LILLE;62;PAS-DE-CALAIS;62515;LIGNY THILLOY;0620530P;public;93.2;120.3;102.9;105.5;118.2;93.2;98.2;114.7;91.2;94.5;50972.0;Ecole primaire RPI 94;Ligny-Thilloy;062;62515;Pas-de-Calais;Lille;50.084322708959576,2.8281202934185
2023-2024;9;HAUTS-DE-FRANCE;9;LILLE;62;PAS-DE-CALAIS;62185;BULLECOURT;0620574M;public;112.3;120.3;102.9;105.5;118.2;93.2;98.2;114.7;91.2;94.5;50980.0;Ecole élémentaire RPI 75;Bullecourt;062;62185;Pas-de-Calais;Lille;50.19761737526446,2.933800561969693
2023-2024;9;HAUTS-DE-FRANCE;9;LILLE;62;PAS-DE-CALAIS;62663;POMMERA;0620655A;public;89.3;120.3;102.9;105.5;118.2;93.2;98.2;114.7;91.2;94.5;50999.0;Ecole élémentaire RPI 61;Pommera;062;62663;Pas-de-Calais;Lille;50.172556046931106,2.442599307014612
2023-2024;9;HAUTS-DE-FRANCE;9;LILLE;62;PAS-DE-CALAIS;62048;AUCHEL;0620823H;public;81.0;120.3;102.9;105.5;118.2;93.2;98.2;114.7;91.2;94.5;51040.0;Ecole élémentaire Jean de La Fontaine;Auchel;062;62048;Pas-de-Calais;Lille;50.51192981367841,2.477169987031761
2023-2024;9;HAUTS-DE-FRANCE;9;LILLE;62;PAS-DE-CALAIS;62105;BELLE ET HOULLEFORT;0620881W;public;;120.3;102.9;105.5;118.2;93.2;98.2;114.7;91.2;94.5;51047.0;Ecole primaire RPI 2;Belle-et-Houllefort;062;62105;Pas-de-Calais;Lille;50.74393510321789,1.7456600170820267
2023-2024;9;HAUTS-DE-FRANCE;9;LILLE;62;PAS-DE-CALAIS;62356;FRESNICOURT LE DOLMEN;0620945R;public;102.7;120.3;102.9;105.5;118.2;93.2;98.2;114.7;91.2;94.5;51068.0;Ecole primaire Jean Moulin - Regroupement Pédagogique Intercommunal Concentré (RPC) de FRESNICOURT-LE-DOLMEN;Fresnicourt-le-Dolmen;062;62356;Pas-de-Calais;Lille;50.42485180087469,2.617529849121563
2023-2024;9;HAUTS-DE-FRANCE;9;LILLE;62;PAS-DE-CALAIS;62456;HOUCHIN;0620978B;public;104.1;120.3;102.9;105.5;118.2;93.2;98.2;114.7;91.2;94.5;51076.0;Ecole primaire Les Fontinettes;Houchin;062;62456;Pas-de-Calais;Lille;50.48367737065829,2.62616042280808
2023-2024;9;HAUTS-DE-FRANCE;9;LILLE;62;PAS-DE-CALAIS;62688;RANG DU FLIERS;0621665Y;public;96.5;120.3;102.9;105.5;118.2;93.2;98.2;114.7;91.2;94.5;51248.0;Ecole élémentaire Jacques Prévert;Rang-du-Fliers;062;62688;Pas-de-Calais;Lille;50.41872808561445,1.6332996716482941
2023-2024;9;HAUTS-DE-FRANCE;9;LILLE;62;PAS-DE-CALAIS;62799;SORRUS;0621669C;public;108.7;120.3;102.9;105.5;118.2;93.2;98.2;114.7;91.2;94.5;51250.0;Ecole primaire;Sorrus;062;62799;Pas-de-Calais;Lille;50.45952668127116,1.7211201745820266
2023-2024;9;HAUTS-DE-FRANCE;9;LILLE;62;PAS-DE-CALAIS;62180;BRIAS;0622029U;public;98.3;120.3;102.9;105.5;118.2;93.2;98.2;114.7;91.2;94.5;51338.0;Ecole élémentaire RPI 123;Brias;062;62180;Pas-de-Calais;Lille;50.40970471410576,2.3779299976941246
2023-2024;9;HAUTS-DE-FRANCE;9;LILLE;62;PAS-DE-CALAIS;62193;CALAIS;0622389K;public;70.1;120.3;102.9;105.5;118.2;93.2;98.2;114.7;91.2;94.5;51363.0;Ecole primaire Georges Andrique;Calais;062;62193;Pas-de-Calais;Lille;50.94804773275627,1.9027706202945212
2023-2024;9;HAUTS-DE-FRANCE;9;LILLE;62;PAS-DE-CALAIS;62340;FLORINGHEM;0622557T;public;101.4;120.3;102.9;105.5;118.2;93.2;98.2;114.7;91.2;94.5;51383.0;Ecole primaire Frédéric Joliot-Curie;Floringhem;062;62340;Pas-de-Calais;Lille;50.49704808786086,2.4254893338705994
2023-2024;9;HAUTS-DE-FRANCE;9;LILLE;62;PAS-DE-CALAIS;62343;FONTAINE LES CROISILLES;0620588C;public;107.2;120.3;102.9;105.5;118.2;93.2;98.2;114.7;91.2;94.5;50983.0;Ecole élémentaire RPI 59;Fontaine-lès-Croisilles;062;62343;Pas-de-Calais;Lille;50.219276820386554,2.9069100041918268
2023-2024;9;HAUTS-DE-FRANCE;9;LILLE;62;PAS-DE-CALAIS;62728;RUMAUCOURT;0620626U;public;92.1;120.3;102.9;105.5;118.2;93.2;98.2;114.7;91.2;94.5;50994.0;Ecole primaire RPI 158;Rumaucourt;062;62728;Pas-de-Calais;Lille;50.242385300320066,3.0596996505403036
2023-2024;9;HAUTS-DE-FRANCE;9;LILLE;62;PAS-DE-CALAIS;62349;FOUQUEREUIL;0622992R;public;106.1;120.3;102.9;105.5;118.2;93.2;98.2;114.7;91.2;94.5;51532.0;Ecole primaire;Fouquereuil;062;62349;Pas-de-Calais;Lille;50.51828544667321,2.601909622566184
2023-2024;9;HAUTS-DE-FRANCE;9;LILLE;62;PAS-DE-CALAIS;62473;ISBERGUES;0623450N;public;101.4;120.3;102.9;105.5;118.2;93.2;98.2;114.7;91.2;94.5;51624.0;Ecole primaire Sadi Carnot;Isbergues;062;62473;Pas-de-Calais;Lille;50.60962835794513,2.4399805219176187
2023-2024;9;HAUTS-DE-FRANCE;9;LILLE;59;NORD;59179;DOUCHY LES MINES;0590319B;public;85.4;120.3;102.9;105.5;118.2;93.2;98.2;119.4;94.4;100.2;49000.0;Ecole élémentaire du Centre;Douchy-les-Mines;059;59179;Nord;Lille;50.29843774859225,3.38717007627524
2023-2024;9;HAUTS-DE-FRANCE;9;LILLE;59;NORD;59178;DOUAI;0590381U;public;64.0;120.3;102.9;105.5;118.2;93.2;98.2;119.4;94.4;100.2;49013.0;Ecole élémentaire Eugène Lenglet;Douai;059;59178;Nord;Lille;50.39329688035113,3.0873006096627003
2023-2024;9;HAUTS-DE-FRANCE;9;LILLE;59;NORD;59048;BANTIGNY;0590598E;public;89.8;120.3;102.9;105.5;118.2;93.2;98.2;119.4;94.4;100.2;49051.0;Ecole primaire les Merlettes;Bantigny;059;59048;Nord;Lille;50.229865149991504,3.230559419935127
2023-2024;9;HAUTS-DE-FRANCE;9;LILLE;59;NORD;59122;CAMBRAI;0590769R;public;75.0;120.3;102.9;105.5;118.2;93.2;98.2;119.4;94.4;100.2;49091.0;Ecole élémentaire Raymond Gernez;Cambrai;059;59122;Nord;Lille;50.16354314180717,3.242129596689099
2023-2024;9;HAUTS-DE-FRANCE;9;LILLE;59;NORD;59157;COUSOLRE;0590867X;public;85.8;120.3;102.9;105.5;118.2;93.2;98.2;119.4;94.4;100.2;49117.0;Ecole élémentaire;Cousolre;059;59157;Nord;Lille;50.24440110695295,4.153220587139853
2023-2024;9;HAUTS-DE-FRANCE;9;LILLE;59;NORD;59161;CREVECOEUR SUR L ESCAUT;0590879K;public;98.6;120.3;102.9;105.5;118.2;93.2;98.2;119.4;94.4;100.2;49121.0;Ecole primaire;Crèvecoeur-sur-l'Escaut;059;59161;Nord;Lille;50.10627286152234,3.25082982960699
2023-2024;9;HAUTS-DE-FRANCE;9;LILLE;59;NORD;59212;ESTAIRES;0591114R;public;89.6;120.3;102.9;105.5;118.2;93.2;98.2;119.4;94.4;100.2;49164.0;Ecole élémentaire Prévert - Pergaud;Estaires;059;59212;Nord;Lille;50.64441642307638,2.7178404473399382
2023-2024;9;HAUTS-DE-FRANCE;9;LILLE;59;NORD;59251;FRASNOY;0591226M;public;;120.3;102.9;105.5;118.2;93.2;98.2;119.4;94.4;100.2;49185.0;Ecole primaire René Quinchon;Frasnoy;059;59251;Nord;Lille;50.26688599380506,3.6831703781240615
2023-2024;9;HAUTS-DE-FRANCE;9;LILLE;59;NORD;59271;GRANDE SYNTHE;0591281X;public;73.3;120.3;102.9;105.5;118.2;93.2;98.2;119.4;94.4;100.2;49200.0;Ecole élémentaire Jean Moulin;Grande-Synthe;059;59271;Nord;Lille;51.01486090787652,2.306439668421287
2023-2024;9;HAUTS-DE-FRANCE;9;LILLE;59;NORD;59291;HAUTMONT;0591350X;public;70.8;120.3;102.9;105.5;118.2;93.2;98.2;119.4;94.4;100.2;49212.0;Groupe scolaire Georges Fontaine;Hautmont;059;59291;Nord;Lille;50.24197573441178,3.90393041416769
2023-2024;9;HAUTS-DE-FRANCE;9;LILLE;59;NORD;59350;LILLE;0591574R;public;76.8;120.3;102.9;105.5;118.2;93.2;98.2;119.4;94.4;100.2;49246.0;Ecole primaire Descartes - Montesquieu;Lille;059;59350;Nord;Lille;50.63600527369627,3.0893198657266727
2023-2024;9;HAUTS-DE-FRANCE;9;LILLE;59;NORD;59350;LILLE;0591584B;public;100.5;120.3;102.9;105.5;118.2;93.2;98.2;119.4;94.4;100.2;49250.0;Ecole primaire Boufflers - Monge - Wicar;Lille;059;59350;Nord;Lille;50.6322952954501,3.071310070930069
2023-2024;9;HAUTS-DE-FRANCE;9;LILLE;59;NORD;59350;LILLE;0591602W;public;76.1;120.3;102.9;105.5;118.2;93.2;98.2;119.4;94.4;100.2;49253.0;Ecole élémentaire d'application Ampère niveau 2;Lille;059;59350;Nord;Lille;50.62161034401498,3.0469896261388603
2023-2024;9;HAUTS-DE-FRANCE;9;LILLE;59;NORD;59350;LILLE;0591662L;public;96.8;120.3;102.9;105.5;118.2;93.2;98.2;119.4;94.4;100.2;49263.0;Ecole élémentaire Madame Roland-Lamartine;Lille;059;59350;Nord;Lille;50.64503008230611,2.990779476945819
2023-2024;9;HAUTS-DE-FRANCE;9;LILLE;59;NORD;59505;ROMBIES ET MARCHIPONT;0592022C;public;113.0;120.3;102.9;105.5;118.2;93.2;98.2;119.4;94.4;100.2;49344.0;Ecole primaire Claudine Huart;Rombies-et-Marchipont;059;59505;Nord;Lille;50.36508075660058,3.6388098770597304
2023-2024;9;HAUTS-DE-FRANCE;9;LILLE;59;NORD;59512;ROUBAIX;0592074J;public;76.7;120.3;102.9;105.5;118.2;93.2;98.2;119.4;94.4;100.2;49357.0;Ecole élémentaire Littré;Roubaix;059;59512;Nord;Lille;50.69568011185495,3.1574695868450102
2023-2024;9;HAUTS-DE-FRANCE;9;LILLE;59;NORD;59519;RUMEGIES;0592124N;public;116.5;120.3;102.9;105.5;118.2;93.2;98.2;119.4;94.4;100.2;49372.0;Ecole primaire du Ridoir;Rumegies;059;59519;Nord;Lille;50.489995212728395,3.3500904833131244
2023-2024;9;HAUTS-DE-FRANCE;9;LILLE;59;NORD;59599;TOURCOING;0592372H;public;80.5;120.3;102.9;105.5;118.2;93.2;98.2;119.4;94.4;100.2;49436.0;Ecole primaire René Lecocq;Tourcoing;059;59599;Nord;Lille;50.697991018863966,3.1522294449418857
2023-2024;9;HAUTS-DE-FRANCE;9;LILLE;59;NORD;59601;TRELON;0592382U;public;77.6;120.3;102.9;105.5;118.2;93.2;98.2;119.4;94.4;100.2;49440.0;Ecole élémentaire René Bry;Trélon;059;59601;Nord;Lille;50.05808364750542,4.101439956094752
2023-2024;9;HAUTS-DE-FRANCE;9;LILLE;59;NORD;59268;LA GORGUE;0592609R;public;93.2;120.3;102.9;105.5;118.2;93.2;98.2;119.4;94.4;100.2;49488.0;Ecole primaire de L'Alloeu;La Gorgue;059;59268;Nord;Lille;50.63865644327213,2.710679893165147
2023-2024;9;HAUTS-DE-FRANCE;9;LILLE;59;NORD;59178;DOUAI;0592698M;public;139.7;120.3;102.9;105.5;118.2;93.2;98.2;119.4;94.4;100.2;49500.0;Ecole élémentaire Bufquin - Fontellaye;Douai;059;59178;Nord;Lille;50.367064383430595,3.073739923456371
2023-2024;9;HAUTS-DE-FRANCE;9;LILLE;59;NORD;59650;WATTRELOS;0593282X;public;78.2;120.3;102.9;105.5;118.2;93.2;98.2;119.4;94.4;100.2;49512.0;Ecole élémentaire Albert Camus;Wattrelos;059;59650;Nord;Lille;50.70352213813684,3.229940112727263
2023-2024;9;HAUTS-DE-FRANCE;9;LILLE;59;NORD;59305;HERZEELE;0593485T;public;105.2;120.3;102.9;105.5;118.2;93.2;98.2;119.4;94.4;100.2;49518.0;Ecole primaire du Val d'Yser;Herzeele;059;59305;Nord;Lille;50.886669067235204,2.5262094646970894
2023-2024;9;HAUTS-DE-FRANCE;9;LILLE;59;NORD;59122;CAMBRAI;0593695W;privé sous contrat;98.3;120.3;102.9;105.5;118.2;93.2;98.2;119.4;94.4;100.2;49594.0;Ecole primaire privée Saint Roch;Cambrai;059;59122;Nord;Lille;50.18583902458518,3.2420598528994504
2023-2024;9;HAUTS-DE-FRANCE;9;LILLE;59;NORD;59153;CONDE SUR L ESCAUT;0593714S;privé sous contrat;105.3;120.3;102.9;105.5;118.2;93.2;98.2;119.4;94.4;100.2;49604.0;Ecole primaire privée Sainte Jeanne d'Arc;Condé-sur-l'Escaut;059;59153;Nord;Lille;50.45024208090471,3.5920804278886784
2023-2024;9;HAUTS-DE-FRANCE;9;LILLE;59;NORD;59163;CROIX;0593720Y;privé sous contrat;107.3;120.3;102.9;105.5;118.2;93.2;98.2;119.4;94.4;100.2;49608.0;Ecole primaire privée Don Bosco;Croix;059;59163;Nord;Lille;50.68412265055215,3.152060237251619
2023-2024;9;HAUTS-DE-FRANCE;9;LILLE;59;NORD;59230;FERRIERE LA GRANDE;0593791A;privé sous contrat;104.3;120.3;102.9;105.5;118.2;93.2;98.2;119.4;94.4;100.2;49637.0;Ecole primaire privée Notre-Dame;Ferrière-la-Grande;059;59230;Nord;Lille;50.25553514414558,3.9921200043461598
2023-2024;9;HAUTS-DE-FRANCE;9;LILLE;59;NORD;59512;ROUBAIX;0593811X;privé sous contrat;103.2;120.3;102.9;105.5;118.2;93.2;98.2;119.4;94.4;100.2;49646.0;Ecole primaire privée Sainte Bernadette;Roubaix;059;59512;Nord;Lille;50.670234321200496,3.1843394485347267
2023-2024;9;HAUTS-DE-FRANCE;9;LILLE;59;NORD;59317;HOUPLINES;0593814A;privé sous contrat;96.9;120.3;102.9;105.5;118.2;93.2;98.2;119.4;94.4;100.2;49647.0;Ecole primaire privée Saint André;Houplines;059;59317;Nord;Lille;50.68825235593754,2.9013995945461115
2023-2024;9;HAUTS-DE-FRANCE;9;LILLE;59;NORD;59358;LOOBERGHE;0593895N;privé sous contrat;105.6;120.3;102.9;105.5;118.2;93.2;98.2;119.4;94.4;100.2;49679.0;Ecole primaire privée Sainte Germaine;Looberghe;059;59358;Nord;Lille;50.914982048315125,2.2753295522198944
2023-2024;9;HAUTS-DE-FRANCE;9;LILLE;59;NORD;59350;LILLE;0593943R;privé sous contrat;96.4;120.3;102.9;105.5;118.2;93.2;98.2;119.4;94.4;100.2;49699.0;Ecole primaire privée Don Bosco;Lille;059;59350;Nord;Lille;50.61255091220408,3.04366938281525
2023-2024;9;HAUTS-DE-FRANCE;9;LILLE;59;NORD;59350;LILLE;0593946U;privé sous contrat;115.6;120.3;102.9;105.5;118.2;93.2;98.2;119.4;94.4;100.2;49700.0;Ecole primaire privée Saint Louis;Lille;059;59350;Nord;Lille;50.62494020928388,3.090190412126868
2023-2024;9;HAUTS-DE-FRANCE;9;LILLE;59;NORD;59268;LA GORGUE;0594020Z;privé sous contrat;102.5;120.3;102.9;105.5;118.2;93.2;98.2;119.4;94.4;100.2;49726.0;Ecole primaire privée Saint Martin;La Gorgue;059;59268;Nord;Lille;50.63540804839172,2.70659931703507
2023-2024;9;HAUTS-DE-FRANCE;9;LILLE;59;NORD;59435;NOMAIN;0594049F;privé sous contrat;133.7;120.3;102.9;105.5;118.2;93.2;98.2;119.4;94.4;100.2;49744.0;Ecole primaire privée Saint Martin;Nomain;059;59435;Nord;Lille;50.49946259026084,3.2522203829836407
2023-2024;9;HAUTS-DE-FRANCE;9;LILLE;59;NORD;59581;STEENWERCK;0594093D;privé sous contrat;120.1;120.3;102.9;105.5;118.2;93.2;98.2;119.4;94.4;100.2;49766.0;Ecole primaire privée Saint Joseph;Steenwerck;059;59581;Nord;Lille;50.69967263510092,2.778509845133669
2023-2024;9;HAUTS-DE-FRANCE;9;LILLE;59;NORD;59136;LE CATEAU CAMBRESIS;0594180Y;public;86.5;120.3;102.9;105.5;118.2;93.2;98.2;119.4;94.4;100.2;49799.0;Ecole primaire Pierre et Marie Curie;Le Cateau-Cambrésis;059;59136;Nord;Lille;50.10117886288313,3.5560797280996983
2023-2024;9;HAUTS-DE-FRANCE;9;LILLE;59;NORD;59525;SAINS DU NORD;0594216M;public;91.2;120.3;102.9;105.5;118.2;93.2;98.2;119.4;94.4;100.2;49826.0;Ecole primaire Des Quatre Vents;Sains-du-Nord;059;59525;Nord;Lille;50.088603401166964,4.026279987162017
2023-2024;9;HAUTS-DE-FRANCE;9;LILLE;59;NORD;59641;WARHEM;0594354M;public;100.1;120.3;102.9;105.5;118.2;93.2;98.2;119.4;94.4;100.2;49856.0;Ecole primaire Maxence Van Der Meersch;Warhem;059;59641;Nord;Lille;50.976665640997076,2.492529634265575
2023-2024;9;HAUTS-DE-FRANCE;9;LILLE;59;NORD;59350;LILLE;0594575C;public;81.7;120.3;102.9;105.5;118.2;93.2;98.2;119.4;94.4;100.2;49906.0;Ecole élémentaire Léon Jouhaux;Lille;059;59350;Nord;Lille;50.63594309471772,3.0424493487885855
2023-2024;9;HAUTS-DE-FRANCE;9;LILLE;59;NORD;59036;AVESNES SUR HELPE;0594586P;public;65.0;120.3;102.9;105.5;118.2;93.2;98.2;119.4;94.4;100.2;49909.0;Ecole primaire Rue des Prés;Avesnes-sur-Helpe;059;59036;Nord;Lille;50.124878601361594,3.928980485962817
2023-2024;9;HAUTS-DE-FRANCE;9;LILLE;59;NORD;59194;ENGLEFONTAINE;0594592W;public;97.7;120.3;102.9;105.5;118.2;93.2;98.2;119.4;94.4;100.2;49912.0;Ecole primaire Jules Copin;Englefontaine;059;59194;Nord;Lille;50.1913308287306,3.6445302170374565
2023-2024;9;HAUTS-DE-FRANCE;9;LILLE;59;NORD;59183;DUNKERQUE;0594685X;public;115.9;120.3;102.9;105.5;118.2;93.2;98.2;119.4;94.4;100.2;49936.0;Ecole élémentaire Jean Jaurès;Dunkerque;059;59183;Nord;Lille;51.03496081845358,2.39480973821498
2023-2024;9;HAUTS-DE-FRANCE;9;LILLE;59;NORD;59479;QUAROUBLE;0594802Z;public;95.7;120.3;102.9;105.5;118.2;93.2;98.2;119.4;94.4;100.2;49964.0;Ecole élémentaire;Quarouble;059;59479;Nord;Lille;50.38929938652693,3.623180686965996
2023-2024;9;HAUTS-DE-FRANCE;9;LILLE;59;NORD;59631;WALINCOURT SELVIGNY;0594991E;public;84.5;120.3;102.9;105.5;118.2;93.2;98.2;119.4;94.4;100.2;50013.0;Ecole élémentaire Gaston Bricout;Walincourt-Selvigny;059;59631;Nord;Lille;50.06826544797756,3.338110618437918
2023-2024;9;HAUTS-DE-FRANCE;9;LILLE;59;NORD;59508;RONCQ;0595215Y;public;113.0;120.3;102.9;105.5;118.2;93.2;98.2;119.4;94.4;100.2;50042.0;Ecole primaire Picasso - Brel;Roncq;059;59508;Nord;Lille;50.74277412266933,3.1300505039502298
2023-2024;9;HAUTS-DE-FRANCE;9;LILLE;62;PAS-DE-CALAIS;62493;LEBUCQUIERE;0620553P;public;94.2;120.3;102.9;105.5;118.2;93.2;98.2;114.7;91.2;94.5;50975.0;Ecole élémentaire Jean Moulin RPI 56;Lebucquière;062;62493;Pas-de-Calais;Lille;50.11128945676161,2.965499971861582
2023-2024;9;HAUTS-DE-FRANCE;9;LILLE;62;PAS-DE-CALAIS;62608;NEUVILLE BOURJONVAL;0620558V;public;80.8;120.3;102.9;105.5;118.2;93.2;98.2;114.7;91.2;94.5;50976.0;Ecole élémentaire RPI 36;Neuville-Bourjonval;062;62608;Pas-de-Calais;Lille;50.06870608055833,3.021850035550828
2023-2024;9;HAUTS-DE-FRANCE;9;LILLE;62;PAS-DE-CALAIS;62172;BOYELLES;0620571J;public;;120.3;102.9;105.5;118.2;93.2;98.2;114.7;91.2;94.5;50978.0;Ecole élémentaire RPI 55;Boyelles;062;62172;Pas-de-Calais;Lille;50.20370579736787,2.816949475367017
2023-2024;9;HAUTS-DE-FRANCE;9;LILLE;62;PAS-DE-CALAIS;62351;FOUQUIERES LES LENS;0623050D;public;83.2;120.3;102.9;105.5;118.2;93.2;98.2;114.7;91.2;94.5;51545.0;Ecole primaire Jean Macé;Fouquières-lès-Lens;062;62351;Pas-de-Calais;Lille;50.43411837965409,2.904030038823047
2023-2024;9;HAUTS-DE-FRANCE;9;LILLE;62;PAS-DE-CALAIS;62735;SAILLY LABOURSE;0623173M;public;90.4;120.3;102.9;105.5;118.2;93.2;98.2;114.7;91.2;94.5;51565.0;Ecole primaire Brassens-Monet;Sailly-Labourse;062;62735;Pas-de-Calais;Lille;50.4987124563377,2.6966905000416967
2023-2024;9;HAUTS-DE-FRANCE;9;LILLE;62;PAS-DE-CALAIS;62040;ARQUES;0623403M;public;79.1;120.3;102.9;105.5;118.2;93.2;98.2;114.7;91.2;94.5;51591.0;Ecole primaire Albert Camus;Arques;062;62040;Pas-de-Calais;Lille;50.73932738309337,2.2761904604354934
2023-2024;9;HAUTS-DE-FRANCE;9;LILLE;62;PAS-DE-CALAIS;62048;AUCHEL;0623417C;public;74.9;120.3;102.9;105.5;118.2;93.2;98.2;114.7;91.2;94.5;51598.0;Ecole élémentaire Victor Hugo;Auchel;062;62048;Pas-de-Calais;Lille;50.50320877927466,2.469400017580721
2023-2024;9;HAUTS-DE-FRANCE;9;LILLE;62;PAS-DE-CALAIS;62724;ROUVROY;0623430S;public;74.6;120.3;102.9;105.5;118.2;93.2;98.2;114.7;91.2;94.5;51607.0;Ecole élémentaire Paul Vaillant Couturier;Rouvroy;062;62724;Pas-de-Calais;Lille;50.40279020588595,2.912439972392063
2023-2024;9;HAUTS-DE-FRANCE;9;LILLE;62;PAS-DE-CALAIS;62038;ARDRES;0623502V;public;93.2;120.3;102.9;105.5;118.2;93.2;98.2;114.7;91.2;94.5;51636.0;Ecole élémentaire Anne Frank;Ardres;062;62038;Pas-de-Calais;Lille;50.85193103695741,1.9739692972676504
2023-2024;9;HAUTS-DE-FRANCE;9;LILLE;62;PAS-DE-CALAIS;62480;LABOURSE;0623809D;public;98.7;120.3;102.9;105.5;118.2;93.2;98.2;114.7;91.2;94.5;51701.0;Ecole élémentaire Maurice Carême;Labourse;062;62480;Pas-de-Calais;Lille;50.4997688984554,2.680960192809461
2023-2024;9;HAUTS-DE-FRANCE;9;LILLE;62;PAS-DE-CALAIS;62397;GUINES;0624011Y;public;82.7;120.3;102.9;105.5;118.2;93.2;98.2;114.7;91.2;94.5;51760.0;Ecole primaire André Guilbert;Guînes;062;62397;Pas-de-Calais;Lille;50.891131308777005,1.8810093635111573
2023-2024;9;HAUTS-DE-FRANCE;9;LILLE;59;NORD;59626;VILLERS POL;0594981U;public;121.2;120.3;102.9;105.5;118.2;93.2;98.2;119.4;94.4;100.2;50007.0;Ecole primaire de la Rhonelle;Villers-Pol;059;59626;Nord;Lille;50.28466570750886,3.6162204380283636
2023-2024;9;HAUTS-DE-FRANCE;9;LILLE;59;NORD;59512;ROUBAIX;0596114A;public;66.3;120.3;102.9;105.5;118.2;93.2;98.2;119.4;94.4;100.2;50129.0;Ecole primaire Edgard Quinet - Paul Bert;Roubaix;059;59512;Nord;Lille;50.70360360235974,3.187860451084744
2023-2024;9;HAUTS-DE-FRANCE;9;LILLE;59;NORD;59508;RONCQ;0596459A;privé sous contrat;125.6;120.3;102.9;105.5;118.2;93.2;98.2;119.4;94.4;100.2;50182.0;Ecole primaire privée Saint François;Roncq;059;59508;Nord;Lille;50.753228475820706,3.125479344664125
2023-2024;9;HAUTS-DE-FRANCE;9;LILLE;59;NORD;59043;BAILLEUL;0596491K;privé sous contrat;109.3;120.3;102.9;105.5;118.2;93.2;98.2;119.4;94.4;100.2;50191.0;Ecole primaire privée Saint Amand-Sainte Marie;Bailleul;059;59043;Nord;Lille;50.73497241541302,2.732059372241114
2023-2024;9;HAUTS-DE-FRANCE;9;LILLE;59;NORD;59112;BRUAY SUR L ESCAUT;0596511G;public;79.4;120.3;102.9;105.5;118.2;93.2;98.2;119.4;94.4;100.2;50205.0;Ecole élémentaire Claude Monet;Bruay-sur-l'Escaut;059;59112;Nord;Lille;50.406168452155036,3.548550416592474
2023-2024;9;HAUTS-DE-FRANCE;9;LILLE;59;NORD;59350;LILLE;0596512H;public;78.8;120.3;102.9;105.5;118.2;93.2;98.2;119.4;94.4;100.2;50206.0;Ecole élémentaire d'application Trulin - Samain;Lille;059;59350;Nord;Lille;50.619489124753315,3.0317793258312555
2023-2024;9;HAUTS-DE-FRANCE;9;LILLE;59;NORD;59663;WORMHOUT;0596643A;public;92.6;120.3;102.9;105.5;118.2;93.2;98.2;119.4;94.4;100.2;50244.0;Ecole primaire publique Jean Moulin;Wormhout;059;59663;Nord;Lille;50.88124298736714,2.474560653972779
2023-2024;9;HAUTS-DE-FRANCE;9;LILLE;59;NORD;59155;COUDEKERQUE BRANCHE;0590423P;public;83.5;120.3;102.9;105.5;118.2;93.2;98.2;119.4;94.4;100.2;49020.0;Ecole élémentaire Charlie Chaplin;Coudekerque-Branche;059;59155;Nord;Lille;51.02200384141788,2.4115005016119673
2023-2024;9;HAUTS-DE-FRANCE;9;LILLE;59;NORD;59155;COUDEKERQUE BRANCHE;0590424R;public;78.2;120.3;102.9;105.5;118.2;93.2;98.2;119.4;94.4;100.2;49021.0;Ecole élémentaire Paul Eluard;Coudekerque-Branche;059;59155;Nord;Lille;51.028115971593756,2.395989502672639
2023-2024;9;HAUTS-DE-FRANCE;9;LILLE;59;NORD;59087;BOESEGHEM;0590674M;public;97.8;120.3;102.9;105.5;118.2;93.2;98.2;119.4;94.4;100.2;49066.0;Ecole primaire des Trois Clefs;Boëseghem;059;59087;Nord;Lille;50.66261595143323,2.436140487356246
2023-2024;9;HAUTS-DE-FRANCE;9;LILLE;59;NORD;59106;BOUVINES;0590708Z;public;126.2;120.3;102.9;105.5;118.2;93.2;98.2;119.4;94.4;100.2;49079.0;Ecole primaire Léonard de Vinci;Bouvines;059;59106;Nord;Lille;50.57886710146073,3.1882696576832372
2023-2024;9;HAUTS-DE-FRANCE;9;LILLE;59;NORD;59131;CAPPELLE LA GRANDE;0590788L;public;89.7;120.3;102.9;105.5;118.2;93.2;98.2;119.4;94.4;100.2;49095.0;Ecole élémentaire du Crayhof;Cappelle-la-Grande;059;59131;Nord;Lille;50.997757212887386,2.3722205964428076
2023-2024;9;HAUTS-DE-FRANCE;9;LILLE;59;NORD;59134;CARTIGNIES;0590798X;public;98.8;120.3;102.9;105.5;118.2;93.2;98.2;119.4;94.4;100.2;49098.0;Ecole primaire Meresse;Cartignies;059;59134;Nord;Lille;50.09413913918304,3.8455594132915136
2023-2024;9;HAUTS-DE-FRANCE;9;LILLE;59;NORD;59148;CLAIRFAYTS;0590838R;public;87.2;120.3;102.9;105.5;118.2;93.2;98.2;119.4;94.4;100.2;49111.0;Ecole primaire;Clairfayts;059;59148;Nord;Lille;50.15815405153686,4.121410204038775
2023-2024;9;HAUTS-DE-FRANCE;9;LILLE;59;NORD;59152;COMINES;0590846Z;public;82.0;120.3;102.9;105.5;118.2;93.2;98.2;119.4;94.4;100.2;49114.0;Ecole primaire Simone Veil;Comines;059;59152;Nord;Lille;50.76327611761462,3.0087598762149836
2023-2024;9;HAUTS-DE-FRANCE;9;LILLE;59;NORD;59162;CROCHTE;0590880L;public;103.6;120.3;102.9;105.5;118.2;93.2;98.2;119.4;94.4;100.2;49122.0;Ecole primaire Marcel Aymé;Crochte;059;59162;Nord;Lille;50.934137735389925,2.3878005077971545
2023-2024;9;HAUTS-DE-FRANCE;9;LILLE;59;NORD;59184;EBBLINGHEM;0590972L;public;95.0;120.3;102.9;105.5;118.2;93.2;98.2;119.4;94.4;100.2;49137.0;Ecole primaire des Deux Châteaux;Ebblinghem;059;59184;Nord;Lille;50.732630076940424,2.409819457123258
2023-2024;9;HAUTS-DE-FRANCE;9;LILLE;59;NORD;59198;EPPE SAUVAGE;0590996M;public;;120.3;102.9;105.5;118.2;93.2;98.2;119.4;94.4;100.2;49144.0;Ecole primaire Auguste Hanon;Eppe-Sauvage;059;59198;Nord;Lille;50.12034225833665,4.17888012327141
2023-2024;9;HAUTS-DE-FRANCE;9;LILLE;59;NORD;59457;PERENCHIES;0591025U;public;106.3;120.3;102.9;105.5;118.2;93.2;98.2;119.4;94.4;100.2;49148.0;Ecole élémentaire Jules Ferry niveau 2;Pérenchies;059;59457;Nord;Lille;50.671426049647955,2.9726006550422213
2023-2024;9;HAUTS-DE-FRANCE;9;LILLE;59;NORD;59288;HAULCHIN;0591342N;public;91.2;120.3;102.9;105.5;118.2;93.2;98.2;119.4;94.4;100.2;49209.0;Ecole élémentaire Irène et Frédéric Joliot-Curie;Haulchin;059;59288;Nord;Lille;50.31700562042711,3.4342703606668024
2023-2024;9;HAUTS-DE-FRANCE;9;LILLE;59;NORD;59364;LOUVIL;0591701D;public;141.2;120.3;102.9;105.5;118.2;93.2;98.2;119.4;94.4;100.2;49271.0;Ecole primaire Henri Millez;Louvil;059;59364;Nord;Lille;50.559685649150296,3.1939493405663417
2023-2024;9;HAUTS-DE-FRANCE;9;LILLE;59;NORD;59397;MERCKEGHEM;0591840E;public;108.6;120.3;102.9;105.5;118.2;93.2;98.2;119.4;94.4;100.2;49294.0;Ecole primaire du Bourg;Merckeghem;059;59397;Nord;Lille;50.86053590405079,2.2976001917460875
2023-2024;9;HAUTS-DE-FRANCE;9;LILLE;59;NORD;59512;ROUBAIX;0592071F;public;72.9;120.3;102.9;105.5;118.2;93.2;98.2;119.4;94.4;100.2;49354.0;Ecole primaire Lucie Aubrac;Roubaix;059;59512;Nord;Lille;50.69198430468411,3.158589556892381
2023-2024;9;HAUTS-DE-FRANCE;9;LILLE;59;NORD;59512;ROUBAIX;0592083U;public;76.5;120.3;102.9;105.5;118.2;93.2;98.2;119.4;94.4;100.2;49361.0;Ecole élémentaire Pierre de Roubaix;Roubaix;059;59512;Nord;Lille;50.6896632367927,3.187929727010349
2023-2024;9;HAUTS-DE-FRANCE;9;LILLE;59;NORD;59515;ROUVIGNIES;0592117F;public;97.1;120.3;102.9;105.5;118.2;93.2;98.2;119.4;94.4;100.2;49371.0;Ecole primaire Louise Michel;Rouvignies;059;59515;Nord;Lille;50.326400919489686,3.4422695900954947
2023-2024;9;HAUTS-DE-FRANCE;9;LILLE;59;NORD;59537;SAINT MARTIN SUR ECAILLON;0592174T;public;115.6;120.3;102.9;105.5;118.2;93.2;98.2;119.4;94.4;100.2;49387.0;Ecole primaire;Saint-Martin-sur-Ecaillon;059;59537;Nord;Lille;50.24849469683193,3.524329907979966
2023-2024;9;HAUTS-DE-FRANCE;9;LILLE;59;NORD;59526;SAINT AMAND LES EAUX;0593283Y;public;93.5;120.3;102.9;105.5;118.2;93.2;98.2;119.4;94.4;100.2;49513.0;Ecole élémentaire La Tour;Saint-Amand-les-Eaux;059;59526;Nord;Lille;50.44836820155418,3.427819759660209
2023-2024;9;HAUTS-DE-FRANCE;9;LILLE;59;NORD;59183;DUNKERQUE;0593531T;public;119.0;120.3;102.9;105.5;118.2;93.2;98.2;119.4;94.4;100.2;49533.0;Ecole élémentaire de La Mer;Dunkerque;059;59183;Nord;Lille;51.04626883823192,2.4021006427220777
2023-2024;9;HAUTS-DE-FRANCE;9;LILLE;59;NORD;59350;LILLE;0593554T;public;128.6;120.3;102.9;105.5;118.2;93.2;98.2;119.4;94.4;100.2;49554.0;Ecole primaire Cabanis - Bara;Lille;059;59350;Nord;Lille;50.6354654000456,3.0936806424258267
2023-2024;9;HAUTS-DE-FRANCE;9;LILLE;59;NORD;59135;CASSEL;0593703E;privé sous contrat;123.2;120.3;102.9;105.5;118.2;93.2;98.2;119.4;94.4;100.2;49598.0;Ecole primaire privée Saint Joseph;Cassel;059;59135;Nord;Lille;50.79847593330001,2.490379915546207
2023-2024;9;HAUTS-DE-FRANCE;9;LILLE;59;NORD;59143;LA CHAPELLE D ARMENTIERES;0593707J;privé sous contrat;126.7;120.3;102.9;105.5;118.2;93.2;98.2;119.4;94.4;100.2;49600.0;Ecole primaire privée Notre-Dame de Lourdes;La Chapelle-d'Armentières;059;59143;Nord;Lille;50.67717887119065,2.8744905449956035
2023-2024;9;HAUTS-DE-FRANCE;9;LILLE;59;NORD;59090;BONDUES;0593783S;privé sous contrat;138.5;120.3;102.9;105.5;118.2;93.2;98.2;119.4;94.4;100.2;49634.0;Ecole primaire privée La Croix Blanche;Bondues;059;59090;Nord;Lille;50.717942753930096,3.1069499861300445
2023-2024;9;HAUTS-DE-FRANCE;9;LILLE;59;NORD;59249;FOURMIES;0593797G;privé sous contrat;102.8;120.3;102.9;105.5;118.2;93.2;98.2;119.4;94.4;100.2;49639.0;Ecole primaire privée Notre-Dame Saint Louis;Fourmies;059;59249;Nord;Lille;50.01404802019644,4.045730486908507
2023-2024;9;HAUTS-DE-FRANCE;9;LILLE;59;NORD;59350;LILLE;0593828R;privé sous contrat;143.2;120.3;102.9;105.5;118.2;93.2;98.2;119.4;94.4;100.2;49654.0;Ecole primaire privée Saint Paul;Lille;059;59350;Nord;Lille;50.62823346581945,3.0492405720640425
2023-2024;9;HAUTS-DE-FRANCE;9;LILLE;59;NORD;59479;QUAROUBLE;0593922T;privé sous contrat;104.1;120.3;102.9;105.5;118.2;93.2;98.2;119.4;94.4;100.2;49696.0;Ecole primaire privée Notre-Dame du Sacré-Coeur;Quarouble;059;59479;Nord;Lille;50.38693167402729,3.623060185982702
2023-2024;9;HAUTS-DE-FRANCE;9;LILLE;59;NORD;59359;LOON PLAGE;0593974Z;privé sous contrat;103.3;120.3;102.9;105.5;118.2;93.2;98.2;119.4;94.4;100.2;49710.0;Ecole primaire privée Sacré-Coeur;Loon-Plage;059;59359;Nord;Lille;50.990978351600916,2.2178696344056186
2023-2024;9;HAUTS-DE-FRANCE;9;LILLE;59;NORD;59299;HEM;0594037T;privé sous contrat;139.4;120.3;102.9;105.5;118.2;93.2;98.2;119.4;94.4;100.2;49737.0;Ecole primaire privée Notre-Dame de Lourdes;Hem;059;59299;Nord;Lille;50.651474690130485,3.1888694291074824
2023-2024;9;HAUTS-DE-FRANCE;9;LILLE;59;NORD;59599;TOURCOING;0594108V;privé sous contrat;96.3;120.3;102.9;105.5;118.2;93.2;98.2;119.4;94.4;100.2;49771.0;Ecole primaire privée Françoise Dolto;Tourcoing;059;59599;Nord;Lille;50.71560259491828,3.14880038987573
2023-2024;9;HAUTS-DE-FRANCE;9;LILLE;59;NORD;59560;SECLIN;0594230C;public;;120.3;102.9;105.5;118.2;93.2;98.2;119.4;94.4;100.2;49832.0;Ecole élémentaire Paul Langevin niveau 1;Seclin;059;59560;Nord;Lille;50.55239403163248,3.033869828567672
2023-2024;9;HAUTS-DE-FRANCE;9;LILLE;59;NORD;59647;WATTEN;0594277D;public;86.1;120.3;102.9;105.5;118.2;93.2;98.2;119.4;94.4;100.2;49845.0;Ecole élémentaire Georges Fortry;Watten;059;59647;Nord;Lille;50.83445498229433,2.2145703333570297
2023-2024;9;HAUTS-DE-FRANCE;9;LILLE;59;NORD;59624;VILLERS OUTREAUX;0594352K;public;78.5;120.3;102.9;105.5;118.2;93.2;98.2;119.4;94.4;100.2;49855.0;Ecole primaire - Regroupement Pédagogique Intercommunal Concentré (RPC) de VILLERS-OUTREAUX;Villers-Outréaux;059;59624;Nord;Lille;50.033354864437946,3.300569772833848
2023-2024;9;HAUTS-DE-FRANCE;9;LILLE;59;NORD;59334;LAUWIN PLANQUE;0594371F;public;100.9;120.3;102.9;105.5;118.2;93.2;98.2;119.4;94.4;100.2;49860.0;Ecole primaire Jules Ferry;Lauwin-Planque;059;59334;Nord;Lille;50.39012044725615,3.0461997733191173
2023-2024;9;HAUTS-DE-FRANCE;9;LILLE;59;NORD;59285;HASPRES;0594474T;public;95.0;120.3;102.9;105.5;118.2;93.2;98.2;119.4;94.4;100.2;49875.0;Ecole élémentaire Joliot-Curie - Jules Ferry;Haspres;059;59285;Nord;Lille;50.258050187408614,3.416489518564203
2023-2024;9;HAUTS-DE-FRANCE;9;LILLE;59;NORD;59470;PREMESQUES;0594604J;public;132.0;120.3;102.9;105.5;118.2;93.2;98.2;119.4;94.4;100.2;49921.0;Ecole primaire Jean-Loup Chrétien;Prémesques;059;59470;Nord;Lille;50.65641561119873,2.9523100596335903
2023-2024;9;HAUTS-DE-FRANCE;9;LILLE;59;NORD;59650;WATTRELOS;0594613U;public;93.8;120.3;102.9;105.5;118.2;93.2;98.2;119.4;94.4;100.2;49927.0;Ecole primaire Jean Jaurès - Jules Michelet;Wattrelos;059;59650;Nord;Lille;50.702052094883655,3.218099605296158
2023-2024;9;HAUTS-DE-FRANCE;9;LILLE;59;NORD;59263;GOEULZIN;0594623E;public;111.1;120.3;102.9;105.5;118.2;93.2;98.2;119.4;94.4;100.2;49930.0;Ecole primaire Mireille du Nord;Goeulzin;059;59263;Nord;Lille;50.31797397102014,3.0953905021555395
2023-2024;9;HAUTS-DE-FRANCE;9;LILLE;59;NORD;59014;ANZIN;0594905L;public;71.9;120.3;102.9;105.5;118.2;93.2;98.2;119.4;94.4;100.2;49974.0;Groupe scolaire Jean-Baptiste Carpeaux;Anzin;059;59014;Nord;Lille;50.377865445189634,3.4979693025954006
2023-2024;9;HAUTS-DE-FRANCE;9;LILLE;59;NORD;59098;BOUSBECQUE;0594912U;public;92.0;120.3;102.9;105.5;118.2;93.2;98.2;119.4;94.4;100.2;49976.0;Groupe scolaire Thomas Pesquet;Bousbecque;059;59098;Nord;Lille;50.77051197046679,3.0788800047737723
2023-2024;9;HAUTS-DE-FRANCE;9;LILLE;59;NORD;59302;HERIN;0594932R;public;93.2;120.3;102.9;105.5;118.2;93.2;98.2;119.4;94.4;100.2;49985.0;Ecole élémentaire Henri Barbusse-Louise Michel;Hérin;059;59302;Nord;Lille;50.35524016271573,3.450819785017811
2023-2024;9;HAUTS-DE-FRANCE;9;LILLE;59;NORD;59507;RONCHIN;0594963Z;public;103.8;120.3;102.9;105.5;118.2;93.2;98.2;119.4;94.4;100.2;49998.0;Ecole élémentaire Jean Moulin-Hélène Boucher;Ronchin;059;59507;Nord;Lille;50.60185099832915,3.0966879076847653
2023-2024;9;HAUTS-DE-FRANCE;9;LILLE;62;PAS-DE-CALAIS;62849;VERTON;0623179U;public;97.6;120.3;102.9;105.5;118.2;93.2;98.2;114.7;91.2;94.5;51566.0;Ecole primaire Jean Moulin;Verton;062;62849;Pas-de-Calais;Lille;50.40227446755011,1.647610617805815
2023-2024;9;HAUTS-DE-FRANCE;9;LILLE;62;PAS-DE-CALAIS;62457;HOUDAIN;0623436Y;public;85.8;120.3;102.9;105.5;118.2;93.2;98.2;114.7;91.2;94.5;51613.0;Ecole élémentaire Paul Langevin;Houdain;062;62457;Pas-de-Calais;Lille;50.45883444235069,2.5416798553818936
2023-2024;9;HAUTS-DE-FRANCE;9;LILLE;62;PAS-DE-CALAIS;62382;GOUY SAINT ANDRE;0623374F;public;93.2;120.3;102.9;105.5;118.2;93.2;98.2;114.7;91.2;94.5;51585.0;Ecole primaire - Regroupement Pédagogique Intercommunal Concentré (RPC) de GOUY ST ANDRE;Gouy-Saint-André;062;62382;Pas-de-Calais;Lille;50.373365088628084,1.9032906087513557
2023-2024;9;HAUTS-DE-FRANCE;9;LILLE;62;PAS-DE-CALAIS;62386;GRENAY;0623413Y;public;68.2;120.3;102.9;105.5;118.2;93.2;98.2;114.7;91.2;94.5;51595.0;Ecole élémentaire Edmond Bince;Grenay;062;62386;Pas-de-Calais;Lille;50.4475826436361,2.7540393459565315
2023-2024;9;HAUTS-DE-FRANCE;9;LILLE;62;PAS-DE-CALAIS;62457;HOUDAIN;0623435X;public;98.0;120.3;102.9;105.5;118.2;93.2;98.2;114.7;91.2;94.5;51612.0;Groupe scolaire Blum-Les Colombes;Houdain;062;62457;Pas-de-Calais;Lille;50.44858748633397,2.5349501692031406
2023-2024;9;HAUTS-DE-FRANCE;9;LILLE;62;PAS-DE-CALAIS;62463;HUCQUELIERS;0623938U;public;;120.3;102.9;105.5;118.2;93.2;98.2;114.7;91.2;94.5;51739.0;Ecole élémentaire La Bimoise RPI 29;Hucqueliers;062;62463;Pas-de-Calais;Lille;50.56992344434636,1.9049097066612086
2023-2024;9;HAUTS-DE-FRANCE;9;LILLE;62;PAS-DE-CALAIS;62193;CALAIS;0624009W;public;95.5;120.3;102.9;105.5;118.2;93.2;98.2;114.7;91.2;94.5;51759.0;Ecole primaire Antoine Parmentier;Calais;062;62193;Pas-de-Calais;Lille;50.958469070860964,1.890979396834844
2023-2024;9;HAUTS-DE-FRANCE;9;LILLE;62;PAS-DE-CALAIS;62407;HAM EN ARTOIS;0624116M;public;98.9;120.3;102.9;105.5;118.2;93.2;98.2;114.7;91.2;94.5;51772.0;Ecole primaire Les Tilleuls;Ham-en-Artois;062;62407;Pas-de-Calais;Lille;50.587930412420405,2.4583495614587743
2023-2024;9;HAUTS-DE-FRANCE;9;LILLE;59;NORD;59178;DOUAI;0590383W;public;66.5;120.3;102.9;105.5;118.2;93.2;98.2;119.4;94.4;100.2;49015.0;Ecole élémentaire Ferdinand Buisson;Douai;059;59178;Nord;Lille;50.395068101928246,3.0834205435482884
2023-2024;9;HAUTS-DE-FRANCE;9;LILLE;59;NORD;59014;ANZIN;0590483E;public;78.6;120.3;102.9;105.5;118.2;93.2;98.2;119.4;94.4;100.2;49032.0;Ecole primaire Charles de Gaulle;Anzin;059;59014;Nord;Lille;50.37449565783128,3.51017055879778
2023-2024;9;HAUTS-DE-FRANCE;9;LILLE;59;NORD;59085;BLECOURT;0590671J;public;89.3;120.3;102.9;105.5;118.2;93.2;98.2;119.4;94.4;100.2;49065.0;Ecole élémentaire RPI 18;Blécourt;059;59085;Nord;Lille;50.21769859120189,3.2096099016194564
2023-2024;9;HAUTS-DE-FRANCE;9;LILLE;59;NORD;59102;BOUSSIERES EN CAMBRESIS;0590700R;public;;120.3;102.9;105.5;118.2;93.2;98.2;119.4;94.4;100.2;49074.0;Ecole primaire Calmette;Boussières-en-Cambrésis;059;59102;Nord;Lille;50.16628145869402,3.3661604381546795
2023-2024;9;HAUTS-DE-FRANCE;9;LILLE;59;NORD;59328;LAMBERSART;0591480N;public;143.5;120.3;102.9;105.5;118.2;93.2;98.2;119.4;94.4;100.2;49231.0;Ecole élémentaire Albert Samain niveau 2;Lambersart;059;59328;Nord;Lille;50.64848278874936,3.036469656695266
2023-2024;9;HAUTS-DE-FRANCE;9;LILLE;59;NORD;59350;LILLE;0591614J;public;96.9;120.3;102.9;105.5;118.2;93.2;98.2;119.4;94.4;100.2;49256.0;Ecole élémentaire Littré;Lille;059;59350;Nord;Lille;50.62269048631899,3.0375597790778084
2023-2024;9;HAUTS-DE-FRANCE;9;LILLE;59;NORD;59350;LILLE;0591620R;public;126.4;120.3;102.9;105.5;118.2;93.2;98.2;119.4;94.4;100.2;49257.0;Ecole élémentaire Diderot;Lille;059;59350;Nord;Lille;50.64636206707761,3.0580698113995655
2023-2024;9;HAUTS-DE-FRANCE;9;LILLE;59;NORD;59360;LOOS;0591687N;public;87.6;120.3;102.9;105.5;118.2;93.2;98.2;119.4;94.4;100.2;49269.0;Ecole élémentaire Voltaire;Loos;059;59360;Nord;Lille;50.613896188517906,3.011260036853466
2023-2024;9;HAUTS-DE-FRANCE;9;LILLE;59;NORD;59396;MECQUIGNIES;0591947W;public;;120.3;102.9;105.5;118.2;93.2;98.2;119.4;94.4;100.2;49317.0;Ecole primaire du Centre;Mecquignies;059;59396;Nord;Lille;50.27457447829961,3.8019798979201287
2023-2024;9;HAUTS-DE-FRANCE;9;LILLE;59;NORD;59487;RADINGHEM EN WEPPES;0591979F;public;140.8;120.3;102.9;105.5;118.2;93.2;98.2;119.4;94.4;100.2;49327.0;Ecole primaire;Radinghem-en-Weppes;059;59487;Nord;Lille;50.62230612282372,2.9048696769989006
2023-2024;9;HAUTS-DE-FRANCE;9;LILLE;59;NORD;59491;RAISMES;0591990T;public;77.4;120.3;102.9;105.5;118.2;93.2;98.2;119.4;94.4;100.2;49331.0;Ecole élémentaire Anne Godeau;Raismes;059;59491;Nord;Lille;50.38292496916272,3.4949204094449464
2023-2024;9;HAUTS-DE-FRANCE;9;LILLE;59;NORD;59599;TOURCOING;0592346E;public;73.2;120.3;102.9;105.5;118.2;93.2;98.2;119.4;94.4;100.2;49427.0;Ecole élémentaire Paul Claudel;Tourcoing;059;59599;Nord;Lille;50.73809290212437,3.1735202772380067
2023-2024;9;HAUTS-DE-FRANCE;9;LILLE;59;NORD;59599;TOURCOING;0592362X;public;78.4;120.3;102.9;105.5;118.2;93.2;98.2;119.4;94.4;100.2;49432.0;Ecole primaire Michelet;Tourcoing;059;59599;Nord;Lille;50.72651519549043,3.164179630733662
2023-2024;9;HAUTS-DE-FRANCE;9;LILLE;59;NORD;59610;VERCHAIN MAUGRE;0592434A;public;117.3;120.3;102.9;105.5;118.2;93.2;98.2;119.4;94.4;100.2;49450.0;Ecole primaire Victor Hugo;Verchain-Maugré;059;59610;Nord;Lille;50.267775054267155,3.477940524186989
2023-2024;9;HAUTS-DE-FRANCE;9;LILLE;59;NORD;59639;WARGNIES LE GRAND;0592503A;public;119.4;120.3;102.9;105.5;118.2;93.2;98.2;119.4;94.4;100.2;49465.0;Ecole primaire Pierre Pisson - Regroupement Pédagogique Intercommunal Concentré (RPC) de WARGNIES-LE-GRAND;Wargnies-le-Grand;059;59639;Nord;Lille;50.30896394278833,3.661170124062461
2023-2024;9;HAUTS-DE-FRANCE;9;LILLE;59;NORD;59650;WATTRELOS;0592513L;public;97.0;120.3;102.9;105.5;118.2;93.2;98.2;119.4;94.4;100.2;49470.0;Ecole élémentaire Anatole France;Wattrelos;059;59650;Nord;Lille;50.72043033715701,3.1866004731511133
2023-2024;9;HAUTS-DE-FRANCE;9;LILLE;59;NORD;59648;WATTIGNIES;0592520U;public;105.4;120.3;102.9;105.5;118.2;93.2;98.2;119.4;94.4;100.2;49474.0;Ecole élémentaire Jean Macé;Wattignies;059;59648;Nord;Lille;50.596733481142785,3.0497694881103263
2023-2024;9;HAUTS-DE-FRANCE;9;LILLE;59;NORD;59660;WILLEMS;0592580J;public;106.1;120.3;102.9;105.5;118.2;93.2;98.2;119.4;94.4;100.2;49483.0;Ecole élémentaire Condorcet;Willems;059;59660;Nord;Lille;50.63380781651139,3.239509655559059
2023-2024;9;HAUTS-DE-FRANCE;9;LILLE;59;NORD;59172;DENAIN;0590318A;public;72.6;120.3;102.9;105.5;118.2;93.2;98.2;119.4;94.4;100.2;48999.0;Ecole primaire Berthelot;Denain;059;59172;Nord;Lille;50.34196547350935,3.378320012142733
2023-2024;9;HAUTS-DE-FRANCE;9;LILLE;59;NORD;59566;SEQUEDIN;0592706W;public;114.7;120.3;102.9;105.5;118.2;93.2;98.2;119.4;94.4;100.2;49501.0;Ecole élémentaire Paul Godin;Sequedin;059;59566;Nord;Lille;50.62752336300134,2.9840598256267175
2023-2024;9;HAUTS-DE-FRANCE;9;LILLE;59;NORD;59646;WASQUEHAL;0593555U;public;110.4;120.3;102.9;105.5;118.2;93.2;98.2;119.4;94.4;100.2;49555.0;Ecole élémentaire Lili Keller Rosenberg;Wasquehal;059;59646;Nord;Lille;50.685302321495875,3.140150686894863
2023-2024;9;HAUTS-DE-FRANCE;9;LILLE;59;NORD;59381;MARESCHES;0593600T;public;103.7;120.3;102.9;105.5;118.2;93.2;98.2;119.4;94.4;100.2;49564.0;Ecole primaire des Pommes RPI 12;Maresches;059;59381;Nord;Lille;50.29797032382513,3.578680201944147
2023-2024;9;HAUTS-DE-FRANCE;9;LILLE;59;NORD;59022;ATTICHES;0593644R;public;115.4;120.3;102.9;105.5;118.2;93.2;98.2;119.4;94.4;100.2;49583.0;Ecole élémentaire Jules Ferry;Attiches;059;59022;Nord;Lille;50.520350295542926,3.0620593879164844
2023-2024;9;HAUTS-DE-FRANCE;9;LILLE;59;NORD;59152;COMINES;0593711N;privé sous contrat;114.4;120.3;102.9;105.5;118.2;93.2;98.2;119.4;94.4;100.2;49602.0;Ecole primaire privée Notre-Dame;Comines;059;59152;Nord;Lille;50.75691144961669,3.01350026406135
2023-2024;9;HAUTS-DE-FRANCE;9;LILLE;59;NORD;59152;COMINES;0593713R;privé sous contrat;115.6;120.3;102.9;105.5;118.2;93.2;98.2;119.4;94.4;100.2;49603.0;Ecole primaire privée Saint Chrysole;Comines;059;59152;Nord;Lille;50.76417261201497,3.006479481788763
2023-2024;9;HAUTS-DE-FRANCE;9;LILLE;59;NORD;59202;ERQUINGHEM LYS;0593735P;privé sous contrat;119.9;120.3;102.9;105.5;118.2;93.2;98.2;119.4;94.4;100.2;49613.0;Ecole primaire privée Saint Martin;Erquinghem-Lys;059;59202;Nord;Lille;50.675962372472505,2.8439000401820196
2023-2024;9;HAUTS-DE-FRANCE;9;LILLE;59;NORD;59350;LILLE;0593953B;privé sous contrat;108.8;120.3;102.9;105.5;118.2;93.2;98.2;119.4;94.4;100.2;49702.0;Ecole primaire privée Sacré-Coeur;Lille;059;59350;Nord;Lille;50.633962711207616,3.0868200563943984
2023-2024;9;HAUTS-DE-FRANCE;9;LILLE;59;NORD;59352;LINSELLES;0593970V;privé sous contrat;126.9;120.3;102.9;105.5;118.2;93.2;98.2;119.4;94.4;100.2;49707.0;Ecole primaire privée Sainte Marie - Saint Joseph;Linselles;059;59352;Nord;Lille;50.74196768177067,3.0797697904610604
2023-2024;9;HAUTS-DE-FRANCE;9;LILLE;59;NORD;59295;HAZEBROUCK;0594034P;privé sous contrat;112.8;120.3;102.9;105.5;118.2;93.2;98.2;119.4;94.4;100.2;49735.0;Ecole primaire privée Sainte Anne;Hazebrouck;059;59295;Nord;Lille;50.72860720870487,2.5413296740984324
2023-2024;9;HAUTS-DE-FRANCE;9;LILLE;59;NORD;59431;NIEPPE;0594047D;privé sous contrat;106.0;120.3;102.9;105.5;118.2;93.2;98.2;119.4;94.4;100.2;49743.0;Ecole primaire privée Saint Charles;Nieppe;059;59431;Nord;Lille;50.69629298570114,2.8566100826279266
2023-2024;9;HAUTS-DE-FRANCE;9;LILLE;59;NORD;59580;STEENVOORDE;0594092C;privé sous contrat;116.0;120.3;102.9;105.5;118.2;93.2;98.2;119.4;94.4;100.2;49765.0;Ecole primaire privée Notre-Dame de Lourdes;Steenvoorde;059;59580;Nord;Lille;50.81115630609399,2.580400272401372
2023-2024;9;HAUTS-DE-FRANCE;9;LILLE;59;NORD;59065;BELLIGNIES;0594177V;public;103.5;120.3;102.9;105.5;118.2;93.2;98.2;119.4;94.4;100.2;49797.0;Ecole primaire - Regroupement Pédagogique Intercommunal Concentré (RPC) de BELLIGNIES;Bellignies;059;59065;Nord;Lille;50.32734479383851,3.7704302976618704
2023-2024;9;HAUTS-DE-FRANCE;9;LILLE;59;NORD;59615;VIEUX BERQUIN;0594221T;public;104.5;120.3;102.9;105.5;118.2;93.2;98.2;119.4;94.4;100.2;49829.0;Ecole primaire Léonard de Vinci;Vieux-Berquin;059;59615;Nord;Lille;50.69518927023312,2.64302963181987
2023-2024;9;HAUTS-DE-FRANCE;9;LILLE;59;NORD;59569;SIN LE NOBLE;0594238L;public;70.6;120.3;102.9;105.5;118.2;93.2;98.2;119.4;94.4;100.2;49834.0;Ecole primaire La Sucrerie;Sin-le-Noble;059;59569;Nord;Lille;50.35493074252056,3.1179098198144057
2023-2024;9;HAUTS-DE-FRANCE;9;LILLE;59;NORD;59608;VENDEGIES SUR ECAILLON;0594570X;public;117.9;120.3;102.9;105.5;118.2;93.2;98.2;119.4;94.4;100.2;49903.0;Ecole primaire Yvon Bourrel;Vendegies-sur-Ecaillon;059;59608;Nord;Lille;50.26155527886593,3.5121095195795276
2023-2024;9;HAUTS-DE-FRANCE;9;LILLE;59;NORD;59256;FRETIN;0594596A;public;123.9;120.3;102.9;105.5;118.2;93.2;98.2;119.4;94.4;100.2;49915.0;Ecole élémentaire Jean Jaurès;Fretin;059;59256;Nord;Lille;50.55913602191772,3.134609885579585
2023-2024;9;HAUTS-DE-FRANCE;9;LILLE;59;NORD;59584;TAISNIERES SUR HON;0594727T;public;113.0;120.3;102.9;105.5;118.2;93.2;98.2;119.4;94.4;100.2;49959.0;Ecole primaire Centre;Taisnières-sur-Hon;059;59584;Nord;Lille;50.31933300031283,3.833680599554192
2023-2024;9;HAUTS-DE-FRANCE;9;LILLE;62;PAS-DE-CALAIS;62643;OUTREAU;0622835V;public;94.1;120.3;102.9;105.5;118.2;93.2;98.2;114.7;91.2;94.5;51489.0;Ecole primaire Roger Salengro;Outreau;062;62643;Pas-de-Calais;Lille;50.70453413603796,1.5956002300127858
2023-2024;9;HAUTS-DE-FRANCE;9;LILLE;62;PAS-DE-CALAIS;62178;BRUAY LA BUISSIERE;0623765F;public;73.4;120.3;102.9;105.5;118.2;93.2;98.2;114.7;91.2;94.5;51685.0;Ecole primaire Emile Basly;Bruay-la-Buissière;062;62178;Pas-de-Calais;Lille;50.488674169258545,2.530200054357684
2023-2024;9;HAUTS-DE-FRANCE;9;LILLE;62;PAS-DE-CALAIS;62025;AMBLETEUSE;0623804Y;public;90.1;120.3;102.9;105.5;118.2;93.2;98.2;114.7;91.2;94.5;51698.0;Ecole primaire Eugène Evrard;Ambleteuse;062;62025;Pas-de-Calais;Lille;50.80710419995962,1.6141406423928728
2023-2024;9;HAUTS-DE-FRANCE;9;LILLE;62;PAS-DE-CALAIS;62750;SAINT HILAIRE COTTES;0623945B;public;89.7;120.3;102.9;105.5;118.2;93.2;98.2;114.7;91.2;94.5;51742.0;Ecole primaire Pierre Bérégovoy;Saint-Hilaire-Cottes;062;62750;Pas-de-Calais;Lille;50.57281840090162,2.4163097084724234
2023-2024;9;HAUTS-DE-FRANCE;9;LILLE;59;NORD;59122;CAMBRAI;0595015F;public;84.7;120.3;102.9;105.5;118.2;93.2;98.2;119.4;94.4;100.2;50016.0;Ecole élémentaire Paul Bert;Cambrai;059;59122;Nord;Lille;50.177434086497804,3.2504099176501082
2023-2024;9;HAUTS-DE-FRANCE;9;LILLE;59;NORD;59668;ZUYDCOOTE;0595045N;public;101.9;120.3;102.9;105.5;118.2;93.2;98.2;119.4;94.4;100.2;50030.0;Ecole primaire;Zuydcoote;059;59668;Nord;Lille;51.06364204925236,2.49125974527981
2023-2024;9;HAUTS-DE-FRANCE;9;LILLE;59;NORD;59009;VILLENEUVE D ASCQ;0595223G;public;108.9;120.3;102.9;105.5;118.2;93.2;98.2;119.4;94.4;100.2;50044.0;Ecole élémentaire Albert Camus;Villeneuve-d'Ascq;059;59009;Nord;Lille;50.642085762732805,3.1509803019435236
2023-2024;9;HAUTS-DE-FRANCE;9;LILLE;59;NORD;59409;MONCHECOURT;0595240A;public;91.4;120.3;102.9;105.5;118.2;93.2;98.2;119.4;94.4;100.2;50055.0;Ecole élémentaire Jacques Prévert;Monchecourt;059;59409;Nord;Lille;50.3038703864409,3.2090796597665587
2023-2024;9;HAUTS-DE-FRANCE;9;LILLE;59;NORD;59271;GRANDE SYNTHE;0595325T;public;84.4;120.3;102.9;105.5;118.2;93.2;98.2;119.4;94.4;100.2;50064.0;Ecole primaire Garcia Lorca;Grande-Synthe;059;59271;Nord;Lille;51.00547118595816,2.2898703739292894
2023-2024;9;HAUTS-DE-FRANCE;9;LILLE;59;NORD;59650;WATTRELOS;0595350V;privé sous contrat;96.8;120.3;102.9;105.5;118.2;93.2;98.2;119.4;94.4;100.2;50066.0;Ecole primaire privée Lacordaire;Wattrelos;059;59650;Nord;Lille;50.70557517314265,3.2333494140951555
2023-2024;9;HAUTS-DE-FRANCE;9;LILLE;59;NORD;59230;FERRIERE LA GRANDE;0595931B;public;84.0;120.3;102.9;105.5;118.2;93.2;98.2;119.4;94.4;100.2;50103.0;Ecole élémentaire Centre;Ferrière-la-Grande;059;59230;Nord;Lille;50.25202391941146,3.993360688585776
2023-2024;9;HAUTS-DE-FRANCE;9;LILLE;59;NORD;59135;CASSEL;0596464F;public;88.3;120.3;102.9;105.5;118.2;93.2;98.2;119.4;94.4;100.2;50186.0;Ecole primaire Till L'Espiègle;Cassel;059;59135;Nord;Lille;50.800597637284035,2.4876994473755607
2023-2024;9;HAUTS-DE-FRANCE;9;LILLE;59;NORD;59122;CAMBRAI;0596494N;privé sous contrat;122.5;120.3;102.9;105.5;118.2;93.2;98.2;119.4;94.4;100.2;50194.0;Ecole primaire privée Saint François;Cambrai;059;59122;Nord;Lille;50.17298960858878,3.229359816916694
2023-2024;9;HAUTS-DE-FRANCE;9;LILLE;59;NORD;59477;PROVIN;0596644B;public;98.9;120.3;102.9;105.5;118.2;93.2;98.2;119.4;94.4;100.2;50245.0;Groupe scolaire public Marie Curie - Charles Vion;Provin;059;59477;Nord;Lille;50.51432319448055,2.9128499296155534
2023-2024;9;HAUTS-DE-FRANCE;9;LILLE;59;NORD;59378;MARCQ EN BAROEUL;0597100X;public;;120.3;102.9;105.5;118.2;93.2;98.2;119.4;94.4;100.2;50264.0;Ecole européenne de Lille Métropole Jacques Delors - niveau école primaire;Marcq-en-Baroeul;059;59378;Nord;Lille;50.66219072832191,3.0867629963039365
2023-2024;9;HAUTS-DE-FRANCE;9;LILLE;62;PAS-DE-CALAIS;62063;AVESNES LE COMTE;0620475E;public;83.7;120.3;102.9;105.5;118.2;93.2;98.2;114.7;91.2;94.5;50963.0;Ecole primaire Ferry-Verlaine;Avesnes-le-Comte;062;62063;Pas-de-Calais;Lille;50.277701038117854,2.53298018902807
2023-2024;9;HAUTS-DE-FRANCE;9;LILLE;62;PAS-DE-CALAIS;62629;NOYELLETTE;0620500G;public;113.9;120.3;102.9;105.5;118.2;93.2;98.2;114.7;91.2;94.5;50967.0;Ecole élémentaire RPI 26;Noyellette;062;62629;Pas-de-Calais;Lille;50.29908990142451,2.5958596912761553
2023-2024;9;HAUTS-DE-FRANCE;9;LILLE;62;PAS-DE-CALAIS;62428;HENIN SUR COJEUL;0620595K;public;106.1;120.3;102.9;105.5;118.2;93.2;98.2;114.7;91.2;94.5;50986.0;Ecole élémentaire RPI 23;Hénin-sur-Cojeul;062;62428;Pas-de-Calais;Lille;50.22621905873817,2.8351301093766352
2023-2024;9;HAUTS-DE-FRANCE;9;LILLE;62;PAS-DE-CALAIS;62780;SAUCHY CAUCHY;0620622P;public;90.6;120.3;102.9;105.5;118.2;93.2;98.2;114.7;91.2;94.5;50993.0;Ecole élémentaire RPI 84;Sauchy-Cauchy;062;62780;Pas-de-Calais;Lille;50.235608913542066,3.0973003096070064
2023-2024;9;HAUTS-DE-FRANCE;9;LILLE;62;PAS-DE-CALAIS;62874;WANQUETIN;0620725B;public;;120.3;102.9;105.5;118.2;93.2;98.2;114.7;91.2;94.5;51021.0;Ecole primaire RPI 51;Wanquetin;062;62874;Pas-de-Calais;Lille;50.276056414897916,2.612859659189263
2023-2024;9;HAUTS-DE-FRANCE;9;LILLE;62;PAS-DE-CALAIS;62709;RIENCOURT LES CAGNICOURT;0620766W;public;93.6;120.3;102.9;105.5;118.2;93.2;98.2;114.7;91.2;94.5;51034.0;Ecole élémentaire RPI 65;Riencourt-lès-Cagnicourt;062;62709;Pas-de-Calais;Lille;50.19993324981659,2.9583803911627107
2023-2024;9;HAUTS-DE-FRANCE;9;LILLE;62;PAS-DE-CALAIS;62441;HERMIN;0620948U;public;105.4;120.3;102.9;105.5;118.2;93.2;98.2;114.7;91.2;94.5;51070.0;Ecole élémentaire RPI 104;Hermin;062;62441;Pas-de-Calais;Lille;50.41850523372455,2.5583702430444375
2023-2024;9;HAUTS-DE-FRANCE;9;LILLE;62;PAS-DE-CALAIS;62516;LILLERS;0621021Y;public;108.2;120.3;102.9;105.5;118.2;93.2;98.2;114.7;91.2;94.5;51086.0;Ecole primaire Adrien Delehaye;Lillers;062;62516;Pas-de-Calais;Lille;50.54711792251177,2.4549193579424644
2023-2024;9;HAUTS-DE-FRANCE;9;LILLE;62;PAS-DE-CALAIS;62598;MUNCQ NIEURLET;0621127N;public;93.4;120.3;102.9;105.5;118.2;93.2;98.2;114.7;91.2;94.5;51117.0;Ecole élémentaire RPI 151 Rive de la Hem;Muncq-Nieurlet;062;62598;Pas-de-Calais;Lille;50.84731147176585,2.1149895573955315
2023-2024;9;HAUTS-DE-FRANCE;9;LILLE;62;PAS-DE-CALAIS;62444;HERVELINGHEN;0621198R;public;105.7;120.3;102.9;105.5;118.2;93.2;98.2;114.7;91.2;94.5;51138.0;Ecole élémentaire RPI 105;Hervelinghen;062;62444;Pas-de-Calais;Lille;50.87909007270571,1.7251293028960948
2023-2024;9;HAUTS-DE-FRANCE;9;LILLE;62;PAS-DE-CALAIS;62133;BILLY MONTIGNY;0621276A;public;80.1;120.3;102.9;105.5;118.2;93.2;98.2;114.7;91.2;94.5;51160.0;Ecole élémentaire Robert Doisneau;Billy-Montigny;062;62133;Pas-de-Calais;Lille;50.41809548326562,2.9138900939237242
2023-2024;9;HAUTS-DE-FRANCE;9;LILLE;62;PAS-DE-CALAIS;62014;AIRE SUR LA LYS;0621743H;public;78.8;120.3;102.9;105.5;118.2;93.2;98.2;114.7;91.2;94.5;51272.0;Ecole élémentaire Centre;Aire-sur-la-Lys;062;62014;Pas-de-Calais;Lille;50.64023282801476,2.39487056499195
2023-2024;9;HAUTS-DE-FRANCE;9;LILLE;62;PAS-DE-CALAIS;62292;ELNES;0621852B;public;84.9;120.3;102.9;105.5;118.2;93.2;98.2;114.7;91.2;94.5;51296.0;Ecole primaire publique Henri Matisse;Elnes;062;62292;Pas-de-Calais;Lille;50.68937459550876,2.129079710241161
2023-2024;9;HAUTS-DE-FRANCE;9;LILLE;62;PAS-DE-CALAIS;62882;WAVRANS SUR L AA;0621876C;public;100.5;120.3;102.9;105.5;118.2;93.2;98.2;114.7;91.2;94.5;51305.0;Ecole primaire Les Orchidées;Wavrans-sur-l'Aa;062;62882;Pas-de-Calais;Lille;50.68498437672852,2.141059790042365
2023-2024;9;HAUTS-DE-FRANCE;9;LILLE;62;PAS-DE-CALAIS;62468;HUMIERES;0622638F;privé sous contrat;111.3;120.3;102.9;105.5;118.2;93.2;98.2;114.7;91.2;94.5;51409.0;Ecole primaire privée Notre-Dame de Lourdes;Humières;062;62468;Pas-de-Calais;Lille;50.38805627954649,2.205159746345411
2023-2024;9;HAUTS-DE-FRANCE;9;LILLE;62;PAS-DE-CALAIS;62498;LENS;0622830P;public;77.6;120.3;102.9;105.5;118.2;93.2;98.2;114.7;91.2;94.5;51486.0;Ecole primaire Basly-Roland;Lens;062;62498;Pas-de-Calais;Lille;50.43667675261228,2.8440800183208723
2023-2024;9;HAUTS-DE-FRANCE;9;LILLE;62;PAS-DE-CALAIS;62170;BOUVIGNY BOYEFFLES;0622897M;public;106.7;120.3;102.9;105.5;118.2;93.2;98.2;114.7;91.2;94.5;51498.0;Ecole élémentaire Pierre Curie;Bouvigny-Boyeffles;062;62170;Pas-de-Calais;Lille;50.42234289669272,2.670589430019761
2023-2024;9;HAUTS-DE-FRANCE;9;LILLE;62;PAS-DE-CALAIS;62259;CROISILLES;0623425L;public;90.5;120.3;102.9;105.5;118.2;93.2;98.2;114.7;91.2;94.5;51603.0;Ecole primaire;Croisilles;062;62259;Pas-de-Calais;Lille;50.20000789044742,2.8785894343502036
2023-2024;9;HAUTS-DE-FRANCE;9;LILLE;62;PAS-DE-CALAIS;62819;TILQUES;0623453S;public;109.1;120.3;102.9;105.5;118.2;93.2;98.2;114.7;91.2;94.5;51626.0;Ecole primaire;Tilques;062;62819;Pas-de-Calais;Lille;50.77909200920466,2.206810336459865
2023-2024;9;HAUTS-DE-FRANCE;9;LILLE;62;PAS-DE-CALAIS;62427;HENIN BEAUMONT;0623531B;public;98.5;120.3;102.9;105.5;118.2;93.2;98.2;114.7;91.2;94.5;51658.0;Ecole élémentaire André Pantigny;Hénin-Beaumont;062;62427;Pas-de-Calais;Lille;50.41175364159491,2.9581705775357974
2023-2024;9;HAUTS-DE-FRANCE;9;LILLE;62;PAS-DE-CALAIS;62765;SAINT OMER;0623553A;public;100.1;120.3;102.9;105.5;118.2;93.2;98.2;114.7;91.2;94.5;51667.0;Ecole primaire Ferdinand Buisson;Saint-Omer;062;62765;Pas-de-Calais;Lille;50.75599773550433,2.2723593984101034
2023-2024;9;HAUTS-DE-FRANCE;9;LILLE;62;PAS-DE-CALAIS;62048;AUCHEL;0623867S;public;70.5;120.3;102.9;105.5;118.2;93.2;98.2;114.7;91.2;94.5;51720.0;Ecole primaire François Chateaubriand;Auchel;062;62048;Pas-de-Calais;Lille;50.50000532596797,2.480440598233196
2023-2024;9;HAUTS-DE-FRANCE;9;LILLE;62;PAS-DE-CALAIS;62270;DIVION;0624056X;public;79.0;120.3;102.9;105.5;118.2;93.2;98.2;114.7;91.2;94.5;51765.0;Ecole primaire Joliot-Curie;Divion;062;62270;Pas-de-Calais;Lille;50.46770976507262,2.5234195665954178
2023-2024;9;HAUTS-DE-FRANCE;9;LILLE;59;NORD;59512;ROUBAIX;0592825A;public;75.8;120.3;102.9;105.5;118.2;93.2;98.2;119.4;94.4;100.2;49509.0;Ecole élémentaire Albert Camus;Roubaix;059;59512;Nord;Lille;50.69078683428953,3.1842595874720727
2023-2024;9;HAUTS-DE-FRANCE;9;LILLE;59;NORD;59009;VILLENEUVE D ASCQ;0592840S;public;97.6;120.3;102.9;105.5;118.2;93.2;98.2;119.4;94.4;100.2;49510.0;Ecole élémentaire La Fontaine;Villeneuve-d'Ascq;059;59009;Nord;Lille;50.656535226602,3.1415794739427545
2023-2024;9;HAUTS-DE-FRANCE;9;LILLE;59;NORD;59242;FONTAINE AU BOIS;0593535X;public;99.8;120.3;102.9;105.5;118.2;93.2;98.2;119.4;94.4;100.2;49537.0;Ecole primaire les hirondelles;Fontaine-au-Bois;059;59242;Nord;Lille;50.14186672007494,3.6472403834712783
2023-2024;9;HAUTS-DE-FRANCE;9;LILLE;59;NORD;59622;VILLERS EN CAUCHIES;0593647U;public;97.5;120.3;102.9;105.5;118.2;93.2;98.2;119.4;94.4;100.2;49585.0;Ecole primaire Marie Curie;Villers-en-Cauchies;059;59622;Nord;Lille;50.22660928925772,3.402909737452719
2023-2024;9;HAUTS-DE-FRANCE;9;LILLE;59;NORD;59122;CAMBRAI;0593697Y;privé sous contrat;123.6;120.3;102.9;105.5;118.2;93.2;98.2;119.4;94.4;100.2;49595.0;Ecole primaire privée Saint Bernard;Cambrai;059;59122;Nord;Lille;50.18003417423801,3.2384801142999247
2023-2024;9;HAUTS-DE-FRANCE;9;LILLE;59;NORD;59068;BERLAIMONT;0593776J;privé sous contrat;92.5;120.3;102.9;105.5;118.2;93.2;98.2;119.4;94.4;100.2;49630.0;Ecole primaire privée Saint Michel;Berlaimont;059;59068;Nord;Lille;50.200943197772,3.813070639186727
2023-2024;9;HAUTS-DE-FRANCE;9;LILLE;59;NORD;59419;MOUCHIN;0593915K;privé sous contrat;124.5;120.3;102.9;105.5;118.2;93.2;98.2;119.4;94.4;100.2;49692.0;Ecole primaire privée Sacré-Coeur;Mouchin;059;59419;Nord;Lille;50.51857067112503,3.2891395563343657
2023-2024;9;HAUTS-DE-FRANCE;9;LILLE;59;NORD;59368;LA MADELEINE;0593978D;privé sous contrat;137.6;120.3;102.9;105.5;118.2;93.2;98.2;119.4;94.4;100.2;49712.0;Ecole primaire privée Sainte Geneviève;La Madeleine;059;59368;Nord;Lille;50.64957695983091,3.0785897540290796
2023-2024;9;HAUTS-DE-FRANCE;9;LILLE;59;NORD;59014;ANZIN;0593994W;privé sous contrat;90.2;120.3;102.9;105.5;118.2;93.2;98.2;119.4;94.4;100.2;49715.0;Ecole primaire privée Sacré-Coeur;Anzin;059;59014;Nord;Lille;50.3712961248013,3.5051099895489997
2023-2024;9;HAUTS-DE-FRANCE;9;LILLE;59;NORD;59648;WATTIGNIES;0594132W;privé sous contrat;130.7;120.3;102.9;105.5;118.2;93.2;98.2;119.4;94.4;100.2;49786.0;Ecole primaire privée Notre-Dame;Wattignies;059;59648;Nord;Lille;50.581120128056554,3.0391694763038175
2023-2024;9;HAUTS-DE-FRANCE;9;LILLE;59;NORD;59336;LECLUSE;0594197S;public;83.6;120.3;102.9;105.5;118.2;93.2;98.2;119.4;94.4;100.2;49810.0;Ecole primaire Paul Verlaine;Lécluse;059;59336;Nord;Lille;50.27812572660893,3.0385047322348
2023-2024;9;HAUTS-DE-FRANCE;9;LILLE;59;NORD;59550;SALOME;0594218P;public;107.6;120.3;102.9;105.5;118.2;93.2;98.2;119.4;94.4;100.2;49828.0;Ecole primaire Mendès-France-La Buissonnière;Salomé;059;59550;Nord;Lille;50.53279836308452,2.839629371432818
2023-2024;9;HAUTS-DE-FRANCE;9;LILLE;59;NORD;59392;MAUBEUGE;0594369D;public;65.2;120.3;102.9;105.5;118.2;93.2;98.2;119.4;94.4;100.2;49859.0;Ecole primaire Marcel Pagnol;Maubeuge;059;59392;Nord;Lille;50.26871236951503,3.9326403873520066
2023-2024;9;HAUTS-DE-FRANCE;9;LILLE;59;NORD;59199;ERCHIN;0594593X;public;110.6;120.3;102.9;105.5;118.2;93.2;98.2;119.4;94.4;100.2;49913.0;Ecole primaire Charles Deulin;Erchin;059;59199;Nord;Lille;50.3178227827699,3.1673602969790777
2023-2024;9;HAUTS-DE-FRANCE;9;LILLE;59;NORD;59220;FACHES THUMESNIL;0594595Z;public;86.4;120.3;102.9;105.5;118.2;93.2;98.2;119.4;94.4;100.2;49914.0;Ecole élémentaire Lamartine;Faches-Thumesnil;059;59220;Nord;Lille;50.6068124513088,3.0645100903800206
2023-2024;9;HAUTS-DE-FRANCE;9;LILLE;59;NORD;59340;LEFFRINCKOUCKE;0590438F;public;103.0;120.3;102.9;105.5;118.2;93.2;98.2;119.4;94.4;100.2;49026.0;Ecole primaire René Bonpain;Leffrinckoucke;059;59340;Nord;Lille;51.05558528260907,2.4382794536270316
2023-2024;9;HAUTS-DE-FRANCE;9;LILLE;59;NORD;59118;BUSIGNY;0590738G;public;81.6;120.3;102.9;105.5;118.2;93.2;98.2;119.4;94.4;100.2;49087.0;Ecole élémentaire Jacques Prévert;Busigny;059;59118;Nord;Lille;50.03473082491076,3.4674601688042554
2023-2024;9;HAUTS-DE-FRANCE;9;LILLE;59;NORD;59163;CROIX;0590884R;public;118.6;120.3;102.9;105.5;118.2;93.2;98.2;119.4;94.4;100.2;49123.0;Ecole élémentaire Jean Jaurès;Croix;059;59163;Nord;Lille;50.67706646112785,3.151489474822242
2023-2024;9;HAUTS-DE-FRANCE;9;LILLE;59;NORD;59216;ESWARS;0591121Y;public;99.2;120.3;102.9;105.5;118.2;93.2;98.2;119.4;94.4;100.2;49167.0;Ecole élémentaire RPI 26;Eswars;059;59216;Nord;Lille;50.21949761030806,3.268559742099173
2023-2024;9;HAUTS-DE-FRANCE;9;LILLE;59;NORD;59259;GHISSIGNIES;0591247K;public;131.4;120.3;102.9;105.5;118.2;93.2;98.2;119.4;94.4;100.2;49192.0;Ecole primaire;Ghissignies;059;59259;Nord;Lille;50.22598888092821,3.6170197292292356
2023-2024;9;HAUTS-DE-FRANCE;9;LILLE;59;NORD;59265;GOMMEGNIES;0591264D;public;122.5;120.3;102.9;105.5;118.2;93.2;98.2;119.4;94.4;100.2;49193.0;Groupe scolaire Antoine de Saint-Exupéry;Gommegnies;059;59265;Nord;Lille;50.265097148480336,3.705660430084836
2023-2024;9;HAUTS-DE-FRANCE;9;LILLE;59;NORD;59311;HONNECHY;0591423B;public;79.1;120.3;102.9;105.5;118.2;93.2;98.2;119.4;94.4;100.2;49225.0;Ecole primaire;Honnechy;059;59311;Nord;Lille;50.06946327730676,3.4715597945188366
2023-2024;9;HAUTS-DE-FRANCE;9;LILLE;59;NORD;59383;MARLY;0591782S;public;78.8;120.3;102.9;105.5;118.2;93.2;98.2;119.4;94.4;100.2;49288.0;Ecole primaire Marie Curie;Marly;059;59383;Nord;Lille;50.339317804311214,3.5479102967330607
2023-2024;9;HAUTS-DE-FRANCE;9;LILLE;59;NORD;59412;MONTAY;0591881Z;public;;120.3;102.9;105.5;118.2;93.2;98.2;119.4;94.4;100.2;49301.0;Ecole primaire;Montay;059;59412;Nord;Lille;50.117433635360705,3.539980165198654
2023-2024;9;HAUTS-DE-FRANCE;9;LILLE;59;NORD;59441;OBIES;0591946V;public;107.9;120.3;102.9;105.5;118.2;93.2;98.2;119.4;94.4;100.2;49316.0;Ecole primaire Les Petits Sabots;Obies;059;59441;Nord;Lille;50.270354021007684,3.7872501930676608
2023-2024;9;HAUTS-DE-FRANCE;9;LILLE;59;NORD;59495;RECQUIGNIES;0592005J;public;66.3;120.3;102.9;105.5;118.2;93.2;98.2;119.4;94.4;100.2;49333.0;Ecole élémentaire Jean Vilar;Recquignies;059;59495;Nord;Lille;50.282238704178354,4.057759797456248
2023-2024;9;HAUTS-DE-FRANCE;9;LILLE;59;NORD;59496;REJET DE BEAULIEU;0592006K;public;;120.3;102.9;105.5;118.2;93.2;98.2;119.4;94.4;100.2;49334.0;Ecole primaire Olympe Démarez;Rejet-de-Beaulieu;059;59496;Nord;Lille;50.04252818771893,3.6290903552621216
2023-2024;9;HAUTS-DE-FRANCE;9;LILLE;59;NORD;59512;ROUBAIX;0592089A;public;;120.3;102.9;105.5;118.2;93.2;98.2;119.4;94.4;100.2;49364.0;Ecole élémentaire Pierre de Ronsard niveau 1;Roubaix;059;59512;Nord;Lille;50.68409616656016,3.2010293974614874
2023-2024;9;HAUTS-DE-FRANCE;9;LILLE;59;NORD;59526;SAINT AMAND LES EAUX;0592147N;public;112.0;120.3;102.9;105.5;118.2;93.2;98.2;119.4;94.4;100.2;49379.0;Ecole élémentaire Louise Dematte;Saint-Amand-les-Eaux;059;59526;Nord;Lille;50.44374430788242,3.4045953081797182
2023-2024;9;HAUTS-DE-FRANCE;9;LILLE;59;NORD;59576;SPYCKER;0592281J;public;105.1;120.3;102.9;105.5;118.2;93.2;98.2;119.4;94.4;100.2;49408.0;Ecole primaire Bernard Degunst;Spycker;059;59576;Nord;Lille;50.967896219642476,2.3205997490158308
2023-2024;9;HAUTS-DE-FRANCE;9;LILLE;59;NORD;59595;THUN SAINT MARTIN;0592326H;public;125.0;120.3;102.9;105.5;118.2;93.2;98.2;119.4;94.4;100.2;49423.0;Ecole primaire La Claire Fontaine;Thun-Saint-Martin;059;59595;Nord;Lille;50.22665963488551,3.296729394969789
2023-2024;9;HAUTS-DE-FRANCE;9;LILLE;59;NORD;59599;TOURCOING;0592349H;public;85.7;120.3;102.9;105.5;118.2;93.2;98.2;119.4;94.4;100.2;49428.0;Ecole élémentaire Lamartine niveau 2;Tourcoing;059;59599;Nord;Lille;50.73198163615449,3.179079498943356
2023-2024;9;HAUTS-DE-FRANCE;9;LILLE;59;NORD;59599;TOURCOING;0592374K;public;73.5;120.3;102.9;105.5;118.2;93.2;98.2;119.4;94.4;100.2;49438.0;Ecole primaire Lavoisier;Tourcoing;059;59599;Nord;Lille;50.72431595665208,3.1727502258896156
2023-2024;9;HAUTS-DE-FRANCE;9;LILLE;59;NORD;59645;WASNES AU BAC;0592535K;public;98.7;120.3;102.9;105.5;118.2;93.2;98.2;119.4;94.4;100.2;49475.0;Ecole primaire La Fontaine;Wasnes-au-Bac;059;59645;Nord;Lille;50.26968395873847,3.2578596907901316
2023-2024;9;HAUTS-DE-FRANCE;9;LILLE;59;NORD;59642;WARLAING;0592536L;public;127.9;120.3;102.9;105.5;118.2;93.2;98.2;119.4;94.4;100.2;49476.0;Ecole primaire Maxence Van Der Meersch;Warlaing;059;59642;Nord;Lille;50.411500209231505,3.321950244823014
2023-2024;9;HAUTS-DE-FRANCE;9;LILLE;62;PAS-DE-CALAIS;62570;MERICOURT;0621430T;public;80.6;120.3;102.9;105.5;118.2;93.2;98.2;114.7;91.2;94.5;51197.0;Ecole élémentaire Albert Jacquard;Méricourt;062;62570;Pas-de-Calais;Lille;50.410323613504445,2.8791300503996853
2023-2024;9;HAUTS-DE-FRANCE;9;LILLE;62;PAS-DE-CALAIS;62810;THELUS;0621447L;public;120.0;120.3;102.9;105.5;118.2;93.2;98.2;114.7;91.2;94.5;51200.0;Ecole primaire des Coquelicots;Thélus;062;62810;Pas-de-Calais;Lille;50.35415169329904,2.800010208938466
2023-2024;9;HAUTS-DE-FRANCE;9;LILLE;62;PAS-DE-CALAIS;62538;MAINTENAY;0621600C;public;91.4;120.3;102.9;105.5;118.2;93.2;98.2;114.7;91.2;94.5;51235.0;Ecole élémentaire RPI 63;Maintenay;062;62538;Pas-de-Calais;Lille;50.36652509940406,1.8126298536392245
2023-2024;9;HAUTS-DE-FRANCE;9;LILLE;62;PAS-DE-CALAIS;62288;ECQUES;0621736A;public;113.0;120.3;102.9;105.5;118.2;93.2;98.2;114.7;91.2;94.5;51268.0;Ecole élémentaire Centre;Ecques;062;62288;Pas-de-Calais;Lille;50.66966869143854,2.288089859278859
2023-2024;9;HAUTS-DE-FRANCE;9;LILLE;62;PAS-DE-CALAIS;62053;AUDINCTHUN;0621744J;public;80.5;120.3;102.9;105.5;118.2;93.2;98.2;114.7;91.2;94.5;51273.0;Ecole primaire;Audincthun;062;62053;Pas-de-Calais;Lille;50.58694212270891,2.1329199455814276
2023-2024;9;HAUTS-DE-FRANCE;9;LILLE;62;PAS-DE-CALAIS;62485;LAIRES;0621762D;public;;120.3;102.9;105.5;118.2;93.2;98.2;114.7;91.2;94.5;51278.0;Ecole élémentaire RPI 113;Laires;062;62485;Pas-de-Calais;Lille;50.53813127002685,2.2511794581632376
2023-2024;9;HAUTS-DE-FRANCE;9;LILLE;62;PAS-DE-CALAIS;62118;BETHONSART;0621903G;public;92.3;120.3;102.9;105.5;118.2;93.2;98.2;114.7;91.2;94.5;51314.0;Ecole élémentaire RPI 16;Béthonsart;062;62118;Pas-de-Calais;Lille;50.37451242856866,2.5507601503224446
2023-2024;9;HAUTS-DE-FRANCE;9;LILLE;62;PAS-DE-CALAIS;62297;EPERLECQUES;0622335B;public;99.0;120.3;102.9;105.5;118.2;93.2;98.2;114.7;91.2;94.5;51360.0;Groupe scolaire de La Liette;Eperlecques;062;62297;Pas-de-Calais;Lille;50.80985545452726,2.1673571710368082
2023-2024;9;HAUTS-DE-FRANCE;9;LILLE;62;PAS-DE-CALAIS;62861;VIMY;0622693R;privé sous contrat;125.2;120.3;102.9;105.5;118.2;93.2;98.2;114.7;91.2;94.5;51439.0;Ecole primaire privée Sainte Thérèse;Vimy;062;62861;Pas-de-Calais;Lille;50.37420893733142,2.811440615406594
2023-2024;9;HAUTS-DE-FRANCE;9;LILLE;62;PAS-DE-CALAIS;62037;ANZIN SAINT AUBIN;0622953Y;public;125.0;120.3;102.9;105.5;118.2;93.2;98.2;114.7;91.2;94.5;51513.0;Ecole élémentaire Lucie Aubrac;Anzin-Saint-Aubin;062;62037;Pas-de-Calais;Lille;50.311281715595,2.750179343927946
2023-2024;9;HAUTS-DE-FRANCE;9;LILLE;62;PAS-DE-CALAIS;62727;RUITZ;0623216J;public;104.8;120.3;102.9;105.5;118.2;93.2;98.2;114.7;91.2;94.5;51569.0;Ecole élémentaire Jacques Prévert;Ruitz;062;62727;Pas-de-Calais;Lille;50.46374063167201,2.5863801513495295
2023-2024;9;HAUTS-DE-FRANCE;9;LILLE;62;PAS-DE-CALAIS;62774;SANGATTE;0623426M;public;106.9;120.3;102.9;105.5;118.2;93.2;98.2;114.7;91.2;94.5;51604.0;Ecole primaire Ferry-Les Ptits Loups de Mer;Sangatte;062;62774;Pas-de-Calais;Lille;50.9563760173754,1.8054705481195232
2023-2024;9;HAUTS-DE-FRANCE;9;LILLE;59;NORD;59564;LA SENTINELLE;0594967D;public;83.9;120.3;102.9;105.5;118.2;93.2;98.2;119.4;94.4;100.2;50001.0;Ecole élémentaire Joliot-Curie;La Sentinelle;059;59564;Nord;Lille;50.34930933673459,3.485589961457575
2023-2024;9;HAUTS-DE-FRANCE;9;LILLE;59;NORD;59650;WATTRELOS;0595320M;public;99.9;120.3;102.9;105.5;118.2;93.2;98.2;119.4;94.4;100.2;50063.0;Ecole primaire Pierre Curie;Wattrelos;059;59650;Nord;Lille;50.7058612012796,3.237729926624497
2023-2024;9;HAUTS-DE-FRANCE;9;LILLE;59;NORD;59512;ROUBAIX;0595938J;public;73.3;120.3;102.9;105.5;118.2;93.2;98.2;119.4;94.4;100.2;50108.0;Ecole primaire Voltaire-Diderot;Roubaix;059;59512;Nord;Lille;50.69687989531362,3.1670693540489463
2023-2024;9;HAUTS-DE-FRANCE;9;LILLE;59;NORD;59098;BOUSBECQUE;0595976A;privé sous contrat;123.7;120.3;102.9;105.5;118.2;93.2;98.2;119.4;94.4;100.2;50113.0;Ecole primaire privée Saint Ignace;Bousbecque;059;59098;Nord;Lille;50.770242108856905,3.0785499065157884
2023-2024;9;HAUTS-DE-FRANCE;9;LILLE;59;NORD;59272;GRAND FORT PHILIPPE;0596363W;public;89.5;120.3;102.9;105.5;118.2;93.2;98.2;119.4;94.4;100.2;50160.0;Ecole élémentaire Georges Manier;Grand-Fort-Philippe;059;59272;Nord;Lille;50.99991736030278,2.105629293200328
2023-2024;9;HAUTS-DE-FRANCE;9;LILLE;59;NORD;59079;BEUVRAGES;0596429T;public;82.2;120.3;102.9;105.5;118.2;93.2;98.2;119.4;94.4;100.2;50179.0;Ecole élémentaire Paul Langevin;Beuvrages;059;59079;Nord;Lille;50.381978833950164,3.5059694335620772
2023-2024;9;HAUTS-DE-FRANCE;9;LILLE;59;NORD;59512;ROUBAIX;0596726R;privé sous contrat;101.6;120.3;102.9;105.5;118.2;93.2;98.2;119.4;94.4;100.2;50259.0;Ecole primaire privée Saint Jean-Baptiste;Roubaix;059;59512;Nord;Lille;50.67936541793332,3.1804593869140434
2023-2024;9;HAUTS-DE-FRANCE;9;LILLE;62;PAS-DE-CALAIS;62418;HAUTEVILLE;0620490W;public;;120.3;102.9;105.5;118.2;93.2;98.2;114.7;91.2;94.5;50966.0;Ecole élémentaire RPI 51;Hauteville;062;62418;Pas-de-Calais;Lille;50.27346846377607,2.5731098266424937
2023-2024;9;HAUTS-DE-FRANCE;9;LILLE;62;PAS-DE-CALAIS;62384;GRAINCOURT LES HAVRINCOURT;0620615G;public;;120.3;102.9;105.5;118.2;93.2;98.2;114.7;91.2;94.5;50990.0;Ecole primaire RPI 64;Graincourt-lès-Havrincourt;062;62384;Pas-de-Calais;Lille;50.143756466591455,3.111169751842593
2023-2024;9;HAUTS-DE-FRANCE;9;LILLE;62;PAS-DE-CALAIS;62009;ADINFER;0620696V;public;103.8;120.3;102.9;105.5;118.2;93.2;98.2;114.7;91.2;94.5;51009.0;Ecole élémentaire RPI 99;Adinfer;062;62009;Pas-de-Calais;Lille;50.194212692460475,2.708619432410214
2023-2024;9;HAUTS-DE-FRANCE;9;LILLE;62;PAS-DE-CALAIS;62146;BOIRY SAINT MARTIN;0620705E;public;;120.3;102.9;105.5;118.2;93.2;98.2;114.7;91.2;94.5;51014.0;Ecole primaire RPI 6;Boiry-Saint-Martin;062;62146;Pas-de-Calais;Lille;50.19965322817475,2.7586394140526935
2023-2024;9;HAUTS-DE-FRANCE;9;LILLE;62;PAS-DE-CALAIS;62399;HABARCQ;0620711L;public;;120.3;102.9;105.5;118.2;93.2;98.2;114.7;91.2;94.5;51016.0;Ecole élémentaire RPI 26;Habarcq;062;62399;Pas-de-Calais;Lille;50.30573161309243,2.6118600291977696
2023-2024;9;HAUTS-DE-FRANCE;9;LILLE;62;PAS-DE-CALAIS;62703;REMY;0620765V;public;;120.3;102.9;105.5;118.2;93.2;98.2;114.7;91.2;94.5;51033.0;Ecole élémentaire Sensée Cojeul RPI 54;Rémy;062;62703;Pas-de-Calais;Lille;50.253673743540624,2.9571794306134893
2023-2024;9;HAUTS-DE-FRANCE;9;LILLE;62;PAS-DE-CALAIS;62251;COURSET;0620885A;public;97.4;120.3;102.9;105.5;118.2;93.2;98.2;114.7;91.2;94.5;51050.0;Ecole élémentaire RPI 156;Courset;062;62251;Pas-de-Calais;Lille;50.64894326554605,1.852810635696487
2023-2024;9;HAUTS-DE-FRANCE;9;LILLE;62;PAS-DE-CALAIS;62083;BARLIN;0620970T;public;80.4;120.3;102.9;105.5;118.2;93.2;98.2;114.7;91.2;94.5;51072.0;Ecole élémentaire Louis Pasteur;Barlin;062;62083;Pas-de-Calais;Lille;50.45203901482476,2.6194902256641037
2023-2024;9;HAUTS-DE-FRANCE;9;LILLE;62;PAS-DE-CALAIS;62193;CALAIS;0621052G;public;81.1;120.3;102.9;105.5;118.2;93.2;98.2;114.7;91.2;94.5;51096.0;Ecole primaire Condé;Calais;062;62193;Pas-de-Calais;Lille;50.94398959573012,1.8426301170444945
2023-2024;9;HAUTS-DE-FRANCE;9;LILLE;62;PAS-DE-CALAIS;62193;CALAIS;0621079L;public;82.7;120.3;102.9;105.5;118.2;93.2;98.2;114.7;91.2;94.5;51101.0;Ecole élémentaire Chateaubriand;Calais;062;62193;Pas-de-Calais;Lille;50.95540374949885,1.8715297973591456
2023-2024;9;HAUTS-DE-FRANCE;9;LILLE;62;PAS-DE-CALAIS;62193;CALAIS;0621081N;public;80.9;120.3;102.9;105.5;118.2;93.2;98.2;114.7;91.2;94.5;51102.0;Ecole élémentaire Louise Pollet;Calais;062;62193;Pas-de-Calais;Lille;50.94728635523194,1.8587197777374105
2023-2024;9;HAUTS-DE-FRANCE;9;LILLE;62;PAS-DE-CALAIS;62003;ACHEVILLE;0621395E;public;;120.3;102.9;105.5;118.2;93.2;98.2;114.7;91.2;94.5;51188.0;Ecole élémentaire RPI 91;Acheville;062;62003;Pas-de-Calais;Lille;50.38304066266592,2.8829301483294927
2023-2024;9;HAUTS-DE-FRANCE;9;LILLE;62;PAS-DE-CALAIS;62476;IZEL LES EQUERCHIN;0621426N;public;104.0;120.3;102.9;105.5;118.2;93.2;98.2;114.7;91.2;94.5;51195.0;Ecole primaire;Izel-lès-Equerchin;062;62476;Pas-de-Calais;Lille;50.36138890352319,2.9500399983961367
2023-2024;9;HAUTS-DE-FRANCE;9;LILLE;62;PAS-DE-CALAIS;62551;MARENLA;0621602E;public;89.8;120.3;102.9;105.5;118.2;93.2;98.2;114.7;91.2;94.5;51236.0;Ecole élémentaire RPI 42;Marenla;062;62551;Pas-de-Calais;Lille;50.44635170160621,1.863790059792348
2023-2024;9;HAUTS-DE-FRANCE;9;LILLE;62;PAS-DE-CALAIS;62875;WARDRECQUES;0621719G;public;99.9;120.3;102.9;105.5;118.2;93.2;98.2;114.7;91.2;94.5;51262.0;Ecole primaire Jacques Prévert;Wardrecques;062;62875;Pas-de-Calais;Lille;50.70854559112563,2.34426016998673
2023-2024;9;HAUTS-DE-FRANCE;9;LILLE;62;PAS-DE-CALAIS;62010;AFFRINGUES;0621838L;public;;120.3;102.9;105.5;118.2;93.2;98.2;114.7;91.2;94.5;51289.0;Ecole élémentaire RPI 131;Affringues;062;62010;Pas-de-Calais;Lille;50.68976766669494,2.0745599980108187
2023-2024;9;HAUTS-DE-FRANCE;9;LILLE;62;PAS-DE-CALAIS;62245;COULOMBY;0621847W;public;93.5;120.3;102.9;105.5;118.2;93.2;98.2;114.7;91.2;94.5;51293.0;Ecole élémentaire RPI 111;Coulomby;062;62245;Pas-de-Calais;Lille;50.7063407028173,2.0108901835351523
2023-2024;9;HAUTS-DE-FRANCE;9;LILLE;62;PAS-DE-CALAIS;62365;GALAMETZ;0622012A;public;86.0;120.3;102.9;105.5;118.2;93.2;98.2;114.7;91.2;94.5;51333.0;Ecole élémentaire RPI 10;Galametz;062;62365;Pas-de-Calais;Lille;50.32736212422479,2.136610646164756
2023-2024;9;HAUTS-DE-FRANCE;9;LILLE;62;PAS-DE-CALAIS;62200;CAMBRIN;0622331X;public;98.6;120.3;102.9;105.5;118.2;93.2;98.2;114.7;91.2;94.5;51358.0;Ecole primaire;Cambrin;062;62200;Pas-de-Calais;Lille;50.510775482796326,2.740610243314453
2023-2024;9;HAUTS-DE-FRANCE;9;LILLE;62;PAS-DE-CALAIS;62548;MARCK;0622459L;public;83.1;120.3;102.9;105.5;118.2;93.2;98.2;114.7;91.2;94.5;51373.0;Ecole primaire des Hautes Communes;Marck;062;62548;Pas-de-Calais;Lille;50.94899045559788,1.9274597818047865
2023-2024;9;HAUTS-DE-FRANCE;9;LILLE;62;PAS-DE-CALAIS;62041;ARRAS;0622714N;privé sous contrat;120.6;120.3;102.9;105.5;118.2;93.2;98.2;114.7;91.2;94.5;51449.0;Ecole primaire privée Les Louez Dieu;Arras;062;62041;Pas-de-Calais;Lille;50.28797232488681,2.7666097748168683
2023-2024;9;HAUTS-DE-FRANCE;9;LILLE;62;PAS-DE-CALAIS;62193;CALAIS;0622739R;privé sous contrat;116.4;120.3;102.9;105.5;118.2;93.2;98.2;114.7;91.2;94.5;51464.0;Ecole primaire privée Sainte Agnès;Calais;062;62193;Pas-de-Calais;Lille;50.94441860931133,1.857569876560639
2023-2024;9;HAUTS-DE-FRANCE;9;LILLE;62;PAS-DE-CALAIS;62525;LONGUENESSE;0622763S;public;70.5;120.3;102.9;105.5;118.2;93.2;98.2;114.7;91.2;94.5;51475.0;Ecole primaire Léon Blum;Longuenesse;062;62525;Pas-de-Calais;Lille;50.74293445027304,2.2625606644736074
2023-2024;9;HAUTS-DE-FRANCE;9;LILLE;62;PAS-DE-CALAIS;62817;TILLOY LES MOFFLAINES;0622767W;public;108.7;120.3;102.9;105.5;118.2;93.2;98.2;114.7;91.2;94.5;51476.0;Groupe scolaire Talbot - Prévert;Tilloy-lès-Mofflaines;062;62817;Pas-de-Calais;Lille;50.27565980735069,2.8117994501210184
2023-2024;9;HAUTS-DE-FRANCE;9;LILLE;62;PAS-DE-CALAIS;62119;BETHUNE;0622817A;public;88.9;120.3;102.9;105.5;118.2;93.2;98.2;114.7;91.2;94.5;51481.0;Ecole primaire Jules Ferry;Béthune;062;62119;Pas-de-Calais;Lille;50.52490025921646,2.6319693215435622
2023-2024;9;HAUTS-DE-FRANCE;9;LILLE;62;PAS-DE-CALAIS;62132;BILLY BERCLAU;0623034L;public;108.5;120.3;102.9;105.5;118.2;93.2;98.2;114.7;91.2;94.5;51538.0;Ecole élémentaire Jean Jaurès;Billy-Berclau;062;62132;Pas-de-Calais;Lille;50.51397640964656,2.8597195593305083
2023-2024;9;HAUTS-DE-FRANCE;9;LILLE;62;PAS-DE-CALAIS;62178;BRUAY LA BUISSIERE;0623036N;public;69.8;120.3;102.9;105.5;118.2;93.2;98.2;114.7;91.2;94.5;51540.0;Ecole primaire Jules Ferry;Bruay-la-Buissière;062;62178;Pas-de-Calais;Lille;50.48509997408678,2.5417405828755752
2023-2024;9;HAUTS-DE-FRANCE;9;LILLE;62;PAS-DE-CALAIS;62534;LUMBRES;0623385T;privé sous contrat;103.5;120.3;102.9;105.5;118.2;93.2;98.2;114.7;91.2;94.5;51588.0;Ecole primaire privée Notre-Dame;Lumbres;062;62534;Pas-de-Calais;Lille;50.70718046935331,2.12278970757369
2023-2024;9;HAUTS-DE-FRANCE;9;LILLE;62;PAS-DE-CALAIS;62132;BILLY BERCLAU;0623509C;public;95.3;120.3;102.9;105.5;118.2;93.2;98.2;114.7;91.2;94.5;51641.0;Ecole élémentaire Jérémie Poteau;Billy-Berclau;062;62132;Pas-de-Calais;Lille;50.52235371315347,2.871480662000865
2023-2024;9;HAUTS-DE-FRANCE;9;LILLE;62;PAS-DE-CALAIS;62604;NEUFCHATEL HARDELOT;0623543P;public;93.1;120.3;102.9;105.5;118.2;93.2;98.2;114.7;91.2;94.5;51664.0;Ecole primaire Louis Blériot;Neufchâtel-Hardelot;062;62604;Pas-de-Calais;Lille;50.617601119399396,1.6387105323020765
2023-2024;9;HAUTS-DE-FRANCE;9;LILLE;62;PAS-DE-CALAIS;62160;BOULOGNE SUR MER;0623764E;public;79.3;120.3;102.9;105.5;118.2;93.2;98.2;114.7;91.2;94.5;51684.0;Ecole élémentaire Jules Ferry;Boulogne-sur-Mer;062;62160;Pas-de-Calais;Lille;50.7294006584375,1.609560602197582
2023-2024;9;HAUTS-DE-FRANCE;9;LILLE;62;PAS-DE-CALAIS;62473;ISBERGUES;0623808C;public;78.2;120.3;102.9;105.5;118.2;93.2;98.2;114.7;91.2;94.5;51700.0;Ecole primaire Jules Ferry - Les Sablons;Isbergues;062;62473;Pas-de-Calais;Lille;50.61779289989234,2.4723893515079176
2023-2024;9;HAUTS-DE-FRANCE;9;LILLE;62;PAS-DE-CALAIS;62906;ZUTKERQUE;0623856E;public;90.0;120.3;102.9;105.5;118.2;93.2;98.2;114.7;91.2;94.5;51715.0;Ecole primaire du Centre;Zutkerque;062;62906;Pas-de-Calais;Lille;50.853492994486196,2.067920269386618
2023-2024;9;HAUTS-DE-FRANCE;9;LILLE;62;PAS-DE-CALAIS;62270;DIVION;0623860J;public;74.1;120.3;102.9;105.5;118.2;93.2;98.2;114.7;91.2;94.5;51718.0;Ecole élémentaire Pierre et Marie Curie;Divion;062;62270;Pas-de-Calais;Lille;50.47449483683128,2.487629880002095
2023-2024;9;HAUTS-DE-FRANCE;9;LILLE;62;PAS-DE-CALAIS;62613;NIELLES LES BLEQUIN;0623974H;public;87.8;120.3;102.9;105.5;118.2;93.2;98.2;114.7;91.2;94.5;51748.0;Ecole primaire Jean Fauviau;Nielles-lès-Bléquin;062;62613;Pas-de-Calais;Lille;50.67467525104814,2.029449488860263
2023-2024;9;HAUTS-DE-FRANCE;9;LILLE;59;NORD;59410;MONS EN BAROEUL;0595094S;public;79.5;120.3;102.9;105.5;118.2;93.2;98.2;119.4;94.4;100.2;50036.0;Ecole élémentaire Montaigne;Mons-en-Baroeul;059;59410;Nord;Lille;50.64761759658774,3.1137699098601863
2023-2024;9;HAUTS-DE-FRANCE;9;LILLE;59;NORD;59598;TOUFFLERS;0595162R;public;111.2;120.3;102.9;105.5;118.2;93.2;98.2;119.4;94.4;100.2;50038.0;Groupe scolaire Aragon - Prévert;Toufflers;059;59598;Nord;Lille;50.660142985304624,3.2306703436002917
2023-2024;9;HAUTS-DE-FRANCE;9;LILLE;59;NORD;59009;VILLENEUVE D ASCQ;0595194A;public;128.6;120.3;102.9;105.5;118.2;93.2;98.2;119.4;94.4;100.2;50040.0;Ecole élémentaire Anatole France;Villeneuve-d'Ascq;059;59009;Nord;Lille;50.63834820654359,3.129339740148916
2023-2024;9;HAUTS-DE-FRANCE;9;LILLE;59;NORD;59228;FERIN;0595708J;public;114.0;120.3;102.9;105.5;118.2;93.2;98.2;119.4;94.4;100.2;50094.0;Ecole primaire Suzanne Lanoy;Férin;059;59228;Nord;Lille;50.327736671673776,3.071929405153164
2023-2024;9;HAUTS-DE-FRANCE;9;LILLE;59;NORD;59464;POIX DU NORD;0595936G;public;87.8;120.3;102.9;105.5;118.2;93.2;98.2;119.4;94.4;100.2;50107.0;Ecole primaire;Poix-du-Nord;059;59464;Nord;Lille;50.18996704324739,3.6099596182460525
2023-2024;9;HAUTS-DE-FRANCE;9;LILLE;59;NORD;59266;GONDECOURT;0596111X;public;128.1;120.3;102.9;105.5;118.2;93.2;98.2;119.4;94.4;100.2;50127.0;Ecole élémentaire Prévert;Gondecourt;059;59266;Nord;Lille;50.54617508693586,2.984699750611659
2023-2024;9;HAUTS-DE-FRANCE;9;LILLE;59;NORD;59033;AULNOYE AYMERIES;0596295X;public;82.5;120.3;102.9;105.5;118.2;93.2;98.2;119.4;94.4;100.2;50145.0;Ecole élémentaire Joliot-Curie;Aulnoye-Aymeries;059;59033;Nord;Lille;50.2022666158867,3.8360206345145524
2023-2024;9;HAUTS-DE-FRANCE;9;LILLE;59;NORD;59599;TOURCOING;0596333N;public;68.7;120.3;102.9;105.5;118.2;93.2;98.2;119.4;94.4;100.2;50156.0;Ecole primaire Albert Camus;Tourcoing;059;59599;Nord;Lille;50.743074245684134,3.1837900577811635
2023-2024;9;HAUTS-DE-FRANCE;9;LILLE;59;NORD;59092;BOUCHAIN;0596433X;public;89.8;120.3;102.9;105.5;118.2;93.2;98.2;119.4;94.4;100.2;50180.0;Ecole primaire Jean Zay;Bouchain;059;59092;Nord;Lille;50.28509814561414,3.3194894222482345
2023-2024;9;HAUTS-DE-FRANCE;9;LILLE;59;NORD;59284;HASNON;0596498T;public;111.1;120.3;102.9;105.5;118.2;93.2;98.2;119.4;94.4;100.2;50197.0;Groupe scolaire Julie-Victoire Daubié;Hasnon;059;59284;Nord;Lille;50.41893282439301,3.386339794208783
2023-2024;9;HAUTS-DE-FRANCE;9;LILLE;59;NORD;59009;VILLENEUVE D ASCQ;0596605J;public;74.8;120.3;102.9;105.5;118.2;93.2;98.2;119.4;94.4;100.2;50228.0;Ecole primaire publique Rameau;Villeneuve-d'Ascq;059;59009;Nord;Lille;50.62191403496861,3.1412194963241777
2023-2024;9;HAUTS-DE-FRANCE;9;LILLE;59;NORD;59222;FAUMONT;0596650H;public;119.0;120.3;102.9;105.5;118.2;93.2;98.2;119.4;94.4;100.2;50250.0;Ecole primaire publique Marceline Desbordes Valmore;Faumont;059;59222;Nord;Lille;50.44712275612046,3.134760679270935
2023-2024;9;HAUTS-DE-FRANCE;9;LILLE;62;PAS-DE-CALAIS;62041;ARRAS;0620440S;public;101.0;120.3;102.9;105.5;118.2;93.2;98.2;114.7;91.2;94.5;50956.0;Ecole primaire Curie - Kergomard;Arras;062;62041;Pas-de-Calais;Lille;50.28391487104059,2.7838603526971233
2023-2024;9;HAUTS-DE-FRANCE;9;LILLE;62;PAS-DE-CALAIS;62080;BAPAUME;0620519C;public;78.1;120.3;102.9;105.5;118.2;93.2;98.2;114.7;91.2;94.5;50969.0;Groupe Scolaire Guillaume Apollinaire - Regroupement Pédagogique Intercommunal Concentré (RPC) de BAPAUME;Bapaume;062;62080;Pas-de-Calais;Lille;50.10460511562237,2.8527699288689927
2023-2024;9;HAUTS-DE-FRANCE;9;LILLE;62;PAS-DE-CALAIS;62181;BUCQUOY;0620572K;public;93.3;120.3;102.9;105.5;118.2;93.2;98.2;114.7;91.2;94.5;50979.0;Ecole élémentaire;Bucquoy;062;62181;Pas-de-Calais;Lille;50.140464783508044,2.7083705094389074
2023-2024;9;HAUTS-DE-FRANCE;9;LILLE;62;PAS-DE-CALAIS;62739;SAINS LES MARQUION;0620629X;public;93.3;120.3;102.9;105.5;118.2;93.2;98.2;114.7;91.2;94.5;50995.0;Ecole élémentaire RPI 60;Sains-lès-Marquion;062;62739;Pas-de-Calais;Lille;50.194501046301724,3.0716200270471665
2023-2024;9;HAUTS-DE-FRANCE;9;LILLE;62;PAS-DE-CALAIS;62023;ALLOUAGNE;0620777H;public;96.3;120.3;102.9;105.5;118.2;93.2;98.2;114.7;91.2;94.5;51036.0;Ecole élémentaire Françoise Dolto-Jean Monnet;Allouagne;062;62023;Pas-de-Calais;Lille;50.530352759874276,2.5098401211209524
2023-2024;9;HAUTS-DE-FRANCE;9;LILLE;62;PAS-DE-CALAIS;62758;SAINT MARTIN BOULOGNE;0620874N;public;86.3;120.3;102.9;105.5;118.2;93.2;98.2;114.7;91.2;94.5;51046.0;Ecole élémentaire Isabelle Nacry-Jules Ferry;Saint-Martin-Boulogne;062;62758;Pas-de-Calais;Lille;50.72780415507614,1.63369955699741
2023-2024;9;HAUTS-DE-FRANCE;9;LILLE;62;PAS-DE-CALAIS;62179;BRUNEMBERT;0620883Y;public;95.3;120.3;102.9;105.5;118.2;93.2;98.2;114.7;91.2;94.5;51048.0;Ecole élémentaire RPI 80;Brunembert;062;62179;Pas-de-Calais;Lille;50.71418402540241,1.895139437436593
2023-2024;9;HAUTS-DE-FRANCE;9;LILLE;62;PAS-DE-CALAIS;62617;NOEUX LES MINES;0620985J;public;69.3;120.3;102.9;105.5;118.2;93.2;98.2;114.7;91.2;94.5;51080.0;Ecole primaire Suzanne Blin;Noeux-les-Mines;062;62617;Pas-de-Calais;Lille;50.4801122497955,2.6687993559399414
2023-2024;9;HAUTS-DE-FRANCE;9;LILLE;62;PAS-DE-CALAIS;62020;ALEMBON;0621025C;public;101.5;120.3;102.9;105.5;118.2;93.2;98.2;114.7;91.2;94.5;51088.0;Ecole primaire;Alembon;062;62020;Pas-de-Calais;Lille;50.784487666125386,1.8874800359339337
2023-2024;9;HAUTS-DE-FRANCE;9;LILLE;62;PAS-DE-CALAIS;62488;LANDRETHUN LES ARDRES;0621124K;public;103.8;120.3;102.9;105.5;118.2;93.2;98.2;114.7;91.2;94.5;51114.0;Ecole primaire Des Lilas;Landrethun-lès-Ardres;062;62488;Pas-de-Calais;Lille;50.82469483447671,1.9598906960545786
2023-2024;9;HAUTS-DE-FRANCE;9;LILLE;62;PAS-DE-CALAIS;62102;BECOURT;0621238J;public;92.6;120.3;102.9;105.5;118.2;93.2;98.2;114.7;91.2;94.5;51148.0;Ecole élémentaire RPI 92;Bécourt;062;62102;Pas-de-Calais;Lille;50.636214932245316,1.9110298433053314
2023-2024;9;HAUTS-DE-FRANCE;9;LILLE;62;PAS-DE-CALAIS;62679;QUESTRECQUES;0621262K;public;;120.3;102.9;105.5;118.2;93.2;98.2;114.7;91.2;94.5;51155.0;Ecole primaire Val de Liane RPI 88;Questrecques;062;62679;Pas-de-Calais;Lille;50.67258028575512,1.7543799192495169
2023-2024;9;HAUTS-DE-FRANCE;9;LILLE;62;PAS-DE-CALAIS;62821;TINGRY;0621270U;public;99.7;120.3;102.9;105.5;118.2;93.2;98.2;114.7;91.2;94.5;51158.0;Ecole élémentaire RPI 72;Tingry;062;62821;Pas-de-Calais;Lille;50.619046619616924,1.731600712606659
2023-2024;9;HAUTS-DE-FRANCE;9;LILLE;62;PAS-DE-CALAIS;62842;VENDIN LE VIEIL;0621390Z;public;93.1;120.3;102.9;105.5;118.2;93.2;98.2;114.7;91.2;94.5;51187.0;Ecole élémentaire Jean Jaurès;Vendin-le-Vieil;062;62842;Pas-de-Calais;Lille;50.47627960511803,2.8671095566133715
2023-2024;9;HAUTS-DE-FRANCE;9;LILLE;62;PAS-DE-CALAIS;62124;BEUTIN;0621614T;public;98.3;120.3;102.9;105.5;118.2;93.2;98.2;114.7;91.2;94.5;51238.0;Ecole élémentaire RPI 109;Beutin;062;62124;Pas-de-Calais;Lille;50.49091179849472,1.7272793068087746
2023-2024;9;HAUTS-DE-FRANCE;9;LILLE;62;PAS-DE-CALAIS;62460;HUBERSENT;0621632M;public;100.4;120.3;102.9;105.5;118.2;93.2;98.2;114.7;91.2;94.5;51242.0;Ecole élémentaire mixte de la Vallée de la Dordonne RPI 107;Hubersent;062;62460;Pas-de-Calais;Lille;50.58242171213604,1.727239492838513
2023-2024;9;HAUTS-DE-FRANCE;9;LILLE;62;PAS-DE-CALAIS;62205;CAMPAGNE LES WARDRECQUES;0621692C;public;101.3;120.3;102.9;105.5;118.2;93.2;98.2;114.7;91.2;94.5;51256.0;Ecole primaire Marcel Pagnol;Campagne-lès-Wardrecques;062;62205;Pas-de-Calais;Lille;50.71898288961574,2.3338304684703717
2023-2024;9;HAUTS-DE-FRANCE;9;LILLE;62;PAS-DE-CALAIS;62471;BELLINGHEM;0621734Y;public;91.6;120.3;102.9;105.5;118.2;93.2;98.2;114.7;91.2;94.5;51267.0;Ecole primaire Simone Veil;Bellinghem;062;62471;Pas-de-Calais;Lille;50.65489024606341,2.223014627993331
2023-2024;9;HAUTS-DE-FRANCE;9;LILLE;62;PAS-DE-CALAIS;62364;FRUGES;0621782A;public;80.3;120.3;102.9;105.5;118.2;93.2;98.2;114.7;91.2;94.5;51282.0;Ecole primaire - Regroupement Pédagogique Intercommunal Concentré (RPC) de FRUGES;Fruges;062;62364;Pas-de-Calais;Lille;50.51449517119964,2.1323094319170597
2023-2024;9;HAUTS-DE-FRANCE;9;LILLE;62;PAS-DE-CALAIS;62051;AUCHY LES MINES;0622540Z;public;91.5;120.3;102.9;105.5;118.2;93.2;98.2;114.7;91.2;94.5;51379.0;Ecole élémentaire Jacques Prévert;Auchy-les-Mines;062;62051;Pas-de-Calais;Lille;50.5133158039719,2.7841905121093777
2023-2024;9;HAUTS-DE-FRANCE;9;LILLE;62;PAS-DE-CALAIS;62236;CONTES;0622544D;public;84.0;120.3;102.9;105.5;118.2;93.2;98.2;114.7;91.2;94.5;51380.0;Ecole élémentaire RPI 139;Contes;062;62236;Pas-de-Calais;Lille;50.40720264332267,1.9655698092986682
2023-2024;9;HAUTS-DE-FRANCE;9;LILLE;62;PAS-DE-CALAIS;62767;SAINT POL SUR TERNOISE;0622591E;privé sous contrat;113.2;120.3;102.9;105.5;118.2;93.2;98.2;114.7;91.2;94.5;51389.0;Ecole primaire privée Sainte Anne;Saint-Pol-sur-Ternoise;062;62767;Pas-de-Calais;Lille;50.38066081303076,2.337799783163389
2023-2024;9;HAUTS-DE-FRANCE;9;LILLE;62;PAS-DE-CALAIS;62014;AIRE SUR LA LYS;0622601R;privé sous contrat;112.1;120.3;102.9;105.5;118.2;93.2;98.2;114.7;91.2;94.5;51392.0;Ecole primaire privée Sacré-Coeur;Aire-sur-la-Lys;062;62014;Pas-de-Calais;Lille;50.63907839800915,2.3966499518062063
2023-2024;9;HAUTS-DE-FRANCE;9;LILLE;62;PAS-DE-CALAIS;62160;BOULOGNE SUR MER;0622727C;privé sous contrat;114.5;120.3;102.9;105.5;118.2;93.2;98.2;114.7;91.2;94.5;51455.0;Ecole primaire privée Saint Augustin;Boulogne-sur-Mer;062;62160;Pas-de-Calais;Lille;50.71747391858275,1.6153805908941128
2023-2024;9;HAUTS-DE-FRANCE;9;LILLE;62;PAS-DE-CALAIS;62359;FRESSIN;0622963J;public;95.1;120.3;102.9;105.5;118.2;93.2;98.2;114.7;91.2;94.5;51517.0;Ecole primaire RPI 40;Fressin;062;62359;Pas-de-Calais;Lille;50.44813246849143,2.0577324285258163
2023-2024;9;HAUTS-DE-FRANCE;9;LILLE;62;PAS-DE-CALAIS;62846;VERMELLES;0622986J;public;86.7;120.3;102.9;105.5;118.2;93.2;98.2;114.7;91.2;94.5;51529.0;Ecole primaire Jules Andrieu;Vermelles;062;62846;Pas-de-Calais;Lille;50.47715126065576,2.742949630309665
2023-2024;9;HAUTS-DE-FRANCE;9;LILLE;62;PAS-DE-CALAIS;62784;SAULTY;0622994T;public;101.3;120.3;102.9;105.5;118.2;93.2;98.2;114.7;91.2;94.5;51534.0;Ecole primaire - Regroupement Pédagogique Intercommunal Concentré (RPC) de SAULTY;Saulty;062;62784;Pas-de-Calais;Lille;50.21213512354443,2.530259689997109
2023-2024;9;HAUTS-DE-FRANCE;9;LILLE;62;PAS-DE-CALAIS;62274;DOURGES;0623044X;public;89.6;120.3;102.9;105.5;118.2;93.2;98.2;114.7;91.2;94.5;51543.0;Ecole primaire Bruno;Dourges;062;62274;Pas-de-Calais;Lille;50.42868208228722,2.9908499492080844
2023-2024;9;HAUTS-DE-FRANCE;9;LILLE;62;PAS-DE-CALAIS;62108;BERCK;0623757X;privé sous contrat;108.5;120.3;102.9;105.5;118.2;93.2;98.2;114.7;91.2;94.5;51682.0;Ecole primaire privée Saint Joseph-Saint Dominique Savio;Berck;062;62108;Pas-de-Calais;Lille;50.408555787817654,1.5814701266708406
2023-2024;9;HAUTS-DE-FRANCE;9;LILLE;62;PAS-DE-CALAIS;62550;MARCONNELLE;0623873Y;public;;120.3;102.9;105.5;118.2;93.2;98.2;114.7;91.2;94.5;51723.0;Ecole primaire André Fréville - Arc en Ciel RPI 150;Marconnelle;062;62550;Pas-de-Calais;Lille;50.37550548296613,2.018159948588554
2023-2024;9;HAUTS-DE-FRANCE;9;LILLE;62;PAS-DE-CALAIS;62560;MARQUISE;0623896Y;public;80.9;120.3;102.9;105.5;118.2;93.2;98.2;114.7;91.2;94.5;51733.0;Ecole primaire Pierre Mendès France;Marquise;062;62560;Pas-de-Calais;Lille;50.814380081186606,1.7066694179435435
2023-2024;9;HAUTS-DE-FRANCE;9;LILLE;62;PAS-DE-CALAIS;62065;AVION;0624002N;public;81.3;120.3;102.9;105.5;118.2;93.2;98.2;114.7;91.2;94.5;51754.0;Ecole élémentaire Desnos-Casanova;Avion;062;62065;Pas-de-Calais;Lille;50.40730835247318,2.8147697659043778
2023-2024;9;HAUTS-DE-FRANCE;9;LILLE;59;NORD;59421;MOUVAUX;0595703D;public;115.1;120.3;102.9;105.5;118.2;93.2;98.2;119.4;94.4;100.2;50092.0;Ecole élémentaire Saint-Exupéry;Mouvaux;059;59421;Nord;Lille;50.709781304663565,3.1357802462799764
2023-2024;9;HAUTS-DE-FRANCE;9;LILLE;59;NORD;59327;LALLAING;0596503Y;public;83.4;120.3;102.9;105.5;118.2;93.2;98.2;119.4;94.4;100.2;50199.0;Groupe scolaire Henri Dunant;Lallaing;059;59327;Nord;Lille;50.380691034357966,3.17746960816677
2023-2024;9;HAUTS-DE-FRANCE;9;LILLE;59;NORD;59120;CAESTRE;0596522U;public;99.1;120.3;102.9;105.5;118.2;93.2;98.2;119.4;94.4;100.2;50211.0;Ecole primaire Marguerite Yourcenar;Caëstre;059;59120;Nord;Lille;50.75607260128358,2.5998701210670054
2023-2024;9;HAUTS-DE-FRANCE;9;LILLE;59;NORD;59599;TOURCOING;0596617X;privé sous contrat;95.8;120.3;102.9;105.5;118.2;93.2;98.2;119.4;94.4;100.2;50230.0;Ecole primaire privée Saint Matthieu;Tourcoing;059;59599;Nord;Lille;50.73165748515149,3.142450530993326
2023-2024;9;HAUTS-DE-FRANCE;9;LILLE;59;NORD;59512;ROUBAIX;0596645C;public;69.1;120.3;102.9;105.5;118.2;93.2;98.2;119.4;94.4;100.2;50246.0;Ecole primaire publique Blaise Pascal;Roubaix;059;59512;Nord;Lille;50.70328303984716,3.167939912059038
2023-2024;9;HAUTS-DE-FRANCE;9;LILLE;59;NORD;59627;VILLERS SIRE NICOLE;0594982V;public;89.8;120.3;102.9;105.5;118.2;93.2;98.2;119.4;94.4;100.2;50008.0;Ecole primaire Beaumarchais - Regroupement Pédagogique Intercommunal Concentré (RPC) de VILLERS-SIRE-NICOLE;Villers-Sire-Nicole;059;59627;Nord;Lille;50.340363736462166,4.011939950286931
2023-2024;9;HAUTS-DE-FRANCE;9;LILLE;59;NORD;59028;AUBY;0596002D;public;83.9;120.3;102.9;105.5;118.2;93.2;98.2;119.4;94.4;100.2;50121.0;Groupe scolaire Georges Brassens-Jacques Prévert;Auby;059;59028;Nord;Lille;50.42135729408821,3.0681201210050464
2023-2024;9;HAUTS-DE-FRANCE;9;LILLE;59;NORD;59387;MARQUETTE EN OSTREVANT;0596211F;public;92.9;120.3;102.9;105.5;118.2;93.2;98.2;119.4;94.4;100.2;50140.0;Groupe scolaire Les Chrysalides;Marquette-en-Ostrevant;059;59387;Nord;Lille;50.285925360272614,3.262739337389367
2023-2024;9;HAUTS-DE-FRANCE;9;LILLE;59;NORD;59129;CAPPELLE EN PEVELE;0596367A;public;130.9;120.3;102.9;105.5;118.2;93.2;98.2;119.4;94.4;100.2;50162.0;Ecole primaire Emilie Carles;Cappelle-en-Pévèle;059;59129;Nord;Lille;50.50933792303397,3.171459392279953
2023-2024;9;HAUTS-DE-FRANCE;9;LILLE;59;NORD;59484;QUIEVRECHAIN;0596469L;public;79.8;120.3;102.9;105.5;118.2;93.2;98.2;119.4;94.4;100.2;50188.0;Ecole élémentaire Jean-Marie Brison;Quiévrechain;059;59484;Nord;Lille;50.39453472795731,3.6639299034600064
2023-2024;9;HAUTS-DE-FRANCE;9;LILLE;59;NORD;59009;VILLENEUVE D ASCQ;0596648F;public;93.4;120.3;102.9;105.5;118.2;93.2;98.2;119.4;94.4;100.2;50249.0;Ecole primaire publique Chateaubriand;Villeneuve-d'Ascq;059;59009;Nord;Lille;50.62984012915629,3.131490694951311
2023-2024;9;HAUTS-DE-FRANCE;9;LILLE;62;PAS-DE-CALAIS;62664;POMMIER;0620659E;public;;120.3;102.9;105.5;118.2;93.2;98.2;114.7;91.2;94.5;51000.0;Ecole élémentaire La Fontaine RPI 57;Pommier;062;62664;Pas-de-Calais;Lille;50.184168845183734,2.5997897094607256
2023-2024;9;HAUTS-DE-FRANCE;9;LILLE;62;PAS-DE-CALAIS;62660;PLOUVAIN;0620763T;public;110.8;120.3;102.9;105.5;118.2;93.2;98.2;114.7;91.2;94.5;51032.0;Ecole primaire RPI 145;Plouvain;062;62660;Pas-de-Calais;Lille;50.30709011960803,2.9235604703803793
2023-2024;9;HAUTS-DE-FRANCE;9;LILLE;62;PAS-DE-CALAIS;62825;TORTEQUESNE;0620772C;public;100.7;120.3;102.9;105.5;118.2;93.2;98.2;114.7;91.2;94.5;51035.0;Ecole primaire Léon Waymel;Tortequesne;062;62825;Pas-de-Calais;Lille;50.29093602622457,3.0401696484862066
2023-2024;9;HAUTS-DE-FRANCE;9;LILLE;62;PAS-DE-CALAIS;62429;HENNEVEUX;0620889E;public;100.9;120.3;102.9;105.5;118.2;93.2;98.2;114.7;91.2;94.5;51053.0;Ecole élémentaire de la Grande Vallée RPI 46;Henneveux;062;62429;Pas-de-Calais;Lille;50.72355640583545,1.8511495639999176
2023-2024;9;HAUTS-DE-FRANCE;9;LILLE;62;PAS-DE-CALAIS;62524;LONGFOSSE;0620891G;public;87.6;120.3;102.9;105.5;118.2;93.2;98.2;114.7;91.2;94.5;51055.0;Ecole primaire;Longfossé;062;62524;Pas-de-Calais;Lille;50.65217584681356,1.8051006607450775
2023-2024;9;HAUTS-DE-FRANCE;9;LILLE;62;PAS-DE-CALAIS;62083;BARLIN;0620967P;public;82.1;120.3;102.9;105.5;118.2;93.2;98.2;114.7;91.2;94.5;51071.0;Ecole primaire Jean Macé;Barlin;062;62083;Pas-de-Calais;Lille;50.459144669540485,2.6285500852860757
2023-2024;9;HAUTS-DE-FRANCE;9;LILLE;62;PAS-DE-CALAIS;62618;NORDAUSQUES;0621129R;public;87.3;120.3;102.9;105.5;118.2;93.2;98.2;114.7;91.2;94.5;51118.0;Ecole primaire;Nordausques;062;62618;Pas-de-Calais;Lille;50.81872509539834,2.0801300389064306
2023-2024;9;HAUTS-DE-FRANCE;9;LILLE;62;PAS-DE-CALAIS;62746;SAINT ETIENNE AU MONT;0621263L;public;81.1;120.3;102.9;105.5;118.2;93.2;98.2;114.7;91.2;94.5;51156.0;Groupe scolaire Ferry - Hugo;Saint-Etienne-au-Mont;062;62746;Pas-de-Calais;Lille;50.679675256520326,1.6278798194573196
2023-2024;9;HAUTS-DE-FRANCE;9;LILLE;62;PAS-DE-CALAIS;62249;COURCELLES LES LENS;0621277B;public;83.1;120.3;102.9;105.5;118.2;93.2;98.2;114.7;91.2;94.5;51161.0;Ecole élémentaire Roger Salengro;Courcelles-lès-Lens;062;62249;Pas-de-Calais;Lille;50.41969837761045,3.01389053819515
2023-2024;9;HAUTS-DE-FRANCE;9;LILLE;62;PAS-DE-CALAIS;62498;LENS;0621351G;public;90.2;120.3;102.9;105.5;118.2;93.2;98.2;114.7;91.2;94.5;51175.0;Ecole élémentaire Sadi Carnot;Lens;062;62498;Pas-de-Calais;Lille;50.43201787842815,2.83052932826692
2023-2024;9;HAUTS-DE-FRANCE;9;LILLE;62;PAS-DE-CALAIS;62352;FRAMECOURT;0622037C;public;90.0;120.3;102.9;105.5;118.2;93.2;98.2;114.7;91.2;94.5;51340.0;Ecole élémentaire RPI 48;Framecourt;062;62352;Pas-de-Calais;Lille;50.33056391435238,2.3047295450599425
2023-2024;9;HAUTS-DE-FRANCE;9;LILLE;62;PAS-DE-CALAIS;62767;SAINT POL SUR TERNOISE;0622061D;public;88.3;120.3;102.9;105.5;118.2;93.2;98.2;114.7;91.2;94.5;51348.0;Ecole élémentaire Jean de La Fontaine - Prévert;Saint-Pol-sur-Ternoise;062;62767;Pas-de-Calais;Lille;50.38264746378304,2.332769548529036
2023-2024;9;HAUTS-DE-FRANCE;9;LILLE;62;PAS-DE-CALAIS;62338;FLEURBAIX;0622295H;public;124.2;120.3;102.9;105.5;118.2;93.2;98.2;114.7;91.2;94.5;51353.0;Ecole primaire Franche Terre;Fleurbaix;062;62338;Pas-de-Calais;Lille;50.64894801036038,2.834040094609244
2023-2024;9;HAUTS-DE-FRANCE;9;LILLE;62;PAS-DE-CALAIS;62528;LOOS EN GOHELLE;0622480J;public;91.3;120.3;102.9;105.5;118.2;93.2;98.2;114.7;91.2;94.5;51377.0;Ecole élémentaire Emile Basly;Loos-en-Gohelle;062;62528;Pas-de-Calais;Lille;50.45507993165927,2.7921900470617933
2023-2024;9;HAUTS-DE-FRANCE;9;LILLE;62;PAS-DE-CALAIS;62119;BETHUNE;0622614E;privé sous contrat;102.8;120.3;102.9;105.5;118.2;93.2;98.2;114.7;91.2;94.5;51399.0;Ecole primaire privée Saint Christophe;Béthune;062;62119;Pas-de-Calais;Lille;50.51388330051966,2.6405299272227407
2023-2024;9;HAUTS-DE-FRANCE;9;LILLE;62;PAS-DE-CALAIS;62595;MOULLE;0622648S;privé sous contrat;119.6;120.3;102.9;105.5;118.2;93.2;98.2;114.7;91.2;94.5;51413.0;Ecole primaire privée Notre-Dame;Moulle;062;62595;Pas-de-Calais;Lille;50.78988384248985,2.176450196409649
2023-2024;9;HAUTS-DE-FRANCE;9;LILLE;62;PAS-DE-CALAIS;62331;FEUCHY;0622652W;privé sous contrat;121.5;120.3;102.9;105.5;118.2;93.2;98.2;114.7;91.2;94.5;51415.0;Ecole primaire privée Notre-Dame du Bon Conseil;Feuchy;062;62331;Pas-de-Calais;Lille;50.29339927593775,2.8412700638745965
2023-2024;9;HAUTS-DE-FRANCE;9;LILLE;62;PAS-DE-CALAIS;62193;CALAIS;0622733J;privé sous contrat;117.6;120.3;102.9;105.5;118.2;93.2;98.2;114.7;91.2;94.5;51460.0;Ecole primaire privée Notre-Dame;Calais;062;62193;Pas-de-Calais;Lille;50.959565602723494,1.8527399962812523
2023-2024;9;HAUTS-DE-FRANCE;9;LILLE;62;PAS-DE-CALAIS;62193;CALAIS;0622734K;privé sous contrat;90.6;120.3;102.9;105.5;118.2;93.2;98.2;114.7;91.2;94.5;51461.0;Ecole primaire privée Sacré-Coeur;Calais;062;62193;Pas-de-Calais;Lille;50.947483375449515,1.846370495144166
2023-2024;9;HAUTS-DE-FRANCE;9;LILLE;62;PAS-DE-CALAIS;62684;RACQUINGHEM;0622759M;public;92.1;120.3;102.9;105.5;118.2;93.2;98.2;114.7;91.2;94.5;51474.0;Ecole primaire;Racquinghem;062;62684;Pas-de-Calais;Lille;50.69112095332537,2.349990529619821
2023-2024;9;HAUTS-DE-FRANCE;9;LILLE;62;PAS-DE-CALAIS;62035;ANNEZIN;0622815Y;public;93.4;120.3;102.9;105.5;118.2;93.2;98.2;114.7;91.2;94.5;51479.0;Ecole élémentaire Liberté;Annezin;062;62035;Pas-de-Calais;Lille;50.54014808957847,2.624170481354252
2023-2024;9;HAUTS-DE-FRANCE;9;LILLE;62;PAS-DE-CALAIS;62048;AUCHEL;0623415A;public;85.4;120.3;102.9;105.5;118.2;93.2;98.2;114.7;91.2;94.5;51596.0;Ecole primaire Anatole France;Auchel;062;62048;Pas-de-Calais;Lille;50.51580309143192,2.453699984504446
2023-2024;9;HAUTS-DE-FRANCE;9;LILLE;62;PAS-DE-CALAIS;62899;WISSANT;0623462B;public;102.9;120.3;102.9;105.5;118.2;93.2;98.2;114.7;91.2;94.5;51630.0;Ecole primaire mixte;Wissant;062;62899;Pas-de-Calais;Lille;50.88553261258986,1.6641893348441132
2023-2024;9;HAUTS-DE-FRANCE;9;LILLE;62;PAS-DE-CALAIS;62757;SAINT MARTIN LEZ TATINGHEM;0623781Y;public;98.8;120.3;102.9;105.5;118.2;93.2;98.2;114.7;91.2;94.5;51696.0;Ecole primaire Long Jardin;Saint-Martin-lez-Tatinghem;062;62757;Pas-de-Calais;Lille;50.757277655965545,2.2355894331937765
2023-2024;9;HAUTS-DE-FRANCE;9;LILLE;62;PAS-DE-CALAIS;62028;AMES;0623824V;public;89.1;120.3;102.9;105.5;118.2;93.2;98.2;114.7;91.2;94.5;51706.0;Ecole élémentaire du Vieux Moulin RPI 106;Ames;062;62028;Pas-de-Calais;Lille;50.54039402996847,2.4126406781896397
2023-2024;9;HAUTS-DE-FRANCE;9;LILLE;62;PAS-DE-CALAIS;62217;CAUCHY A LA TOUR;0623858G;public;85.5;120.3;102.9;105.5;118.2;93.2;98.2;114.7;91.2;94.5;51717.0;Ecole primaire Léopold Parent;Cauchy-à-la-Tour;062;62217;Pas-de-Calais;Lille;50.50523486341623,2.4509095721824576
2023-2024;9;HAUTS-DE-FRANCE;9;LILLE;62;PAS-DE-CALAIS;62263;DAINVILLE;0623893V;public;114.8;120.3;102.9;105.5;118.2;93.2;98.2;114.7;91.2;94.5;51731.0;Ecole élémentaire Daudet-Fort;Dainville;062;62263;Pas-de-Calais;Lille;50.28235435919177,2.722449614822929
2023-2024;9;HAUTS-DE-FRANCE;9;LILLE;62;PAS-DE-CALAIS;62004;ACHICOURT;0624001M;public;88.9;120.3;102.9;105.5;118.2;93.2;98.2;114.7;91.2;94.5;51753.0;Ecole primaire Macé-Prévert;Achicourt;062;62004;Pas-de-Calais;Lille;50.27209368448742,2.773550604036622
2023-2024;9;HAUTS-DE-FRANCE;9;LILLE;62;PAS-DE-CALAIS;62019;AIX NOULETTE;0624228J;public;100.2;120.3;102.9;105.5;118.2;93.2;98.2;114.7;91.2;94.5;51801.0;Ecole élémentaire Prévert-Mendès France;Aix-Noulette;062;62019;Pas-de-Calais;Lille;50.42673235242986,2.710629466564788
2023-2024;9;HAUTS-DE-FRANCE;9;LILLE;62;PAS-DE-CALAIS;62579;MONCHY AU BOIS;0620718U;public;;120.3;102.9;105.5;118.2;93.2;98.2;114.7;91.2;94.5;51018.0;Ecole primaire RPI 99;Monchy-au-Bois;062;62579;Pas-de-Calais;Lille;50.179529456053444,2.658339472994449
2023-2024;9;HAUTS-DE-FRANCE;9;LILLE;62;PAS-DE-CALAIS;62286;ECQUEDECQUES;0620832T;public;94.1;120.3;102.9;105.5;118.2;93.2;98.2;114.7;91.2;94.5;51042.0;Ecole élémentaire RPI 85;Ecquedecques;062;62286;Pas-de-Calais;Lille;50.560508632832004,2.4466398615175815
2023-2024;9;HAUTS-DE-FRANCE;9;LILLE;62;PAS-DE-CALAIS;62889;WIERRE EFFROY;0620863B;public;107.0;120.3;102.9;105.5;118.2;93.2;98.2;114.7;91.2;94.5;51044.0;Ecole primaire La Scierie;Wierre-Effroy;062;62889;Pas-de-Calais;Lille;50.77732217388671,1.7377994251952054
2023-2024;9;HAUTS-DE-FRANCE;9;LILLE;62;PAS-DE-CALAIS;62120;BEUGIN;0620932B;public;;120.3;102.9;105.5;118.2;93.2;98.2;114.7;91.2;94.5;51066.0;Ecole élémentaire RPI 155;Beugin;062;62120;Pas-de-Calais;Lille;50.44127659163288,2.5161995118162457
2023-2024;9;HAUTS-DE-FRANCE;9;LILLE;62;PAS-DE-CALAIS;62747;SAINT FLORIS;0621014R;public;119.0;120.3;102.9;105.5;118.2;93.2;98.2;114.7;91.2;94.5;51083.0;Ecole primaire Jean de La Fontaine;Saint-Floris;062;62747;Pas-de-Calais;Lille;50.62748784597068,2.5705503087902972
2023-2024;9;HAUTS-DE-FRANCE;9;LILLE;62;PAS-DE-CALAIS;62156;BONNINGUES LES CALAIS;0621063U;public;123.4;120.3;102.9;105.5;118.2;93.2;98.2;114.7;91.2;94.5;51098.0;Ecole primaire;Bonningues-lès-Calais;062;62156;Pas-de-Calais;Lille;50.89080844107639,1.773670484547671
2023-2024;9;HAUTS-DE-FRANCE;9;LILLE;62;PAS-DE-CALAIS;62624;NOYELLES GODAULT;0621311N;public;96.8;120.3;102.9;105.5;118.2;93.2;98.2;114.7;91.2;94.5;51170.0;Ecole élémentaire Jules Ferry;Noyelles-Godault;062;62624;Pas-de-Calais;Lille;50.420574382933346,2.997029626997962
2023-2024;9;HAUTS-DE-FRANCE;9;LILLE;62;PAS-DE-CALAIS;62498;LENS;0621350F;public;99.8;120.3;102.9;105.5;118.2;93.2;98.2;114.7;91.2;94.5;51174.0;Ecole élémentaire Jeanne d'Arc;Lens;062;62498;Pas-de-Calais;Lille;50.430264734435646,2.829909829507484
2023-2024;9;HAUTS-DE-FRANCE;9;LILLE;62;PAS-DE-CALAIS;62277;DROCOURT;0621417D;public;97.8;120.3;102.9;105.5;118.2;93.2;98.2;114.7;91.2;94.5;51192.0;Ecole élémentaire Joliot-Curie;Drocourt;062;62277;Pas-de-Calais;Lille;50.38825700153652,2.9235906347202447
2023-2024;9;HAUTS-DE-FRANCE;9;LILLE;62;PAS-DE-CALAIS;62680;QUIERY LA MOTTE;0621438B;public;106.4;120.3;102.9;105.5;118.2;93.2;98.2;114.7;91.2;94.5;51199.0;Ecole primaire;Quiéry-la-Motte;062;62680;Pas-de-Calais;Lille;50.36583217905313,2.978699375143529
2023-2024;9;HAUTS-DE-FRANCE;9;LILLE;62;PAS-DE-CALAIS;62330;FESTUBERT;0621473P;public;110.1;120.3;102.9;105.5;118.2;93.2;98.2;114.7;91.2;94.5;51207.0;Ecole primaire Clémence Quinio;Festubert;062;62330;Pas-de-Calais;Lille;50.54441896476963,2.737129502985003
2023-2024;9;HAUTS-DE-FRANCE;9;LILLE;62;PAS-DE-CALAIS;62895;WINGLES;0621538K;public;82.2;120.3;102.9;105.5;118.2;93.2;98.2;114.7;91.2;94.5;51216.0;Ecole élémentaire Jules Ferry;Wingles;062;62895;Pas-de-Calais;Lille;50.49587244441097,2.8532293218154736
2023-2024;9;HAUTS-DE-FRANCE;9;LILLE;62;PAS-DE-CALAIS;62510;LIEVIN;0621552A;public;92.5;120.3;102.9;105.5;118.2;93.2;98.2;114.7;91.2;94.5;51217.0;Ecole élémentaire d'application Paul Bert-Emile Littré;Liévin;062;62510;Pas-de-Calais;Lille;50.41625146566794,2.7787806769469583
2023-2024;9;HAUTS-DE-FRANCE;9;LILLE;62;PAS-DE-CALAIS;62510;LIEVIN;0621559H;public;84.0;120.3;102.9;105.5;118.2;93.2;98.2;114.7;91.2;94.5;51218.0;Ecole primaire publique Adrienne Berteloot;Liévin;062;62510;Pas-de-Calais;Lille;50.41749162905646,2.7606997063515597
2023-2024;9;HAUTS-DE-FRANCE;9;LILLE;62;PAS-DE-CALAIS;62765;SAINT OMER;0621700L;public;75.6;120.3;102.9;105.5;118.2;93.2;98.2;114.7;91.2;94.5;51258.0;Ecole élémentaire Jules Ferry;Saint-Omer;062;62765;Pas-de-Calais;Lille;50.75158075688833,2.2607105877718836
2023-2024;9;HAUTS-DE-FRANCE;9;LILLE;62;PAS-DE-CALAIS;62450;HESTRUS;0621816M;public;100.9;120.3;102.9;105.5;118.2;93.2;98.2;114.7;91.2;94.5;51284.0;Ecole élémentaire RPI 103;Hestrus;062;62450;Pas-de-Calais;Lille;50.44768468070671,2.329680534613677
2023-2024;9;HAUTS-DE-FRANCE;9;LILLE;62;PAS-DE-CALAIS;62190;BUSNES;0622327T;public;99.5;120.3;102.9;105.5;118.2;93.2;98.2;114.7;91.2;94.5;51356.0;Ecole primaire Antoine de Saint-Exupéry;Busnes;062;62190;Pas-de-Calais;Lille;50.586895976182944,2.5182704613307134
2023-2024;9;HAUTS-DE-FRANCE;9;LILLE;62;PAS-DE-CALAIS;62748;SAINT FOLQUIN;0622687J;privé sous contrat;112.1;120.3;102.9;105.5;118.2;93.2;98.2;114.7;91.2;94.5;51436.0;Ecole primaire privée Sacré-Coeur;Saint-Folquin;062;62748;Pas-de-Calais;Lille;50.945716456312375,2.121130293870315
2023-2024;9;HAUTS-DE-FRANCE;9;LILLE;62;PAS-DE-CALAIS;62195;CALONNE SUR LA LYS;0622742U;privé sous contrat;106.9;120.3;102.9;105.5;118.2;93.2;98.2;114.7;91.2;94.5;51467.0;Ecole primaire privée Sacré-Coeur;Calonne-sur-la-Lys;062;62195;Pas-de-Calais;Lille;50.622205682324655,2.618129409491286
2023-2024;9;HAUTS-DE-FRANCE;9;LILLE;62;PAS-DE-CALAIS;62734;SAILLY EN OSTREVENT;0622778H;public;107.4;120.3;102.9;105.5;118.2;93.2;98.2;114.7;91.2;94.5;51477.0;Ecole primaire Jules Jambart;Sailly-en-Ostrevent;062;62734;Pas-de-Calais;Lille;50.28991614081936,2.993480377171138
2023-2024;9;HAUTS-DE-FRANCE;9;LILLE;62;PAS-DE-CALAIS;62194;CALONNE RICOUART;0622956B;public;75.7;120.3;102.9;105.5;118.2;93.2;98.2;114.7;91.2;94.5;51515.0;Ecole primaire Henri Barbusse;Calonne-Ricouart;062;62194;Pas-de-Calais;Lille;50.492984106829645,2.482799633832008
2023-2024;9;HAUTS-DE-FRANCE;9;LILLE;62;PAS-DE-CALAIS;62473;ISBERGUES;0623449M;public;97.9;120.3;102.9;105.5;118.2;93.2;98.2;114.7;91.2;94.5;51623.0;Ecole primaire Louis Pasteur;Isbergues;062;62473;Pas-de-Calais;Lille;50.612298373791454,2.4612703353326855
2023-2024;9;HAUTS-DE-FRANCE;9;LILLE;62;PAS-DE-CALAIS;62510;LIEVIN;0623474P;public;79.5;120.3;102.9;105.5;118.2;93.2;98.2;114.7;91.2;94.5;51632.0;Ecole élémentaire Jean Jaurès;Liévin;062;62510;Pas-de-Calais;Lille;50.426783724884,2.7973304780739525
2023-2024;9;HAUTS-DE-FRANCE;9;LILLE;62;PAS-DE-CALAIS;62506;LICQUES;0623895X;public;93.2;120.3;102.9;105.5;118.2;93.2;98.2;114.7;91.2;94.5;51732.0;Ecole primaire Jacques Prévert;Licques;062;62506;Pas-de-Calais;Lille;50.782341871438234,1.943289493112747
2023-2024;9;HAUTS-DE-FRANCE;9;LILLE;62;PAS-DE-CALAIS;62523;LOISON SOUS LENS;0624118P;public;92.8;120.3;102.9;105.5;118.2;93.2;98.2;114.7;91.2;94.5;51774.0;Ecole élémentaire Françoise Dolto;Loison-sous-Lens;062;62523;Pas-de-Calais;Lille;50.439207232685305,2.8629496388567217
2023-2024;9;HAUTS-DE-FRANCE;9;LILLE;62;PAS-DE-CALAIS;62584;MONT BERNANCHON;0624120S;public;109.8;120.3;102.9;105.5;118.2;93.2;98.2;114.7;91.2;94.5;51775.0;Ecole primaire Les Gorges Bleues;Mont-Bernanchon;062;62584;Pas-de-Calais;Lille;50.584900386691686,2.588429752750726
2023-2024;9;HAUTS-DE-FRANCE;9;LILLE;59;NORD;59424;NEUF MESNIL;0595241B;public;85.1;120.3;102.9;105.5;118.2;93.2;98.2;119.4;94.4;100.2;50056.0;Ecole primaire;Neuf-Mesnil;059;59424;Nord;Lille;50.265924783637516,3.909872062546743
2023-2024;9;HAUTS-DE-FRANCE;9;LILLE;59;NORD;59258;GENECH;0595932C;public;134.9;120.3;102.9;105.5;118.2;93.2;98.2;119.4;94.4;100.2;50104.0;Ecole primaire Le Petit Prince;Genech;059;59258;Nord;Lille;50.531953836248384,3.213809479517565
2023-2024;9;HAUTS-DE-FRANCE;9;LILLE;59;NORD;59512;ROUBAIX;0596117D;privé sous contrat;82.7;120.3;102.9;105.5;118.2;93.2;98.2;119.4;94.4;100.2;50132.0;Ecole primaire privée Saint François d'Assise Sainte Famille;Roubaix;059;59512;Nord;Lille;50.69825437836594,3.1837798008829106
2023-2024;9;HAUTS-DE-FRANCE;9;LILLE;59;NORD;59350;LILLE;0596209D;public;83.3;120.3;102.9;105.5;118.2;93.2;98.2;119.4;94.4;100.2;50139.0;Ecole élémentaire Sévigné-Voltaire;Lille;059;59350;Nord;Lille;50.633824302013046,3.0034796779665958
2023-2024;9;HAUTS-DE-FRANCE;9;LILLE;59;NORD;59262;GODEWAERSVELDE;0596418F;privé sous contrat;115.4;120.3;102.9;105.5;118.2;93.2;98.2;119.4;94.4;100.2;50171.0;Ecole primaire privée Saint Gérard-Sainte Constance;Godewaersvelde;059;59262;Nord;Lille;50.79509059355439,2.644650049440998
2023-2024;9;HAUTS-DE-FRANCE;9;LILLE;59;NORD;59009;VILLENEUVE D ASCQ;0596507C;public;111.8;120.3;102.9;105.5;118.2;93.2;98.2;119.4;94.4;100.2;50203.0;Ecole primaire Pablo Picasso;Villeneuve-d'Ascq;059;59009;Nord;Lille;50.646848880232206,3.136559930851965
2023-2024;9;HAUTS-DE-FRANCE;9;LILLE;59;NORD;59071;BERSEE;0596518P;public;131.8;120.3;102.9;105.5;118.2;93.2;98.2;119.4;94.4;100.2;50207.0;Ecole primaire publique des 2 Tilleuls;Bersée;059;59071;Nord;Lille;50.48087659944865,3.144689976428512
2023-2024;9;HAUTS-DE-FRANCE;9;LILLE;59;NORD;59400;MERVILLE;0596521T;public;79.7;120.3;102.9;105.5;118.2;93.2;98.2;119.4;94.4;100.2;50210.0;Ecole primaire Hugo - Pergaud;Merville;059;59400;Nord;Lille;50.645286401736485,2.6365137654200304
2023-2024;9;HAUTS-DE-FRANCE;9;LILLE;59;NORD;59295;HAZEBROUCK;0596523V;public;88.3;120.3;102.9;105.5;118.2;93.2;98.2;119.4;94.4;100.2;50212.0;Ecole primaire publique Emile Louis Massiet du Biest;Hazebrouck;059;59295;Nord;Lille;50.71196924443162,2.543350253761487
2023-2024;9;HAUTS-DE-FRANCE;9;LILLE;59;NORD;59170;DECHY;0596524W;public;77.5;120.3;102.9;105.5;118.2;93.2;98.2;119.4;94.4;100.2;50213.0;Ecole élémentaire Joliot-Curie;Dechy;059;59170;Nord;Lille;50.35245622001137,3.1254196004231836
2023-2024;9;HAUTS-DE-FRANCE;9;LILLE;59;NORD;59221;FAMARS;0596526Y;public;117.4;120.3;102.9;105.5;118.2;93.2;98.2;119.4;94.4;100.2;50215.0;Ecole primaire Joliot-Curie;Famars;059;59221;Nord;Lille;50.318715194202184,3.517330089295851
2023-2024;9;HAUTS-DE-FRANCE;9;LILLE;59;NORD;59220;FACHES THUMESNIL;0590324G;public;94.9;120.3;102.9;105.5;118.2;93.2;98.2;119.4;94.4;100.2;49004.0;Ecole élémentaire Pasteur-Curie;Faches-Thumesnil;059;59220;Nord;Lille;50.60302648495836,3.0703096025115126
2023-2024;9;HAUTS-DE-FRANCE;9;LILLE;59;NORD;59244;FONTAINE NOTRE DAME;0590331P;public;100.9;120.3;102.9;105.5;118.2;93.2;98.2;119.4;94.4;100.2;49007.0;Ecole primaire du Canton de Chemille;Fontaine-Notre-Dame;059;59244;Nord;Lille;50.16779371149663,3.1608995124821444
2023-2024;9;HAUTS-DE-FRANCE;9;LILLE;59;NORD;59329;LAMBRES LEZ DOUAI;0590392F;public;99.9;120.3;102.9;105.5;118.2;93.2;98.2;119.4;94.4;100.2;49018.0;Ecole élémentaire d'application Galliéni;Lambres-lez-Douai;059;59329;Nord;Lille;50.35125333187912,3.072650438108032
2023-2024;9;HAUTS-DE-FRANCE;9;LILLE;59;NORD;59155;COUDEKERQUE BRANCHE;0590426T;public;92.9;120.3;102.9;105.5;118.2;93.2;98.2;119.4;94.4;100.2;49023.0;Ecole élémentaire Marcel Pagnol;Coudekerque-Branche;059;59155;Nord;Lille;51.019316478313144,2.383140174654449
2023-2024;9;HAUTS-DE-FRANCE;9;LILLE;59;NORD;59033;AULNOYE AYMERIES;0590552E;public;75.9;120.3;102.9;105.5;118.2;93.2;98.2;119.4;94.4;100.2;49041.0;Ecole élémentaire Pierre Semard;Aulnoye-Aymeries;059;59033;Nord;Lille;50.1967748590955,3.8538494754442443
2023-2024;9;HAUTS-DE-FRANCE;9;LILLE;59;NORD;59043;BAILLEUL;0590585R;public;111.7;120.3;102.9;105.5;118.2;93.2;98.2;119.4;94.4;100.2;49048.0;Ecole primaire Les Petits Cailloux;Bailleul;059;59043;Nord;Lille;50.71375687358694,2.725689864312476
2023-2024;9;HAUTS-DE-FRANCE;9;LILLE;59;NORD;59140;CAULLERY;0590823Z;public;84.0;120.3;102.9;105.5;118.2;93.2;98.2;119.4;94.4;100.2;49104.0;Ecole primaire Jean Macé;Caullery;059;59140;Nord;Lille;50.085434283746174,3.37275934001219
2023-2024;9;HAUTS-DE-FRANCE;9;LILLE;59;NORD;59197;ENNEVELIN;0590994K;public;135.6;120.3;102.9;105.5;118.2;93.2;98.2;119.4;94.4;100.2;49143.0;Ecole primaire Daniel Devendeville;Ennevelin;059;59197;Nord;Lille;50.54010861892973,3.1274294850938356
2023-2024;9;HAUTS-DE-FRANCE;9;LILLE;59;NORD;59219;ESTRUN;0591127E;public;115.0;120.3;102.9;105.5;118.2;93.2;98.2;119.4;94.4;100.2;49168.0;Ecole primaire;Estrun;059;59219;Nord;Lille;50.249060315740415,3.2971393422867816
2023-2024;9;HAUTS-DE-FRANCE;9;LILLE;59;NORD;59246;FOREST EN CAMBRESIS;0591207S;public;;120.3;102.9;105.5;118.2;93.2;98.2;119.4;94.4;100.2;49176.0;Ecole primaire;Forest-en-Cambrésis;059;59246;Nord;Lille;50.14081870714729,3.5694203300675613
2023-2024;9;HAUTS-DE-FRANCE;9;LILLE;59;NORD;59270;GRAND FAYT;0591274P;public;86.7;120.3;102.9;105.5;118.2;93.2;98.2;119.4;94.4;100.2;49197.0;Ecole primaire du Kiosque;Grand-Fayt;059;59270;Nord;Lille;50.11186364052881,3.803609364143755
2023-2024;9;HAUTS-DE-FRANCE;9;LILLE;59;NORD;59303;HERLIES;0591411N;public;117.6;120.3;102.9;105.5;118.2;93.2;98.2;119.4;94.4;100.2;49223.0;Ecole primaire Simone Veil;Herlies;059;59303;Nord;Lille;50.58027661868326,2.856319372324083
2023-2024;9;HAUTS-DE-FRANCE;9;LILLE;59;NORD;59323;JENLAIN;0591457N;public;126.2;120.3;102.9;105.5;118.2;93.2;98.2;119.4;94.4;100.2;49229.0;Ecole primaire;Jenlain;059;59323;Nord;Lille;50.31159019375386,3.629610625472276
2023-2024;9;HAUTS-DE-FRANCE;9;LILLE;59;NORD;59343;LESQUIN;0591514A;public;121.2;120.3;102.9;105.5;118.2;93.2;98.2;119.4;94.4;100.2;49238.0;Ecole élémentaire Jean Mermoz;Lesquin;059;59343;Nord;Lille;50.587151596327736,3.1121894707999385
2023-2024;9;HAUTS-DE-FRANCE;9;LILLE;59;NORD;59350;LILLE;0591595N;public;72.0;120.3;102.9;105.5;118.2;93.2;98.2;119.4;94.4;100.2;49251.0;Ecole élémentaire Turgot;Lille;059;59350;Nord;Lille;50.61219386530464,3.0457706494700467
2023-2024;9;HAUTS-DE-FRANCE;9;LILLE;59;NORD;59448;OOST CAPPEL;0592011R;public;94.6;120.3;102.9;105.5;118.2;93.2;98.2;119.4;94.4;100.2;49338.0;Ecole élémentaire Jacques Brel RPI 4;Oost-Cappel;059;59448;Nord;Lille;50.92488526173417,2.5956498112058752
2023-2024;9;HAUTS-DE-FRANCE;9;LILLE;59;NORD;59599;TOURCOING;0592367C;public;77.6;120.3;102.9;105.5;118.2;93.2;98.2;119.4;94.4;100.2;49434.0;Ecole primaire Jean Macé;Tourcoing;059;59599;Nord;Lille;50.714955473423,3.1526300545543573
2023-2024;9;HAUTS-DE-FRANCE;9;LILLE;59;NORD;59619;VILLEREAU;0592462F;public;123.4;120.3;102.9;105.5;118.2;93.2;98.2;119.4;94.4;100.2;49457.0;Ecole primaire Marc et Olga Choquet;Villereau;059;59619;Nord;Lille;50.24655120046513,3.696010000858016
2023-2024;9;HAUTS-DE-FRANCE;9;LILLE;62;PAS-DE-CALAIS;62589;MONT SAINT ELOI;0620686J;public;119.8;120.3;102.9;105.5;118.2;93.2;98.2;114.7;91.2;94.5;51007.0;Ecole élémentaire Centre RPI 68;Mont-Saint-Eloi;062;62589;Pas-de-Calais;Lille;50.35070881386549,2.693359805819022
2023-2024;9;HAUTS-DE-FRANCE;9;LILLE;62;PAS-DE-CALAIS;62268;DESVRES;0620888D;public;76.2;120.3;102.9;105.5;118.2;93.2;98.2;114.7;91.2;94.5;51052.0;Ecole élémentaire Jehan Molinet;Desvres;062;62268;Pas-de-Calais;Lille;50.666516927137174,1.836300698352751
2023-2024;9;HAUTS-DE-FRANCE;9;LILLE;62;PAS-DE-CALAIS;62769;SAINT TRICAT;0621071C;public;103.1;120.3;102.9;105.5;118.2;93.2;98.2;114.7;91.2;94.5;51100.0;Ecole primaire mixte;Saint-Tricat;062;62769;Pas-de-Calais;Lille;50.89341161945353,1.8302793708101575
2023-2024;9;HAUTS-DE-FRANCE;9;LILLE;62;PAS-DE-CALAIS;62054;AUDINGHEN;0621190G;public;109.5;120.3;102.9;105.5;118.2;93.2;98.2;114.7;91.2;94.5;51135.0;Ecole primaire Le Village - Regroupement Pédagogique Intercommunal Concentré (RPC) d'AUDINGHEN;Audinghen;062;62054;Pas-de-Calais;Lille;50.85156616284769,1.6134804778348892
2023-2024;9;HAUTS-DE-FRANCE;9;LILLE;62;PAS-DE-CALAIS;62329;FERQUES;0621195M;public;;120.3;102.9;105.5;118.2;93.2;98.2;114.7;91.2;94.5;51137.0;Ecole élémentaire Jules Ferry;Ferques;062;62329;Pas-de-Calais;Lille;50.83030886434332,1.7610091699057602
2023-2024;9;HAUTS-DE-FRANCE;9;LILLE;62;PAS-DE-CALAIS;62637;OIGNIES;0621381P;public;88.7;120.3;102.9;105.5;118.2;93.2;98.2;114.7;91.2;94.5;51184.0;Ecole élémentaire Pierre Brossolette;Oignies;062;62637;Pas-de-Calais;Lille;50.465575633494545,2.995599529070193
2023-2024;9;HAUTS-DE-FRANCE;9;LILLE;62;PAS-DE-CALAIS;62826;LE TOUQUET PARIS PLAGE;0621639V;public;107.0;120.3;102.9;105.5;118.2;93.2;98.2;114.7;91.2;94.5;51243.0;Ecole primaire Antoine de St Exupéry;Le Touquet-Paris-Plage;062;62826;Pas-de-Calais;Lille;50.52393700058504,1.5869705750434766
2023-2024;9;HAUTS-DE-FRANCE;9;LILLE;62;PAS-DE-CALAIS;62792;SERQUES;0621681R;public;109.9;120.3;102.9;105.5;118.2;93.2;98.2;114.7;91.2;94.5;51253.0;Ecole primaire;Serques;062;62792;Pas-de-Calais;Lille;50.7938370030487,2.2034693028889945
2023-2024;9;HAUTS-DE-FRANCE;9;LILLE;62;PAS-DE-CALAIS;62367;GAUCHIN VERLOINGT;0622038D;public;97.4;120.3;102.9;105.5;118.2;93.2;98.2;114.7;91.2;94.5;51341.0;Ecole primaire Le Val Fleuri;Gauchin-Verloingt;062;62367;Pas-de-Calais;Lille;50.39280432669917,2.3156002284715362
2023-2024;9;HAUTS-DE-FRANCE;9;LILLE;62;PAS-DE-CALAIS;62397;GUINES;0622511T;privé sous contrat;94.4;120.3;102.9;105.5;118.2;93.2;98.2;114.7;91.2;94.5;51378.0;Ecole primaire privée Jean Bosco;Guînes;062;62397;Pas-de-Calais;Lille;50.86972189797298,1.868179359275493
2023-2024;9;HAUTS-DE-FRANCE;9;LILLE;62;PAS-DE-CALAIS;62765;SAINT OMER;0622588B;privé sous contrat;106.2;120.3;102.9;105.5;118.2;93.2;98.2;114.7;91.2;94.5;51388.0;Ecole primaire privée Saint Bertin;Saint-Omer;062;62765;Pas-de-Calais;Lille;50.74878346865982,2.260949880451905
2023-2024;9;HAUTS-DE-FRANCE;9;LILLE;62;PAS-DE-CALAIS;62139;BLENDECQUES;0622616G;privé sous contrat;101.2;120.3;102.9;105.5;118.2;93.2;98.2;114.7;91.2;94.5;51400.0;Ecole primaire privée Sainte-Famille;Blendecques;062;62139;Pas-de-Calais;Lille;50.71606285882954,2.279259959597098
2023-2024;9;HAUTS-DE-FRANCE;9;LILLE;62;PAS-DE-CALAIS;62057;AUDRUICQ;0622717S;privé sous contrat;103.4;120.3;102.9;105.5;118.2;93.2;98.2;114.7;91.2;94.5;51451.0;Ecole primaire privée Sainte-Famille;Audruicq;062;62057;Pas-de-Calais;Lille;50.87793648103747,2.081470306793419
2023-2024;9;HAUTS-DE-FRANCE;9;LILLE;62;PAS-DE-CALAIS;62141;BLESSY;0622920M;public;102.8;120.3;102.9;105.5;118.2;93.2;98.2;114.7;91.2;94.5;51506.0;Ecole primaire;Blessy;062;62141;Pas-de-Calais;Lille;50.61731758803634,2.332309469662196
2023-2024;9;HAUTS-DE-FRANCE;9;LILLE;62;PAS-DE-CALAIS;62744;SAINTE CATHERINE;0622982E;public;121.0;120.3;102.9;105.5;118.2;93.2;98.2;114.7;91.2;94.5;51527.0;Ecole élémentaire Claudie Haigneré;Sainte-Catherine;062;62744;Pas-de-Calais;Lille;50.304397757074476,2.761429748938066
2023-2024;9;HAUTS-DE-FRANCE;9;LILLE;62;PAS-DE-CALAIS;62548;MARCK;0623358N;public;103.8;120.3;102.9;105.5;118.2;93.2;98.2;114.7;91.2;94.5;51580.0;Ecole élémentaire du Moulin;Marck;062;62548;Pas-de-Calais;Lille;50.948590612243784,1.940849917513664
2023-2024;9;HAUTS-DE-FRANCE;9;LILLE;62;PAS-DE-CALAIS;62525;LONGUENESSE;0623402L;public;92.9;120.3;102.9;105.5;118.2;93.2;98.2;114.7;91.2;94.5;51590.0;Ecole primaire Paul Verlaine;Longuenesse;062;62525;Pas-de-Calais;Lille;50.73733518951767,2.268190339896835
2023-2024;9;HAUTS-DE-FRANCE;9;LILLE;62;PAS-DE-CALAIS;62386;GRENAY;0623432U;public;81.2;120.3;102.9;105.5;118.2;93.2;98.2;114.7;91.2;94.5;51609.0;Ecole élémentaire Jean Rostand;Grenay;062;62386;Pas-de-Calais;Lille;50.44931498294338,2.7386404610143433
2023-2024;9;HAUTS-DE-FRANCE;9;LILLE;62;PAS-DE-CALAIS;62563;MAZINGARBE;0623448L;public;82.6;120.3;102.9;105.5;118.2;93.2;98.2;114.7;91.2;94.5;51622.0;Ecole élémentaire Beugnet-Evrard;Mazingarbe;062;62563;Pas-de-Calais;Lille;50.472371606058175,2.720709757428634
2023-2024;9;HAUTS-DE-FRANCE;9;LILLE;62;PAS-DE-CALAIS;62765;SAINT OMER;0623519N;public;99.5;120.3;102.9;105.5;118.2;93.2;98.2;114.7;91.2;94.5;51649.0;Ecole élémentaire Frida Kahlo;Saint-Omer;062;62765;Pas-de-Calais;Lille;50.74784181834281,2.2538199644521844
2023-2024;9;HAUTS-DE-FRANCE;9;LILLE;62;PAS-DE-CALAIS;62812;THIEMBRONNE;0623813H;public;89.3;120.3;102.9;105.5;118.2;93.2;98.2;114.7;91.2;94.5;51704.0;Ecole primaire;Thiembronne;062;62812;Pas-de-Calais;Lille;50.620839019848944,2.057129880828898
2023-2024;9;HAUTS-DE-FRANCE;9;LILLE;62;PAS-DE-CALAIS;62048;AUCHEL;0623814J;public;72.9;120.3;102.9;105.5;118.2;93.2;98.2;114.7;91.2;94.5;51705.0;Ecole élémentaire Alphonse de Lamartine;Auchel;062;62048;Pas-de-Calais;Lille;50.51735908492457,2.4548206270432806
2023-2024;9;HAUTS-DE-FRANCE;9;LILLE;62;PAS-DE-CALAIS;62628;NOYELLES SOUS LENS;0623940W;public;82.6;120.3;102.9;105.5;118.2;93.2;98.2;114.7;91.2;94.5;51741.0;Ecole primaire Jean Moulin;Noyelles-sous-Lens;062;62628;Pas-de-Calais;Lille;50.425688870598435,2.886830484573479
2023-2024;9;HAUTS-DE-FRANCE;9;LILLE;62;PAS-DE-CALAIS;62525;LONGUENESSE;0623978M;public;106.7;120.3;102.9;105.5;118.2;93.2;98.2;114.7;91.2;94.5;51750.0;Ecole primaire du Centre;Longuenesse;062;62525;Pas-de-Calais;Lille;50.73503462185568,2.2351001624885507
2023-2024;9;HAUTS-DE-FRANCE;9;LILLE;62;PAS-DE-CALAIS;62133;BILLY MONTIGNY;0624005S;public;89.9;120.3;102.9;105.5;118.2;93.2;98.2;114.7;91.2;94.5;51755.0;Ecole primaire publique Suzanne Lanoy;Billy-Montigny;062;62133;Pas-de-Calais;Lille;50.41170425454719,2.9013093306611353
2023-2024;9;HAUTS-DE-FRANCE;9;LILLE;62;PAS-DE-CALAIS;62173;BREBIERES;0624007U;public;100.9;120.3;102.9;105.5;118.2;93.2;98.2;114.7;91.2;94.5;51757.0;Ecole élémentaire Curie-Pasteur;Brebières;062;62173;Pas-de-Calais;Lille;50.33810977843892,3.023979516387174
2023-2024;9;HAUTS-DE-FRANCE;9;LILLE;62;PAS-DE-CALAIS;62510;LIEVIN;0624117N;public;74.3;120.3;102.9;105.5;118.2;93.2;98.2;114.7;91.2;94.5;51773.0;Ecole élémentaire Pierre Brossolette;Liévin;062;62510;Pas-de-Calais;Lille;50.43669801908342,2.771688533018196
2023-2024;9;HAUTS-DE-FRANCE;9;LILLE;62;PAS-DE-CALAIS;62570;MERICOURT;0624146V;public;70.6;120.3;102.9;105.5;118.2;93.2;98.2;114.7;91.2;94.5;51782.0;Ecole élémentaire Jean Mermoz;Méricourt;062;62570;Pas-de-Calais;Lille;50.40489074770449,2.883000261742316
2023-2024;9;HAUTS-DE-FRANCE;9;LILLE;62;PAS-DE-CALAIS;62160;BOULOGNE SUR MER;0624227H;public;90.2;120.3;102.9;105.5;118.2;93.2;98.2;114.7;91.2;94.5;51800.0;Ecole élémentaire Fémeland-Dezoteux;Boulogne-sur-Mer;062;62160;Pas-de-Calais;Lille;50.71906433533167,1.6163601594391233
2023-2024;9;HAUTS-DE-FRANCE;9;LILLE;59;NORD;59011;ANNOEULLIN;0595605X;public;108.7;120.3;102.9;105.5;118.2;93.2;98.2;119.4;94.4;100.2;50083.0;Ecole primaire Arthur Rimbaud;Annoeullin;059;59011;Nord;Lille;50.52153206365021,2.937270395956816
2023-2024;9;HAUTS-DE-FRANCE;9;LILLE;59;NORD;59400;MERVILLE;0596005G;public;89.6;120.3;102.9;105.5;118.2;93.2;98.2;119.4;94.4;100.2;50122.0;Ecole primaire Bezegher;Merville;059;59400;Nord;Lille;50.638980937709306,2.6182205764119426
2023-2024;9;HAUTS-DE-FRANCE;9;LILLE;59;NORD;59512;ROUBAIX;0596863P;public;76.9;120.3;102.9;105.5;118.2;93.2;98.2;119.4;94.4;100.2;50262.0;Ecole primaire publique Edmond Rostand;Roubaix;059;59512;Nord;Lille;50.68664573932943,3.174800059818802
2023-2024;9;HAUTS-DE-FRANCE;9;LILLE;59;NORD;59243;FONTAINE AU PIRE;0595022N;public;89.8;120.3;102.9;105.5;118.2;93.2;98.2;119.4;94.4;100.2;50018.0;Ecole primaire André Malraux;Fontaine-au-Pire;059;59243;Nord;Lille;50.13037165828674,3.37527995931829
2023-2024;9;HAUTS-DE-FRANCE;9;LILLE;59;NORD;59260;GHYVELDE;0595247H;public;100.6;120.3;102.9;105.5;118.2;93.2;98.2;119.4;94.4;100.2;50059.0;Ecole primaire Felix Boschat;Ghyvelde;059;59260;Nord;Lille;51.022303175591965,2.548329659456883
2023-2024;9;HAUTS-DE-FRANCE;9;LILLE;59;NORD;59599;TOURCOING;0595802L;public;;120.3;102.9;105.5;118.2;93.2;98.2;119.4;94.4;100.2;50096.0;Ecole élémentaire Jean Racine;Tourcoing;059;59599;Nord;Lille;50.727808476633875,3.1459696245776674
2023-2024;9;HAUTS-DE-FRANCE;9;LILLE;59;NORD;59063;BEAUVOIS EN CAMBRESIS;0595927X;public;77.2;120.3;102.9;105.5;118.2;93.2;98.2;119.4;94.4;100.2;50099.0;Ecole élémentaire Maurice Carême;Beauvois-en-Cambrésis;059;59063;Nord;Lille;50.139434815552505,3.3808496522108764
2023-2024;9;HAUTS-DE-FRANCE;9;LILLE;59;NORD;59183;DUNKERQUE;0596423L;public;86.1;120.3;102.9;105.5;118.2;93.2;98.2;119.4;94.4;100.2;50174.0;Ecole élémentaire Joliot-Curie;Dunkerque;059;59183;Nord;Lille;51.0263556170124,2.3252607117521475
2023-2024;9;HAUTS-DE-FRANCE;9;LILLE;59;NORD;59004;AIX EN PEVELE;0596424M;public;128.5;120.3;102.9;105.5;118.2;93.2;98.2;119.4;94.4;100.2;50175.0;Ecole primaire des Prés Verts;Aix-en-Pévèle;059;59004;Nord;Lille;50.49502296389102,3.2960205899797943
2023-2024;9;HAUTS-DE-FRANCE;9;LILLE;59;NORD;59386;MARQUETTE LEZ LILLE;0596471N;public;125.2;120.3;102.9;105.5;118.2;93.2;98.2;119.4;94.4;100.2;50190.0;Groupe scolaire Jeanne de Flandre;Marquette-lez-Lille;059;59386;Nord;Lille;50.66697733477658,3.0417498343203935
2023-2024;9;HAUTS-DE-FRANCE;9;LILLE;59;NORD;59009;VILLENEUVE D ASCQ;0596506B;public;110.4;120.3;102.9;105.5;118.2;93.2;98.2;119.4;94.4;100.2;50202.0;Ecole primaire Paul Cézanne;Villeneuve-d'Ascq;059;59009;Nord;Lille;50.64397389941584,3.153200387006766
2023-2024;9;HAUTS-DE-FRANCE;9;LILLE;62;PAS-DE-CALAIS;62041;ARRAS;0620460N;public;78.5;120.3;102.9;105.5;118.2;93.2;98.2;114.7;91.2;94.5;50959.0;Ecole élémentaire d'application Anatole France;Arras;062;62041;Pas-de-Calais;Lille;50.290435951949654,2.7807197896753313
2023-2024;9;HAUTS-DE-FRANCE;9;LILLE;62;PAS-DE-CALAIS;62230;COLEMBERT;0620884Z;public;105.1;120.3;102.9;105.5;118.2;93.2;98.2;114.7;91.2;94.5;51049.0;Ecole primaire des Sources;Colembert;062;62230;Pas-de-Calais;Lille;50.74691192056719,1.8403298603053375
2023-2024;9;HAUTS-DE-FRANCE;9;LILLE;62;PAS-DE-CALAIS;62896;WIRWIGNES;0620903V;public;104.6;120.3;102.9;105.5;118.2;93.2;98.2;114.7;91.2;94.5;51062.0;Ecole élémentaire Val de Liane RPI 88;Wirwignes;062;62896;Pas-de-Calais;Lille;50.68463696691766,1.7620098163593858
2023-2024;9;HAUTS-DE-FRANCE;9;LILLE;62;PAS-DE-CALAIS;62657;PIHEN LES GUINES;0621048C;public;111.1;120.3;102.9;105.5;118.2;93.2;98.2;114.7;91.2;94.5;51094.0;Ecole primaire;Pihen-lès-Guînes;062;62657;Pas-de-Calais;Lille;50.87212817232129,1.7878406970700422
2023-2024;9;HAUTS-DE-FRANCE;9;LILLE;62;PAS-DE-CALAIS;62497;LEFOREST;0621302D;public;96.8;120.3;102.9;105.5;118.2;93.2;98.2;114.7;91.2;94.5;51166.0;Ecole élémentaire Voltaire;Leforest;062;62497;Pas-de-Calais;Lille;50.439672760826575,3.0596394031602148
2023-2024;9;HAUTS-DE-FRANCE;9;LILLE;62;PAS-DE-CALAIS;62771;SALLAUMINES;0621322A;public;71.7;120.3;102.9;105.5;118.2;93.2;98.2;114.7;91.2;94.5;51171.0;Ecole primaire Barbusse - Epinette;Sallaumines;062;62771;Pas-de-Calais;Lille;50.424443304413614,2.8471896128898613
2023-2024;9;HAUTS-DE-FRANCE;9;LILLE;62;PAS-DE-CALAIS;62676;QUERNES;0621892V;public;;120.3;102.9;105.5;118.2;93.2;98.2;114.7;91.2;94.5;51307.0;Ecole élémentaire Condorcet RPI 126;Quernes;062;62676;Pas-de-Calais;Lille;50.60498619370172,2.360439576465948
2023-2024;9;HAUTS-DE-FRANCE;9;LILLE;62;PAS-DE-CALAIS;62857;VILLERS CHATEL;0621927H;public;;120.3;102.9;105.5;118.2;93.2;98.2;114.7;91.2;94.5;51320.0;Ecole élémentaire l'Orée du Ternois RPI 58;Villers-Châtel;062;62857;Pas-de-Calais;Lille;50.37658586797444,2.585819372793307
2023-2024;9;HAUTS-DE-FRANCE;9;LILLE;62;PAS-DE-CALAIS;62548;MARCK;0622458K;public;104.0;120.3;102.9;105.5;118.2;93.2;98.2;114.7;91.2;94.5;51372.0;Ecole primaire de l'Aéroport;Marck;062;62548;Pas-de-Calais;Lille;50.94819241601302,1.9547154993261513
2023-2024;9;HAUTS-DE-FRANCE;9;LILLE;62;PAS-DE-CALAIS;62604;NEUFCHATEL HARDELOT;0622671S;privé sous contrat;104.4;120.3;102.9;105.5;118.2;93.2;98.2;114.7;91.2;94.5;51424.0;Ecole primaire privée Sainte Marie;Neufchâtel-Hardelot;062;62604;Pas-de-Calais;Lille;50.61846664860775,1.641109487521073
2023-2024;9;HAUTS-DE-FRANCE;9;LILLE;62;PAS-DE-CALAIS;62609;NEUVILLE SAINT VAAST;0622672T;privé sous contrat;127.2;120.3;102.9;105.5;118.2;93.2;98.2;114.7;91.2;94.5;51425.0;Ecole primaire privée Jeanne d'Arc;Neuville-Saint-Vaast;062;62609;Pas-de-Calais;Lille;50.35425263773738,2.7590206776161743
2023-2024;9;HAUTS-DE-FRANCE;9;LILLE;62;PAS-DE-CALAIS;62160;BOULOGNE SUR MER;0622726B;privé sous contrat;124.6;120.3;102.9;105.5;118.2;93.2;98.2;114.7;91.2;94.5;51454.0;Ecole primaire privée Notre-Dame;Boulogne-sur-Mer;062;62160;Pas-de-Calais;Lille;50.728733048417006,1.6175396731314928
2023-2024;9;HAUTS-DE-FRANCE;9;LILLE;62;PAS-DE-CALAIS;62193;CALAIS;0622740S;privé sous contrat;108.2;120.3;102.9;105.5;118.2;93.2;98.2;114.7;91.2;94.5;51465.0;Ecole primaire privée Sainte Germaine;Calais;062;62193;Pas-de-Calais;Lille;50.932809855929996,1.8572493634839247
2023-2024;9;HAUTS-DE-FRANCE;9;LILLE;62;PAS-DE-CALAIS;62331;FEUCHY;0622861Y;public;92.3;120.3;102.9;105.5;118.2;93.2;98.2;114.7;91.2;94.5;51496.0;Ecole primaire Joël Couvreur;Feuchy;062;62331;Pas-de-Calais;Lille;50.294060295278406,2.844236545035976
2023-2024;9;HAUTS-DE-FRANCE;9;LILLE;62;PAS-DE-CALAIS;62313;ESTREE BLANCHE;0623525V;public;77.8;120.3;102.9;105.5;118.2;93.2;98.2;114.7;91.2;94.5;51655.0;Ecole primaire de la Lacquette;Estrée-Blanche;062;62313;Pas-de-Calais;Lille;50.592499221565554,2.3224000865879906
2023-2024;9;HAUTS-DE-FRANCE;9;LILLE;62;PAS-DE-CALAIS;62841;VENDIN LES BETHUNE;0623670C;public;99.9;120.3;102.9;105.5;118.2;93.2;98.2;114.7;91.2;94.5;51680.0;Ecole primaire Irène Curie;Vendin-lès-Béthune;062;62841;Pas-de-Calais;Lille;50.542206331078496,2.607709358338029
2023-2024;9;HAUTS-DE-FRANCE;9;LILLE;62;PAS-DE-CALAIS;62178;BRUAY LA BUISSIERE;0623806A;public;75.7;120.3;102.9;105.5;118.2;93.2;98.2;114.7;91.2;94.5;51699.0;Ecole primaire Marmottan;Bruay-la-Buissière;062;62178;Pas-de-Calais;Lille;50.473975305892075,2.5497595509376345
2023-2024;9;HAUTS-DE-FRANCE;9;LILLE;62;PAS-DE-CALAIS;62078;BALINGHEM;0623869U;public;97.6;120.3;102.9;105.5;118.2;93.2;98.2;114.7;91.2;94.5;51721.0;Ecole primaire du Camp du Drap d'Or RPI 134;Balinghem;062;62078;Pas-de-Calais;Lille;50.868177455816834,1.948430009579589
2023-2024;9;HAUTS-DE-FRANCE;9;LILLE;62;PAS-DE-CALAIS;62737;SAINS EN GOHELLE;0624015C;public;82.9;120.3;102.9;105.5;118.2;93.2;98.2;114.7;91.2;94.5;51763.0;Ecole élémentaire Jean Macé-Henri Barbusse;Sains-en-Gohelle;062;62737;Pas-de-Calais;Lille;50.439266090255686,2.684629346808273
2023-2024;9;HAUTS-DE-FRANCE;9;LILLE;59;NORD;59122;CAMBRAI;0593524K;public;108.6;120.3;102.9;105.5;118.2;93.2;98.2;119.4;94.4;100.2;49527.0;Ecole élémentaire Gambetta;Cambrai;059;59122;Nord;Lille;50.17271558961575,3.235600292422915
2023-2024;9;HAUTS-DE-FRANCE;9;LILLE;59;NORD;59613;VICQ;0593632C;public;91.5;120.3;102.9;105.5;118.2;93.2;98.2;119.4;94.4;100.2;49575.0;Ecole primaire;Vicq;059;59613;Nord;Lille;50.40948132059219,3.602290060621909
2023-2024;9;HAUTS-DE-FRANCE;9;LILLE;59;NORD;59465;POMMEREUIL;0593638J;public;100.6;120.3;102.9;105.5;118.2;93.2;98.2;119.4;94.4;100.2;49580.0;Ecole primaire;Pommereuil;059;59465;Nord;Lille;50.11244071490297,3.59505940113567
2023-2024;9;HAUTS-DE-FRANCE;9;LILLE;59;NORD;59434;NIVELLE;0593684J;public;115.5;120.3;102.9;105.5;118.2;93.2;98.2;119.4;94.4;100.2;49587.0;Ecole primaire au bord de l'eau;Nivelle;059;59434;Nord;Lille;50.46975293374867,3.4623604303615045
2023-2024;9;HAUTS-DE-FRANCE;9;LILLE;59;NORD;59067;BERGUES;0593774G;privé sous contrat;116.0;120.3;102.9;105.5;118.2;93.2;98.2;119.4;94.4;100.2;49629.0;Ecole primaire privée Saint Pierre;Bergues;059;59067;Nord;Lille;50.96785875024464,2.4367193983203106
2023-2024;9;HAUTS-DE-FRANCE;9;LILLE;59;NORD;59328;LAMBERSART;0593817D;privé sous contrat;131.2;120.3;102.9;105.5;118.2;93.2;98.2;119.4;94.4;100.2;49649.0;Ecole primaire privée Saint Nicolas;Lambersart;059;59328;Nord;Lille;50.650734259400934,3.021640272834785
2023-2024;9;HAUTS-DE-FRANCE;9;LILLE;59;NORD;59339;LEERS;0593826N;privé sous contrat;124.0;120.3;102.9;105.5;118.2;93.2;98.2;119.4;94.4;100.2;49653.0;Ecole primaire privée Jeanne d'Arc;Leers;059;59339;Nord;Lille;50.67977920716763,3.246259869396241
2023-2024;9;HAUTS-DE-FRANCE;9;LILLE;59;NORD;59279;HALLUIN;0594026F;privé sous contrat;102.9;120.3;102.9;105.5;118.2;93.2;98.2;119.4;94.4;100.2;49731.0;Ecole primaire privée Notre-Dame des Fièvres;Halluin;059;59279;Nord;Lille;50.78354297627696,3.112189397596681
2023-2024;9;HAUTS-DE-FRANCE;9;LILLE;59;NORD;59508;RONCQ;0594063W;privé sous contrat;126.2;120.3;102.9;105.5;118.2;93.2;98.2;119.4;94.4;100.2;49753.0;Ecole primaire privée Saint Roch;Roncq;059;59508;Nord;Lille;50.73672863378311,3.116009735671485
2023-2024;9;HAUTS-DE-FRANCE;9;LILLE;59;NORD;59512;ROUBAIX;0594066Z;privé sous contrat;145.6;120.3;102.9;105.5;118.2;93.2;98.2;119.4;94.4;100.2;49754.0;Ecole primaire privée Jeanne d'Arc;Roubaix;059;59512;Nord;Lille;50.67775478537824,3.166870087473931
2023-2024;9;HAUTS-DE-FRANCE;9;LILLE;59;NORD;59512;ROUBAIX;0594107U;public;77.5;120.3;102.9;105.5;118.2;93.2;98.2;119.4;94.4;100.2;49770.0;Ecole primaire Jules Guesde;Roubaix;059;59512;Nord;Lille;50.67415103473405,3.1910999156119657
2023-2024;9;HAUTS-DE-FRANCE;9;LILLE;59;NORD;59569;SIN LE NOBLE;0594211G;public;78.5;120.3;102.9;105.5;118.2;93.2;98.2;119.4;94.4;100.2;49821.0;Ecole élémentaire Molière;Sin-le-Noble;059;59569;Nord;Lille;50.366463210375215,3.1064904500266706
2023-2024;9;HAUTS-DE-FRANCE;9;LILLE;59;NORD;59599;TOURCOING;0594248X;privé sous contrat;109.7;120.3;102.9;105.5;118.2;93.2;98.2;119.4;94.4;100.2;49837.0;Ecole primaire privée Notre-Dame;Tourcoing;059;59599;Nord;Lille;50.7230530869539,3.1567597371839415
2023-2024;9;HAUTS-DE-FRANCE;9;LILLE;59;NORD;59025;AUBERS;0594268U;public;116.4;120.3;102.9;105.5;118.2;93.2;98.2;119.4;94.4;100.2;49843.0;Ecole primaire du Bois Leval;Aubers;059;59025;Nord;Lille;50.59714366833336,2.8311203674458936
2023-2024;9;HAUTS-DE-FRANCE;9;LILLE;59;NORD;59467;PONT SUR SAMBRE;0594716F;public;91.9;120.3;102.9;105.5;118.2;93.2;98.2;119.4;94.4;100.2;49954.0;Ecole élémentaire Robert Louis Stevenson;Pont-sur-Sambre;059;59467;Nord;Lille;50.22174041231204,3.8484196718330943
