Année scolaire;Code région;Code région Insee;Libellé région académique;Code académie;Libellé académie;Code département;Libellé département;Code commune Insee;Libellé commune;UAI;Nom de l'établissement;Secteur;IPS;Ecart type de l'IPS;IPS national privé;IPS national public;IPS national;IPS académique privé;IPS académique public;IPS académique;IPS départemental privé;IPS départemental public;IPS départemental;Latitude et longitude WGS84
2024-2025;09;32;HAUTS-DE-FRANCE;09;LILLE;59;NORD;59008;ANICHE;0590002G;COLLEGE THEODORE MONOD;public;82.2;25.3;125.1;100.9;106.1;119.9;91.7;99.5;120.0;92.8;101.7;50.33181566173207, 3.247760687010971
2024-2025;09;32;HAUTS-DE-FRANCE;09;LILLE;59;NORD;59178;DOUAI;0590068D;COLLEGE JULES FERRY;public;88.2;31.0;125.1;100.9;106.1;119.9;91.7;99.5;120.0;92.8;101.7;50.38175061469219, 3.0610115023258024
2024-2025;09;32;HAUTS-DE-FRANCE;09;LILLE;59;NORD;59239;FLINES LEZ RACHES;0590082U;COLLEGE JEAN MOULIN;public;113.3;34.2;125.1;100.9;106.1;119.9;91.7;99.5;120.0;92.8;101.7;50.42710776071974, 3.184340322301246
2024-2025;09;32;HAUTS-DE-FRANCE;09;LILLE;59;NORD;59269;GOUZEAUCOURT;0590087Z;COLLEGE PHARAMOND SAVARY;public;97.0;30.3;125.1;100.9;106.1;119.9;91.7;99.5;120.0;92.8;101.7;50.05717546786334, 3.1281674339819734
2024-2025;09;32;HAUTS-DE-FRANCE;09;LILLE;59;NORD;59350;LILLE;0590115E;COLLEGE FRANKLIN;public;104.8;44.5;125.1;100.9;106.1;119.9;91.7;99.5;120.0;92.8;101.7;50.62910544167586, 3.070409601593442
2024-2025;09;32;HAUTS-DE-FRANCE;09;LILLE;59;NORD;59512;ROUBAIX;0590183D;COLLEGE MADAME DE SEVIGNE;public;66.0;19.2;125.1;100.9;106.1;119.9;91.7;99.5;120.0;92.8;101.7;50.693177620016684, 3.164919554423088
2024-2025;09;32;HAUTS-DE-FRANCE;09;LILLE;59;NORD;59606;VALENCIENNES;0592715F;COLLEGE CHARLES EISEN;public;113.9;40.4;125.1;100.9;106.1;119.9;91.7;99.5;120.0;92.8;101.7;50.365060906353754, 3.5320595657419096
2024-2025;09;32;HAUTS-DE-FRANCE;09;LILLE;59;NORD;59220;FACHES THUMESNIL;0592830F;COLLEGE JEAN ZAY;public;86.9;30.6;125.1;100.9;106.1;119.9;91.7;99.5;120.0;92.8;101.7;50.60722395909997, 3.063599555138808
2024-2025;09;32;HAUTS-DE-FRANCE;09;LILLE;59;NORD;59457;PERENCHIES;0592901H;COLLEGE PRIVE SAINTE MARIE;privé sous contrat;122.4;31.1;125.1;100.9;106.1;119.9;91.7;99.5;120.0;92.8;101.7;50.66847009944456, 2.9771094874562762
2024-2025;09;32;HAUTS-DE-FRANCE;09;LILLE;59;NORD;59053;BAVAY;0592924H;COLLEGE PRIVE NOTRE DAME DE L ASSOMPTION;privé sous contrat;117.7;31.9;125.1;100.9;106.1;119.9;91.7;99.5;120.0;92.8;101.7;50.29775936616095, 3.7931281724438533
2024-2025;09;32;HAUTS-DE-FRANCE;09;LILLE;59;NORD;59043;BAILLEUL;0592930P;COLLEGE PRIVE IMMACULEE CONCEPTION;privé sous contrat;119.8;30.9;125.1;100.9;106.1;119.9;91.7;99.5;120.0;92.8;101.7;50.739086043548625, 2.7297706785714615
2024-2025;09;32;HAUTS-DE-FRANCE;09;LILLE;59;NORD;59168;CYSOING;0592960X;COLLEGE PRIVE NOTRE DAME;privé sous contrat;135.5;26.5;125.1;100.9;106.1;119.9;91.7;99.5;120.0;92.8;101.7;50.569808666277225, 3.215230309475054
2024-2025;09;32;HAUTS-DE-FRANCE;09;LILLE;59;NORD;59350;LILLE;0593131H;COLLEGE PRIVE SAINT JOSEPH;privé sous contrat;104.3;33.3;125.1;100.9;106.1;119.9;91.7;99.5;120.0;92.8;101.7;50.62928989778109, 3.107342498302463
2024-2025;09;32;HAUTS-DE-FRANCE;09;LILLE;59;NORD;59559;SEBOURG;0593144X;COLLEGE PRIVE SAINTE ANNE;privé sous contrat;119.9;33.7;125.1;100.9;106.1;119.9;91.7;99.5;120.0;92.8;101.7;50.3441221086375, 3.643660302490088
2024-2025;09;32;HAUTS-DE-FRANCE;09;LILLE;59;NORD;59580;STEENVOORDE;0593147A;COLLEGE PRIVE NOTRE DAME DE LOURDES;privé sous contrat;113.4;31.2;125.1;100.9;106.1;119.9;91.7;99.5;120.0;92.8;101.7;50.811472454642704, 2.5804995793663936
2024-2025;09;32;HAUTS-DE-FRANCE;09;LILLE;59;NORD;59647;WATTEN;0593159N;COLLEGE PRIVE SACRE COEUR;privé sous contrat;106.8;28.7;125.1;100.9;106.1;119.9;91.7;99.5;120.0;92.8;101.7;50.83391331367516, 2.2106302829503464
2024-2025;09;32;HAUTS-DE-FRANCE;09;LILLE;59;NORD;59410;MONS EN BAROEUL;0593178J;COLLEGE FRANCOIS RABELAIS;public;71.4;27.1;125.1;100.9;106.1;119.9;91.7;99.5;120.0;92.8;101.7;50.641505858918435, 3.1151264135860846
2024-2025;09;32;HAUTS-DE-FRANCE;09;LILLE;59;NORD;59009;VILLENEUVE D ASCQ;0593198F;COLLEGE PRIVE COMMUNAUTAIRE;privé sous contrat;112.3;33.5;125.1;100.9;106.1;119.9;91.7;99.5;120.0;92.8;101.7;50.65687147188959, 3.135390066643664
2024-2025;09;32;HAUTS-DE-FRANCE;09;LILLE;59;NORD;59360;LOOS;0593233U;COLLEGE PROFESSEUR ALBERT DEBEYRE;public;93.3;33.5;125.1;100.9;106.1;119.9;91.7;99.5;120.0;92.8;101.7;50.61198061344932, 3.0212300656807765
2024-2025;09;32;HAUTS-DE-FRANCE;09;LILLE;59;NORD;59507;RONCHIN;0593237Y;COLLEGE GERNEZ RIEUX;public;95.6;34.5;125.1;100.9;106.1;119.9;91.7;99.5;120.0;92.8;101.7;50.59900639074089, 3.091456659932265
2024-2025;09;32;HAUTS-DE-FRANCE;09;LILLE;59;NORD;59650;WATTRELOS;0593242D;COLLEGE GUSTAVE NADAUD;public;80.4;21.7;125.1;100.9;106.1;119.9;91.7;99.5;120.0;92.8;101.7;50.70884740732559, 3.1978302784174524
2024-2025;09;32;HAUTS-DE-FRANCE;09;LILLE;59;NORD;59152;COMINES;0593244F;COLLEGE PHILIPPE DE COMMYNES;public;82.8;31.0;125.1;100.9;106.1;119.9;91.7;99.5;120.0;92.8;101.7;50.75911346571574, 3.0121371917609854
2024-2025;09;32;HAUTS-DE-FRANCE;09;LILLE;59;NORD;59392;MAUBEUGE;0593254S;COLLEGE JULES VERNE;public;67.6;22.9;125.1;100.9;106.1;119.9;91.7;99.5;120.0;92.8;101.7;50.290125601829985, 3.9636805802247674
2024-2025;09;32;HAUTS-DE-FRANCE;09;LILLE;59;NORD;59220;FACHES THUMESNIL;0593476H;COLLEGE JEAN MERMOZ;public;112.8;37.4;125.1;100.9;106.1;119.9;91.7;99.5;120.0;92.8;101.7;50.59610598148052, 3.0720398652486036
2024-2025;09;32;HAUTS-DE-FRANCE;09;LILLE;59;NORD;59122;CAMBRAI;0593488W;COLLEGE LAMARTINE;public;88.5;32.8;125.1;100.9;106.1;119.9;91.7;99.5;120.0;92.8;101.7;50.158508690819055, 3.263580630801944
2024-2025;09;32;HAUTS-DE-FRANCE;09;LILLE;59;NORD;59155;COUDEKERQUE BRANCHE;0593494C;COLLEGE BORIS VIAN;public;90.3;27.9;125.1;100.9;106.1;119.9;91.7;99.5;120.0;92.8;101.7;51.01693601648694, 2.3900903125484936
2024-2025;09;32;HAUTS-DE-FRANCE;09;LILLE;59;NORD;59183;DUNKERQUE;0593664M;COLLEGE LUCIE AUBRAC;public;76.1;23.5;125.1;100.9;106.1;119.9;91.7;99.5;120.0;92.8;101.7;51.02151982236385, 2.3566876381128563
2024-2025;09;32;HAUTS-DE-FRANCE;09;LILLE;59;NORD;59508;RONCQ;0593668S;COLLEGE PAUL ELUARD;public;100.7;32.1;125.1;100.9;106.1;119.9;91.7;99.5;120.0;92.8;101.7;50.74973221349122, 3.1268566285505814
2024-2025;09;32;HAUTS-DE-FRANCE;09;LILLE;59;NORD;59632;WALLERS;0593678C;COLLEGE JEAN MOULIN;public;89.0;31.3;125.1;100.9;106.1;119.9;91.7;99.5;120.0;92.8;101.7;50.37400098091182, 3.3984184071598618
2024-2025;09;32;HAUTS-DE-FRANCE;09;LILLE;59;NORD;59350;LILLE;0594288R;COLLEGE LOUISE MICHEL;public;69.1;20.7;125.1;100.9;106.1;119.9;91.7;99.5;120.0;92.8;101.7;50.60615198731221, 3.0462601560354328
2024-2025;09;32;HAUTS-DE-FRANCE;09;LILLE;59;NORD;59452;OSTRICOURT;0594290T;COLLEGE HENRI MATISSE;public;83.4;27.2;125.1;100.9;106.1;119.9;91.7;99.5;120.0;92.8;101.7;50.457575681553536, 3.026609554977936
2024-2025;09;32;HAUTS-DE-FRANCE;09;LILLE;59;NORD;59009;VILLENEUVE D ASCQ;0594291U;COLLEGE MOLIERE;public;120.2;39.7;125.1;100.9;106.1;119.9;91.7;99.5;120.0;92.8;101.7;50.65812261218345, 3.146320362761172
2024-2025;09;32;HAUTS-DE-FRANCE;09;LILLE;59;NORD;59512;ROUBAIX;0594389A;COLLEGE ANNE FRANK;public;64.5;17.7;125.1;100.9;106.1;119.9;91.7;99.5;120.0;92.8;101.7;50.6940448027289, 3.1758006508446877
2024-2025;09;32;HAUTS-DE-FRANCE;09;LILLE;59;NORD;59017;ARMENTIERES;0594397J;COLLEGE JEAN ROSTAND;public;80.1;27.3;125.1;100.9;106.1;119.9;91.7;99.5;120.0;92.8;101.7;50.68779925676303, 2.866820491853828
2024-2025;09;32;HAUTS-DE-FRANCE;09;LILLE;59;NORD;59271;GRANDE SYNTHE;0594398K;COLLEGE ANNE FRANK;public;83.7;26.7;125.1;100.9;106.1;119.9;91.7;99.5;120.0;92.8;101.7;51.01181210067035, 2.284900276405925
2024-2025;09;32;HAUTS-DE-FRANCE;09;LILLE;59;NORD;59574;SOMAIN;0594405T;COLLEGE VICTOR HUGO;public;84.9;29.6;125.1;100.9;106.1;119.9;91.7;99.5;120.0;92.8;101.7;50.36153891792843, 3.276190437285765
2024-2025;09;32;HAUTS-DE-FRANCE;09;LILLE;59;NORD;59350;LILLE;0594523W;COLLEGE GUY MOLLET;public;102.7;32.0;125.1;100.9;106.1;119.9;91.7;99.5;120.0;92.8;101.7;50.64140987868975, 2.9903228887018427
2024-2025;09;32;HAUTS-DE-FRANCE;09;LILLE;59;NORD;59457;PERENCHIES;0594628K;COLLEGE JACQUES MONOD;public;112.3;36.2;125.1;100.9;106.1;119.9;91.7;99.5;120.0;92.8;101.7;50.6696987944097, 2.97350955943881
2024-2025;09;32;HAUTS-DE-FRANCE;09;LILLE;59;NORD;59466;PONT A MARCQ;0594866U;COLLEGE FRANCOISE DOLTO;public;129.7;34.2;125.1;100.9;106.1;119.9;91.7;99.5;120.0;92.8;101.7;50.519627270223545, 3.112430368530551
2024-2025;09;32;HAUTS-DE-FRANCE;09;LILLE;59;NORD;59512;ROUBAIX;0595167W;COLLEGE BAUDELAIRE;public;81.7;34.0;125.1;100.9;106.1;119.9;91.7;99.5;120.0;92.8;101.7;50.67987287899336, 3.1686397575894043
2024-2025;09;32;HAUTS-DE-FRANCE;09;LILLE;59;NORD;59650;WATTRELOS;0595169Y;COLLEGE EMILE ZOLA;public;78.2;21.7;125.1;100.9;106.1;119.9;91.7;99.5;120.0;92.8;101.7;50.70685190477116, 3.2315225356010413
2024-2025;09;32;HAUTS-DE-FRANCE;09;LILLE;59;NORD;59178;DOUAI;0595171A;COLLEGE ALBERT CHATELET;public;107.1;41.4;125.1;100.9;106.1;119.9;91.7;99.5;120.0;92.8;101.7;50.37386901137226, 3.0855501786094375
2024-2025;09;32;HAUTS-DE-FRANCE;09;LILLE;59;NORD;59122;CAMBRAI;0595175E;COLLEGE FENELON;public;100.3;35.0;125.1;100.9;106.1;119.9;91.7;99.5;120.0;92.8;101.7;50.17574317799031, 3.2292114647688024
2024-2025;09;32;HAUTS-DE-FRANCE;09;LILLE;59;NORD;59035;AVESNELLES;0595176F;COLLEGE RENAUD BARRAULT;public;88.9;32.1;125.1;100.9;106.1;119.9;91.7;99.5;120.0;92.8;101.7;50.11845078112309, 3.9406493271130003
2024-2025;09;32;HAUTS-DE-FRANCE;09;LILLE;59;NORD;59136;LE CATEAU CAMBRESIS;0595337F;COLLEGE JEAN ROSTAND;public;78.7;24.4;125.1;100.9;106.1;119.9;91.7;99.5;120.0;92.8;101.7;50.099125633511356, 3.5324106161619833
2024-2025;09;32;HAUTS-DE-FRANCE;09;LILLE;59;NORD;59249;FOURMIES;0595390N;COLLEGE PRIVE SAINT PIERRE;privé sous contrat;93.7;32.2;125.1;100.9;106.1;119.9;91.7;99.5;120.0;92.8;101.7;50.009224390857845, 4.050339807198157
2024-2025;09;32;HAUTS-DE-FRANCE;09;LILLE;59;NORD;59392;MAUBEUGE;0595399Y;COLLEGE PRIVE NOTRE DAME DE GRACE;privé sous contrat;106.6;33.7;125.1;100.9;106.1;119.9;91.7;99.5;120.0;92.8;101.7;50.276791021567234, 3.9759099873260664
2024-2025;09;32;HAUTS-DE-FRANCE;09;LILLE;59;NORD;59648;WATTIGNIES;0595597N;COLLEGE VOLTAIRE;public;118.4;33.4;125.1;100.9;106.1;119.9;91.7;99.5;120.0;92.8;101.7;50.58102608017054, 3.0439605651858455
2024-2025;09;32;HAUTS-DE-FRANCE;09;LILLE;59;NORD;59286;HAUBOURDIN;0596059R;COLLEGE JULES FERRY;public;102.8;36.9;125.1;100.9;106.1;119.9;91.7;99.5;120.0;92.8;101.7;50.61329692560199, 2.9917401992710855
2024-2025;09;32;HAUTS-DE-FRANCE;09;LILLE;59;NORD;59350;LILLE;0596833G;COLLEGE NINA SIMONE;public;79.2;35.3;125.1;100.9;106.1;119.9;91.7;99.5;120.0;92.8;101.7;50.624217470059136, 3.0443905646572866
2024-2025;09;32;HAUTS-DE-FRANCE;09;LILLE;59;NORD;59431;NIEPPE;0596988A;COLLEGE JEANNE DE CONSTANTINOPLE;public;106.4;32.2;125.1;100.9;106.1;119.9;91.7;99.5;120.0;92.8;101.7;50.69509445056544, 2.851530298837395
2024-2025;09;32;HAUTS-DE-FRANCE;09;LILLE;62;PAS-DE-CALAIS;62063;AVESNES LE COMTE;0620026S;COLLEGE DU VAL DU GY;public;94.9;29.4;125.1;100.9;106.1;119.9;91.7;99.5;119.3;90.1;95.5;50.27313642826175, 2.5227499843981085
2024-2025;09;32;HAUTS-DE-FRANCE;09;LILLE;62;PAS-DE-CALAIS;62160;BOULOGNE SUR MER;0620051U;COLLEGE ANGELLIER;public;77.0;27.9;125.1;100.9;106.1;119.9;91.7;99.5;119.3;90.1;95.5;50.7211009818125, 1.6093893504615437
2024-2025;09;32;HAUTS-DE-FRANCE;09;LILLE;62;PAS-DE-CALAIS;62160;BOULOGNE SUR MER;0620055Y;COLLEGE PAUL LANGEVIN;public;65.0;17.4;125.1;100.9;106.1;119.9;91.7;99.5;119.3;90.1;95.5;50.733725140619015, 1.6185600819517356
2024-2025;09;32;HAUTS-DE-FRANCE;09;LILLE;62;PAS-DE-CALAIS;62443;HERSIN COUPIGNY;0620097U;COLLEGE ROMAIN ROLLAND;public;92.8;29.3;125.1;100.9;106.1;119.9;91.7;99.5;119.3;90.1;95.5;50.44641614050594, 2.6433404163683143
2024-2025;09;32;HAUTS-DE-FRANCE;09;LILLE;62;PAS-DE-CALAIS;62559;MARQUION;0620130E;COLLEGE DES MARCHES DE L ARTOIS;public;96.2;32.5;125.1;100.9;106.1;119.9;91.7;99.5;119.3;90.1;95.5;50.20925634002819, 3.0846299930795484
2024-2025;09;32;HAUTS-DE-FRANCE;09;LILLE;62;PAS-DE-CALAIS;62652;PERNES;0620156H;COLLEGE DU BELLIMONT;public;98.7;29.9;125.1;100.9;106.1;119.9;91.7;99.5;119.3;90.1;95.5;50.48868559827195, 2.404010648847953
2024-2025;09;32;HAUTS-DE-FRANCE;09;LILLE;62;PAS-DE-CALAIS;62765;SAINT OMER;0620165T;COLLEGE ESPLANADE;public;96.9;33.2;125.1;100.9;106.1;119.9;91.7;99.5;119.3;90.1;95.5;50.75259992362606, 2.2467630129949914
2024-2025;09;32;HAUTS-DE-FRANCE;09;LILLE;62;PAS-DE-CALAIS;62811;THEROUANNE;0620172A;COLLEGE FRANCOIS MITTERRAND;public;101.6;31.1;125.1;100.9;106.1;119.9;91.7;99.5;119.3;90.1;95.5;50.636627436382994, 2.252459789957055
2024-2025;09;32;HAUTS-DE-FRANCE;09;LILLE;62;PAS-DE-CALAIS;62895;WINGLES;0620180J;COLLEGE LEON BLUM;public;83.5;27.2;125.1;100.9;106.1;119.9;91.7;99.5;119.3;90.1;95.5;50.49557185372062, 2.8643399654717037
2024-2025;09;32;HAUTS-DE-FRANCE;09;LILLE;62;PAS-DE-CALAIS;62506;LICQUES;0620194Z;COLLEGE JEAN ROSTAND;public;92.4;29.6;125.1;100.9;106.1;119.9;91.7;99.5;119.3;90.1;95.5;50.783279107412724, 1.9449299723474234
2024-2025;09;32;HAUTS-DE-FRANCE;09;LILLE;62;PAS-DE-CALAIS;62186;BULLY LES MINES;0620197C;COLLEGE ANITA CONTI;public;94.3;29.9;125.1;100.9;106.1;119.9;91.7;99.5;119.3;90.1;95.5;50.43669738917831, 2.724259575121028
2024-2025;09;32;HAUTS-DE-FRANCE;09;LILLE;62;PAS-DE-CALAIS;62510;LIEVIN;0620219B;COLLEGE DANIELLE DARRAS RIAUMONT;public;76.7;23.7;125.1;100.9;106.1;119.9;91.7;99.5;119.3;90.1;95.5;50.4190876704708, 2.785595426768926
2024-2025;09;32;HAUTS-DE-FRANCE;09;LILLE;62;PAS-DE-CALAIS;62041;ARRAS;0622083C;COLLEGE JEHAN BODEL;public;114.7;38.4;125.1;100.9;106.1;119.9;91.7;99.5;119.3;90.1;95.5;50.288241617039034, 2.7694352093198478
2024-2025;09;32;HAUTS-DE-FRANCE;09;LILLE;62;PAS-DE-CALAIS;62510;LIEVIN;0622086F;COLLEGE DESCARTES MONTAIGNE;public;88.8;32.3;125.1;100.9;106.1;119.9;91.7;99.5;119.3;90.1;95.5;50.41352759147422, 2.7674199088405786
2024-2025;09;32;HAUTS-DE-FRANCE;09;LILLE;62;PAS-DE-CALAIS;62126;BEUVRY;0622090K;COLLEGE ALBERT DEBEYRE;public;93.5;33.6;125.1;100.9;106.1;119.9;91.7;99.5;119.3;90.1;95.5;50.51889991403288, 2.6661803974822464
2024-2025;09;32;HAUTS-DE-FRANCE;09;LILLE;62;PAS-DE-CALAIS;62770;SAINT VENANT;0622091L;COLLEGE GEORGES BRASSENS;public;105.7;32.6;125.1;100.9;106.1;119.9;91.7;99.5;119.3;90.1;95.5;50.62044913885898, 2.5366194629407954
2024-2025;09;32;HAUTS-DE-FRANCE;09;LILLE;62;PAS-DE-CALAIS;62014;AIRE SUR LA LYS;0622100W;COLLEGE PRIVE SAINTE MARIE;privé sous contrat;117.2;31.2;125.1;100.9;106.1;119.9;91.7;99.5;119.3;90.1;95.5;50.63987492080987, 2.3986006385933534
2024-2025;09;32;HAUTS-DE-FRANCE;09;LILLE;62;PAS-DE-CALAIS;62080;BAPAUME;0622104A;COLLEGE PRIVE SAINT JEAN BAPTISTE;privé sous contrat;118.7;29.9;125.1;100.9;106.1;119.9;91.7;99.5;119.3;90.1;95.5;50.10201010102586, 2.8487198519214876
2024-2025;09;32;HAUTS-DE-FRANCE;09;LILLE;62;PAS-DE-CALAIS;62193;CALAIS;0622109F;COLLEGE PRIVE JEANNE D ARC;privé sous contrat;109.9;31.7;125.1;100.9;106.1;119.9;91.7;99.5;119.3;90.1;95.5;50.94370747228479, 1.8527994308888607
2024-2025;09;32;HAUTS-DE-FRANCE;09;LILLE;62;PAS-DE-CALAIS;62364;FRUGES;0622112J;COLLEGE PRIVE SAINT BERTULPHE;privé sous contrat;100.5;29.4;125.1;100.9;106.1;119.9;91.7;99.5;119.3;90.1;95.5;50.516021687633, 2.1370106629363272
2024-2025;09;32;HAUTS-DE-FRANCE;09;LILLE;62;PAS-DE-CALAIS;62038;ARDRES;0622123W;COLLEGE PRIVE NOTRE DAME DE GRACE;privé sous contrat;103.8;26.5;125.1;100.9;106.1;119.9;91.7;99.5;119.3;90.1;95.5;50.852534299793454, 1.9780544837060388
2024-2025;09;32;HAUTS-DE-FRANCE;09;LILLE;62;PAS-DE-CALAIS;62108;BERCK;0622128B;COLLEGE PRIVE NOTRE DAME;privé sous contrat;111.2;27.1;125.1;100.9;106.1;119.9;91.7;99.5;119.3;90.1;95.5;50.40462040664378, 1.5618196929804524
2024-2025;09;32;HAUTS-DE-FRANCE;09;LILLE;62;PAS-DE-CALAIS;62570;MERICOURT;0622262X;COLLEGE HENRI WALLON;public;83.9;30.1;125.1;100.9;106.1;119.9;91.7;99.5;119.3;90.1;95.5;50.41020311287875, 2.877100390185131
2024-2025;09;32;HAUTS-DE-FRANCE;09;LILLE;62;PAS-DE-CALAIS;62083;BARLIN;0622268D;COLLEGE JEAN MOULIN;public;83.9;30.0;125.1;100.9;106.1;119.9;91.7;99.5;119.3;90.1;95.5;50.4579458797513, 2.622779628122749
2024-2025;09;32;HAUTS-DE-FRANCE;09;LILLE;62;PAS-DE-CALAIS;62498;LENS;0622418S;COLLEGE JEAN ZAY;public;75.2;24.1;125.1;100.9;106.1;119.9;91.7;99.5;119.3;90.1;95.5;50.44273593059116, 2.823900494132792
2024-2025;09;32;HAUTS-DE-FRANCE;09;LILLE;62;PAS-DE-CALAIS;62193;CALAIS;0622432G;COLLEGE JEAN MACE;public;99.3;34.6;125.1;100.9;106.1;119.9;91.7;99.5;119.3;90.1;95.5;50.9570611204092, 1.8535390393491435
2024-2025;09;32;HAUTS-DE-FRANCE;09;LILLE;62;PAS-DE-CALAIS;62758;SAINT MARTIN BOULOGNE;0622434J;COLLEGE ROGER SALENGRO;public;88.4;29.9;125.1;100.9;106.1;119.9;91.7;99.5;119.3;90.1;95.5;50.727617613334296, 1.6306095845429613
2024-2025;09;32;HAUTS-DE-FRANCE;09;LILLE;62;PAS-DE-CALAIS;62534;LUMBRES;0622574L;COLLEGE ALBERT CAMUS;public;92.3;27.8;125.1;100.9;106.1;119.9;91.7;99.5;119.3;90.1;95.5;50.70561462940704, 2.1146998548882547
2024-2025;09;32;HAUTS-DE-FRANCE;09;LILLE;62;PAS-DE-CALAIS;62193;CALAIS;0622576N;COLLEGE VAUBAN;public;68.6;17.7;125.1;100.9;106.1;119.9;91.7;99.5;119.3;90.1;95.5;50.94828933426335, 1.8331704068499097
2024-2025;09;32;HAUTS-DE-FRANCE;09;LILLE;62;PAS-DE-CALAIS;62276;DOUVRIN;0622867E;COLLEGE ANTOINE DE SAINT EXUPERY;public;92.9;30.6;125.1;100.9;106.1;119.9;91.7;99.5;119.3;90.1;95.5;50.50840485922295, 2.8409710420355943
2024-2025;09;32;HAUTS-DE-FRANCE;09;LILLE;62;PAS-DE-CALAIS;62548;MARCK;0622873L;COLLEGE BORIS VIAN;public;101.4;32.7;125.1;100.9;106.1;119.9;91.7;99.5;119.3;90.1;95.5;50.94314290988881, 1.9515199637415732
2024-2025;09;32;HAUTS-DE-FRANCE;09;LILLE;62;PAS-DE-CALAIS;62588;MONTREUIL SUR MER;0622951W;COLLEGE DU BRAS D OR;public;100.7;31.3;125.1;100.9;106.1;119.9;91.7;99.5;119.3;90.1;95.5;50.45543110428306, 1.7575896262443562
2024-2025;09;32;HAUTS-DE-FRANCE;09;LILLE;62;PAS-DE-CALAIS;62764;SAINT NICOLAS;0623014P;COLLEGE PAUL VERLAINE;public;99.0;32.9;125.1;100.9;106.1;119.9;91.7;99.5;119.3;90.1;95.5;50.3067041643579, 2.794759744288523
2024-2025;09;32;HAUTS-DE-FRANCE;09;LILLE;62;PAS-DE-CALAIS;62628;NOYELLES SOUS LENS;0623016S;COLLEGE PIERRE BROSSOLETTE;public;87.1;28.0;125.1;100.9;106.1;119.9;91.7;99.5;119.3;90.1;95.5;50.427765150252554, 2.8737593658479215
2024-2025;09;32;HAUTS-DE-FRANCE;09;LILLE;62;PAS-DE-CALAIS;62637;OIGNIES;0623018U;COLLEGE LOUIS PASTEUR;public;84.8;25.8;125.1;100.9;106.1;119.9;91.7;99.5;119.3;90.1;95.5;50.47531115423204, 2.9906698743988436
2024-2025;09;32;HAUTS-DE-FRANCE;09;LILLE;62;PAS-DE-CALAIS;62649;PAS EN ARTOIS;0623112W;COLLEGE MARGUERITE BERGER;public;92.9;27.5;125.1;100.9;106.1;119.9;91.7;99.5;119.3;90.1;95.5;50.15757036869106, 2.4881994306841806
2024-2025;09;32;HAUTS-DE-FRANCE;09;LILLE;62;PAS-DE-CALAIS;62048;AUCHEL;0623313P;COLLEGE LAVOISIER;public;83.3;26.6;125.1;100.9;106.1;119.9;91.7;99.5;119.3;90.1;95.5;50.50690421353284, 2.475710473957055
2024-2025;09;32;HAUTS-DE-FRANCE;09;LILLE;62;PAS-DE-CALAIS;62645;OYE PLAGE;0623759Z;COLLEGE LES ARGOUSIERS;public;97.4;30.2;125.1;100.9;106.1;119.9;91.7;99.5;119.3;90.1;95.5;50.976031340984115, 2.0423998218835915
2024-2025;09;32;HAUTS-DE-FRANCE;09;LILLE;62;PAS-DE-CALAIS;62041;ARRAS;0624343J;COLLEGE PRIVE SAINT VINCENT;privé sous contrat;116.8;29.6;125.1;100.9;106.1;119.9;91.7;99.5;119.3;90.1;95.5;50.29440608237028, 2.766420307606159
2025-2026;09;32;HAUTS-DE-FRANCE;09;LILLE;59;NORD;59459;PETITE FORET;0590007M;COLLEGE PIERRE GILLES DE GENNES;public;93.1;32.0;125.5;100.8;106.2;120.6;91.9;99.8;120.8;93.0;102.0;50.36562803338223, 3.476989834504741
2025-2026;09;32;HAUTS-DE-FRANCE;09;LILLE;59;NORD;59107;BRAY DUNES;0590030M;COLLEGE DU SEPTENTRION;public;101.2;30.3;125.5;100.8;106.2;120.6;91.9;99.8;120.8;93.0;102.0;51.07081620306653, 2.5132403618887618
2025-2026;09;32;HAUTS-DE-FRANCE;09;LILLE;59;NORD;59112;BRUAY SUR L ESCAUT;0590031N;COLLEGE JEAN MACE;public;78.9;24.9;125.5;100.8;106.2;120.6;91.9;99.8;120.8;93.0;102.0;50.399192131331574, 3.545290512818122
2025-2026;09;32;HAUTS-DE-FRANCE;09;LILLE;59;NORD;59139;CAUDRY;0590046E;COLLEGE JEAN MONNET;public;83.9;27.4;125.5;100.8;106.2;120.6;91.9;99.8;120.8;93.0;102.0;50.126760222561636, 3.4039695542541724
2025-2026;09;32;HAUTS-DE-FRANCE;09;LILLE;59;NORD;59279;HALLUIN;0590091D;COLLEGE LILI KELLER ROSENBERG;public;87.9;29.0;125.5;100.8;106.2;120.6;91.9;99.8;120.8;93.0;102.0;50.77419348507758, 3.1283265476621334
2025-2026;09;32;HAUTS-DE-FRANCE;09;LILLE;59;NORD;59350;LILLE;0590131X;COLLEGE JEAN JAURES;public;85.4;31.7;125.5;100.8;106.2;120.6;91.9;99.8;120.8;93.0;102.0;50.64124280357082, 3.011501851353845
2025-2026;09;32;HAUTS-DE-FRANCE;09;LILLE;59;NORD;59447;ONNAING;0590157A;COLLEGE SAINT EXUPERY;public;82.7;26.4;125.5;100.8;106.2;120.6;91.9;99.8;120.8;93.0;102.0;50.38314537455736, 3.582870374959155
2025-2026;09;32;HAUTS-DE-FRANCE;09;LILLE;59;NORD;59449;ORCHIES;0590159C;COLLEGE DU PEVELE;public;115.2;36.4;125.5;100.8;106.2;120.6;91.9;99.8;120.8;93.0;102.0;50.47035688880419, 3.2396793057798456
2025-2026;09;32;HAUTS-DE-FRANCE;09;LILLE;59;NORD;59512;ROUBAIX;0590190L;COLLEGE JEAN BAPTISTE LEBAS;public;68.6;19.4;125.5;100.8;106.2;120.6;91.9;99.8;120.8;93.0;102.0;50.68101814010843, 3.1830697839593847
2025-2026;09;32;HAUTS-DE-FRANCE;09;LILLE;59;NORD;59606;VALENCIENNES;0590224Y;COLLEGE JEAN BAPTISTE CARPEAUX;public;101.3;44.0;125.5;100.8;106.2;120.6;91.9;99.8;120.8;93.0;102.0;50.36055942062598, 3.518971221639622
2025-2026;09;32;HAUTS-DE-FRANCE;09;LILLE;59;NORD;59631;WALINCOURT SELVIGNY;0590228C;COLLEGE FRANCOIS VILLON;public;91.9;31.2;125.5;100.8;106.2;120.6;91.9;99.8;120.8;93.0;102.0;50.07482514571605, 3.341450544534616
2025-2026;09;32;HAUTS-DE-FRANCE;09;LILLE;59;NORD;59599;TOURCOING;0592714E;COLLEGE MENDES FRANCE;public;70.3;25.7;125.5;100.8;106.2;120.6;91.9;99.8;120.8;93.0;102.0;50.736039039559365, 3.1894893121105476
2025-2026;09;32;HAUTS-DE-FRANCE;09;LILLE;59;NORD;59183;DUNKERQUE;0593101A;COLLEGE PRIVE FENELON;privé sous contrat;118.3;34.9;125.5;100.8;106.2;120.6;91.9;99.8;120.8;93.0;102.0;51.04514380147598, 2.3864495714222578
2025-2026;09;32;HAUTS-DE-FRANCE;09;LILLE;59;NORD;59273;GRAVELINES;0593123Z;COLLEGE PRIVE SAINT JOSEPH;privé sous contrat;107.5;32.3;125.5;100.8;106.2;120.6;91.9;99.8;120.8;93.0;102.0;50.98810323447216, 2.1251792928760307
2025-2026;09;32;HAUTS-DE-FRANCE;09;LILLE;59;NORD;59286;HAUBOURDIN;0593127D;COLLEGE PRIVE LA SAGESSE;privé sous contrat;109.3;30.3;125.5;100.8;106.2;120.6;91.9;99.8;120.8;93.0;102.0;50.61190203245722, 2.9760125456062783
2025-2026;09;32;HAUTS-DE-FRANCE;09;LILLE;59;NORD;59309;HONDSCHOOTE;0593130G;COLLEGE PRIVE SAINT JOSEPH;privé sous contrat;95.8;26.7;125.5;100.8;106.2;120.6;91.9;99.8;120.8;93.0;102.0;50.97938773835512, 2.5895157518617125
2025-2026;09;32;HAUTS-DE-FRANCE;09;LILLE;59;NORD;59183;DUNKERQUE;0593143W;COLLEGE PRIVE SACRE COEUR;privé sous contrat;89.6;25.8;125.5;100.8;106.2;120.6;91.9;99.8;120.8;93.0;102.0;51.029085472290284, 2.34529961810546
2025-2026;09;32;HAUTS-DE-FRANCE;09;LILLE;59;NORD;59580;STEENVOORDE;0593147A;COLLEGE PRIVE NOTRE DAME DE LOURDES;privé sous contrat;113.3;29.2;125.5;100.8;106.2;120.6;91.9;99.8;120.8;93.0;102.0;50.811472454642704, 2.5804995793663936
2025-2026;09;32;HAUTS-DE-FRANCE;09;LILLE;59;NORD;59599;TOURCOING;0593150D;COLLEGE PRIVE SAINT GABRIEL;privé sous contrat;82.9;26.6;125.5;100.8;106.2;120.6;91.9;99.8;120.8;93.0;102.0;50.73312731855424, 3.1785703614570733
2025-2026;09;32;HAUTS-DE-FRANCE;09;LILLE;59;NORD;59606;VALENCIENNES;0593154H;COLLEGE PRIVE SAINTE MARIE;privé sous contrat;112.7;34.5;125.5;100.8;106.2;120.6;91.9;99.8;120.8;93.0;102.0;50.36088999631218, 3.5212706887280376
2025-2026;09;32;HAUTS-DE-FRANCE;09;LILLE;59;NORD;59378;MARCQ EN BAROEUL;0593227M;COLLEGE DU LAZARO;public;119.3;39.2;125.5;100.8;106.2;120.6;91.9;99.8;120.8;93.0;102.0;50.67807490650264, 3.0859402558333904
2025-2026;09;32;HAUTS-DE-FRANCE;09;LILLE;59;NORD;59163;CROIX;0593239A;COLLEGE BORIS VIAN;public;96.9;36.5;125.5;100.8;106.2;120.6;91.9;99.8;120.8;93.0;102.0;50.68344141187111, 3.14996066957436
2025-2026;09;32;HAUTS-DE-FRANCE;09;LILLE;59;NORD;59367;LYS LEZ LANNOY;0593240B;COLLEGE GAMBETTA;public;91.8;30.7;125.5;100.8;106.2;120.6;91.9;99.8;120.8;93.0;102.0;50.67870670141196, 3.2154206179818767
2025-2026;09;32;HAUTS-DE-FRANCE;09;LILLE;59;NORD;59152;COMINES;0593244F;COLLEGE PHILIPPE DE COMMYNES;public;85.1;31.9;125.5;100.8;106.2;120.6;91.9;99.8;120.8;93.0;102.0;50.75911346571574, 3.0121371917609854
2025-2026;09;32;HAUTS-DE-FRANCE;09;LILLE;59;NORD;59392;MAUBEUGE;0593254S;COLLEGE JULES VERNE;public;68.9;22.7;125.5;100.8;106.2;120.6;91.9;99.8;120.8;93.0;102.0;50.290125601829985, 3.9636805802247674
2025-2026;09;32;HAUTS-DE-FRANCE;09;LILLE;59;NORD;59386;MARQUETTE LEZ LILLE;0593474F;COLLEGE PROFESSEUR ALBERT DEBEYRE;public;110.2;36.3;125.5;100.8;106.2;120.6;91.9;99.8;120.8;93.0;102.0;50.680405802996674, 3.0678305726762205
2025-2026;09;32;HAUTS-DE-FRANCE;09;LILLE;59;NORD;59220;FACHES THUMESNIL;0593476H;COLLEGE JEAN MERMOZ;public;115.2;37.3;125.5;100.8;106.2;120.6;91.9;99.8;120.8;93.0;102.0;50.59610598148052, 3.0720398652486036
2025-2026;09;32;HAUTS-DE-FRANCE;09;LILLE;59;NORD;59183;DUNKERQUE;0593664M;COLLEGE LUCIE AUBRAC;public;74.5;24.9;125.5;100.8;106.2;120.6;91.9;99.8;120.8;93.0;102.0;51.02151982236385, 2.3566876381128563
2025-2026;09;32;HAUTS-DE-FRANCE;09;LILLE;59;NORD;59037;AVESNES LES AUBERT;0593676A;COLLEGE PAUL LANGEVIN;public;95.0;28.6;125.5;100.8;106.2;120.6;91.9;99.8;120.8;93.0;102.0;50.1954870718211, 3.3913202852027626
2025-2026;09;32;HAUTS-DE-FRANCE;09;LILLE;59;NORD;59632;WALLERS;0593678C;COLLEGE JEAN MOULIN;public;90.3;31.3;125.5;100.8;106.2;120.6;91.9;99.8;120.8;93.0;102.0;50.37400098091182, 3.3984184071598618
2025-2026;09;32;HAUTS-DE-FRANCE;09;LILLE;59;NORD;59230;FERRIERE LA GRANDE;0593681F;COLLEGE LAVOISIER;public;88.4;29.1;125.5;100.8;106.2;120.6;91.9;99.8;120.8;93.0;102.0;50.258989316415864, 4.005229832364161
2025-2026;09;32;HAUTS-DE-FRANCE;09;LILLE;59;NORD;59365;LOUVROIL;0593686L;COLLEGE JACQUES BREL;public;69.7;23.9;125.5;100.8;106.2;120.6;91.9;99.8;120.8;93.0;102.0;50.26333776604779, 3.9650896805773166
2025-2026;09;32;HAUTS-DE-FRANCE;09;LILLE;59;NORD;59178;DOUAI;0594402P;COLLEGE ANDRE CANIVEZ;public;74.4;22.2;125.5;100.8;106.2;120.6;91.9;99.8;120.8;93.0;102.0;50.38556769775681, 3.0743805506245514
2025-2026;09;32;HAUTS-DE-FRANCE;09;LILLE;59;NORD;59526;SAINT AMAND LES EAUX;0594411Z;COLLEGE MOULIN BLANC;public;111.2;34.8;125.5;100.8;106.2;120.6;91.9;99.8;120.8;93.0;102.0;50.44207143219327, 3.40937958634235
2025-2026;09;32;HAUTS-DE-FRANCE;09;LILLE;59;NORD;59616;VIEUX CONDE;0594412A;COLLEGE JEAN JAURES;public;83.6;29.0;125.5;100.8;106.2;120.6;91.9;99.8;120.8;93.0;102.0;50.46468284594241, 3.566440487065162
2025-2026;09;32;HAUTS-DE-FRANCE;09;LILLE;59;NORD;59350;LILLE;0594523W;COLLEGE GUY MOLLET;public;102.2;32.9;125.5;100.8;106.2;120.6;91.9;99.8;120.8;93.0;102.0;50.64140987868975, 2.9903228887018427
2025-2026;09;32;HAUTS-DE-FRANCE;09;LILLE;59;NORD;59009;VILLENEUVE D ASCQ;0594525Y;COLLEGE LE TRIOLO;public;101.3;37.4;125.5;100.8;106.2;120.6;91.9;99.8;120.8;93.0;102.0;50.61612690346182, 3.139180476019098
2025-2026;09;32;HAUTS-DE-FRANCE;09;LILLE;59;NORD;59421;MOUVAUX;0594527A;COLLEGE MAXENCE VAN DER MEERSCH;public;101.1;36.9;125.5;100.8;106.2;120.6;91.9;99.8;120.8;93.0;102.0;50.70491642489152, 3.131188745143633
2025-2026;09;32;HAUTS-DE-FRANCE;09;LILLE;59;NORD;59361;LOURCHES;0594533G;COLLEGE VOLTAIRE;public;75.8;24.9;125.5;100.8;106.2;120.6;91.9;99.8;120.8;93.0;102.0;50.314703750485606, 3.3554093031083663
2025-2026;09;32;HAUTS-DE-FRANCE;09;LILLE;59;NORD;59512;ROUBAIX;0594634S;COLLEGE THEODORE MONOD;public;72.2;24.4;125.5;100.8;106.2;120.6;91.9;99.8;120.8;93.0;102.0;50.67211691461054, 3.1825896596418874
2025-2026;09;32;HAUTS-DE-FRANCE;09;LILLE;59;NORD;59663;WORMHOUT;0594643B;COLLEGE DU HOUTLAND;public;100.0;33.3;125.5;100.8;106.2;120.6;91.9;99.8;120.8;93.0;102.0;50.88394918679232, 2.464759659200426
2025-2026;09;32;HAUTS-DE-FRANCE;09;LILLE;59;NORD;59466;PONT A MARCQ;0594866U;COLLEGE FRANCOISE DOLTO;public;130.3;34.6;125.5;100.8;106.2;120.6;91.9;99.8;120.8;93.0;102.0;50.519627270223545, 3.112430368530551
2025-2026;09;32;HAUTS-DE-FRANCE;09;LILLE;59;NORD;59135;CASSEL;0594872A;COLLEGE ROBERT LE FRISON;public;106.8;33.5;125.5;100.8;106.2;120.6;91.9;99.8;120.8;93.0;102.0;50.800651058912344, 2.4865096325092093
2025-2026;09;32;HAUTS-DE-FRANCE;09;LILLE;59;NORD;59650;WATTRELOS;0595169Y;COLLEGE EMILE ZOLA;public;78.3;22.5;125.5;100.8;106.2;120.6;91.9;99.8;120.8;93.0;102.0;50.70685190477116, 3.2315225356010413
2025-2026;09;32;HAUTS-DE-FRANCE;09;LILLE;59;NORD;59481;LE QUESNOY;0595172B;COLLEGE EUGENE THOMAS;public;114.8;36.2;125.5;100.8;106.2;120.6;91.9;99.8;120.8;93.0;102.0;50.24844416685529, 3.645209621701694
2025-2026;09;32;HAUTS-DE-FRANCE;09;LILLE;59;NORD;59122;CAMBRAI;0595174D;COLLEGE ROBERT BADINTER;public;96.0;33.3;125.5;100.8;106.2;120.6;91.9;99.8;120.8;93.0;102.0;50.17342677818578, 3.2420900946825157
2025-2026;09;32;HAUTS-DE-FRANCE;09;LILLE;59;NORD;59035;AVESNELLES;0595176F;COLLEGE RENAUD BARRAULT;public;90.4;32.1;125.5;100.8;106.2;120.6;91.9;99.8;120.8;93.0;102.0;50.11845078112309, 3.9406493271130003
2025-2026;09;32;HAUTS-DE-FRANCE;09;LILLE;59;NORD;59249;FOURMIES;0595177G;COLLEGE CAMILLE CLAUDEL;public;84.6;27.4;125.5;100.8;106.2;120.6;91.9;99.8;120.8;93.0;102.0;50.01066928717324, 4.042290607143839
2025-2026;09;32;HAUTS-DE-FRANCE;09;LILLE;59;NORD;59512;ROUBAIX;0595302T;COLLEGE PRIVE SAINT EXUPERY;privé sous contrat;90.5;34.1;125.5;100.8;106.2;120.6;91.9;99.8;120.8;93.0;102.0;50.684564996260974, 3.167460562765493
2025-2026;09;32;HAUTS-DE-FRANCE;09;LILLE;59;NORD;59178;DOUAI;0595387K;COLLEGE PRIVE SAINT JEAN;privé sous contrat;127.2;35.1;125.5;100.8;106.2;120.6;91.9;99.8;120.8;93.0;102.0;50.36960965395435, 3.0860735539934394
2025-2026;09;32;HAUTS-DE-FRANCE;09;LILLE;59;NORD;59249;FOURMIES;0595390N;COLLEGE PRIVE SAINT PIERRE;privé sous contrat;94.7;30.9;125.5;100.8;106.2;120.6;91.9;99.8;120.8;93.0;102.0;50.009224390857845, 4.050339807198157
2025-2026;09;32;HAUTS-DE-FRANCE;09;LILLE;59;NORD;59571;SOLESMES;0595401A;COLLEGE PRIVE SAINT MICHEL;privé sous contrat;124.3;32.2;125.5;100.8;106.2;120.6;91.9;99.8;120.8;93.0;102.0;50.183902629394524, 3.503680581319679
2025-2026;09;32;HAUTS-DE-FRANCE;09;LILLE;59;NORD;59648;WATTIGNIES;0595597N;COLLEGE VOLTAIRE;public;117.2;34.4;125.5;100.8;106.2;120.6;91.9;99.8;120.8;93.0;102.0;50.58102608017054, 3.0439605651858455
2025-2026;09;32;HAUTS-DE-FRANCE;09;LILLE;59;NORD;59299;HEM;0595630Z;COLLEGE PRIVE SAINT PAUL;privé sous contrat;107.4;30.7;125.5;100.8;106.2;120.6;91.9;99.8;120.8;93.0;102.0;50.66926504570404, 3.184409315166172
2025-2026;09;32;HAUTS-DE-FRANCE;09;LILLE;59;NORD;59352;LINSELLES;0596172N;COLLEGE HENRI MATISSE;public;95.1;29.7;125.5;100.8;106.2;120.6;91.9;99.8;120.8;93.0;102.0;50.738450204911544, 3.0866603103037034
2025-2026;09;32;HAUTS-DE-FRANCE;09;LILLE;59;NORD;59599;TOURCOING;0596846W;COLLEGE PRIVE SACRE COEUR SAINT THOMAS;privé sous contrat;118.9;33.7;125.5;100.8;106.2;120.6;91.9;99.8;120.8;93.0;102.0;50.722809187536605, 3.148580063298259
2025-2026;09;32;HAUTS-DE-FRANCE;09;LILLE;62;PAS-DE-CALAIS;62117;BERTINCOURT;0620039F;COLLEGE JACQUES YVES COUSTEAU;public;88.6;24.4;125.5;100.8;106.2;120.6;91.9;99.8;120.0;90.2;95.8;50.08837894809274, 2.9812501868009518
2025-2026;09;32;HAUTS-DE-FRANCE;09;LILLE;62;PAS-DE-CALAIS;62160;BOULOGNE SUR MER;0620051U;COLLEGE ANGELLIER;public;76.8;26.8;125.5;100.8;106.2;120.6;91.9;99.8;120.0;90.2;95.8;50.7211009818125, 1.6093893504615437
2025-2026;09;32;HAUTS-DE-FRANCE;09;LILLE;62;PAS-DE-CALAIS;62160;BOULOGNE SUR MER;0620055Y;COLLEGE PAUL LANGEVIN;public;65.1;16.6;125.5;100.8;106.2;120.6;91.9;99.8;120.0;90.2;95.8;50.733725140619015, 1.6185600819517356
2025-2026;09;32;HAUTS-DE-FRANCE;09;LILLE;62;PAS-DE-CALAIS;62325;FAUQUEMBERGUES;0620082C;COLLEGE MONSIGNY;public;91.4;28.5;125.5;100.8;106.2;120.6;91.9;99.8;120.0;90.2;95.8;50.60166097882675, 2.100550431011966
2025-2026;09;32;HAUTS-DE-FRANCE;09;LILLE;62;PAS-DE-CALAIS;62643;OUTREAU;0620154F;COLLEGE ALBERT CAMUS;public;88.9;27.9;125.5;100.8;106.2;120.6;91.9;99.8;120.0;90.2;95.8;50.70255080268576, 1.5914034040436627
2025-2026;09;32;HAUTS-DE-FRANCE;09;LILLE;62;PAS-DE-CALAIS;62178;BRUAY LA BUISSIERE;0620198D;COLLEGE ALBERT CAMUS;public;78.5;26.6;125.5;100.8;106.2;120.6;91.9;99.8;120.0;90.2;95.8;50.47547424442204, 2.558440656583557
2025-2026;09;32;HAUTS-DE-FRANCE;09;LILLE;62;PAS-DE-CALAIS;62041;ARRAS;0622082B;COLLEGE MARIE CURIE;public;103.7;39.0;125.5;100.8;106.2;120.6;91.9;99.8;120.0;90.2;95.8;50.28429765775309, 2.784539757112145
2025-2026;09;32;HAUTS-DE-FRANCE;09;LILLE;62;PAS-DE-CALAIS;62041;ARRAS;0622083C;COLLEGE JEHAN BODEL;public;115.8;37.9;125.5;100.8;106.2;120.6;91.9;99.8;120.0;90.2;95.8;50.288241617039034, 2.7694352093198478
2025-2026;09;32;HAUTS-DE-FRANCE;09;LILLE;62;PAS-DE-CALAIS;62080;BAPAUME;0622104A;COLLEGE PRIVE SAINT JEAN BAPTISTE;privé sous contrat;117.9;30.3;125.5;100.8;106.2;120.6;91.9;99.8;120.0;90.2;95.8;50.10201010102586, 2.8487198519214876
2025-2026;09;32;HAUTS-DE-FRANCE;09;LILLE;62;PAS-DE-CALAIS;62164;BOURLON;0622132F;COLLEGE PRIVE SAINT JOSEPH;privé sous contrat;101.9;28.3;125.5;100.8;106.2;120.6;91.9;99.8;120.0;90.2;95.8;50.17621209808866, 3.1148499800751877
2025-2026;09;32;HAUTS-DE-FRANCE;09;LILLE;62;PAS-DE-CALAIS;62491;LAVENTIE;0622140P;COLLEGE PRIVE SAINTE JEANNE D ARC;privé sous contrat;126.9;28.6;125.5;100.8;106.2;120.6;91.9;99.8;120.0;90.2;95.8;50.6276120072444, 2.772460279758551
2025-2026;09;32;HAUTS-DE-FRANCE;09;LILLE;62;PAS-DE-CALAIS;62570;MERICOURT;0622262X;COLLEGE HENRI WALLON;public;84.8;29.6;125.5;100.8;106.2;120.6;91.9;99.8;120.0;90.2;95.8;50.41020311287875, 2.877100390185131
2025-2026;09;32;HAUTS-DE-FRANCE;09;LILLE;62;PAS-DE-CALAIS;62498;LENS;0622417R;COLLEGE MICHELET;public;81.3;28.4;125.5;100.8;106.2;120.6;91.9;99.8;120.0;90.2;95.8;50.4298593304873, 2.826930432308774
2025-2026;09;32;HAUTS-DE-FRANCE;09;LILLE;62;PAS-DE-CALAIS;62498;LENS;0622418S;COLLEGE JEAN ZAY;public;77.1;25.4;125.5;100.8;106.2;120.6;91.9;99.8;120.0;90.2;95.8;50.44273593059116, 2.823900494132792
2025-2026;09;32;HAUTS-DE-FRANCE;09;LILLE;62;PAS-DE-CALAIS;62119;BETHUNE;0622425Z;COLLEGE PAUL VERLAINE;public;83.9;30.0;125.5;100.8;106.2;120.6;91.9;99.8;120.0;90.2;95.8;50.515728942107174, 2.6302301996805917
2025-2026;09;32;HAUTS-DE-FRANCE;09;LILLE;62;PAS-DE-CALAIS;62491;LAVENTIE;0622427B;COLLEGE DU PAYS DE L ALLOEU;public;113.3;33.4;125.5;100.8;106.2;120.6;91.9;99.8;120.0;90.2;95.8;50.62531607769132, 2.7703600810577025
2025-2026;09;32;HAUTS-DE-FRANCE;09;LILLE;62;PAS-DE-CALAIS;62178;BRUAY LA BUISSIERE;0622428C;COLLEGE EDMOND ROSTAND;public;86.3;29.5;125.5;100.8;106.2;120.6;91.9;99.8;120.0;90.2;95.8;50.487227461465054, 2.5555504164428298
2025-2026;09;32;HAUTS-DE-FRANCE;09;LILLE;62;PAS-DE-CALAIS;62193;CALAIS;0622432G;COLLEGE JEAN MACE;public;99.9;35.4;125.5;100.8;106.2;120.6;91.9;99.8;120.0;90.2;95.8;50.9570611204092, 1.8535390393491435
2025-2026;09;32;HAUTS-DE-FRANCE;09;LILLE;62;PAS-DE-CALAIS;62318;ETAPLES;0622572J;COLLEGE JEAN JAURES;public;82.3;26.4;125.5;100.8;106.2;120.6;91.9;99.8;120.0;90.2;95.8;50.51822811167607, 1.6419865846343977
2025-2026;09;32;HAUTS-DE-FRANCE;09;LILLE;62;PAS-DE-CALAIS;62451;HEUCHIN;0622866D;COLLEGE JACQUES PREVERT;public;91.9;26.5;125.5;100.8;106.2;120.6;91.9;99.8;120.0;90.2;95.8;50.47439192291763, 2.2688603220749526
2025-2026;09;32;HAUTS-DE-FRANCE;09;LILLE;62;PAS-DE-CALAIS;62457;HOUDAIN;0622871J;COLLEGE JACQUES PREVERT;public;87.0;31.8;125.5;100.8;106.2;120.6;91.9;99.8;120.0;90.2;95.8;50.46188878086681, 2.5449694761045163
2025-2026;09;32;HAUTS-DE-FRANCE;09;LILLE;62;PAS-DE-CALAIS;62902;WIZERNES;0622874M;COLLEGE RENE CASSIN;public;84.8;26.9;125.5;100.8;106.2;120.6;91.9;99.8;120.0;90.2;95.8;50.71584944339516, 2.231910192482097
2025-2026;09;32;HAUTS-DE-FRANCE;09;LILLE;62;PAS-DE-CALAIS;62765;SAINT OMER;0622907Y;COLLEGE DE LA MORINIE;public;76.8;24.3;125.5;100.8;106.2;120.6;91.9;99.8;120.0;90.2;95.8;50.74773575087692, 2.26844997765505
2025-2026;09;32;HAUTS-DE-FRANCE;09;LILLE;62;PAS-DE-CALAIS;62588;MONTREUIL SUR MER;0622951W;COLLEGE DU BRAS D OR;public;101.8;30.7;125.5;100.8;106.2;120.6;91.9;99.8;120.0;90.2;95.8;50.45543110428306, 1.7575896262443562
2025-2026;09;32;HAUTS-DE-FRANCE;09;LILLE;62;PAS-DE-CALAIS;62649;PAS EN ARTOIS;0623112W;COLLEGE MARGUERITE BERGER;public;94.1;27.7;125.5;100.8;106.2;120.6;91.9;99.8;120.0;90.2;95.8;50.15757036869106, 2.4881994306841806
2025-2026;09;32;HAUTS-DE-FRANCE;09;LILLE;62;PAS-DE-CALAIS;62178;BRUAY LA BUISSIERE;0623314R;COLLEGE SIMONE SIGNORET;public;75.7;26.1;125.5;100.8;106.2;120.6;91.9;99.8;120.0;90.2;95.8;50.48260659356755, 2.547420203520672
2025-2026;09;32;HAUTS-DE-FRANCE;09;LILLE;62;PAS-DE-CALAIS;62274;DOURGES;0623322Z;COLLEGE ANNE FRANK;public;94.2;32.5;125.5;100.8;106.2;120.6;91.9;99.8;120.0;90.2;95.8;50.42905572095348, 2.9941200896855036
2025-2026;09;32;HAUTS-DE-FRANCE;09;LILLE;62;PAS-DE-CALAIS;62758;SAINT MARTIN BOULOGNE;0623573X;COLLEGE PRIVE NAZARETH;privé sous contrat;130.2;29.9;125.5;100.8;106.2;120.6;91.9;99.8;120.0;90.2;95.8;50.727305261437465, 1.6255605753803088
2025-2026;09;32;HAUTS-DE-FRANCE;09;LILLE;62;PAS-DE-CALAIS;62193;CALAIS;0623918X;COLLEGE MARTIN LUTHER KING;public;73.3;21.7;125.5;100.8;106.2;120.6;91.9;99.8;120.0;90.2;95.8;50.954023876546394, 1.8869197286561832
2025-2026;09;32;HAUTS-DE-FRANCE;09;LILLE;62;PAS-DE-CALAIS;62041;ARRAS;0624343J;COLLEGE PRIVE SAINT VINCENT;privé sous contrat;119.7;29.3;125.5;100.8;106.2;120.6;91.9;99.8;120.0;90.2;95.8;50.29440608237028, 2.766420307606159
2023-2024;09;32;HAUTS-DE-FRANCE;09;LILLE;59;NORD;59014;ANZIN;0590006L;COLLEGE LES ROCHAMBELLES;public;75.9;22.1;124.1;100.9;105.9;119.0;91.2;98.9;119.0;92.2;100.8;50.37346121465078, 3.5010114530765613
2023-2024;09;32;HAUTS-DE-FRANCE;09;LILLE;59;NORD;59170;DECHY;0590058T;COLLEGE PAUL LANGEVIN;public;80.0;24.4;124.1;100.9;105.9;119.0;91.2;98.9;119.0;92.2;100.8;50.34717671609427, 3.1310706351778967
2023-2024;09;32;HAUTS-DE-FRANCE;09;LILLE;59;NORD;59172;DENAIN;0590062X;COLLEGE VILLARS;public;73.8;25.5;124.1;100.9;105.9;119.0;91.2;98.9;119.0;92.2;100.8;50.32378660944312, 3.393452134939878
2023-2024;09;32;HAUTS-DE-FRANCE;09;LILLE;59;NORD;59269;GOUZEAUCOURT;0590087Z;COLLEGE PHARAMOND SAVARY;public;97.1;31.8;124.1;100.9;105.9;119.0;91.2;98.9;119.0;92.2;100.8;50.05717546786334, 3.1281674339819734
2023-2024;09;32;HAUTS-DE-FRANCE;09;LILLE;59;NORD;59279;HALLUIN;0590091D;COLLEGE LILI KELLER ROSENBERG;public;89.4;29.4;124.1;100.9;105.9;119.0;91.2;98.9;119.0;92.2;100.8;50.77419348507758, 3.1283265476621334
2023-2024;09;32;HAUTS-DE-FRANCE;09;LILLE;59;NORD;59324;JEUMONT;0590109Y;COLLEGE EUGENE THOMAS;public;70.6;23.6;124.1;100.9;105.9;119.0;91.2;98.9;119.0;92.2;100.8;50.29370361793669, 4.105252364889303
2023-2024;09;32;HAUTS-DE-FRANCE;09;LILLE;59;NORD;59512;ROUBAIX;0590190L;COLLEGE JEAN BAPTISTE LEBAS;public;64.4;18.6;124.1;100.9;105.9;119.0;91.2;98.9;119.0;92.2;100.8;50.68101814010843, 3.1830697839593847
2023-2024;09;32;HAUTS-DE-FRANCE;09;LILLE;59;NORD;59183;DUNKERQUE;0590200X;COLLEGE ROBESPIERRE;public;83.0;25.4;124.1;100.9;105.9;119.0;91.2;98.9;119.0;92.2;100.8;51.03061093896889, 2.351990212137265
2023-2024;09;32;HAUTS-DE-FRANCE;09;LILLE;59;NORD;59572;SOLRE LE CHATEAU;0590206D;COLLEGE DU SOLREZIS;public;93.0;30.6;124.1;100.9;105.9;119.0;91.2;98.9;119.0;92.2;100.8;50.1724226574321, 4.094559853312446
2023-2024;09;32;HAUTS-DE-FRANCE;09;LILLE;59;NORD;59574;SOMAIN;0590248Z;COLLEGE LOUIS PASTEUR;public;91.0;34.8;124.1;100.9;105.9;119.0;91.2;98.9;119.0;92.2;100.8;50.3498386310885, 3.2842295962456927
2023-2024;09;32;HAUTS-DE-FRANCE;09;LILLE;59;NORD;59183;DUNKERQUE;0592713D;COLLEGE GUILLEMINOT;public;106.7;33.3;124.1;100.9;105.9;119.0;91.2;98.9;119.0;92.2;100.8;51.0395262839392, 2.3832823904878415
2023-2024;09;32;HAUTS-DE-FRANCE;09;LILLE;59;NORD;59512;ROUBAIX;0592886S;COLLEGE PRIVE PASCAL;privé sous contrat;77.5;24.8;124.1;100.9;105.9;119.0;91.2;98.9;119.0;92.2;100.8;50.68954712102181, 3.175910611533584
2023-2024;09;32;HAUTS-DE-FRANCE;09;LILLE;59;NORD;59512;ROUBAIX;0592907P;COLLEGE PRIVE SAINT MICHEL;privé sous contrat;77.9;23.4;124.1;100.9;105.9;119.0;91.2;98.9;119.0;92.2;100.8;50.67861036143357, 3.1914996410208842
2023-2024;09;32;HAUTS-DE-FRANCE;09;LILLE;59;NORD;59051;LA BASSEE;0592950L;COLLEGE PRIVE NOTRE DAME;privé sous contrat;117.5;28.9;124.1;100.9;105.9;119.0;91.2;98.9;119.0;92.2;100.8;50.531791012819646, 2.800499988934632
2023-2024;09;32;HAUTS-DE-FRANCE;09;LILLE;59;NORD;59094;BOURBOURG;0592955S;COLLEGE PRIVE NOTRE DAME;privé sous contrat;113.5;29.3;124.1;100.9;105.9;119.0;91.2;98.9;119.0;92.2;100.8;50.94529542015906, 2.194851615851072
2023-2024;09;32;HAUTS-DE-FRANCE;09;LILLE;59;NORD;59273;GRAVELINES;0593123Z;COLLEGE PRIVE SAINT JOSEPH;privé sous contrat;106.8;29.6;124.1;100.9;105.9;119.0;91.2;98.9;119.0;92.2;100.8;50.98810323447216, 2.1251792928760307
2023-2024;09;32;HAUTS-DE-FRANCE;09;LILLE;59;NORD;59286;HAUBOURDIN;0593127D;COLLEGE PRIVE LA SAGESSE;privé sous contrat;108.3;27.7;124.1;100.9;105.9;119.0;91.2;98.9;119.0;92.2;100.8;50.61190203245722, 2.9760125456062783
2023-2024;09;32;HAUTS-DE-FRANCE;09;LILLE;59;NORD;59309;HONDSCHOOTE;0593130G;COLLEGE PRIVE SAINT JOSEPH;privé sous contrat;93.0;24.5;124.1;100.9;105.9;119.0;91.2;98.9;119.0;92.2;100.8;50.97938773835512, 2.5895157518617125
2023-2024;09;32;HAUTS-DE-FRANCE;09;LILLE;59;NORD;59350;LILLE;0593131H;COLLEGE PRIVE SAINT JOSEPH;privé sous contrat;103.6;32.8;124.1;100.9;105.9;119.0;91.2;98.9;119.0;92.2;100.8;50.62928989778109, 3.107342498302463
2023-2024;09;32;HAUTS-DE-FRANCE;09;LILLE;59;NORD;59183;DUNKERQUE;0593143W;COLLEGE PRIVE SACRE COEUR;privé sous contrat;90.9;27.4;124.1;100.9;105.9;119.0;91.2;98.9;119.0;92.2;100.8;51.029085472290284, 2.34529961810546
2023-2024;09;32;HAUTS-DE-FRANCE;09;LILLE;59;NORD;59559;SEBOURG;0593144X;COLLEGE PRIVE SAINTE ANNE;privé sous contrat;116.8;33.8;124.1;100.9;105.9;119.0;91.2;98.9;119.0;92.2;100.8;50.3441221086375, 3.643660302490088
2023-2024;09;32;HAUTS-DE-FRANCE;09;LILLE;59;NORD;59560;SECLIN;0593145Y;COLLEGE PRIVE IMMACULEE CONCEPTION;privé sous contrat;137.6;29.6;124.1;100.9;105.9;119.0;91.2;98.9;119.0;92.2;100.8;50.55542622598174, 3.032630662297361
2023-2024;09;32;HAUTS-DE-FRANCE;09;LILLE;59;NORD;59580;STEENVOORDE;0593147A;COLLEGE PRIVE NOTRE DAME DE LOURDES;privé sous contrat;113.8;31.9;124.1;100.9;105.9;119.0;91.2;98.9;119.0;92.2;100.8;50.811472454642704, 2.5804995793663936
2023-2024;09;32;HAUTS-DE-FRANCE;09;LILLE;59;NORD;59650;WATTRELOS;0593160P;COLLEGE PRIVE SAINT JOSEPH LA SALLE;privé sous contrat;106.7;32.7;124.1;100.9;105.9;119.0;91.2;98.9;119.0;92.2;100.8;50.70154344552214, 3.218529762632989
2023-2024;09;32;HAUTS-DE-FRANCE;09;LILLE;59;NORD;59663;WORMHOUT;0593163T;COLLEGE PRIVE NOTRE DAME;privé sous contrat;110.7;29.0;124.1;100.9;105.9;119.0;91.2;98.9;119.0;92.2;100.8;50.87990917737845, 2.4634302799363463
2023-2024;09;32;HAUTS-DE-FRANCE;09;LILLE;59;NORD;59350;LILLE;0593177H;COLLEGE JEAN ZAY;public;85.3;30.3;124.1;100.9;105.9;119.0;91.2;98.9;119.0;92.2;100.8;50.64774962781398, 2.9855001431691313
2023-2024;09;32;HAUTS-DE-FRANCE;09;LILLE;59;NORD;59350;LILLE;0593179K;COLLEGE CLAUDE LEVI STRAUSS;public;87.9;36.8;124.1;100.9;105.9;119.0;91.2;98.9;119.0;92.2;100.8;50.63147124244808, 3.036739502459178
2023-2024;09;32;HAUTS-DE-FRANCE;09;LILLE;59;NORD;59155;COUDEKERQUE BRANCHE;0593182N;COLLEGE JULES FERRY;public;97.7;30.0;124.1;100.9;105.9;119.0;91.2;98.9;119.0;92.2;100.8;51.0188532063078, 2.3750902211911415
2023-2024;09;32;HAUTS-DE-FRANCE;09;LILLE;59;NORD;59410;MONS EN BAROEUL;0593218C;COLLEGE PRIVE LACORDAIRE;privé sous contrat;117.0;36.3;124.1;100.9;105.9;119.0;91.2;98.9;119.0;92.2;100.8;50.641612858191934, 3.0958697192505484
2023-2024;09;32;HAUTS-DE-FRANCE;09;LILLE;59;NORD;59011;ANNOEULLIN;0593234V;COLLEGE ALBERT BALL;public;112.1;34.1;124.1;100.9;105.9;119.0;91.2;98.9;119.0;92.2;100.8;50.53340847736127, 2.931829619272259
2023-2024;09;32;HAUTS-DE-FRANCE;09;LILLE;59;NORD;59350;LILLE;0593235W;COLLEGE BORIS VIAN;public;90.9;41.4;124.1;100.9;105.9;119.0;91.2;98.9;119.0;92.2;100.8;50.63132395149781, 3.094625337133136
2023-2024;09;32;HAUTS-DE-FRANCE;09;LILLE;59;NORD;59650;WATTRELOS;0593242D;COLLEGE GUSTAVE NADAUD;public;79.6;20.8;124.1;100.9;105.9;119.0;91.2;98.9;119.0;92.2;100.8;50.70884740732559, 3.1978302784174524
2023-2024;09;32;HAUTS-DE-FRANCE;09;LILLE;59;NORD;59392;MAUBEUGE;0593254S;COLLEGE JULES VERNE;public;67.9;22.8;124.1;100.9;105.9;119.0;91.2;98.9;119.0;92.2;100.8;50.290125601829985, 3.9636805802247674
2023-2024;09;32;HAUTS-DE-FRANCE;09;LILLE;59;NORD;59053;BAVAY;0593490Y;COLLEGE JEAN LEMAIRE DE BELGES;public;105.4;32.6;124.1;100.9;105.9;119.0;91.2;98.9;119.0;92.2;100.8;50.29514389909433, 3.8026802795568
2023-2024;09;32;HAUTS-DE-FRANCE;09;LILLE;59;NORD;59360;LOOS;0593660H;COLLEGE RENE DESCARTES;public;78.7;22.6;124.1;100.9;105.9;119.0;91.2;98.9;119.0;92.2;100.8;50.60889499400215, 3.006710500148804
2023-2024;09;32;HAUTS-DE-FRANCE;09;LILLE;59;NORD;59560;SECLIN;0593662K;COLLEGE JEAN DEMAILLY;public;92.5;34.1;124.1;100.9;105.9;119.0;91.2;98.9;119.0;92.2;100.8;50.54374997635936, 3.0148797683903457
2023-2024;09;32;HAUTS-DE-FRANCE;09;LILLE;59;NORD;59183;DUNKERQUE;0593663L;COLLEGE JEAN DECONINCK;public;72.8;20.3;124.1;100.9;105.9;119.0;91.2;98.9;119.0;92.2;100.8;51.02822808170235, 2.331560244588171
2023-2024;09;32;HAUTS-DE-FRANCE;09;LILLE;59;NORD;59032;AULNOY LEZ VALENCIENNES;0593673X;COLLEGE MADAME D EPINAY;public;89.8;32.7;124.1;100.9;105.9;119.0;91.2;98.9;119.0;92.2;100.8;50.32898461946876, 3.5209795152110686
2023-2024;09;32;HAUTS-DE-FRANCE;09;LILLE;59;NORD;59632;WALLERS;0593678C;COLLEGE JEAN MOULIN;public;88.2;31.4;124.1;100.9;105.9;119.0;91.2;98.9;119.0;92.2;100.8;50.37400098091182, 3.3984184071598618
2023-2024;09;32;HAUTS-DE-FRANCE;09;LILLE;59;NORD;59350;LILLE;0594288R;COLLEGE LOUISE MICHEL;public;69.4;18.5;124.1;100.9;105.9;119.0;91.2;98.9;119.0;92.2;100.8;50.60615198731221, 3.0462601560354328
2023-2024;09;32;HAUTS-DE-FRANCE;09;LILLE;59;NORD;59452;OSTRICOURT;0594290T;COLLEGE HENRI MATISSE;public;83.5;26.4;124.1;100.9;105.9;119.0;91.2;98.9;119.0;92.2;100.8;50.457575681553536, 3.026609554977936
2023-2024;09;32;HAUTS-DE-FRANCE;09;LILLE;59;NORD;59028;AUBY;0594297A;COLLEGE VICTOR HUGO;public;80.3;24.3;124.1;100.9;105.9;119.0;91.2;98.9;119.0;92.2;100.8;50.412707862648475, 3.0535806066000877
2023-2024;09;32;HAUTS-DE-FRANCE;09;LILLE;59;NORD;59484;QUIEVRECHAIN;0594303G;COLLEGE JEHAN FROISSART;public;78.5;23.3;124.1;100.9;105.9;119.0;91.2;98.9;119.0;92.2;100.8;50.40095515303546, 3.657790588229318
2023-2024;09;32;HAUTS-DE-FRANCE;09;LILLE;59;NORD;59286;HAUBOURDIN;0594386X;COLLEGE LE PARC;public;104.5;34.0;124.1;100.9;105.9;119.0;91.2;98.9;119.0;92.2;100.8;50.61483502539845, 2.976610619776166
2023-2024;09;32;HAUTS-DE-FRANCE;09;LILLE;59;NORD;59650;WATTRELOS;0594392D;COLLEGE PABLO NERUDA;public;86.6;31.6;124.1;100.9;105.9;119.0;91.2;98.9;119.0;92.2;100.8;50.70934262131982, 3.2378495967709715
2023-2024;09;32;HAUTS-DE-FRANCE;09;LILLE;59;NORD;59178;DOUAI;0594402P;COLLEGE ANDRE CANIVEZ;public;73.5;22.5;124.1;100.9;105.9;119.0;91.2;98.9;119.0;92.2;100.8;50.38556769775681, 3.0743805506245514
2023-2024;09;32;HAUTS-DE-FRANCE;09;LILLE;59;NORD;59418;MORTAGNE DU NORD;0594410Y;COLLEGE FERNIG;public;102.9;35.1;124.1;100.9;105.9;119.0;91.2;98.9;119.0;92.2;100.8;50.49682643022259, 3.4521995558918843
2023-2024;09;32;HAUTS-DE-FRANCE;09;LILLE;59;NORD;59426;NEUVILLE EN FERRAIN;0594537L;COLLEGE JULES VERNE;public;107.0;36.1;124.1;100.9;105.9;119.0;91.2;98.9;119.0;92.2;100.8;50.74748021155926, 3.1643105640649147
2023-2024;09;32;HAUTS-DE-FRANCE;09;LILLE;59;NORD;59309;HONDSCHOOTE;0594642A;COLLEGE LAMARTINE;public;86.3;27.8;124.1;100.9;105.9;119.0;91.2;98.9;119.0;92.2;100.8;50.977990212987145, 2.5813802735220897
2023-2024;09;32;HAUTS-DE-FRANCE;09;LILLE;59;NORD;59544;SAINT SAULVE;0594644C;COLLEGE LAVOISIER;public;94.3;35.2;124.1;100.9;105.9;119.0;91.2;98.9;119.0;92.2;100.8;50.364495736345354, 3.55778945950352
2023-2024;09;32;HAUTS-DE-FRANCE;09;LILLE;59;NORD;59589;THIANT;0594645D;COLLEGE JEAN JACQUES ROUSSEAU;public;99.7;34.4;124.1;100.9;105.9;119.0;91.2;98.9;119.0;92.2;100.8;50.30456341813654, 3.459229398720995
2023-2024;09;32;HAUTS-DE-FRANCE;09;LILLE;59;NORD;59426;NEUVILLE EN FERRAIN;0594833H;COLLEGE PRIVE SAINT JOSEPH;privé sous contrat;111.3;28.3;124.1;100.9;105.9;119.0;91.2;98.9;119.0;92.2;100.8;50.750649636366525, 3.1550201614689817
2023-2024;09;32;HAUTS-DE-FRANCE;09;LILLE;59;NORD;59135;CASSEL;0594872A;COLLEGE ROBERT LE FRISON;public;105.2;33.1;124.1;100.9;105.9;119.0;91.2;98.9;119.0;92.2;100.8;50.800651058912344, 2.4865096325092093
2023-2024;09;32;HAUTS-DE-FRANCE;09;LILLE;59;NORD;59249;FOURMIES;0594879H;COLLEGE JOLIOT CURIE;public;84.1;29.2;124.1;100.9;105.9;119.0;91.2;98.9;119.0;92.2;100.8;50.01822260004242, 4.06094930878839
2023-2024;09;32;HAUTS-DE-FRANCE;09;LILLE;59;NORD;59331;LANDRECIES;0595178H;COLLEGE DUPLEIX;public;94.9;32.8;124.1;100.9;105.9;119.0;91.2;98.9;119.0;92.2;100.8;50.12237464869933, 3.6866104835807536
2023-2024;09;32;HAUTS-DE-FRANCE;09;LILLE;59;NORD;59544;SAINT SAULVE;0595402B;COLLEGE PRIVE NOTRE DAME;privé sous contrat;126.3;32.3;124.1;100.9;105.9;119.0;91.2;98.9;119.0;92.2;100.8;50.37595904877808, 3.553120400680678
2023-2024;09;32;HAUTS-DE-FRANCE;09;LILLE;59;NORD;59272;GRAND FORT PHILIPPE;0595712N;COLLEGE JEAN MONNET;public;89.6;28.3;124.1;100.9;105.9;119.0;91.2;98.9;119.0;92.2;100.8;50.99529548371293, 2.109440545763145
2023-2024;09;32;HAUTS-DE-FRANCE;09;LILLE;59;NORD;59339;LEERS;0595713P;COLLEGE ALPHONSE DAUDET;public;110.9;33.5;124.1;100.9;105.9;119.0;91.2;98.9;119.0;92.2;100.8;50.676100977377324, 3.2402496086964256
2023-2024;09;32;HAUTS-DE-FRANCE;09;LILLE;59;NORD;59574;SOMAIN;0597055Y;COLLEGE PRIVE NOTRE DAME DE LA RENAISSANCE;privé sous contrat;111.3;31.4;124.1;100.9;105.9;119.0;91.2;98.9;119.0;92.2;100.8;50.366373104098535, 3.2775488859707402
2023-2024;09;32;HAUTS-DE-FRANCE;09;LILLE;62;PAS-DE-CALAIS;62128;BIACHE SAINT VAAST;0620047P;COLLEGE GERMINAL;public;107.2;31.5;124.1;100.9;105.9;119.0;91.2;98.9;119.0;89.8;95.2;50.314186408645455, 2.9411297719377694
2023-2024;09;32;HAUTS-DE-FRANCE;09;LILLE;62;PAS-DE-CALAIS;62160;BOULOGNE SUR MER;0620051U;COLLEGE ANGELLIER;public;76.5;27.2;124.1;100.9;105.9;119.0;91.2;98.9;119.0;89.8;95.2;50.7211009818125, 1.6093893504615437
2023-2024;09;32;HAUTS-DE-FRANCE;09;LILLE;62;PAS-DE-CALAIS;62160;BOULOGNE SUR MER;0620055Y;COLLEGE PAUL LANGEVIN;public;64.4;18.2;124.1;100.9;105.9;119.0;91.2;98.9;119.0;89.8;95.2;50.733725140619015, 1.6185600819517356
2023-2024;09;32;HAUTS-DE-FRANCE;09;LILLE;62;PAS-DE-CALAIS;62194;CALONNE RICOUART;0620068M;COLLEGE FREDERIC JOLIOT CURIE;public;83.2;27.7;124.1;100.9;105.9;119.0;91.2;98.9;119.0;89.8;95.2;50.48535248436109, 2.4787500415447026
2023-2024;09;32;HAUTS-DE-FRANCE;09;LILLE;62;PAS-DE-CALAIS;62244;COULOGNE;0620073T;COLLEGE JEAN MONNET;public;102.5;34.5;124.1;100.9;105.9;119.0;91.2;98.9;119.0;89.8;95.2;50.924161978079404, 1.8838797192422772
2023-2024;09;32;HAUTS-DE-FRANCE;09;LILLE;62;PAS-DE-CALAIS;62443;HERSIN COUPIGNY;0620097U;COLLEGE ROMAIN ROLLAND;public;92.6;29.8;124.1;100.9;105.9;119.0;91.2;98.9;119.0;89.8;95.2;50.44641614050594, 2.6433404163683143
2023-2024;09;32;HAUTS-DE-FRANCE;09;LILLE;62;PAS-DE-CALAIS;62528;LOOS EN GOHELLE;0620123X;COLLEGE RENE CASSIN;public;92.0;32.1;124.1;100.9;105.9;119.0;91.2;98.9;119.0;89.8;95.2;50.45701667971794, 2.7957198521998277
2023-2024;09;32;HAUTS-DE-FRANCE;09;LILLE;62;PAS-DE-CALAIS;62186;BULLY LES MINES;0620197C;COLLEGE ANITA CONTI;public;92.1;29.9;124.1;100.9;105.9;119.0;91.2;98.9;119.0;89.8;95.2;50.43669738917831, 2.724259575121028
2023-2024;09;32;HAUTS-DE-FRANCE;09;LILLE;62;PAS-DE-CALAIS;62510;LIEVIN;0620219B;COLLEGE DANIELLE DARRAS RIAUMONT;public;75.9;23.3;124.1;100.9;105.9;119.0;91.2;98.9;119.0;89.8;95.2;50.4190876704708, 2.785595426768926
2023-2024;09;32;HAUTS-DE-FRANCE;09;LILLE;62;PAS-DE-CALAIS;62865;VITRY EN ARTOIS;0622084D;COLLEGE PABLO NERUDA;public;100.4;32.0;124.1;100.9;105.9;119.0;91.2;98.9;119.0;89.8;95.2;50.32940314377099, 2.9929899978489933
2023-2024;09;32;HAUTS-DE-FRANCE;09;LILLE;62;PAS-DE-CALAIS;62497;LEFOREST;0622085E;COLLEGE PAUL DUEZ;public;93.9;30.7;124.1;100.9;105.9;119.0;91.2;98.9;119.0;89.8;95.2;50.43887615919263, 3.054589523121761
2023-2024;09;32;HAUTS-DE-FRANCE;09;LILLE;62;PAS-DE-CALAIS;62510;LIEVIN;0622086F;COLLEGE DESCARTES MONTAIGNE;public;89.5;33.2;124.1;100.9;105.9;119.0;91.2;98.9;119.0;89.8;95.2;50.41352759147422, 2.7674199088405786
2023-2024;09;32;HAUTS-DE-FRANCE;09;LILLE;62;PAS-DE-CALAIS;62770;SAINT VENANT;0622091L;COLLEGE GEORGES BRASSENS;public;104.7;31.1;124.1;100.9;105.9;119.0;91.2;98.9;119.0;89.8;95.2;50.62044913885898, 2.5366194629407954
2023-2024;09;32;HAUTS-DE-FRANCE;09;LILLE;62;PAS-DE-CALAIS;62014;AIRE SUR LA LYS;0622094P;COLLEGE JEAN JAURES;public;88.1;28.7;124.1;100.9;105.9;119.0;91.2;98.9;119.0;89.8;95.2;50.635453038636626, 2.4006094467249137
2023-2024;09;32;HAUTS-DE-FRANCE;09;LILLE;62;PAS-DE-CALAIS;62361;FREVENT;0622261W;COLLEGE PIERRE CUALLACCI;public;79.0;26.4;124.1;100.9;105.9;119.0;91.2;98.9;119.0;89.8;95.2;50.27639042933437, 2.2847005068762374
2023-2024;09;32;HAUTS-DE-FRANCE;09;LILLE;62;PAS-DE-CALAIS;62083;BARLIN;0622268D;COLLEGE JEAN MOULIN;public;82.7;29.0;124.1;100.9;105.9;119.0;91.2;98.9;119.0;89.8;95.2;50.4579458797513, 2.622779628122749
2023-2024;09;32;HAUTS-DE-FRANCE;09;LILLE;62;PAS-DE-CALAIS;62065;AVION;0622422W;COLLEGE JEAN JACQUES ROUSSEAU;public;85.7;26.9;124.1;100.9;105.9;119.0;91.2;98.9;119.0;89.8;95.2;50.40449324585825, 2.825990625524639
2023-2024;09;32;HAUTS-DE-FRANCE;09;LILLE;62;PAS-DE-CALAIS;62193;CALAIS;0622432G;COLLEGE JEAN MACE;public;98.7;34.3;124.1;100.9;105.9;119.0;91.2;98.9;119.0;89.8;95.2;50.9570611204092, 1.8535390393491435
2023-2024;09;32;HAUTS-DE-FRANCE;09;LILLE;62;PAS-DE-CALAIS;62758;SAINT MARTIN BOULOGNE;0622434J;COLLEGE ROGER SALENGRO;public;88.5;29.8;124.1;100.9;105.9;119.0;91.2;98.9;119.0;89.8;95.2;50.727617613334296, 1.6306095845429613
2023-2024;09;32;HAUTS-DE-FRANCE;09;LILLE;62;PAS-DE-CALAIS;62427;HENIN BEAUMONT;0622795B;COLLEGE FRANCOIS RABELAIS;public;94.4;33.3;124.1;100.9;105.9;119.0;91.2;98.9;119.0;89.8;95.2;50.4124297788558, 2.9586434580044747
2023-2024;09;32;HAUTS-DE-FRANCE;09;LILLE;62;PAS-DE-CALAIS;62826;LE TOUQUET PARIS PLAGE;0622806N;COLLEGE MAXENCE VAN DER MEERSCH;public;104.6;34.1;124.1;100.9;105.9;119.0;91.2;98.9;119.0;89.8;95.2;50.512033350433924, 1.6171993613260043
2023-2024;09;32;HAUTS-DE-FRANCE;09;LILLE;62;PAS-DE-CALAIS;62588;MONTREUIL SUR MER;0622951W;COLLEGE DU BRAS D OR;public;99.9;32.3;124.1;100.9;105.9;119.0;91.2;98.9;119.0;89.8;95.2;50.45543110428306, 1.7575896262443562
2023-2024;09;32;HAUTS-DE-FRANCE;09;LILLE;62;PAS-DE-CALAIS;62764;SAINT NICOLAS;0623014P;COLLEGE PAUL VERLAINE;public;97.9;33.1;124.1;100.9;105.9;119.0;91.2;98.9;119.0;89.8;95.2;50.3067041643579, 2.794759744288523
2023-2024;09;32;HAUTS-DE-FRANCE;09;LILLE;62;PAS-DE-CALAIS;62637;OIGNIES;0623018U;COLLEGE LOUIS PASTEUR;public;85.3;26.6;124.1;100.9;105.9;119.0;91.2;98.9;119.0;89.8;95.2;50.47531115423204, 2.9906698743988436
2023-2024;09;32;HAUTS-DE-FRANCE;09;LILLE;62;PAS-DE-CALAIS;62160;BOULOGNE SUR MER;0623571V;COLLEGE PRIVE HAFFREINGUE;privé sous contrat;132.4;33.5;124.1;100.9;105.9;119.0;91.2;98.9;119.0;89.8;95.2;50.73022183140741, 1.6181801448617874
2023-2024;09;32;HAUTS-DE-FRANCE;09;LILLE;62;PAS-DE-CALAIS;62215;CARVIN;0623919Y;COLLEGE LEONARD DE VINCI;public;86.3;31.1;124.1;100.9;105.9;119.0;91.2;98.9;119.0;89.8;95.2;50.4968304789591, 2.9759097447360388
2024-2025;09;32;HAUTS-DE-FRANCE;09;LILLE;59;NORD;59107;BRAY DUNES;0590030M;COLLEGE DU SEPTENTRION;public;99.0;31.5;125.1;100.9;106.1;119.9;91.7;99.5;120.0;92.8;101.7;51.07081620306653, 2.5132403618887618
2024-2025;09;32;HAUTS-DE-FRANCE;09;LILLE;59;NORD;59112;BRUAY SUR L ESCAUT;0590031N;COLLEGE JEAN MACE;public;77.1;24.1;125.1;100.9;106.1;119.9;91.7;99.5;120.0;92.8;101.7;50.399192131331574, 3.545290512818122
2024-2025;09;32;HAUTS-DE-FRANCE;09;LILLE;59;NORD;59168;CYSOING;0590057S;COLLEGE PAUL ELUARD;public;126.0;35.4;125.1;100.9;106.1;119.9;91.7;99.5;120.0;92.8;101.7;50.571517624370635, 3.214139764921509
2024-2025;09;32;HAUTS-DE-FRANCE;09;LILLE;59;NORD;59295;HAZEBROUCK;0590103S;COLLEGE FERNANDE BENOIST;public;92.8;29.0;125.1;100.9;106.1;119.9;91.7;99.5;120.0;92.8;101.7;50.717482139224366, 2.529540189704659
2024-2025;09;32;HAUTS-DE-FRANCE;09;LILLE;59;NORD;59324;JEUMONT;0590109Y;COLLEGE EUGENE THOMAS;public;71.4;25.1;125.1;100.9;106.1;119.9;91.7;99.5;120.0;92.8;101.7;50.29370361793669, 4.105252364889303
2024-2025;09;32;HAUTS-DE-FRANCE;09;LILLE;59;NORD;59392;MAUBEUGE;0590150T;COLLEGE GUILLAUME BUDE;public;96.4;31.5;125.1;100.9;106.1;119.9;91.7;99.5;120.0;92.8;101.7;50.280047313159926, 3.9855703085094856
2024-2025;09;32;HAUTS-DE-FRANCE;09;LILLE;59;NORD;59183;DUNKERQUE;0590179Z;COLLEGE PAUL MACHY;public;104.8;37.3;125.1;100.9;106.1;119.9;91.7;99.5;120.0;92.8;101.7;51.03944431720388, 2.4071702281218306
2024-2025;09;32;HAUTS-DE-FRANCE;09;LILLE;59;NORD;59606;VALENCIENNES;0590224Y;COLLEGE JEAN BAPTISTE CARPEAUX;public;104.9;44.0;125.1;100.9;106.1;119.9;91.7;99.5;120.0;92.8;101.7;50.36055942062598, 3.518971221639622
2024-2025;09;32;HAUTS-DE-FRANCE;09;LILLE;59;NORD;59631;WALINCOURT SELVIGNY;0590228C;COLLEGE FRANCOIS VILLON;public;93.4;32.6;125.1;100.9;106.1;119.9;91.7;99.5;120.0;92.8;101.7;50.07482514571605, 3.341450544534616
2024-2025;09;32;HAUTS-DE-FRANCE;09;LILLE;59;NORD;59574;SOMAIN;0590248Z;COLLEGE LOUIS PASTEUR;public;91.8;34.7;125.1;100.9;106.1;119.9;91.7;99.5;120.0;92.8;101.7;50.3498386310885, 3.2842295962456927
2024-2025;09;32;HAUTS-DE-FRANCE;09;LILLE;59;NORD;59343;LESQUIN;0592889V;COLLEGE PRIVE CHARLEMAGNE;privé sous contrat;135.2;31.1;125.1;100.9;106.1;119.9;91.7;99.5;120.0;92.8;101.7;50.58895043145214, 3.116759838764182
2024-2025;09;32;HAUTS-DE-FRANCE;09;LILLE;59;NORD;59527;SAINT ANDRE LEZ LILLE;0592911U;COLLEGE PRIVE SAINT JOSEPH;privé sous contrat;109.1;29.7;125.1;100.9;106.1;119.9;91.7;99.5;120.0;92.8;101.7;50.662617705826136, 3.0537598214329
2024-2025;09;32;HAUTS-DE-FRANCE;09;LILLE;59;NORD;59067;BERGUES;0592933T;COLLEGE PRIVE SAINT WINOC;privé sous contrat;124.1;30.9;125.1;100.9;106.1;119.9;91.7;99.5;120.0;92.8;101.7;50.96742445544726, 2.434499744658322
2024-2025;09;32;HAUTS-DE-FRANCE;09;LILLE;59;NORD;59286;HAUBOURDIN;0593127D;COLLEGE PRIVE LA SAGESSE;privé sous contrat;108.0;29.7;125.1;100.9;106.1;119.9;91.7;99.5;120.0;92.8;101.7;50.61190203245722, 2.9760125456062783
2024-2025;09;32;HAUTS-DE-FRANCE;09;LILLE;59;NORD;59309;HONDSCHOOTE;0593130G;COLLEGE PRIVE SAINT JOSEPH;privé sous contrat;94.7;25.5;125.1;100.9;106.1;119.9;91.7;99.5;120.0;92.8;101.7;50.97938773835512, 2.5895157518617125
2024-2025;09;32;HAUTS-DE-FRANCE;09;LILLE;59;NORD;59324;JEUMONT;0593132J;COLLEGE PRIVE SAINTE BERNADETTE;privé sous contrat;96.4;30.4;125.1;100.9;106.1;119.9;91.7;99.5;120.0;92.8;101.7;50.295646416314426, 4.103789326111633
2024-2025;09;32;HAUTS-DE-FRANCE;09;LILLE;59;NORD;59350;LILLE;0593180L;COLLEGE ANTOINE DE SAINT EXUPERY;public;101.5;40.7;125.1;100.9;106.1;119.9;91.7;99.5;120.0;92.8;101.7;50.628730431452865, 3.1185919783385483
2024-2025;09;32;HAUTS-DE-FRANCE;09;LILLE;59;NORD;59131;CAPPELLE LA GRANDE;0593181M;COLLEGE MAXENCE VAN DER MEERSCH;public;86.5;24.3;125.1;100.9;106.1;119.9;91.7;99.5;120.0;92.8;101.7;50.99827512811122, 2.3588498284131214
2024-2025;09;32;HAUTS-DE-FRANCE;09;LILLE;59;NORD;59009;VILLENEUVE D ASCQ;0593196D;COLLEGE ARTHUR RIMBAUD;public;105.0;39.9;125.1;100.9;106.1;119.9;91.7;99.5;120.0;92.8;101.7;50.61876767819437, 3.1561295928053
2024-2025;09;32;HAUTS-DE-FRANCE;09;LILLE;59;NORD;59410;MONS EN BAROEUL;0593218C;COLLEGE PRIVE LACORDAIRE;privé sous contrat;119.8;35.2;125.1;100.9;106.1;119.9;91.7;99.5;120.0;92.8;101.7;50.641612858191934, 3.0958697192505484
2024-2025;09;32;HAUTS-DE-FRANCE;09;LILLE;59;NORD;59527;SAINT ANDRE LEZ LILLE;0593228N;COLLEGE JEAN MOULIN;public;112.0;38.1;125.1;100.9;106.1;119.9;91.7;99.5;120.0;92.8;101.7;50.65850679010164, 3.0493535637918514
2024-2025;09;32;HAUTS-DE-FRANCE;09;LILLE;59;NORD;59051;LA BASSEE;0593231S;COLLEGE ALBERT SCHWEITZER;public;100.1;30.6;125.1;100.9;106.1;119.9;91.7;99.5;120.0;92.8;101.7;50.535220245931804, 2.8111599077333573
2024-2025;09;32;HAUTS-DE-FRANCE;09;LILLE;59;NORD;59350;LILLE;0593235W;COLLEGE BORIS VIAN;public;90.9;39.8;125.1;100.9;106.1;119.9;91.7;99.5;120.0;92.8;101.7;50.63132395149781, 3.094625337133136
2024-2025;09;32;HAUTS-DE-FRANCE;09;LILLE;59;NORD;59163;CROIX;0593239A;COLLEGE BORIS VIAN;public;96.0;37.8;125.1;100.9;106.1;119.9;91.7;99.5;120.0;92.8;101.7;50.68344141187111, 3.14996066957436
2024-2025;09;32;HAUTS-DE-FRANCE;09;LILLE;59;NORD;59367;LYS LEZ LANNOY;0593240B;COLLEGE GAMBETTA;public;92.4;31.8;125.1;100.9;106.1;119.9;91.7;99.5;120.0;92.8;101.7;50.67870670141196, 3.2154206179818767
2024-2025;09;32;HAUTS-DE-FRANCE;09;LILLE;59;NORD;59017;ARMENTIERES;0593246H;COLLEGE DESROUSSEAUX;public;86.3;28.0;125.1;100.9;106.1;119.9;91.7;99.5;120.0;92.8;101.7;50.68857024739166, 2.89093017010974
2024-2025;09;32;HAUTS-DE-FRANCE;09;LILLE;59;NORD;59249;FOURMIES;0593252P;COLLEGE LEO LAGRANGE;public;84.2;29.4;125.1;100.9;106.1;119.9;91.7;99.5;120.0;92.8;101.7;50.021085726859674, 4.050690661024452
2024-2025;09;32;HAUTS-DE-FRANCE;09;LILLE;59;NORD;59386;MARQUETTE LEZ LILLE;0593474F;COLLEGE PROFESSEUR ALBERT DEBEYRE;public;110.8;36.3;125.1;100.9;106.1;119.9;91.7;99.5;120.0;92.8;101.7;50.680405802996674, 3.0678305726762205
2024-2025;09;32;HAUTS-DE-FRANCE;09;LILLE;59;NORD;59653;WAVRIN;0593475G;COLLEGE LEON BLUM;public;110.3;35.2;125.1;100.9;106.1;119.9;91.7;99.5;120.0;92.8;101.7;50.571996731098764, 2.9399274470057177
2024-2025;09;32;HAUTS-DE-FRANCE;09;LILLE;59;NORD;59360;LOOS;0593660H;COLLEGE RENE DESCARTES;public;77.6;23.1;125.1;100.9;106.1;119.9;91.7;99.5;120.0;92.8;101.7;50.60889499400215, 3.006710500148804
2024-2025;09;32;HAUTS-DE-FRANCE;09;LILLE;59;NORD;59183;DUNKERQUE;0593663L;COLLEGE JEAN DECONINCK;public;72.2;19.1;125.1;100.9;106.1;119.9;91.7;99.5;120.0;92.8;101.7;51.02822808170235, 2.331560244588171
2024-2025;09;32;HAUTS-DE-FRANCE;09;LILLE;59;NORD;59512;ROUBAIX;0593667R;COLLEGE ROSA PARKS;public;61.9;18.2;125.1;100.9;106.1;119.9;91.7;99.5;120.0;92.8;101.7;50.701429666195004, 3.1864605337728373
2024-2025;09;32;HAUTS-DE-FRANCE;09;LILLE;59;NORD;59383;MARLY;0593674Y;COLLEGE ALPHONSE TERROIR;public;88.4;31.5;125.1;100.9;106.1;119.9;91.7;99.5;120.0;92.8;101.7;50.343291800603275, 3.5552895760918646
2024-2025;09;32;HAUTS-DE-FRANCE;09;LILLE;59;NORD;59230;FERRIERE LA GRANDE;0593681F;COLLEGE LAVOISIER;public;87.2;29.6;125.1;100.9;106.1;119.9;91.7;99.5;120.0;92.8;101.7;50.258989316415864, 4.005229832364161
2024-2025;09;32;HAUTS-DE-FRANCE;09;LILLE;59;NORD;59365;LOUVROIL;0593686L;COLLEGE JACQUES BREL;public;69.1;25.0;125.1;100.9;106.1;119.9;91.7;99.5;120.0;92.8;101.7;50.26333776604779, 3.9650896805773166
2024-2025;09;32;HAUTS-DE-FRANCE;09;LILLE;59;NORD;59580;STEENVOORDE;0593992U;COLLEGE ANTOINE DE SAINT EXUPERY;public;111.0;34.8;125.1;100.9;106.1;119.9;91.7;99.5;120.0;92.8;101.7;50.80848584339924, 2.5891693415535046
2024-2025;09;32;HAUTS-DE-FRANCE;09;LILLE;59;NORD;59378;MARCQ EN BAROEUL;0594287P;COLLEGE ROUGES BARRES;public;111.0;39.5;125.1;100.9;106.1;119.9;91.7;99.5;120.0;92.8;101.7;50.65706606446519, 3.0948799749375424
2024-2025;09;32;HAUTS-DE-FRANCE;09;LILLE;59;NORD;59400;MERVILLE;0594294X;COLLEGE HENRI DUNANT;public;80.2;23.6;125.1;100.9;106.1;119.9;91.7;99.5;120.0;92.8;101.7;50.64897069452894, 2.638800542120294
2024-2025;09;32;HAUTS-DE-FRANCE;09;LILLE;59;NORD;59172;DENAIN;0594299C;COLLEGE TURGOT;public;69.9;21.5;125.1;100.9;106.1;119.9;91.7;99.5;120.0;92.8;101.7;50.33072586542027, 3.3954403591508777
2024-2025;09;32;HAUTS-DE-FRANCE;09;LILLE;59;NORD;59172;DENAIN;0594300D;COLLEGE BAYARD;public;72.9;21.1;125.1;100.9;106.1;119.9;91.7;99.5;120.0;92.8;101.7;50.3360867240659, 3.382930373268679
2024-2025;09;32;HAUTS-DE-FRANCE;09;LILLE;59;NORD;59309;HONDSCHOOTE;0594642A;COLLEGE LAMARTINE;public;87.0;28.8;125.1;100.9;106.1;119.9;91.7;99.5;120.0;92.8;101.7;50.977990212987145, 2.5813802735220897
2024-2025;09;32;HAUTS-DE-FRANCE;09;LILLE;59;NORD;59647;WATTEN;0594650J;COLLEGE JACQUES PREVERT;public;95.1;30.4;125.1;100.9;106.1;119.9;91.7;99.5;120.0;92.8;101.7;50.838715852774484, 2.2165805925832007
2024-2025;09;32;HAUTS-DE-FRANCE;09;LILLE;59;NORD;59464;POIX DU NORD;0594876E;COLLEGE MONTAIGNE;public;95.4;29.4;125.1;100.9;106.1;119.9;91.7;99.5;120.0;92.8;101.7;50.19636234641837, 3.6082095864660104
2024-2025;09;32;HAUTS-DE-FRANCE;09;LILLE;59;NORD;59350;LILLE;0594881K;COLLEGE MARTHA DESRUMAUX;public;85.0;35.6;125.1;100.9;106.1;119.9;91.7;99.5;120.0;92.8;101.7;50.63901029289493, 3.084840391287406
2024-2025;09;32;HAUTS-DE-FRANCE;09;LILLE;59;NORD;59328;LAMBERSART;0595163S;COLLEGE LAVOISIER;public;101.3;38.2;125.1;100.9;106.1;119.9;91.7;99.5;120.0;92.8;101.7;50.6425747235052, 3.023230122382464
2024-2025;09;32;HAUTS-DE-FRANCE;09;LILLE;59;NORD;59512;ROUBAIX;0595168X;COLLEGE MAXENCE VAN DER MEERSCH;public;71.8;19.3;125.1;100.9;106.1;119.9;91.7;99.5;120.0;92.8;101.7;50.681280837629195, 3.2072199693145738
2024-2025;09;32;HAUTS-DE-FRANCE;09;LILLE;59;NORD;59033;AULNOYE AYMERIES;0595383F;COLLEGE PRIVE SAINTE JEANNE D ARC;privé sous contrat;102.6;30.9;125.1;100.9;106.1;119.9;91.7;99.5;120.0;92.8;101.7;50.19956464093505, 3.8301602304149935
2024-2025;09;32;HAUTS-DE-FRANCE;09;LILLE;59;NORD;59036;AVESNES SUR HELPE;0595384G;COLLEGE PRIVE SAINTE THERESE;privé sous contrat;110.5;32.9;125.1;100.9;106.1;119.9;91.7;99.5;120.0;92.8;101.7;50.12256401280106, 3.932669364855354
2024-2025;09;32;HAUTS-DE-FRANCE;09;LILLE;59;NORD;59178;DOUAI;0595387K;COLLEGE PRIVE SAINT JEAN;privé sous contrat;127.5;34.9;125.1;100.9;106.1;119.9;91.7;99.5;120.0;92.8;101.7;50.36960965395435, 3.0860735539934394
2024-2025;09;32;HAUTS-DE-FRANCE;09;LILLE;59;NORD;59183;DUNKERQUE;0595389M;COLLEGE PRIVE NOTRE DAME DES DUNES;privé sous contrat;127.5;36.0;125.1;100.9;106.1;119.9;91.7;99.5;120.0;92.8;101.7;51.033225295478196, 2.382859747635268
2024-2025;09;32;HAUTS-DE-FRANCE;09;LILLE;59;NORD;59295;HAZEBROUCK;0595391P;COLLEGE PRIVE SAINT JACQUES;privé sous contrat;120.4;30.8;125.1;100.9;106.1;119.9;91.7;99.5;120.0;92.8;101.7;50.72335632938025, 2.5300914913902157
2024-2025;09;32;HAUTS-DE-FRANCE;09;LILLE;59;NORD;59162;CROCHTE;0595595L;COLLEGE DU LOOWEG;public;96.4;30.4;125.1;100.9;106.1;119.9;91.7;99.5;120.0;92.8;101.7;50.93290859933239, 2.3862994981216272
2024-2025;09;32;HAUTS-DE-FRANCE;09;LILLE;59;NORD;59272;GRAND FORT PHILIPPE;0595712N;COLLEGE JEAN MONNET;public;90.4;27.5;125.1;100.9;106.1;119.9;91.7;99.5;120.0;92.8;101.7;50.99529548371293, 2.109440545763145
2024-2025;09;32;HAUTS-DE-FRANCE;09;LILLE;59;NORD;59339;LEERS;0595713P;COLLEGE ALPHONSE DAUDET;public;112.2;33.6;125.1;100.9;106.1;119.9;91.7;99.5;120.0;92.8;101.7;50.676100977377324, 3.2402496086964256
2024-2025;09;32;HAUTS-DE-FRANCE;09;LILLE;59;NORD;59212;ESTAIRES;0595757M;COLLEGE HENRI DUREZ;public;93.5;29.0;125.1;100.9;106.1;119.9;91.7;99.5;120.0;92.8;101.7;50.6429942905723, 2.7055896378076194
2024-2025;09;32;HAUTS-DE-FRANCE;09;LILLE;59;NORD;59271;GRANDE SYNTHE;0595782P;COLLEGE DU MOULIN;public;74.7;24.8;125.1;100.9;106.1;119.9;91.7;99.5;120.0;92.8;101.7;51.01131527401728, 2.3041700698011334
2024-2025;09;32;HAUTS-DE-FRANCE;09;LILLE;59;NORD;59350;LILLE;0596177U;COLLEGE PRIVE SAINTE CLAIRE;privé sous contrat;109.5;35.1;125.1;100.9;106.1;119.9;91.7;99.5;120.0;92.8;101.7;50.63445759446208, 3.06902154747252
2024-2025;09;32;HAUTS-DE-FRANCE;09;LILLE;59;NORD;59033;AULNOYE AYMERIES;0596694F;COLLEGE FELIX DEL MARLE;public;86.6;29.3;125.1;100.9;106.1;119.9;91.7;99.5;120.0;92.8;101.7;50.19848109922283, 3.834749442751117
2024-2025;09;32;HAUTS-DE-FRANCE;09;LILLE;59;NORD;59599;TOURCOING;0596846W;COLLEGE PRIVE SACRE COEUR SAINT THOMAS;privé sous contrat;117.7;33.8;125.1;100.9;106.1;119.9;91.7;99.5;120.0;92.8;101.7;50.722809187536605, 3.148580063298259
2024-2025;09;32;HAUTS-DE-FRANCE;09;LILLE;62;PAS-DE-CALAIS;62038;ARDRES;0620004T;COLLEGE DE L EUROPE;public;96.1;31.2;125.1;100.9;106.1;119.9;91.7;99.5;119.3;90.1;95.5;50.85129259607474, 1.9758702718799537
2024-2025;09;32;HAUTS-DE-FRANCE;09;LILLE;62;PAS-DE-CALAIS;62263;DAINVILLE;0620014D;COLLEGE DENIS DIDEROT;public;97.5;34.5;125.1;100.9;106.1;119.9;91.7;99.5;119.3;90.1;95.5;50.291402801437386, 2.7308006576561676
2024-2025;09;32;HAUTS-DE-FRANCE;09;LILLE;62;PAS-DE-CALAIS;62080;BAPAUME;0620031X;COLLEGE CARLIN LEGRAND;public;90.2;28.6;125.1;100.9;106.1;119.9;91.7;99.5;119.3;90.1;95.5;50.10357490025015, 2.8534305851452544
2024-2025;09;32;HAUTS-DE-FRANCE;09;LILLE;62;PAS-DE-CALAIS;62117;BERTINCOURT;0620039F;COLLEGE JACQUES YVES COUSTEAU;public;88.5;24.3;125.1;100.9;106.1;119.9;91.7;99.5;119.3;90.1;95.5;50.08837894809274, 2.9812501868009518
2024-2025;09;32;HAUTS-DE-FRANCE;09;LILLE;62;PAS-DE-CALAIS;62215;CARVIN;0620071R;COLLEGE JEAN JACQUES ROUSSEAU;public;95.3;32.2;125.1;100.9;106.1;119.9;91.7;99.5;119.3;90.1;95.5;50.49201513899851, 2.9457496897836766
2024-2025;09;32;HAUTS-DE-FRANCE;09;LILLE;62;PAS-DE-CALAIS;62270;DIVION;0620079Z;COLLEGE HENRI WALLON;public;80.3;26.4;125.1;100.9;106.1;119.9;91.7;99.5;119.3;90.1;95.5;50.47042647481198, 2.4967699897743376
2024-2025;09;32;HAUTS-DE-FRANCE;09;LILLE;62;PAS-DE-CALAIS;62528;LOOS EN GOHELLE;0620123X;COLLEGE RENE CASSIN;public;91.1;31.9;125.1;100.9;106.1;119.9;91.7;99.5;119.3;90.1;95.5;50.45701667971794, 2.7957198521998277
2024-2025;09;32;HAUTS-DE-FRANCE;09;LILLE;62;PAS-DE-CALAIS;62473;ISBERGUES;0620136L;COLLEGE MAURICE PIQUET;public;90.6;28.5;125.1;100.9;106.1;119.9;91.7;99.5;119.3;90.1;95.5;50.61322684479989, 2.4582884219253707
2024-2025;09;32;HAUTS-DE-FRANCE;09;LILLE;62;PAS-DE-CALAIS;62178;BRUAY LA BUISSIERE;0620198D;COLLEGE ALBERT CAMUS;public;80.6;26.7;125.1;100.9;106.1;119.9;91.7;99.5;119.3;90.1;95.5;50.47547424442204, 2.558440656583557
2024-2025;09;32;HAUTS-DE-FRANCE;09;LILLE;62;PAS-DE-CALAIS;62040;ARQUES;0622093N;COLLEGE PIERRE MENDES FRANCE;public;90.0;27.9;125.1;100.9;106.1;119.9;91.7;99.5;119.3;90.1;95.5;50.73703528790606, 2.300609849590099
2024-2025;09;32;HAUTS-DE-FRANCE;09;LILLE;62;PAS-DE-CALAIS;62014;AIRE SUR LA LYS;0622094P;COLLEGE JEAN JAURES;public;87.9;29.1;125.1;100.9;106.1;119.9;91.7;99.5;119.3;90.1;95.5;50.635453038636626, 2.4006094467249137
2024-2025;09;32;HAUTS-DE-FRANCE;09;LILLE;62;PAS-DE-CALAIS;62667;LE PORTEL;0622095R;COLLEGE JEAN MOULIN;public;78.6;24.4;125.1;100.9;106.1;119.9;91.7;99.5;119.3;90.1;95.5;50.70825662279591, 1.5844998448274454
2024-2025;09;32;HAUTS-DE-FRANCE;09;LILLE;62;PAS-DE-CALAIS;62560;MARQUISE;0622096S;COLLEGE JEAN ROSTAND;public;96.6;32.7;125.1;100.9;106.1;119.9;91.7;99.5;119.3;90.1;95.5;50.817259140200996, 1.7126997626864189
2024-2025;09;32;HAUTS-DE-FRANCE;09;LILLE;62;PAS-DE-CALAIS;62498;LENS;0622115M;COLLEGE PRIVE SAINTE IDE;privé sous contrat;115.7;31.3;125.1;100.9;106.1;119.9;91.7;99.5;119.3;90.1;95.5;50.43478627342726, 2.8311300105405945
2024-2025;09;32;HAUTS-DE-FRANCE;09;LILLE;62;PAS-DE-CALAIS;62037;ANZIN SAINT AUBIN;0622125Y;COLLEGE PRIVE LES LOUEZ DIEU;privé sous contrat;135.0;29.6;125.1;100.9;106.1;119.9;91.7;99.5;119.3;90.1;95.5;50.31376101578666, 2.753930423050152
2024-2025;09;32;HAUTS-DE-FRANCE;09;LILLE;62;PAS-DE-CALAIS;62119;BETHUNE;0622129C;COLLEGE PRIVE SAINTE FAMILLE;privé sous contrat;123.9;29.2;125.1;100.9;106.1;119.9;91.7;99.5;119.3;90.1;95.5;50.52884968324221, 2.6433533633627184
2024-2025;09;32;HAUTS-DE-FRANCE;09;LILLE;62;PAS-DE-CALAIS;62318;ETAPLES;0622136K;COLLEGE PRIVE SAINT JOSEPH;privé sous contrat;105.9;29.1;125.1;100.9;106.1;119.9;91.7;99.5;119.3;90.1;95.5;50.51382547224079, 1.6417998303473476
2024-2025;09;32;HAUTS-DE-FRANCE;09;LILLE;62;PAS-DE-CALAIS;62361;FREVENT;0622137L;COLLEGE PRIVE SACRE COEUR;privé sous contrat;105.5;29.9;125.1;100.9;106.1;119.9;91.7;99.5;119.3;90.1;95.5;50.277344107645725, 2.2890600944098347
2024-2025;09;32;HAUTS-DE-FRANCE;09;LILLE;62;PAS-DE-CALAIS;62560;MARQUISE;0622143T;COLLEGE PRIVE SAINT MARTIN;privé sous contrat;117.5;30.6;125.1;100.9;106.1;119.9;91.7;99.5;119.3;90.1;95.5;50.812254344116965, 1.7136896558823846
2024-2025;09;32;HAUTS-DE-FRANCE;09;LILLE;62;PAS-DE-CALAIS;62250;COURRIERES;0622264Z;COLLEGE CLAUDE DEBUSSY;public;89.7;31.2;125.1;100.9;106.1;119.9;91.7;99.5;119.3;90.1;95.5;50.45243870696567, 2.9487603119270873
2024-2025;09;32;HAUTS-DE-FRANCE;09;LILLE;62;PAS-DE-CALAIS;62617;NOEUX LES MINES;0622269E;COLLEGE ANATOLE FRANCE;public;84.7;29.2;125.1;100.9;106.1;119.9;91.7;99.5;119.3;90.1;95.5;50.47179839596067, 2.6625203622757074
2024-2025;09;32;HAUTS-DE-FRANCE;09;LILLE;62;PAS-DE-CALAIS;62498;LENS;0622417R;COLLEGE MICHELET;public;77.7;26.9;125.1;100.9;106.1;119.9;91.7;99.5;119.3;90.1;95.5;50.4298593304873, 2.826930432308774
2024-2025;09;32;HAUTS-DE-FRANCE;09;LILLE;62;PAS-DE-CALAIS;62065;AVION;0622420U;COLLEGE PAUL LANGEVIN;public;77.1;25.9;125.1;100.9;106.1;119.9;91.7;99.5;119.3;90.1;95.5;50.39828810131777, 2.838520306506523
2024-2025;09;32;HAUTS-DE-FRANCE;09;LILLE;62;PAS-DE-CALAIS;62491;LAVENTIE;0622427B;COLLEGE DU PAYS DE L ALLOEU;public;114.8;33.3;125.1;100.9;106.1;119.9;91.7;99.5;119.3;90.1;95.5;50.62531607769132, 2.7703600810577025
2024-2025;09;32;HAUTS-DE-FRANCE;09;LILLE;62;PAS-DE-CALAIS;62100;BEAURAINVILLE;0622435K;COLLEGE BELREM;public;89.3;24.2;125.1;100.9;106.1;119.9;91.7;99.5;119.3;90.1;95.5;50.42293790027999, 1.8974193748602202
2024-2025;09;32;HAUTS-DE-FRANCE;09;LILLE;62;PAS-DE-CALAIS;62767;SAINT POL SUR TERNOISE;0622790W;COLLEGE ROGER SALENGRO;public;92.0;29.6;125.1;100.9;106.1;119.9;91.7;99.5;119.3;90.1;95.5;50.379591320916624, 2.3305972218706037
2024-2025;09;32;HAUTS-DE-FRANCE;09;LILLE;62;PAS-DE-CALAIS;62842;VENDIN LE VIEIL;0622792Y;COLLEGE BRACKE DESROUSSEAUX;public;93.1;28.8;125.1;100.9;106.1;119.9;91.7;99.5;119.3;90.1;95.5;50.47790567477626, 2.860990357056119
2024-2025;09;32;HAUTS-DE-FRANCE;09;LILLE;62;PAS-DE-CALAIS;62133;BILLY MONTIGNY;0622793Z;COLLEGE DAVID MARCELLE;public;83.3;28.4;125.1;100.9;106.1;119.9;91.7;99.5;119.3;90.1;95.5;50.41608045486609, 2.921099632581262
2024-2025;09;32;HAUTS-DE-FRANCE;09;LILLE;62;PAS-DE-CALAIS;62004;ACHICOURT;0622863A;COLLEGE ADAM DE LA HALLE;public;97.8;32.8;125.1;100.9;106.1;119.9;91.7;99.5;119.3;90.1;95.5;50.26837738946462, 2.7673305314071426
2024-2025;09;32;HAUTS-DE-FRANCE;09;LILLE;62;PAS-DE-CALAIS;62451;HEUCHIN;0622866D;COLLEGE JACQUES PREVERT;public;91.5;26.1;125.1;100.9;106.1;119.9;91.7;99.5;119.3;90.1;95.5;50.47439192291763, 2.2688603220749526
2024-2025;09;32;HAUTS-DE-FRANCE;09;LILLE;62;PAS-DE-CALAIS;62902;WIZERNES;0622874M;COLLEGE RENE CASSIN;public;86.1;29.2;125.1;100.9;106.1;119.9;91.7;99.5;119.3;90.1;95.5;50.71584944339516, 2.231910192482097
2024-2025;09;32;HAUTS-DE-FRANCE;09;LILLE;62;PAS-DE-CALAIS;62765;SAINT OMER;0622907Y;COLLEGE DE LA MORINIE;public;77.9;26.4;125.1;100.9;106.1;119.9;91.7;99.5;119.3;90.1;95.5;50.74773575087692, 2.26844997765505
2024-2025;09;32;HAUTS-DE-FRANCE;09;LILLE;62;PAS-DE-CALAIS;62274;DOURGES;0623322Z;COLLEGE ANNE FRANK;public;93.3;30.9;125.1;100.9;106.1;119.9;91.7;99.5;119.3;90.1;95.5;50.42905572095348, 2.9941200896855036
2024-2025;09;32;HAUTS-DE-FRANCE;09;LILLE;62;PAS-DE-CALAIS;62765;SAINT OMER;0623574Y;COLLEGE PRIVE NOTRE DAME DE SION;privé sous contrat;114.2;31.7;125.1;100.9;106.1;119.9;91.7;99.5;119.3;90.1;95.5;50.75402602776089, 2.2559104276682307
2025-2026;09;32;HAUTS-DE-FRANCE;09;LILLE;59;NORD;59269;GOUZEAUCOURT;0590087Z;COLLEGE PHARAMOND SAVARY;public;96.2;30.0;125.5;100.8;106.2;120.6;91.9;99.8;120.8;93.0;102.0;50.05717546786334, 3.1281674339819734
2025-2026;09;32;HAUTS-DE-FRANCE;09;LILLE;59;NORD;59183;DUNKERQUE;0590200X;COLLEGE ROBESPIERRE;public;82.5;26.1;125.5;100.8;106.2;120.6;91.9;99.8;120.8;93.0;102.0;51.03061093896889, 2.351990212137265
2025-2026;09;32;HAUTS-DE-FRANCE;09;LILLE;59;NORD;59654;WAZIERS;0590238N;COLLEGE ROMAIN ROLLAND;public;79.6;24.6;125.5;100.8;106.2;120.6;91.9;99.8;120.8;93.0;102.0;50.38602048362716, 3.107990599187455
2025-2026;09;32;HAUTS-DE-FRANCE;09;LILLE;59;NORD;59291;HAUTMONT;0592634T;COLLEGE ANTOINE DE SAINT EXUPERY;public;85.6;30.7;125.5;100.8;106.2;120.6;91.9;99.8;120.8;93.0;102.0;50.24532696812899, 3.909300273180787
2025-2026;09;32;HAUTS-DE-FRANCE;09;LILLE;59;NORD;59606;VALENCIENNES;0592715F;COLLEGE CHARLES EISEN;public;114.8;40.1;125.5;100.8;106.2;120.6;91.9;99.8;120.8;93.0;102.0;50.365060906353754, 3.5320595657419096
2025-2026;09;32;HAUTS-DE-FRANCE;09;LILLE;59;NORD;59512;ROUBAIX;0592886S;COLLEGE PRIVE PASCAL;privé sous contrat;84.7;26.7;125.5;100.8;106.2;120.6;91.9;99.8;120.8;93.0;102.0;50.68954712102181, 3.175910611533584
2025-2026;09;32;HAUTS-DE-FRANCE;09;LILLE;59;NORD;59343;LESQUIN;0592889V;COLLEGE PRIVE CHARLEMAGNE;privé sous contrat;134.1;31.4;125.5;100.8;106.2;120.6;91.9;99.8;120.8;93.0;102.0;50.58895043145214, 3.116759838764182
2025-2026;09;32;HAUTS-DE-FRANCE;09;LILLE;59;NORD;59053;BAVAY;0592924H;COLLEGE PRIVE NOTRE DAME DE L ASSOMPTION;privé sous contrat;124.2;32.5;125.5;100.8;106.2;120.6;91.9;99.8;120.8;93.0;102.0;50.29775936616095, 3.7931281724438533
2025-2026;09;32;HAUTS-DE-FRANCE;09;LILLE;59;NORD;59043;BAILLEUL;0592930P;COLLEGE PRIVE IMMACULEE CONCEPTION;privé sous contrat;119.9;31.6;125.5;100.8;106.2;120.6;91.9;99.8;120.8;93.0;102.0;50.739086043548625, 2.7297706785714615
2025-2026;09;32;HAUTS-DE-FRANCE;09;LILLE;59;NORD;59051;LA BASSEE;0592950L;COLLEGE PRIVE NOTRE DAME;privé sous contrat;120.5;28.9;125.5;100.8;106.2;120.6;91.9;99.8;120.8;93.0;102.0;50.531791012819646, 2.800499988934632
2025-2026;09;32;HAUTS-DE-FRANCE;09;LILLE;59;NORD;59152;COMINES;0592959W;COLLEGE PRIVE SAINT JOSEPH;privé sous contrat;116.2;32.0;125.5;100.8;106.2;120.6;91.9;99.8;120.8;93.0;102.0;50.7616047561587, 3.004620284383206
2025-2026;09;32;HAUTS-DE-FRANCE;09;LILLE;59;NORD;59168;CYSOING;0592960X;COLLEGE PRIVE NOTRE DAME;privé sous contrat;136.1;25.3;125.5;100.8;106.2;120.6;91.9;99.8;120.8;93.0;102.0;50.569808666277225, 3.215230309475054
2025-2026;09;32;HAUTS-DE-FRANCE;09;LILLE;59;NORD;59212;ESTAIRES;0593103C;COLLEGE PRIVE SACRE COEUR;privé sous contrat;101.2;31.4;125.5;100.8;106.2;120.6;91.9;99.8;120.8;93.0;102.0;50.646827656982204, 2.719369595601835
2025-2026;09;32;HAUTS-DE-FRANCE;09;LILLE;59;NORD;59599;TOURCOING;0593140T;COLLEGE PRIVE NOTRE DAME IMMACULEE;privé sous contrat;103.3;34.3;125.5;100.8;106.2;120.6;91.9;99.8;120.8;93.0;102.0;50.72472928748168, 3.154585172320493
2025-2026;09;32;HAUTS-DE-FRANCE;09;LILLE;59;NORD;59560;SECLIN;0593145Y;COLLEGE PRIVE IMMACULEE CONCEPTION;privé sous contrat;137.9;28.7;125.5;100.8;106.2;120.6;91.9;99.8;120.8;93.0;102.0;50.55542622598174, 3.032630662297361
2025-2026;09;32;HAUTS-DE-FRANCE;09;LILLE;59;NORD;59599;TOURCOING;0593149C;COLLEGE PRIVE CHARLES DE FOUCAULD;privé sous contrat;98.4;32.3;125.5;100.8;106.2;120.6;91.9;99.8;120.8;93.0;102.0;50.72559677272824, 3.1338694302671253
2025-2026;09;32;HAUTS-DE-FRANCE;09;LILLE;59;NORD;59599;TOURCOING;0593152F;COLLEGE PRIVE CARDINAL LIENART;privé sous contrat;87.0;25.3;125.5;100.8;106.2;120.6;91.9;99.8;120.8;93.0;102.0;50.728557164837596, 3.1560403988608905
2025-2026;09;32;HAUTS-DE-FRANCE;09;LILLE;59;NORD;59650;WATTRELOS;0593160P;COLLEGE PRIVE SAINT JOSEPH LA SALLE;privé sous contrat;108.9;33.3;125.5;100.8;106.2;120.6;91.9;99.8;120.8;93.0;102.0;50.70154344552214, 3.218529762632989
2025-2026;09;32;HAUTS-DE-FRANCE;09;LILLE;59;NORD;59350;LILLE;0593180L;COLLEGE ANTOINE DE SAINT EXUPERY;public;99.0;39.1;125.5;100.8;106.2;120.6;91.9;99.8;120.8;93.0;102.0;50.628730431452865, 3.1185919783385483
2025-2026;09;32;HAUTS-DE-FRANCE;09;LILLE;59;NORD;59410;MONS EN BAROEUL;0593218C;COLLEGE PRIVE LACORDAIRE;privé sous contrat;125.6;33.5;125.5;100.8;106.2;120.6;91.9;99.8;120.8;93.0;102.0;50.641612858191934, 3.0958697192505484
2025-2026;09;32;HAUTS-DE-FRANCE;09;LILLE;59;NORD;59051;LA BASSEE;0593231S;COLLEGE ALBERT SCHWEITZER;public;100.1;31.0;125.5;100.8;106.2;120.6;91.9;99.8;120.8;93.0;102.0;50.535220245931804, 2.8111599077333573
2025-2026;09;32;HAUTS-DE-FRANCE;09;LILLE;59;NORD;59360;LOOS;0593233U;COLLEGE PROFESSEUR ALBERT DEBEYRE;public;94.8;33.9;125.5;100.8;106.2;120.6;91.9;99.8;120.8;93.0;102.0;50.61198061344932, 3.0212300656807765
2025-2026;09;32;HAUTS-DE-FRANCE;09;LILLE;59;NORD;59011;ANNOEULLIN;0593234V;COLLEGE ALBERT BALL;public;114.4;34.4;125.5;100.8;106.2;120.6;91.9;99.8;120.8;93.0;102.0;50.53340847736127, 2.931829619272259
2025-2026;09;32;HAUTS-DE-FRANCE;09;LILLE;59;NORD;59350;LILLE;0593235W;COLLEGE BORIS VIAN;public;93.0;39.4;125.5;100.8;106.2;120.6;91.9;99.8;120.8;93.0;102.0;50.63132395149781, 3.094625337133136
2025-2026;09;32;HAUTS-DE-FRANCE;09;LILLE;59;NORD;59509;ROOST WARENDIN;0593251N;COLLEGE DOCTEUR ERNEST SCHAFFNER;public;98.1;32.6;125.5;100.8;106.2;120.6;91.9;99.8;120.8;93.0;102.0;50.41353020793823, 3.108330457286914
2025-2026;09;32;HAUTS-DE-FRANCE;09;LILLE;59;NORD;59249;FOURMIES;0593252P;COLLEGE LEO LAGRANGE;public;82.3;28.6;125.5;100.8;106.2;120.6;91.9;99.8;120.8;93.0;102.0;50.021085726859674, 4.050690661024452
2025-2026;09;32;HAUTS-DE-FRANCE;09;LILLE;59;NORD;59653;WAVRIN;0593475G;COLLEGE LEON BLUM;public;111.1;33.6;125.5;100.8;106.2;120.6;91.9;99.8;120.8;93.0;102.0;50.571996731098764, 2.9399274470057177
2025-2026;09;32;HAUTS-DE-FRANCE;09;LILLE;59;NORD;59327;LALLAING;0593482P;COLLEGE FREDERIC JOLIOT CURIE;public;85.0;26.2;125.5;100.8;106.2;120.6;91.9;99.8;120.8;93.0;102.0;50.38278261710616, 3.1725305000597075
2025-2026;09;32;HAUTS-DE-FRANCE;09;LILLE;59;NORD;59179;DOUCHY LES MINES;0593484S;COLLEGE EMILE LITTRE;public;83.1;27.5;125.5;100.8;106.2;120.6;91.9;99.8;120.8;93.0;102.0;50.30026003135326, 3.398559394578643
2025-2026;09;32;HAUTS-DE-FRANCE;09;LILLE;59;NORD;59122;CAMBRAI;0593488W;COLLEGE LAMARTINE;public;89.3;33.7;125.5;100.8;106.2;120.6;91.9;99.8;120.8;93.0;102.0;50.158508690819055, 3.263580630801944
2025-2026;09;32;HAUTS-DE-FRANCE;09;LILLE;59;NORD;59155;COUDEKERQUE BRANCHE;0593494C;COLLEGE BORIS VIAN;public;89.7;27.2;125.5;100.8;106.2;120.6;91.9;99.8;120.8;93.0;102.0;51.01693601648694, 2.3900903125484936
2025-2026;09;32;HAUTS-DE-FRANCE;09;LILLE;59;NORD;59368;LA MADELEINE;0593658F;COLLEGE YVONNE ABBAS;public;97.6;37.8;125.5;100.8;106.2;120.6;91.9;99.8;120.8;93.0;102.0;50.652658361725656, 3.065119524583582
2025-2026;09;32;HAUTS-DE-FRANCE;09;LILLE;59;NORD;59512;ROUBAIX;0593667R;COLLEGE ROSA PARKS;public;63.3;19.4;125.5;100.8;106.2;120.6;91.9;99.8;120.8;93.0;102.0;50.701429666195004, 3.1864605337728373
2025-2026;09;32;HAUTS-DE-FRANCE;09;LILLE;59;NORD;59508;RONCQ;0593668S;COLLEGE PAUL ELUARD;public;95.3;32.7;125.5;100.8;106.2;120.6;91.9;99.8;120.8;93.0;102.0;50.74973221349122, 3.1268566285505814
2025-2026;09;32;HAUTS-DE-FRANCE;09;LILLE;59;NORD;59343;LESQUIN;0593991T;COLLEGE THEODORE MONOD;public;124.0;37.2;125.5;100.8;106.2;120.6;91.9;99.8;120.8;93.0;102.0;50.58997542740828, 3.1108169574698388
2025-2026;09;32;HAUTS-DE-FRANCE;09;LILLE;59;NORD;59378;MARCQ EN BAROEUL;0594287P;COLLEGE ROUGES BARRES;public;110.5;39.6;125.5;100.8;106.2;120.6;91.9;99.8;120.8;93.0;102.0;50.65706606446519, 3.0948799749375424
2025-2026;09;32;HAUTS-DE-FRANCE;09;LILLE;59;NORD;59452;OSTRICOURT;0594290T;COLLEGE HENRI MATISSE;public;82.7;26.8;125.5;100.8;106.2;120.6;91.9;99.8;120.8;93.0;102.0;50.457575681553536, 3.026609554977936
2025-2026;09;32;HAUTS-DE-FRANCE;09;LILLE;59;NORD;59028;AUBY;0594297A;COLLEGE VICTOR HUGO;public;81.0;24.5;125.5;100.8;106.2;120.6;91.9;99.8;120.8;93.0;102.0;50.412707862648475, 3.0535806066000877
2025-2026;09;32;HAUTS-DE-FRANCE;09;LILLE;59;NORD;59599;TOURCOING;0594394F;COLLEGE MARIE CURIE;public;79.7;31.2;125.5;100.8;106.2;120.6;91.9;99.8;120.8;93.0;102.0;50.718868994902444, 3.1545501387874855
2025-2026;09;32;HAUTS-DE-FRANCE;09;LILLE;59;NORD;59207;ESCAUTPONT;0594409X;COLLEGE JEAN ZAY;public;70.3;20.3;125.5;100.8;106.2;120.6;91.9;99.8;120.8;93.0;102.0;50.42078147044804, 3.5518399557173934
2025-2026;09;32;HAUTS-DE-FRANCE;09;LILLE;59;NORD;59418;MORTAGNE DU NORD;0594410Y;COLLEGE FERNIG;public;101.2;33.7;125.5;100.8;106.2;120.6;91.9;99.8;120.8;93.0;102.0;50.49682643022259, 3.4521995558918843
2025-2026;09;32;HAUTS-DE-FRANCE;09;LILLE;59;NORD;59426;NEUVILLE EN FERRAIN;0594537L;COLLEGE JULES VERNE;public;107.7;34.7;125.5;100.8;106.2;120.6;91.9;99.8;120.8;93.0;102.0;50.74748021155926, 3.1643105640649147
2025-2026;09;32;HAUTS-DE-FRANCE;09;LILLE;59;NORD;59457;PERENCHIES;0594628K;COLLEGE JACQUES MONOD;public;111.6;35.0;125.5;100.8;106.2;120.6;91.9;99.8;120.8;93.0;102.0;50.6696987944097, 2.97350955943881
2025-2026;09;32;HAUTS-DE-FRANCE;09;LILLE;59;NORD;59317;HOUPLINES;0594638W;COLLEGE ROGER SALENGRO;public;96.7;31.3;125.5;100.8;106.2;120.6;91.9;99.8;120.8;93.0;102.0;50.6874893834522, 2.9184296508224232
2025-2026;09;32;HAUTS-DE-FRANCE;09;LILLE;59;NORD;59094;BOURBOURG;0594640Y;COLLEGE JEAN JAURES;public;84.8;27.0;125.5;100.8;106.2;120.6;91.9;99.8;120.8;93.0;102.0;50.94458059613789, 2.2003199174355488
2025-2026;09;32;HAUTS-DE-FRANCE;09;LILLE;59;NORD;59544;SAINT SAULVE;0594644C;COLLEGE LAVOISIER;public;95.0;35.7;125.5;100.8;106.2;120.6;91.9;99.8;120.8;93.0;102.0;50.364495736345354, 3.55778945950352
2025-2026;09;32;HAUTS-DE-FRANCE;09;LILLE;59;NORD;59512;ROUBAIX;0595168X;COLLEGE MAXENCE VAN DER MEERSCH;public;70.1;18.7;125.5;100.8;106.2;120.6;91.9;99.8;120.8;93.0;102.0;50.681280837629195, 3.2072199693145738
2025-2026;09;32;HAUTS-DE-FRANCE;09;LILLE;59;NORD;59331;LANDRECIES;0595178H;COLLEGE DUPLEIX;public;98.1;34.4;125.5;100.8;106.2;120.6;91.9;99.8;120.8;93.0;102.0;50.12237464869933, 3.6866104835807536
2025-2026;09;32;HAUTS-DE-FRANCE;09;LILLE;59;NORD;59009;VILLENEUVE D ASCQ;0595328W;COLLEGE SIMONE DE BEAUVOIR;public;80.3;29.7;125.5;100.8;106.2;120.6;91.9;99.8;120.8;93.0;102.0;50.62942944171095, 3.130319950410022
2025-2026;09;32;HAUTS-DE-FRANCE;09;LILLE;59;NORD;59295;HAZEBROUCK;0595391P;COLLEGE PRIVE SAINT JACQUES;privé sous contrat;122.5;30.8;125.5;100.8;106.2;120.6;91.9;99.8;120.8;93.0;102.0;50.72335632938025, 2.5300914913902157
2025-2026;09;32;HAUTS-DE-FRANCE;09;LILLE;59;NORD;59009;VILLENEUVE D ASCQ;0595656C;COLLEGE CAMILLE CLAUDEL;public;109.1;37.2;125.5;100.8;106.2;120.6;91.9;99.8;120.8;93.0;102.0;50.639299202164814, 3.1589495398639804
2025-2026;09;32;HAUTS-DE-FRANCE;09;LILLE;59;NORD;59272;GRAND FORT PHILIPPE;0595712N;COLLEGE JEAN MONNET;public;93.4;28.4;125.5;100.8;106.2;120.6;91.9;99.8;120.8;93.0;102.0;50.99529548371293, 2.109440545763145
2025-2026;09;32;HAUTS-DE-FRANCE;09;LILLE;59;NORD;59378;MARCQ EN BAROEUL;0595993U;COLLEGE PRIVE JEANNINE MANUEL;privé sous contrat;158.2;19.9;125.5;100.8;106.2;120.6;91.9;99.8;120.8;93.0;102.0;50.690549419752486, 3.121119875573242
2025-2026;09;32;HAUTS-DE-FRANCE;09;LILLE;59;NORD;59431;NIEPPE;0596988A;COLLEGE JEANNE DE CONSTANTINOPLE;public;105.1;31.8;125.5;100.8;106.2;120.6;91.9;99.8;120.8;93.0;102.0;50.69509445056544, 2.851530298837395
2025-2026;09;32;HAUTS-DE-FRANCE;09;LILLE;62;PAS-DE-CALAIS;62057;AUDRUICQ;0620024P;COLLEGE DU BREDENARDE;public;95.8;31.6;125.5;100.8;106.2;120.6;91.9;99.8;120.0;90.2;95.8;50.87715138021697, 2.0697094187709673
2025-2026;09;32;HAUTS-DE-FRANCE;09;LILLE;62;PAS-DE-CALAIS;62447;HESDIN LA FORET;0620099W;COLLEGE DES 7 VALLEES;public;84.7;28.7;125.5;100.8;106.2;120.6;91.9;99.8;120.0;90.2;95.8;50.36992994909537, 2.0397337505951407
2025-2026;09;32;HAUTS-DE-FRANCE;09;LILLE;62;PAS-DE-CALAIS;62528;LOOS EN GOHELLE;0620123X;COLLEGE RENE CASSIN;public;90.7;30.8;125.5;100.8;106.2;120.6;91.9;99.8;120.0;90.2;95.8;50.45701667971794, 2.7957198521998277
2025-2026;09;32;HAUTS-DE-FRANCE;09;LILLE;62;PAS-DE-CALAIS;62193;CALAIS;0620196B;COLLEGE JEAN JAURES;public;84.7;28.5;125.5;100.8;106.2;120.6;91.9;99.8;120.0;90.2;95.8;50.95260540409165, 1.8562901901170819
2025-2026;09;32;HAUTS-DE-FRANCE;09;LILLE;62;PAS-DE-CALAIS;62497;LEFOREST;0622085E;COLLEGE PAUL DUEZ;public;94.5;29.8;125.5;100.8;106.2;120.6;91.9;99.8;120.0;90.2;95.8;50.43887615919263, 3.054589523121761
2025-2026;09;32;HAUTS-DE-FRANCE;09;LILLE;62;PAS-DE-CALAIS;62040;ARQUES;0622093N;COLLEGE PIERRE MENDES FRANCE;public;91.0;28.1;125.5;100.8;106.2;120.6;91.9;99.8;120.0;90.2;95.8;50.73703528790606, 2.300609849590099
2025-2026;09;32;HAUTS-DE-FRANCE;09;LILLE;62;PAS-DE-CALAIS;62014;AIRE SUR LA LYS;0622094P;COLLEGE JEAN JAURES;public;88.2;28.6;125.5;100.8;106.2;120.6;91.9;99.8;120.0;90.2;95.8;50.635453038636626, 2.4006094467249137
2025-2026;09;32;HAUTS-DE-FRANCE;09;LILLE;62;PAS-DE-CALAIS;62170;BOUVIGNY BOYEFFLES;0622108E;COLLEGE PRIVE SAINT FRANCOIS;privé sous contrat;118.9;28.3;125.5;100.8;106.2;120.6;91.9;99.8;120.0;90.2;95.8;50.42062145251453, 2.668040560751657
2025-2026;09;32;HAUTS-DE-FRANCE;09;LILLE;62;PAS-DE-CALAIS;62765;SAINT OMER;0622119S;COLLEGE PRIVE SAINT BERTIN;privé sous contrat;100.7;31.6;125.5;100.8;106.2;120.6;91.9;99.8;120.0;90.2;95.8;50.74867790656738, 2.2597959069389364
2025-2026;09;32;HAUTS-DE-FRANCE;09;LILLE;62;PAS-DE-CALAIS;62767;SAINT POL SUR TERNOISE;0622121U;COLLEGE PRIVE SAINT LOUIS;privé sous contrat;114.2;27.9;125.5;100.8;106.2;120.6;91.9;99.8;120.0;90.2;95.8;50.38038661655527, 2.3377303699610135
2025-2026;09;32;HAUTS-DE-FRANCE;09;LILLE;62;PAS-DE-CALAIS;62038;ARDRES;0622123W;COLLEGE PRIVE NOTRE DAME DE GRACE;privé sous contrat;104.2;28.1;125.5;100.8;106.2;120.6;91.9;99.8;120.0;90.2;95.8;50.852534299793454, 1.9780544837060388
2025-2026;09;32;HAUTS-DE-FRANCE;09;LILLE;62;PAS-DE-CALAIS;62318;ETAPLES;0622136K;COLLEGE PRIVE SAINT JOSEPH;privé sous contrat;107.5;28.8;125.5;100.8;106.2;120.6;91.9;99.8;120.0;90.2;95.8;50.51382547224079, 1.6417998303473476
2025-2026;09;32;HAUTS-DE-FRANCE;09;LILLE;62;PAS-DE-CALAIS;62083;BARLIN;0622268D;COLLEGE JEAN MOULIN;public;86.0;27.9;125.5;100.8;106.2;120.6;91.9;99.8;120.0;90.2;95.8;50.4579458797513, 2.622779628122749
2025-2026;09;32;HAUTS-DE-FRANCE;09;LILLE;62;PAS-DE-CALAIS;62065;AVION;0622422W;COLLEGE JEAN JACQUES ROUSSEAU;public;86.0;28.6;125.5;100.8;106.2;120.6;91.9;99.8;120.0;90.2;95.8;50.40449324585825, 2.825990625524639
2025-2026;09;32;HAUTS-DE-FRANCE;09;LILLE;62;PAS-DE-CALAIS;62427;HENIN BEAUMONT;0622581U;COLLEGE GERARD PHILIPE;public;84.4;27.4;125.5;100.8;106.2;120.6;91.9;99.8;120.0;90.2;95.8;50.42149494047896, 2.9431206699958947
2025-2026;09;32;HAUTS-DE-FRANCE;09;LILLE;62;PAS-DE-CALAIS;62842;VENDIN LE VIEIL;0622792Y;COLLEGE BRACKE DESROUSSEAUX;public;92.9;28.3;125.5;100.8;106.2;120.6;91.9;99.8;120.0;90.2;95.8;50.47790567477626, 2.860990357056119
2025-2026;09;32;HAUTS-DE-FRANCE;09;LILLE;62;PAS-DE-CALAIS;62035;ANNEZIN;0622797D;COLLEGE LIBERTE;public;97.9;30.9;125.5;100.8;106.2;120.6;91.9;99.8;120.0;90.2;95.8;50.539916212912246, 2.6217102527681235
2025-2026;09;32;HAUTS-DE-FRANCE;09;LILLE;62;PAS-DE-CALAIS;62004;ACHICOURT;0622863A;COLLEGE ADAM DE LA HALLE;public;98.2;32.9;125.5;100.8;106.2;120.6;91.9;99.8;120.0;90.2;95.8;50.26837738946462, 2.7673305314071426
2025-2026;09;32;HAUTS-DE-FRANCE;09;LILLE;62;PAS-DE-CALAIS;62773;SAMER;0622950V;COLLEGE LE TRION;public;101.1;31.9;125.5;100.8;106.2;120.6;91.9;99.8;120.0;90.2;95.8;50.6389119378196, 1.7501737392551557
2025-2026;09;32;HAUTS-DE-FRANCE;09;LILLE;62;PAS-DE-CALAIS;62637;OIGNIES;0623018U;COLLEGE LOUIS PASTEUR;public;83.7;26.0;125.5;100.8;106.2;120.6;91.9;99.8;120.0;90.2;95.8;50.47531115423204, 2.9906698743988436
2025-2026;09;32;HAUTS-DE-FRANCE;09;LILLE;62;PAS-DE-CALAIS;62119;BETHUNE;0623569T;COLLEGE PRIVE SAINT VAAST SAINT DOMINIQUE;privé sous contrat;130.9;30.8;125.5;100.8;106.2;120.6;91.9;99.8;120.0;90.2;95.8;50.533703979174014, 2.641879712339206
2025-2026;09;32;HAUTS-DE-FRANCE;09;LILLE;62;PAS-DE-CALAIS;62774;SANGATTE;0623865P;COLLEGE LOUIS BLERIOT;public;110.7;34.2;125.5;100.8;106.2;120.6;91.9;99.8;120.0;90.2;95.8;50.956178611815155, 1.8170695183429149
2023-2024;09;32;HAUTS-DE-FRANCE;09;LILLE;59;NORD;59008;ANICHE;0590002G;COLLEGE THEODORE MONOD;public;82.0;25.7;124.1;100.9;105.9;119.0;91.2;98.9;119.0;92.2;100.8;50.33181566173207, 3.247760687010971
2023-2024;09;32;HAUTS-DE-FRANCE;09;LILLE;59;NORD;59459;PETITE FORET;0590007M;COLLEGE PIERRE GILLES DE GENNES;public;90.4;30.4;124.1;100.9;105.9;119.0;91.2;98.9;119.0;92.2;100.8;50.36562803338223, 3.476989834504741
2023-2024;09;32;HAUTS-DE-FRANCE;09;LILLE;59;NORD;59112;BRUAY SUR L ESCAUT;0590031N;COLLEGE JEAN MACE;public;76.2;23.6;124.1;100.9;105.9;119.0;91.2;98.9;119.0;92.2;100.8;50.399192131331574, 3.545290512818122
2023-2024;09;32;HAUTS-DE-FRANCE;09;LILLE;59;NORD;59139;CAUDRY;0590046E;COLLEGE JEAN MONNET;public;81.1;27.4;124.1;100.9;105.9;119.0;91.2;98.9;119.0;92.2;100.8;50.126760222561636, 3.4039695542541724
2023-2024;09;32;HAUTS-DE-FRANCE;09;LILLE;59;NORD;59157;COUSOLRE;0590055P;COLLEGE ALFRED JENNEPIN;public;92.2;27.5;124.1;100.9;105.9;119.0;91.2;98.9;119.0;92.2;100.8;50.24388496161089, 4.153389475665061
2023-2024;09;32;HAUTS-DE-FRANCE;09;LILLE;59;NORD;59631;WALINCOURT SELVIGNY;0590228C;COLLEGE FRANCOIS VILLON;public;90.8;32.1;124.1;100.9;105.9;119.0;91.2;98.9;119.0;92.2;100.8;50.07482514571605, 3.341450544534616
2023-2024;09;32;HAUTS-DE-FRANCE;09;LILLE;59;NORD;59291;HAUTMONT;0592634T;COLLEGE ANTOINE DE SAINT EXUPERY AUGUSTE PERIER;public;82.2;29.6;124.1;100.9;105.9;119.0;91.2;98.9;119.0;92.2;100.8;50.24532696812899, 3.909300273180787
2023-2024;09;32;HAUTS-DE-FRANCE;09;LILLE;59;NORD;59350;LILLE;0592890W;COLLEGE PRIVE SAINT JOSEPH;privé sous contrat;90.5;32.4;124.1;100.9;105.9;119.0;91.2;98.9;119.0;92.2;100.8;50.6163898548658, 3.0256794624564773
2023-2024;09;32;HAUTS-DE-FRANCE;09;LILLE;59;NORD;59352;LINSELLES;0592895B;COLLEGE PRIVE SAINTE MARIE;privé sous contrat;131.0;29.0;124.1;100.9;105.9;119.0;91.2;98.9;119.0;92.2;100.8;50.73996706399982, 3.0778406675862393
2023-2024;09;32;HAUTS-DE-FRANCE;09;LILLE;59;NORD;59527;SAINT ANDRE LEZ LILLE;0592911U;COLLEGE PRIVE SAINT JOSEPH;privé sous contrat;109.9;30.4;124.1;100.9;105.9;119.0;91.2;98.9;119.0;92.2;100.8;50.662617705826136, 3.0537598214329
2023-2024;09;32;HAUTS-DE-FRANCE;09;LILLE;59;NORD;59155;COUDEKERQUE BRANCHE;0593120W;COLLEGE PRIVE DE LA SALLE;privé sous contrat;102.2;27.9;124.1;100.9;105.9;119.0;91.2;98.9;119.0;92.2;100.8;51.0241851393024, 2.39382998679485
2023-2024;09;32;HAUTS-DE-FRANCE;09;LILLE;59;NORD;59279;HALLUIN;0593125B;COLLEGE PRIVE SACRE COEUR;privé sous contrat;101.8;32.2;124.1;100.9;105.9;119.0;91.2;98.9;119.0;92.2;100.8;50.782033591394054, 3.122910706210094
2023-2024;09;32;HAUTS-DE-FRANCE;09;LILLE;59;NORD;59599;TOURCOING;0593152F;COLLEGE PRIVE CARDINAL LIENART;privé sous contrat;82.8;27.3;124.1;100.9;105.9;119.0;91.2;98.9;119.0;92.2;100.8;50.728557164837596, 3.1560403988608905
2023-2024;09;32;HAUTS-DE-FRANCE;09;LILLE;59;NORD;59606;VALENCIENNES;0593155J;COLLEGE PRIVE SAINT JEAN BAPTISTE DE LA SALLE;privé sous contrat;119.3;32.4;124.1;100.9;105.9;119.0;91.2;98.9;119.0;92.2;100.8;50.35460596601691, 3.5140701106417165
2023-2024;09;32;HAUTS-DE-FRANCE;09;LILLE;59;NORD;59360;LOOS;0593233U;COLLEGE PROFESSEUR ALBERT DEBEYRE;public;95.3;33.2;124.1;100.9;105.9;119.0;91.2;98.9;119.0;92.2;100.8;50.61198061344932, 3.0212300656807765
2023-2024;09;32;HAUTS-DE-FRANCE;09;LILLE;59;NORD;59367;LYS LEZ LANNOY;0593240B;COLLEGE GAMBETTA;public;91.6;33.2;124.1;100.9;105.9;119.0;91.2;98.9;119.0;92.2;100.8;50.67870670141196, 3.2154206179818767
2023-2024;09;32;HAUTS-DE-FRANCE;09;LILLE;59;NORD;59249;FOURMIES;0593252P;COLLEGE LEO LAGRANGE;public;84.6;30.9;124.1;100.9;105.9;119.0;91.2;98.9;119.0;92.2;100.8;50.021085726859674, 4.050690661024452
2023-2024;09;32;HAUTS-DE-FRANCE;09;LILLE;59;NORD;59220;FACHES THUMESNIL;0593476H;COLLEGE JEAN MERMOZ;public;111.4;37.3;124.1;100.9;105.9;119.0;91.2;98.9;119.0;92.2;100.8;50.59610598148052, 3.0720398652486036
2023-2024;09;32;HAUTS-DE-FRANCE;09;LILLE;59;NORD;59067;BERGUES;0593479L;COLLEGE WENCESLAS COBERGHER;public;102.1;31.3;124.1;100.9;105.9;119.0;91.2;98.9;119.0;92.2;100.8;50.96659100576805, 2.4322903561075293
2023-2024;09;32;HAUTS-DE-FRANCE;09;LILLE;59;NORD;59327;LALLAING;0593482P;COLLEGE FREDERIC JOLIOT CURIE;public;83.5;28.0;124.1;100.9;105.9;119.0;91.2;98.9;119.0;92.2;100.8;50.38278261710616, 3.1725305000597075
2023-2024;09;32;HAUTS-DE-FRANCE;09;LILLE;59;NORD;59179;DOUCHY LES MINES;0593484S;COLLEGE EMILE LITTRE;public;82.6;27.1;124.1;100.9;105.9;119.0;91.2;98.9;119.0;92.2;100.8;50.30026003135326, 3.398559394578643
2023-2024;09;32;HAUTS-DE-FRANCE;09;LILLE;59;NORD;59183;DUNKERQUE;0593664M;COLLEGE LUCIE AUBRAC;public;72.1;24.2;124.1;100.9;105.9;119.0;91.2;98.9;119.0;92.2;100.8;51.02151982236385, 2.3566876381128563
2023-2024;09;32;HAUTS-DE-FRANCE;09;LILLE;59;NORD;59512;ROUBAIX;0593667R;COLLEGE ROSA PARKS;public;63.7;19.2;124.1;100.9;105.9;119.0;91.2;98.9;119.0;92.2;100.8;50.701429666195004, 3.1864605337728373
2023-2024;09;32;HAUTS-DE-FRANCE;09;LILLE;59;NORD;59606;VALENCIENNES;0593680E;COLLEGE JOSEPHINE BAKER;public;66.3;19.3;124.1;100.9;105.9;119.0;91.2;98.9;119.0;92.2;100.8;50.355747136749194, 3.5038220362532377
2023-2024;09;32;HAUTS-DE-FRANCE;09;LILLE;59;NORD;59365;LOUVROIL;0593686L;COLLEGE JACQUES BREL;public;71.6;26.2;124.1;100.9;105.9;119.0;91.2;98.9;119.0;92.2;100.8;50.26333776604779, 3.9650896805773166
2023-2024;09;32;HAUTS-DE-FRANCE;09;LILLE;59;NORD;59343;LESQUIN;0593991T;COLLEGE THEODORE MONOD;public;121.8;35.3;124.1;100.9;105.9;119.0;91.2;98.9;119.0;92.2;100.8;50.58997542740828, 3.1108169574698388
2023-2024;09;32;HAUTS-DE-FRANCE;09;LILLE;59;NORD;59512;ROUBAIX;0594389A;COLLEGE ANNE FRANK;public;65.7;18.8;124.1;100.9;105.9;119.0;91.2;98.9;119.0;92.2;100.8;50.6940448027289, 3.1758006508446877
2023-2024;09;32;HAUTS-DE-FRANCE;09;LILLE;59;NORD;59599;TOURCOING;0594394F;COLLEGE MARIE CURIE;public;80.2;34.2;124.1;100.9;105.9;119.0;91.2;98.9;119.0;92.2;100.8;50.718868994902444, 3.1545501387874855
2023-2024;09;32;HAUTS-DE-FRANCE;09;LILLE;59;NORD;59324;JEUMONT;0594418G;COLLEGE CHARLES DE GAULLE;public;74.3;23.2;124.1;100.9;105.9;119.0;91.2;98.9;119.0;92.2;100.8;50.3030779347669, 4.090250109750892
2023-2024;09;32;HAUTS-DE-FRANCE;09;LILLE;59;NORD;59431;NIEPPE;0594505B;COLLEGE PRIVE SAINT MARTIN;privé sous contrat;119.0;28.3;124.1;100.9;105.9;119.0;91.2;98.9;119.0;92.2;100.8;50.69853262090489, 2.8467205504689828
2023-2024;09;32;HAUTS-DE-FRANCE;09;LILLE;59;NORD;59648;WATTIGNIES;0594524X;COLLEGE JEAN MOULIN;public;75.5;24.2;124.1;100.9;105.9;119.0;91.2;98.9;119.0;92.2;100.8;50.59193523772984, 3.045949585843362
2023-2024;09;32;HAUTS-DE-FRANCE;09;LILLE;59;NORD;59299;HEM;0594632P;COLLEGE RAYMOND DEVOS;public;88.7;35.7;124.1;100.9;105.9;119.0;91.2;98.9;119.0;92.2;100.8;50.661150305771635, 3.187780607305509
2023-2024;09;32;HAUTS-DE-FRANCE;09;LILLE;59;NORD;59512;ROUBAIX;0594634S;COLLEGE THEODORE MONOD;public;72.9;26.1;124.1;100.9;105.9;119.0;91.2;98.9;119.0;92.2;100.8;50.67211691461054, 3.1825896596418874
2023-2024;09;32;HAUTS-DE-FRANCE;09;LILLE;59;NORD;59571;SOLESMES;0594648G;COLLEGE ANTOINE DE SAINT EXUPERY;public;95.6;33.4;124.1;100.9;105.9;119.0;91.2;98.9;119.0;92.2;100.8;50.19206460229412, 3.497060079399007
2023-2024;09;32;HAUTS-DE-FRANCE;09;LILLE;59;NORD;59266;GONDECOURT;0595166V;COLLEGE HERGE;public;124.8;34.8;124.1;100.9;105.9;119.0;91.2;98.9;119.0;92.2;100.8;50.54306193496924, 2.9760594502681053
2023-2024;09;32;HAUTS-DE-FRANCE;09;LILLE;59;NORD;59512;ROUBAIX;0595167W;COLLEGE BAUDELAIRE;public;82.6;32.6;124.1;100.9;105.9;119.0;91.2;98.9;119.0;92.2;100.8;50.67987287899336, 3.1686397575894043
2023-2024;09;32;HAUTS-DE-FRANCE;09;LILLE;59;NORD;59056;BEAUCAMPS LIGNY;0595360F;COLLEGE PRIVE SAINTE MARIE;privé sous contrat;141.9;28.0;124.1;100.9;105.9;119.0;91.2;98.9;119.0;92.2;100.8;50.60188630055761, 2.918750518757317
2023-2024;09;32;HAUTS-DE-FRANCE;09;LILLE;59;NORD;59033;AULNOYE AYMERIES;0595383F;COLLEGE PRIVE SAINTE JEANNE D ARC;privé sous contrat;102.1;29.2;124.1;100.9;105.9;119.0;91.2;98.9;119.0;92.2;100.8;50.19956464093505, 3.8301602304149935
2023-2024;09;32;HAUTS-DE-FRANCE;09;LILLE;59;NORD;59036;AVESNES SUR HELPE;0595384G;COLLEGE PRIVE SAINTE THERESE;privé sous contrat;107.7;32.6;124.1;100.9;105.9;119.0;91.2;98.9;119.0;92.2;100.8;50.12256401280106, 3.932669364855354
2023-2024;09;32;HAUTS-DE-FRANCE;09;LILLE;59;NORD;59295;HAZEBROUCK;0595391P;COLLEGE PRIVE SAINT JACQUES;privé sous contrat;120.3;31.0;124.1;100.9;105.9;119.0;91.2;98.9;119.0;92.2;100.8;50.72335632938025, 2.5300914913902157
2023-2024;09;32;HAUTS-DE-FRANCE;09;LILLE;59;NORD;59350;LILLE;0595394T;COLLEGE PRIVE NOTRE DAME DE LA PAIX;privé sous contrat;131.9;32.6;124.1;100.9;105.9;119.0;91.2;98.9;119.0;92.2;100.8;
2023-2024;09;32;HAUTS-DE-FRANCE;09;LILLE;59;NORD;59378;MARCQ EN BAROEUL;0595398X;COLLEGE PRIVE DE MARCQ;privé sous contrat;151.5;22.5;124.1;100.9;105.9;119.0;91.2;98.9;119.0;92.2;100.8;50.68036495467745, 3.106810557103804
2023-2024;09;32;HAUTS-DE-FRANCE;09;LILLE;59;NORD;59571;SOLESMES;0595401A;COLLEGE PRIVE SAINT MICHEL;privé sous contrat;124.6;33.6;124.1;100.9;105.9;119.0;91.2;98.9;119.0;92.2;100.8;50.183902629394524, 3.503680581319679
2023-2024;09;32;HAUTS-DE-FRANCE;09;LILLE;59;NORD;59162;CROCHTE;0595595L;COLLEGE DU LOOWEG;public;96.9;30.9;124.1;100.9;105.9;119.0;91.2;98.9;119.0;92.2;100.8;50.93290859933239, 2.3862994981216272
2023-2024;09;32;HAUTS-DE-FRANCE;09;LILLE;59;NORD;59359;LOON PLAGE;0595596M;COLLEGE JEAN ROSTAND;public;87.5;26.1;124.1;100.9;105.9;119.0;91.2;98.9;119.0;92.2;100.8;50.99319077559097, 2.225009650069569
2023-2024;09;32;HAUTS-DE-FRANCE;09;LILLE;59;NORD;59648;WATTIGNIES;0595597N;COLLEGE VOLTAIRE;public;116.6;33.2;124.1;100.9;105.9;119.0;91.2;98.9;119.0;92.2;100.8;50.58102608017054, 3.0439605651858455
2023-2024;09;32;HAUTS-DE-FRANCE;09;LILLE;59;NORD;59009;VILLENEUVE D ASCQ;0595656C;COLLEGE CAMILLE CLAUDEL;public;111.2;36.8;124.1;100.9;105.9;119.0;91.2;98.9;119.0;92.2;100.8;50.639299202164814, 3.1589495398639804
2023-2024;09;32;HAUTS-DE-FRANCE;09;LILLE;59;NORD;59212;ESTAIRES;0595757M;COLLEGE HENRI DUREZ;public;92.1;28.2;124.1;100.9;105.9;119.0;91.2;98.9;119.0;92.2;100.8;50.6429942905723, 2.7055896378076194
2023-2024;09;32;HAUTS-DE-FRANCE;09;LILLE;59;NORD;59477;PROVIN;0595758N;COLLEGE ETIENNE DOLET;public;101.1;30.9;124.1;100.9;105.9;119.0;91.2;98.9;119.0;92.2;100.8;50.52137082566311, 2.899600556595615
2023-2024;09;32;HAUTS-DE-FRANCE;09;LILLE;59;NORD;59352;LINSELLES;0596172N;COLLEGE HENRI MATISSE;public;99.9;34.8;124.1;100.9;105.9;119.0;91.2;98.9;119.0;92.2;100.8;50.738450204911544, 3.0866603103037034
2023-2024;09;32;HAUTS-DE-FRANCE;09;LILLE;59;NORD;59183;DUNKERQUE;0596716E;COLLEGE ARTHUR VAN HECKE;public;84.8;32.3;124.1;100.9;105.9;119.0;91.2;98.9;119.0;92.2;100.8;51.03982924030353, 2.387079848956808
2023-2024;09;32;HAUTS-DE-FRANCE;09;LILLE;62;PAS-DE-CALAIS;62215;CARVIN;0620071R;COLLEGE JEAN JACQUES ROUSSEAU;public;97.2;33.6;124.1;100.9;105.9;119.0;91.2;98.9;119.0;89.8;95.2;50.49201513899851, 2.9457496897836766
2023-2024;09;32;HAUTS-DE-FRANCE;09;LILLE;62;PAS-DE-CALAIS;62270;DIVION;0620079Z;COLLEGE HENRI WALLON;public;79.2;25.6;124.1;100.9;105.9;119.0;91.2;98.9;119.0;89.8;95.2;50.47042647481198, 2.4967699897743376
2023-2024;09;32;HAUTS-DE-FRANCE;09;LILLE;62;PAS-DE-CALAIS;62559;MARQUION;0620130E;COLLEGE DES MARCHES DE L ARTOIS;public;93.4;32.1;124.1;100.9;105.9;119.0;91.2;98.9;119.0;89.8;95.2;50.20925634002819, 3.0846299930795484
2023-2024;09;32;HAUTS-DE-FRANCE;09;LILLE;62;PAS-DE-CALAIS;62724;ROUVROY;0620158K;COLLEGE PAUL LANGEVIN;public;82.5;25.9;124.1;100.9;105.9;119.0;91.2;98.9;119.0;89.8;95.2;50.4048482044999, 2.9056856100522213
2023-2024;09;32;HAUTS-DE-FRANCE;09;LILLE;62;PAS-DE-CALAIS;62620;NORRENT FONTES;0620195A;COLLEGE BERNARD CHOCHOY;public;96.1;32.3;124.1;100.9;105.9;119.0;91.2;98.9;119.0;89.8;95.2;50.5853491351186, 2.407876354791568
2023-2024;09;32;HAUTS-DE-FRANCE;09;LILLE;62;PAS-DE-CALAIS;62193;CALAIS;0620196B;COLLEGE JEAN JAURES;public;84.3;28.8;124.1;100.9;105.9;119.0;91.2;98.9;119.0;89.8;95.2;50.95260540409165, 1.8562901901170819
2023-2024;09;32;HAUTS-DE-FRANCE;09;LILLE;62;PAS-DE-CALAIS;62160;BOULOGNE SUR MER;0620199E;COLLEGE PIERRE DAUNOU;public;88.4;34.0;124.1;100.9;105.9;119.0;91.2;98.9;119.0;89.8;95.2;50.718521027312086, 1.6098101033211176
2023-2024;09;32;HAUTS-DE-FRANCE;09;LILLE;62;PAS-DE-CALAIS;62041;ARRAS;0622083C;COLLEGE JEHAN BODEL;public;113.6;37.8;124.1;100.9;105.9;119.0;91.2;98.9;119.0;89.8;95.2;50.288241617039034, 2.7694352093198478
2023-2024;09;32;HAUTS-DE-FRANCE;09;LILLE;62;PAS-DE-CALAIS;62040;ARQUES;0622093N;COLLEGE PIERRE MENDES FRANCE;public;91.5;28.2;124.1;100.9;105.9;119.0;91.2;98.9;119.0;89.8;95.2;50.73703528790606, 2.300609849590099
2023-2024;09;32;HAUTS-DE-FRANCE;09;LILLE;62;PAS-DE-CALAIS;62364;FRUGES;0622112J;COLLEGE PRIVE SAINT BERTULPHE;privé sous contrat;105.0;31.0;124.1;100.9;105.9;119.0;91.2;98.9;119.0;89.8;95.2;50.516021687633, 2.1370106629363272
2023-2024;09;32;HAUTS-DE-FRANCE;09;LILLE;62;PAS-DE-CALAIS;62119;BETHUNE;0622129C;COLLEGE PRIVE SAINTE FAMILLE;privé sous contrat;123.7;29.8;124.1;100.9;105.9;119.0;91.2;98.9;119.0;89.8;95.2;50.52884968324221, 2.6433533633627184
2023-2024;09;32;HAUTS-DE-FRANCE;09;LILLE;62;PAS-DE-CALAIS;62160;BOULOGNE SUR MER;0622130D;COLLEGE PRIVE SAINT JOSEPH DE NAVARIN;privé sous contrat;107.3;30.2;124.1;100.9;105.9;119.0;91.2;98.9;119.0;89.8;95.2;50.726886411214906, 1.6081500065715317
2023-2024;09;32;HAUTS-DE-FRANCE;09;LILLE;62;PAS-DE-CALAIS;62164;BOURLON;0622132F;COLLEGE PRIVE SAINT JOSEPH;privé sous contrat;104.7;31.1;124.1;100.9;105.9;119.0;91.2;98.9;119.0;89.8;95.2;50.17621209808866, 3.1148499800751877
2023-2024;09;32;HAUTS-DE-FRANCE;09;LILLE;62;PAS-DE-CALAIS;62215;CARVIN;0622134H;COLLEGE PRIVE SAINT DRUON;privé sous contrat;123.7;31.4;124.1;100.9;105.9;119.0;91.2;98.9;119.0;89.8;95.2;50.49423564298234, 2.9566696044868994
2023-2024;09;32;HAUTS-DE-FRANCE;09;LILLE;62;PAS-DE-CALAIS;62268;DESVRES;0622135J;COLLEGE PRIVE SAINT JOSEPH;privé sous contrat;105.4;29.6;124.1;100.9;105.9;119.0;91.2;98.9;119.0;89.8;95.2;50.66807707757369, 1.835569725493247
2023-2024;09;32;HAUTS-DE-FRANCE;09;LILLE;62;PAS-DE-CALAIS;62361;FREVENT;0622137L;COLLEGE PRIVE SACRE COEUR;privé sous contrat;105.2;28.5;124.1;100.9;105.9;119.0;91.2;98.9;119.0;89.8;95.2;50.277344107645725, 2.2890600944098347
2023-2024;09;32;HAUTS-DE-FRANCE;09;LILLE;62;PAS-DE-CALAIS;62491;LAVENTIE;0622140P;COLLEGE PRIVE SAINTE JEANNE D ARC;privé sous contrat;121.6;27.4;124.1;100.9;105.9;119.0;91.2;98.9;119.0;89.8;95.2;50.6276120072444, 2.772460279758551
2023-2024;09;32;HAUTS-DE-FRANCE;09;LILLE;62;PAS-DE-CALAIS;62250;COURRIERES;0622264Z;COLLEGE CLAUDE DEBUSSY;public;88.6;32.2;124.1;100.9;105.9;119.0;91.2;98.9;119.0;89.8;95.2;50.45243870696567, 2.9487603119270873
2023-2024;09;32;HAUTS-DE-FRANCE;09;LILLE;62;PAS-DE-CALAIS;62617;NOEUX LES MINES;0622269E;COLLEGE ANATOLE FRANCE;public;83.8;27.9;124.1;100.9;105.9;119.0;91.2;98.9;119.0;89.8;95.2;50.47179839596067, 2.6625203622757074
2023-2024;09;32;HAUTS-DE-FRANCE;09;LILLE;62;PAS-DE-CALAIS;62193;CALAIS;0622273J;COLLEGE LUCIEN VADEZ;public;68.3;17.5;124.1;100.9;105.9;119.0;91.2;98.9;119.0;89.8;95.2;50.954987926866636, 1.8989393922124258
2023-2024;09;32;HAUTS-DE-FRANCE;09;LILLE;62;PAS-DE-CALAIS;62119;BETHUNE;0622425Z;COLLEGE PAUL VERLAINE;public;86.6;29.8;124.1;100.9;105.9;119.0;91.2;98.9;119.0;89.8;95.2;50.515728942107174, 2.6302301996805917
2023-2024;09;32;HAUTS-DE-FRANCE;09;LILLE;62;PAS-DE-CALAIS;62318;ETAPLES;0622572J;COLLEGE JEAN JAURES;public;84.3;25.5;124.1;100.9;105.9;119.0;91.2;98.9;119.0;89.8;95.2;50.51822811167607, 1.6419865846343977
2023-2024;09;32;HAUTS-DE-FRANCE;09;LILLE;62;PAS-DE-CALAIS;62534;LUMBRES;0622574L;COLLEGE ALBERT CAMUS;public;90.4;29.1;124.1;100.9;105.9;119.0;91.2;98.9;119.0;89.8;95.2;50.70561462940704, 2.1146998548882547
2023-2024;09;32;HAUTS-DE-FRANCE;09;LILLE;62;PAS-DE-CALAIS;62427;HENIN BEAUMONT;0622581U;COLLEGE GERARD PHILIPE;public;83.4;25.1;124.1;100.9;105.9;119.0;91.2;98.9;119.0;89.8;95.2;50.42149494047896, 2.9431206699958947
2023-2024;09;32;HAUTS-DE-FRANCE;09;LILLE;62;PAS-DE-CALAIS;62133;BILLY MONTIGNY;0622793Z;COLLEGE DAVID MARCELLE;public;82.8;28.4;124.1;100.9;105.9;119.0;91.2;98.9;119.0;89.8;95.2;50.41608045486609, 2.921099632581262
2023-2024;09;32;HAUTS-DE-FRANCE;09;LILLE;62;PAS-DE-CALAIS;62035;ANNEZIN;0622797D;COLLEGE LIBERTE;public;99.2;31.1;124.1;100.9;105.9;119.0;91.2;98.9;119.0;89.8;95.2;50.539916212912246, 2.6217102527681235
2023-2024;09;32;HAUTS-DE-FRANCE;09;LILLE;62;PAS-DE-CALAIS;62276;DOUVRIN;0622867E;COLLEGE ANTOINE DE SAINT EXUPERY;public;94.0;29.6;124.1;100.9;105.9;119.0;91.2;98.9;119.0;89.8;95.2;50.50840485922295, 2.8409710420355943
2023-2024;09;32;HAUTS-DE-FRANCE;09;LILLE;62;PAS-DE-CALAIS;62457;HOUDAIN;0622871J;COLLEGE JACQUES PREVERT;public;88.5;29.8;124.1;100.9;105.9;119.0;91.2;98.9;119.0;89.8;95.2;50.46188878086681, 2.5449694761045163
2023-2024;09;32;HAUTS-DE-FRANCE;09;LILLE;62;PAS-DE-CALAIS;62548;MARCK;0622873L;COLLEGE BORIS VIAN;public;100.3;32.5;124.1;100.9;105.9;119.0;91.2;98.9;119.0;89.8;95.2;50.94314290988881, 1.9515199637415732
2023-2024;09;32;HAUTS-DE-FRANCE;09;LILLE;62;PAS-DE-CALAIS;62268;DESVRES;0623023Z;COLLEGE DU CARAQUET;public;92.7;31.5;124.1;100.9;105.9;119.0;91.2;98.9;119.0;89.8;95.2;50.66775545426103, 1.8275193451698724
2023-2024;09;32;HAUTS-DE-FRANCE;09;LILLE;62;PAS-DE-CALAIS;62041;ARRAS;0623310L;COLLEGE GAMBETTA;public;97.8;38.9;124.1;100.9;105.9;119.0;91.2;98.9;119.0;89.8;95.2;50.28838885743881, 2.7762496929984435
2023-2024;09;32;HAUTS-DE-FRANCE;09;LILLE;62;PAS-DE-CALAIS;62765;SAINT OMER;0623574Y;COLLEGE PRIVE NOTRE DAME DE SION;privé sous contrat;114.8;32.0;124.1;100.9;105.9;119.0;91.2;98.9;119.0;89.8;95.2;50.75402602776089, 2.2559104276682307
2024-2025;09;32;HAUTS-DE-FRANCE;09;LILLE;59;NORD;59170;DECHY;0590058T;COLLEGE PAUL LANGEVIN;public;81.0;24.4;125.1;100.9;106.1;119.9;91.7;99.5;120.0;92.8;101.7;50.34717671609427, 3.1310706351778967
2024-2025;09;32;HAUTS-DE-FRANCE;09;LILLE;59;NORD;59273;GRAVELINES;0590090C;COLLEGE PIERRE ET MARIE CURIE;public;90.3;29.4;125.1;100.9;106.1;119.9;91.7;99.5;120.0;92.8;101.7;50.98688621410387, 2.137089920170622
2024-2025;09;32;HAUTS-DE-FRANCE;09;LILLE;59;NORD;59322;IWUY;0590107W;COLLEGE JEAN MOULIN;public;97.8;31.3;125.1;100.9;106.1;119.9;91.7;99.5;120.0;92.8;101.7;50.23296688119976, 3.327169411828922
2024-2025;09;32;HAUTS-DE-FRANCE;09;LILLE;59;NORD;59410;MONS EN BAROEUL;0590155Y;COLLEGE DESCARTES;public;98.1;40.0;125.1;100.9;106.1;119.9;91.7;99.5;120.0;92.8;101.7;50.6356690520175, 3.1070795554789647
2024-2025;09;32;HAUTS-DE-FRANCE;09;LILLE;59;NORD;59449;ORCHIES;0590159C;COLLEGE DU PEVELE;public;115.5;36.5;125.1;100.9;106.1;119.9;91.7;99.5;120.0;92.8;101.7;50.47035688880419, 3.2396793057798456
2024-2025;09;32;HAUTS-DE-FRANCE;09;LILLE;59;NORD;59183;DUNKERQUE;0590164H;COLLEGE JEAN ZAY;public;84.1;25.0;125.1;100.9;106.1;119.9;91.7;99.5;120.0;92.8;101.7;51.019704052139566, 2.338029756501514
2024-2025;09;32;HAUTS-DE-FRANCE;09;LILLE;59;NORD;59654;WAZIERS;0590238N;COLLEGE ROMAIN ROLLAND;public;79.8;22.6;125.1;100.9;106.1;119.9;91.7;99.5;120.0;92.8;101.7;50.38602048362716, 3.107990599187455
2024-2025;09;32;HAUTS-DE-FRANCE;09;LILLE;59;NORD;59368;LA MADELEINE;0592896C;COLLEGE PRIVE SAINT JEAN;privé sous contrat;138.3;27.9;125.1;100.9;106.1;119.9;91.7;99.5;120.0;92.8;101.7;50.65515072650564, 3.078590010507012
2024-2025;09;32;HAUTS-DE-FRANCE;09;LILLE;59;NORD;59512;ROUBAIX;0592905M;COLLEGE PRIVE SAINTE MARIE;privé sous contrat;76.9;24.6;125.1;100.9;106.1;119.9;91.7;99.5;120.0;92.8;101.7;50.69627919052339, 3.176438601810453
2024-2025;09;32;HAUTS-DE-FRANCE;09;LILLE;59;NORD;59512;ROUBAIX;0592907P;COLLEGE PRIVE SAINT MICHEL;privé sous contrat;78.3;24.2;125.1;100.9;106.1;119.9;91.7;99.5;120.0;92.8;101.7;50.67861036143357, 3.1914996410208842
2024-2025;09;32;HAUTS-DE-FRANCE;09;LILLE;59;NORD;59017;ARMENTIERES;0592946G;COLLEGE PRIVE SAINT CHARLES;privé sous contrat;99.7;32.3;125.1;100.9;106.1;119.9;91.7;99.5;120.0;92.8;101.7;50.68419111384052, 2.883004380061855
2024-2025;09;32;HAUTS-DE-FRANCE;09;LILLE;59;NORD;59172;DENAIN;0592962Z;COLLEGE PRIVE JEAN PAUL II;privé sous contrat;90.8;30.2;125.1;100.9;106.1;119.9;91.7;99.5;120.0;92.8;101.7;50.32233907825513, 3.3820998025813425
2024-2025;09;32;HAUTS-DE-FRANCE;09;LILLE;59;NORD;59273;GRAVELINES;0593123Z;COLLEGE PRIVE SAINT JOSEPH;privé sous contrat;107.6;30.6;125.1;100.9;106.1;119.9;91.7;99.5;120.0;92.8;101.7;50.98810323447216, 2.1251792928760307
2024-2025;09;32;HAUTS-DE-FRANCE;09;LILLE;59;NORD;59279;HALLUIN;0593125B;COLLEGE PRIVE SACRE COEUR;privé sous contrat;102.0;32.5;125.1;100.9;106.1;119.9;91.7;99.5;120.0;92.8;101.7;50.782033591394054, 3.122910706210094
2024-2025;09;32;HAUTS-DE-FRANCE;09;LILLE;59;NORD;59599;TOURCOING;0593149C;COLLEGE PRIVE CHARLES DE FOUCAULD;privé sous contrat;97.0;32.7;125.1;100.9;106.1;119.9;91.7;99.5;120.0;92.8;101.7;50.72559677272824, 3.1338694302671253
2024-2025;09;32;HAUTS-DE-FRANCE;09;LILLE;59;NORD;59606;VALENCIENNES;0593154H;COLLEGE PRIVE SAINTE MARIE;privé sous contrat;112.3;33.6;125.1;100.9;106.1;119.9;91.7;99.5;120.0;92.8;101.7;50.36088999631218, 3.5212706887280376
2024-2025;09;32;HAUTS-DE-FRANCE;09;LILLE;59;NORD;59606;VALENCIENNES;0593155J;COLLEGE PRIVE SAINT JEAN BAPTISTE DE LA SALLE;privé sous contrat;120.3;32.6;125.1;100.9;106.1;119.9;91.7;99.5;120.0;92.8;101.7;50.35460596601691, 3.5140701106417165
2024-2025;09;32;HAUTS-DE-FRANCE;09;LILLE;59;NORD;59350;LILLE;0593168Y;COLLEGE INTERNATIONAL CARNOT;public;125.9;44.7;125.1;100.9;106.1;119.9;91.7;99.5;120.0;92.8;101.7;50.63974827214583, 3.066700292621803
2024-2025;09;32;HAUTS-DE-FRANCE;09;LILLE;59;NORD;59350;LILLE;0593179K;COLLEGE CLAUDE LEVI STRAUSS;public;86.7;36.8;125.1;100.9;106.1;119.9;91.7;99.5;120.0;92.8;101.7;50.63147124244808, 3.036739502459178
2024-2025;09;32;HAUTS-DE-FRANCE;09;LILLE;59;NORD;59599;TOURCOING;0593217B;COLLEGE PRIVE CHARLES PEGUY;privé sous contrat;100.1;33.4;125.1;100.9;106.1;119.9;91.7;99.5;120.0;92.8;101.7;50.72016588541881, 3.151410525301725
2024-2025;09;32;HAUTS-DE-FRANCE;09;LILLE;59;NORD;59067;BERGUES;0593479L;COLLEGE WENCESLAS COBERGHER;public;100.6;30.6;125.1;100.9;106.1;119.9;91.7;99.5;120.0;92.8;101.7;50.96659100576805, 2.4322903561075293
2024-2025;09;32;HAUTS-DE-FRANCE;09;LILLE;59;NORD;59179;DOUCHY LES MINES;0593484S;COLLEGE EMILE LITTRE;public;83.3;27.2;125.1;100.9;106.1;119.9;91.7;99.5;120.0;92.8;101.7;50.30026003135326, 3.398559394578643
2024-2025;09;32;HAUTS-DE-FRANCE;09;LILLE;59;NORD;59253;FRESNES SUR ESCAUT;0593486U;COLLEGE FELICIEN JOLY;public;75.8;23.4;125.1;100.9;106.1;119.9;91.7;99.5;120.0;92.8;101.7;50.43703364705557, 3.571800073022058
2024-2025;09;32;HAUTS-DE-FRANCE;09;LILLE;59;NORD;59122;CAMBRAI;0593487V;COLLEGE JULES FERRY;public;90.3;31.9;125.1;100.9;106.1;119.9;91.7;99.5;120.0;92.8;101.7;50.17396793599496, 3.225749719228612
2024-2025;09;32;HAUTS-DE-FRANCE;09;LILLE;59;NORD;59343;LESQUIN;0593991T;COLLEGE THEODORE MONOD;public;123.8;36.7;125.1;100.9;106.1;119.9;91.7;99.5;120.0;92.8;101.7;50.58997542740828, 3.1108169574698388
2024-2025;09;32;HAUTS-DE-FRANCE;09;LILLE;59;NORD;59155;COUDEKERQUE BRANCHE;0594295Y;COLLEGE DU WESTHOEK;public;87.2;28.3;125.1;100.9;106.1;119.9;91.7;99.5;120.0;92.8;101.7;51.02950774638383, 2.40210989744275
2024-2025;09;32;HAUTS-DE-FRANCE;09;LILLE;59;NORD;59329;LAMBRES LEZ DOUAI;0594298B;COLLEGE ANDRE MALRAUX;public;100.6;33.9;125.1;100.9;106.1;119.9;91.7;99.5;120.0;92.8;101.7;50.354996614883795, 3.0620302418370793
2024-2025;09;32;HAUTS-DE-FRANCE;09;LILLE;59;NORD;59601;TRELON;0594308M;COLLEGE DENIS SAURAT;public;84.5;26.4;125.1;100.9;106.1;119.9;91.7;99.5;120.0;92.8;101.7;50.05729880556586, 4.111670619563331
2024-2025;09;32;HAUTS-DE-FRANCE;09;LILLE;59;NORD;59015;ARLEUX;0594401N;COLLEGE VAL DE LA SENSEE;public;103.8;33.0;125.1;100.9;106.1;119.9;91.7;99.5;120.0;92.8;101.7;50.28398626566773, 3.0993299444221893
2024-2025;09;32;HAUTS-DE-FRANCE;09;LILLE;59;NORD;59178;DOUAI;0594402P;COLLEGE ANDRE CANIVEZ;public;74.2;21.8;125.1;100.9;106.1;119.9;91.7;99.5;120.0;92.8;101.7;50.38556769775681, 3.0743805506245514
2024-2025;09;32;HAUTS-DE-FRANCE;09;LILLE;59;NORD;59207;ESCAUTPONT;0594409X;COLLEGE JEAN ZAY;public;71.8;21.6;125.1;100.9;106.1;119.9;91.7;99.5;120.0;92.8;101.7;50.42078147044804, 3.5518399557173934
2024-2025;09;32;HAUTS-DE-FRANCE;09;LILLE;59;NORD;59525;SAINS DU NORD;0594538M;COLLEGE JEAN ROSTAND;public;86.7;28.1;125.1;100.9;106.1;119.9;91.7;99.5;120.0;92.8;101.7;50.095158322880415, 4.006865513112936
2024-2025;09;32;HAUTS-DE-FRANCE;09;LILLE;59;NORD;59512;ROUBAIX;0594634S;COLLEGE THEODORE MONOD;public;71.9;23.9;125.1;100.9;106.1;119.9;91.7;99.5;120.0;92.8;101.7;50.67211691461054, 3.1825896596418874
2024-2025;09;32;HAUTS-DE-FRANCE;09;LILLE;59;NORD;59317;HOUPLINES;0594638W;COLLEGE ROGER SALENGRO;public;98.4;31.5;125.1;100.9;106.1;119.9;91.7;99.5;120.0;92.8;101.7;50.6874893834522, 2.9184296508224232
2024-2025;09;32;HAUTS-DE-FRANCE;09;LILLE;59;NORD;59544;SAINT SAULVE;0594644C;COLLEGE LAVOISIER;public;94.8;34.6;125.1;100.9;106.1;119.9;91.7;99.5;120.0;92.8;101.7;50.364495736345354, 3.55778945950352
2024-2025;09;32;HAUTS-DE-FRANCE;09;LILLE;59;NORD;59507;RONCHIN;0594865T;COLLEGE ANATOLE FRANCE;public;95.3;37.6;125.1;100.9;106.1;119.9;91.7;99.5;120.0;92.8;101.7;50.6118171943921, 3.080530699112658
2024-2025;09;32;HAUTS-DE-FRANCE;09;LILLE;59;NORD;59266;GONDECOURT;0595166V;COLLEGE HERGE;public;125.6;34.4;125.1;100.9;106.1;119.9;91.7;99.5;120.0;92.8;101.7;50.54306193496924, 2.9760594502681053
2024-2025;09;32;HAUTS-DE-FRANCE;09;LILLE;59;NORD;59249;FOURMIES;0595177G;COLLEGE CAMILLE CLAUDEL;public;81.6;28.4;125.1;100.9;106.1;119.9;91.7;99.5;120.0;92.8;101.7;50.01066928717324, 4.042290607143839
2024-2025;09;32;HAUTS-DE-FRANCE;09;LILLE;59;NORD;59178;DOUAI;0595190W;COLLEGE GAYANT;public;76.3;23.0;125.1;100.9;106.1;119.9;91.7;99.5;120.0;92.8;101.7;50.40191279499383, 3.124549464711073
2024-2025;09;32;HAUTS-DE-FRANCE;09;LILLE;59;NORD;59139;CAUDRY;0595277R;COLLEGE JACQUES PREVERT;public;79.2;28.7;125.1;100.9;106.1;119.9;91.7;99.5;120.0;92.8;101.7;50.12524217659558, 3.421170555940896
2024-2025;09;32;HAUTS-DE-FRANCE;09;LILLE;59;NORD;59512;ROUBAIX;0595302T;COLLEGE PRIVE SAINT EXUPERY;privé sous contrat;90.8;35.1;125.1;100.9;106.1;119.9;91.7;99.5;120.0;92.8;101.7;50.684564996260974, 3.167460562765493
2024-2025;09;32;HAUTS-DE-FRANCE;09;LILLE;59;NORD;59017;ARMENTIERES;0595382E;COLLEGE PRIVE SAINT JUDE;privé sous contrat;124.2;35.2;125.1;100.9;106.1;119.9;91.7;99.5;120.0;92.8;101.7;50.688057701204606, 2.8745904581322375
2024-2025;09;32;HAUTS-DE-FRANCE;09;LILLE;59;NORD;59328;LAMBERSART;0595393S;COLLEGE PRIVE SAINTE ODILE;privé sous contrat;131.2;34.2;125.1;100.9;106.1;119.9;91.7;99.5;120.0;92.8;101.7;50.63828239435873, 3.027519556262603
2024-2025;09;32;HAUTS-DE-FRANCE;09;LILLE;59;NORD;59350;LILLE;0595396V;COLLEGE PRIVE LA SALLE;privé sous contrat;124.1;37.5;125.1;100.9;106.1;119.9;91.7;99.5;120.0;92.8;101.7;50.62863139467977, 3.0408093284103512
2024-2025;09;32;HAUTS-DE-FRANCE;09;LILLE;59;NORD;59350;LILLE;0595397W;COLLEGE PRIVE THERESE D AVILA;privé sous contrat;140.8;33.0;125.1;100.9;106.1;119.9;91.7;99.5;120.0;92.8;101.7;50.62854044068899, 3.044339359786731
2024-2025;09;32;HAUTS-DE-FRANCE;09;LILLE;59;NORD;59359;LOON PLAGE;0595596M;COLLEGE JEAN ROSTAND;public;88.5;26.5;125.1;100.9;106.1;119.9;91.7;99.5;120.0;92.8;101.7;50.99319077559097, 2.225009650069569
2024-2025;09;32;HAUTS-DE-FRANCE;09;LILLE;59;NORD;59009;VILLENEUVE D ASCQ;0595656C;COLLEGE CAMILLE CLAUDEL;public;110.2;37.5;125.1;100.9;106.1;119.9;91.7;99.5;120.0;92.8;101.7;50.639299202164814, 3.1589495398639804
2024-2025;09;32;HAUTS-DE-FRANCE;09;LILLE;59;NORD;59477;PROVIN;0595758N;COLLEGE ETIENNE DOLET;public;102.1;30.3;125.1;100.9;106.1;119.9;91.7;99.5;120.0;92.8;101.7;50.52137082566311, 2.899600556595615
2024-2025;09;32;HAUTS-DE-FRANCE;09;LILLE;59;NORD;59456;PECQUENCOURT;0596529B;COLLEGE MAURICE SCHUMANN;public;88.8;29.9;125.1;100.9;106.1;119.9;91.7;99.5;120.0;92.8;101.7;50.375061829305764, 3.2054296343625706
2024-2025;09;32;HAUTS-DE-FRANCE;09;LILLE;59;NORD;59250;FOURNES EN WEPPES;0596801X;COLLEGE PRIVE RESSOURCES SAINT JACQUES;privé sous contrat;96.4;29.3;125.1;100.9;106.1;119.9;91.7;99.5;120.0;92.8;101.7;50.58415844297129, 2.889789335618925
2024-2025;09;32;HAUTS-DE-FRANCE;09;LILLE;59;NORD;59129;CAPPELLE EN PEVELE;0596873A;COLLEGE SIMONE VEIL;public;131.3;33.8;125.1;100.9;106.1;119.9;91.7;99.5;120.0;92.8;101.7;50.51335728894572, 3.1655495272417715
2024-2025;09;32;HAUTS-DE-FRANCE;09;LILLE;59;NORD;59574;SOMAIN;0597055Y;COLLEGE PRIVE NOTRE DAME DE LA RENAISSANCE;privé sous contrat;112.8;30.9;125.1;100.9;106.1;119.9;91.7;99.5;120.0;92.8;101.7;50.366373104098535, 3.2775488859707402
2024-2025;09;32;HAUTS-DE-FRANCE;09;LILLE;62;PAS-DE-CALAIS;62048;AUCHEL;0620021L;COLLEGE SEVIGNE;public;76.1;22.1;125.1;100.9;106.1;119.9;91.7;99.5;119.3;90.1;95.5;50.50657276230646, 2.4645395665443663
2024-2025;09;32;HAUTS-DE-FRANCE;09;LILLE;62;PAS-DE-CALAIS;62057;AUDRUICQ;0620024P;COLLEGE DU BREDENARDE;public;92.8;30.8;125.1;100.9;106.1;119.9;91.7;99.5;119.3;90.1;95.5;50.87715138021697, 2.0697094187709673
2024-2025;09;32;HAUTS-DE-FRANCE;09;LILLE;62;PAS-DE-CALAIS;62128;BIACHE SAINT VAAST;0620047P;COLLEGE GERMINAL;public;108.4;31.2;125.1;100.9;106.1;119.9;91.7;99.5;119.3;90.1;95.5;50.314186408645455, 2.9411297719377694
2024-2025;09;32;HAUTS-DE-FRANCE;09;LILLE;62;PAS-DE-CALAIS;62325;FAUQUEMBERGUES;0620082C;COLLEGE MONSIGNY;public;91.6;27.8;125.1;100.9;106.1;119.9;91.7;99.5;119.3;90.1;95.5;50.60166097882675, 2.100550431011966
2024-2025;09;32;HAUTS-DE-FRANCE;09;LILLE;62;PAS-DE-CALAIS;62447;HESDIN;0620099W;COLLEGE DES 7 VALLEES;public;85.2;28.3;125.1;100.9;106.1;119.9;91.7;99.5;119.3;90.1;95.5;50.36992994909537, 2.0397337505951407
2024-2025;09;32;HAUTS-DE-FRANCE;09;LILLE;62;PAS-DE-CALAIS;62463;HUCQUELIERS;0620104B;COLLEGE GABRIEL DE LA GORCE;public;92.3;29.7;125.1;100.9;106.1;119.9;91.7;99.5;119.3;90.1;95.5;50.57063043455061, 1.9052804919735513
2024-2025;09;32;HAUTS-DE-FRANCE;09;LILLE;62;PAS-DE-CALAIS;62160;BOULOGNE SUR MER;0620199E;COLLEGE PIERRE DAUNOU;public;88.3;31.7;125.1;100.9;106.1;119.9;91.7;99.5;119.3;90.1;95.5;50.718521027312086, 1.6098101033211176
2024-2025;09;32;HAUTS-DE-FRANCE;09;LILLE;62;PAS-DE-CALAIS;62497;LEFOREST;0622085E;COLLEGE PAUL DUEZ;public;93.6;29.8;125.1;100.9;106.1;119.9;91.7;99.5;119.3;90.1;95.5;50.43887615919263, 3.054589523121761
2024-2025;09;32;HAUTS-DE-FRANCE;09;LILLE;62;PAS-DE-CALAIS;62170;BOUVIGNY BOYEFFLES;0622108E;COLLEGE PRIVE SAINT FRANCOIS;privé sous contrat;119.0;27.5;125.1;100.9;106.1;119.9;91.7;99.5;119.3;90.1;95.5;50.42062145251453, 2.668040560751657
2024-2025;09;32;HAUTS-DE-FRANCE;09;LILLE;62;PAS-DE-CALAIS;62160;BOULOGNE SUR MER;0622130D;COLLEGE PRIVE SAINT JOSEPH DE NAVARIN;privé sous contrat;106.9;30.0;125.1;100.9;106.1;119.9;91.7;99.5;119.3;90.1;95.5;50.726886411214906, 1.6081500065715317
2024-2025;09;32;HAUTS-DE-FRANCE;09;LILLE;62;PAS-DE-CALAIS;62268;DESVRES;0622135J;COLLEGE PRIVE SAINT JOSEPH;privé sous contrat;104.8;27.5;125.1;100.9;106.1;119.9;91.7;99.5;119.3;90.1;95.5;50.66807707757369, 1.835569725493247
2024-2025;09;32;HAUTS-DE-FRANCE;09;LILLE;62;PAS-DE-CALAIS;62907;LIBERCOURT;0622239X;COLLEGE JEAN DE SAINT AUBERT;public;85.1;29.0;125.1;100.9;106.1;119.9;91.7;99.5;119.3;90.1;95.5;50.4816324638282, 3.0160628283621755
2024-2025;09;32;HAUTS-DE-FRANCE;09;LILLE;62;PAS-DE-CALAIS;62065;AVION;0622422W;COLLEGE JEAN JACQUES ROUSSEAU;public;87.2;27.7;125.1;100.9;106.1;119.9;91.7;99.5;119.3;90.1;95.5;50.40449324585825, 2.825990625524639
2024-2025;09;32;HAUTS-DE-FRANCE;09;LILLE;62;PAS-DE-CALAIS;62193;CALAIS;0622431F;COLLEGE REPUBLIQUE;public;77.6;25.4;125.1;100.9;106.1;119.9;91.7;99.5;119.3;90.1;95.5;50.951299839408264, 1.8587103081231955
2024-2025;09;32;HAUTS-DE-FRANCE;09;LILLE;62;PAS-DE-CALAIS;62032;ANGRES;0622579S;COLLEGE JEAN VILAR;public;104.9;33.8;125.1;100.9;106.1;119.9;91.7;99.5;119.3;90.1;95.5;50.41074383810004, 2.7535600562013918
2024-2025;09;32;HAUTS-DE-FRANCE;09;LILLE;62;PAS-DE-CALAIS;62413;HARNES;0622791X;COLLEGE VICTOR HUGO;public;79.3;25.5;125.1;100.9;106.1;119.9;91.7;99.5;119.3;90.1;95.5;50.45054798315641, 2.901050524240089
2024-2025;09;32;HAUTS-DE-FRANCE;09;LILLE;62;PAS-DE-CALAIS;62846;VERMELLES;0623022Y;COLLEGE PAUL ELUARD;public;88.6;28.7;125.1;100.9;106.1;119.9;91.7;99.5;119.3;90.1;95.5;50.48562923086735, 2.744179633314748
2024-2025;09;32;HAUTS-DE-FRANCE;09;LILLE;62;PAS-DE-CALAIS;62268;DESVRES;0623023Z;COLLEGE DU CARAQUET;public;93.4;30.8;125.1;100.9;106.1;119.9;91.7;99.5;119.3;90.1;95.5;50.66775545426103, 1.8275193451698724
2024-2025;09;32;HAUTS-DE-FRANCE;09;LILLE;62;PAS-DE-CALAIS;62160;BOULOGNE SUR MER;0623571V;COLLEGE PRIVE HAFFREINGUE;privé sous contrat;134.4;31.7;125.1;100.9;106.1;119.9;91.7;99.5;119.3;90.1;95.5;50.73022183140741, 1.6181801448617874
2024-2025;09;32;HAUTS-DE-FRANCE;09;LILLE;62;PAS-DE-CALAIS;62525;LONGUENESSE;0623572W;COLLEGE PRIVE LA MALASSISE;privé sous contrat;133.2;31.3;125.1;100.9;106.1;119.9;91.7;99.5;119.3;90.1;95.5;50.73675598497991, 2.243659848691866
2024-2025;09;32;HAUTS-DE-FRANCE;09;LILLE;62;PAS-DE-CALAIS;62774;SANGATTE;0623865P;COLLEGE LOUIS BLERIOT;public;111.6;33.5;125.1;100.9;106.1;119.9;91.7;99.5;119.3;90.1;95.5;50.956178611815155, 1.8170695183429149
2025-2026;09;32;HAUTS-DE-FRANCE;09;LILLE;59;NORD;59153;CONDE SUR L ESCAUT;0590050J;COLLEGE JOSQUIN DES PRES;public;72.5;23.9;125.5;100.8;106.2;120.6;91.9;99.8;120.8;93.0;102.0;50.4584602905091, 3.585310527359675
2025-2026;09;32;HAUTS-DE-FRANCE;09;LILLE;59;NORD;59239;FLINES LEZ RACHES;0590082U;COLLEGE JEAN MOULIN;public;112.9;35.2;125.5;100.8;106.2;120.6;91.9;99.8;120.8;93.0;102.0;50.42710776071974, 3.184340322301246
2025-2026;09;32;HAUTS-DE-FRANCE;09;LILLE;59;NORD;59322;IWUY;0590107W;COLLEGE JEAN MOULIN;public;98.8;31.8;125.5;100.8;106.2;120.6;91.9;99.8;120.8;93.0;102.0;50.23296688119976, 3.327169411828922
2025-2026;09;32;HAUTS-DE-FRANCE;09;LILLE;59;NORD;59392;MAUBEUGE;0590150T;COLLEGE GUILLAUME BUDE;public;96.6;31.1;125.5;100.8;106.2;120.6;91.9;99.8;120.8;93.0;102.0;50.280047313159926, 3.9855703085094856
2025-2026;09;32;HAUTS-DE-FRANCE;09;LILLE;59;NORD;59392;MAUBEUGE;0590151U;COLLEGE ERNEST COUTELLE;public;89.3;31.5;125.5;100.8;106.2;120.6;91.9;99.8;120.8;93.0;102.0;50.27794947812394, 3.971009768841562
2025-2026;09;32;HAUTS-DE-FRANCE;09;LILLE;59;NORD;59592;THUMERIES;0590211J;COLLEGE ALBERT CAMUS;public;120.1;35.1;125.5;100.8;106.2;120.6;91.9;99.8;120.8;93.0;102.0;50.46975600738184, 3.0699506566329924
2025-2026;09;32;HAUTS-DE-FRANCE;09;LILLE;59;NORD;59574;SOMAIN;0590248Z;COLLEGE LOUIS PASTEUR;public;92.0;34.3;125.5;100.8;106.2;120.6;91.9;99.8;120.8;93.0;102.0;50.3498386310885, 3.2842295962456927
2025-2026;09;32;HAUTS-DE-FRANCE;09;LILLE;59;NORD;59350;LILLE;0590271Z;COLLEGE PAUL VERLAINE;public;80.8;30.2;125.5;100.8;106.2;120.6;91.9;99.8;120.8;93.0;102.0;50.61075822667113, 3.070130015934418
2025-2026;09;32;HAUTS-DE-FRANCE;09;LILLE;59;NORD;59350;LILLE;0592890W;COLLEGE PRIVE SAINT JOSEPH;privé sous contrat;91.9;35.6;125.5;100.8;106.2;120.6;91.9;99.8;120.8;93.0;102.0;50.6163898548658, 3.0256794624564773
2025-2026;09;32;HAUTS-DE-FRANCE;09;LILLE;59;NORD;59457;PERENCHIES;0592901H;COLLEGE PRIVE SAINTE MARIE;privé sous contrat;121.7;31.6;125.5;100.8;106.2;120.6;91.9;99.8;120.8;93.0;102.0;50.66847009944456, 2.9771094874562762
2025-2026;09;32;HAUTS-DE-FRANCE;09;LILLE;59;NORD;59512;ROUBAIX;0592905M;COLLEGE PRIVE SAINTE MARIE;privé sous contrat;77.7;24.6;125.5;100.8;106.2;120.6;91.9;99.8;120.8;93.0;102.0;50.69627919052339, 3.176438601810453
2025-2026;09;32;HAUTS-DE-FRANCE;09;LILLE;59;NORD;59178;DOUAI;0592941B;COLLEGE PRIVE DE LA SAINTE UNION;privé sous contrat;112.6;32.7;125.5;100.8;106.2;120.6;91.9;99.8;120.8;93.0;102.0;50.37116804322099, 3.0795797841130095
2025-2026;09;32;HAUTS-DE-FRANCE;09;LILLE;59;NORD;59017;ARMENTIERES;0592946G;COLLEGE PRIVE SAINT CHARLES;privé sous contrat;100.2;31.8;125.5;100.8;106.2;120.6;91.9;99.8;120.8;93.0;102.0;50.68419111384052, 2.883004380061855
2025-2026;09;32;HAUTS-DE-FRANCE;09;LILLE;59;NORD;59094;BOURBOURG;0592955S;COLLEGE PRIVE NOTRE DAME;privé sous contrat;116.4;30.1;125.5;100.8;106.2;120.6;91.9;99.8;120.8;93.0;102.0;50.94529542015906, 2.194851615851072
2025-2026;09;32;HAUTS-DE-FRANCE;09;LILLE;59;NORD;59172;DENAIN;0592962Z;COLLEGE PRIVE JEAN PAUL II;privé sous contrat;92.1;31.4;125.5;100.8;106.2;120.6;91.9;99.8;120.8;93.0;102.0;50.32233907825513, 3.3820998025813425
2025-2026;09;32;HAUTS-DE-FRANCE;09;LILLE;59;NORD;59122;CAMBRAI;0593171B;COLLEGE PRIVE SAINT LUC JEANNE D ARC;privé sous contrat;120.3;31.3;125.5;100.8;106.2;120.6;91.9;99.8;120.8;93.0;102.0;50.1675522063398, 3.235499412182975
2025-2026;09;32;HAUTS-DE-FRANCE;09;LILLE;59;NORD;59350;LILLE;0593179K;COLLEGE CLAUDE LEVI STRAUSS;public;88.5;38.4;125.5;100.8;106.2;120.6;91.9;99.8;120.8;93.0;102.0;50.63147124244808, 3.036739502459178
2025-2026;09;32;HAUTS-DE-FRANCE;09;LILLE;59;NORD;59155;COUDEKERQUE BRANCHE;0593182N;COLLEGE JULES FERRY;public;96.9;31.2;125.5;100.8;106.2;120.6;91.9;99.8;120.8;93.0;102.0;51.0188532063078, 2.3750902211911415
2025-2026;09;32;HAUTS-DE-FRANCE;09;LILLE;59;NORD;59009;VILLENEUVE D ASCQ;0593196D;COLLEGE ARTHUR RIMBAUD;public;104.6;39.1;125.5;100.8;106.2;120.6;91.9;99.8;120.8;93.0;102.0;50.61876767819437, 3.1561295928053
2025-2026;09;32;HAUTS-DE-FRANCE;09;LILLE;59;NORD;59599;TOURCOING;0593217B;COLLEGE PRIVE CHARLES PEGUY;privé sous contrat;99.7;33.7;125.5;100.8;106.2;120.6;91.9;99.8;120.8;93.0;102.0;50.72016588541881, 3.151410525301725
2025-2026;09;32;HAUTS-DE-FRANCE;09;LILLE;59;NORD;59328;LAMBERSART;0593226L;COLLEGE ANNE FRANK;public;123.9;43.6;125.5;100.8;106.2;120.6;91.9;99.8;120.8;93.0;102.0;50.6485074220452, 3.028000828003354
2025-2026;09;32;HAUTS-DE-FRANCE;09;LILLE;59;NORD;59507;RONCHIN;0593237Y;COLLEGE GERNEZ RIEUX;public;98.7;35.3;125.5;100.8;106.2;120.6;91.9;99.8;120.8;93.0;102.0;50.59900639074089, 3.091456659932265
2025-2026;09;32;HAUTS-DE-FRANCE;09;LILLE;59;NORD;59122;CAMBRAI;0593487V;COLLEGE JULES FERRY;public;87.7;30.4;125.5;100.8;106.2;120.6;91.9;99.8;120.8;93.0;102.0;50.17396793599496, 3.225749719228612
2025-2026;09;32;HAUTS-DE-FRANCE;09;LILLE;59;NORD;59092;BOUCHAIN;0593672W;COLLEGE DE L OSTREVANT;public;98.6;32.0;125.5;100.8;106.2;120.6;91.9;99.8;120.8;93.0;102.0;50.28074903042848, 3.306319883127561
2025-2026;09;32;HAUTS-DE-FRANCE;09;LILLE;59;NORD;59383;MARLY;0593674Y;COLLEGE ALPHONSE TERROIR;public;87.5;31.8;125.5;100.8;106.2;120.6;91.9;99.8;120.8;93.0;102.0;50.343291800603275, 3.5552895760918646
2025-2026;09;32;HAUTS-DE-FRANCE;09;LILLE;59;NORD;59606;VALENCIENNES;0593680E;COLLEGE JOSEPHINE BAKER;public;71.2;23.3;125.5;100.8;106.2;120.6;91.9;99.8;120.8;93.0;102.0;50.355747136749194, 3.5038220362532377
2025-2026;09;32;HAUTS-DE-FRANCE;09;LILLE;59;NORD;59389;MASNIERES;0593683H;COLLEGE JACQUES PREVERT;public;96.0;32.4;125.5;100.8;106.2;120.6;91.9;99.8;120.8;93.0;102.0;50.11479324281707, 3.2157101483116572
2025-2026;09;32;HAUTS-DE-FRANCE;09;LILLE;59;NORD;59009;VILLENEUVE D ASCQ;0594291U;COLLEGE MOLIERE;public;117.7;39.7;125.5;100.8;106.2;120.6;91.9;99.8;120.8;93.0;102.0;50.65812261218345, 3.146320362761172
2025-2026;09;32;HAUTS-DE-FRANCE;09;LILLE;59;NORD;59599;TOURCOING;0594293W;COLLEGE ALBERT ROUSSEL;public;73.4;24.9;125.5;100.8;106.2;120.6;91.9;99.8;120.8;93.0;102.0;50.723100630457324, 3.168440278617063
2025-2026;09;32;HAUTS-DE-FRANCE;09;LILLE;59;NORD;59484;QUIEVRECHAIN;0594303G;COLLEGE JEHAN FROISSART;public;78.6;22.1;125.5;100.8;106.2;120.6;91.9;99.8;120.8;93.0;102.0;50.40095515303546, 3.657790588229318
2025-2026;09;32;HAUTS-DE-FRANCE;09;LILLE;59;NORD;59526;SAINT AMAND LES EAUX;0594304H;COLLEGE MARIE CURIE;public;91.7;31.6;125.5;100.8;106.2;120.6;91.9;99.8;120.8;93.0;102.0;50.45089083665621, 3.4324203839908787
2025-2026;09;32;HAUTS-DE-FRANCE;09;LILLE;59;NORD;59431;NIEPPE;0594505B;COLLEGE PRIVE SAINT MARTIN;privé sous contrat;120.8;29.5;125.5;100.8;106.2;120.6;91.9;99.8;120.8;93.0;102.0;50.69853262090489, 2.8467205504689828
2025-2026;09;32;HAUTS-DE-FRANCE;09;LILLE;59;NORD;59648;WATTIGNIES;0594524X;COLLEGE JEAN MOULIN;public;80.2;27.9;125.5;100.8;106.2;120.6;91.9;99.8;120.8;93.0;102.0;50.59193523772984, 3.045949585843362
2025-2026;09;32;HAUTS-DE-FRANCE;09;LILLE;59;NORD;59309;HONDSCHOOTE;0594642A;COLLEGE LAMARTINE;public;85.0;28.7;125.5;100.8;106.2;120.6;91.9;99.8;120.8;93.0;102.0;50.977990212987145, 2.5813802735220897
2025-2026;09;32;HAUTS-DE-FRANCE;09;LILLE;59;NORD;59464;POIX DU NORD;0594876E;COLLEGE MONTAIGNE;public;95.6;28.9;125.5;100.8;106.2;120.6;91.9;99.8;120.8;93.0;102.0;50.19636234641837, 3.6082095864660104
2025-2026;09;32;HAUTS-DE-FRANCE;09;LILLE;59;NORD;59328;LAMBERSART;0595163S;COLLEGE LAVOISIER;public;105.5;39.7;125.5;100.8;106.2;120.6;91.9;99.8;120.8;93.0;102.0;50.6425747235052, 3.023230122382464
2025-2026;09;32;HAUTS-DE-FRANCE;09;LILLE;59;NORD;59295;HAZEBROUCK;0595170Z;COLLEGE DES FLANDRES;public;98.9;32.4;125.5;100.8;106.2;120.6;91.9;99.8;120.8;93.0;102.0;50.73117704127288, 2.5290609979501575
2025-2026;09;32;HAUTS-DE-FRANCE;09;LILLE;59;NORD;59122;CAMBRAI;0595175E;COLLEGE FENELON;public;98.3;34.1;125.5;100.8;106.2;120.6;91.9;99.8;120.8;93.0;102.0;50.17574317799031, 3.2292114647688024
2025-2026;09;32;HAUTS-DE-FRANCE;09;LILLE;59;NORD;59350;LILLE;0595286A;COLLEGE PRIVE SAINT PAUL;privé sous contrat;154.0;23.7;125.5;100.8;106.2;120.6;91.9;99.8;120.8;93.0;102.0;50.63367071062751, 3.0499598984055405
2025-2026;09;32;HAUTS-DE-FRANCE;09;LILLE;59;NORD;59136;LE CATEAU CAMBRESIS;0595337F;COLLEGE JEAN ROSTAND;public;77.3;24.1;125.5;100.8;106.2;120.6;91.9;99.8;120.8;93.0;102.0;50.099125633511356, 3.5324106161619833
2025-2026;09;32;HAUTS-DE-FRANCE;09;LILLE;59;NORD;59056;BEAUCAMPS LIGNY;0595360F;COLLEGE PRIVE SAINTE MARIE;privé sous contrat;143.3;27.6;125.5;100.8;106.2;120.6;91.9;99.8;120.8;93.0;102.0;50.60188630055761, 2.918750518757317
2025-2026;09;32;HAUTS-DE-FRANCE;09;LILLE;59;NORD;59033;AULNOYE AYMERIES;0595383F;COLLEGE PRIVE SAINTE JEANNE D ARC;privé sous contrat;106.7;34.0;125.5;100.8;106.2;120.6;91.9;99.8;120.8;93.0;102.0;50.19956464093505, 3.8301602304149935
2025-2026;09;32;HAUTS-DE-FRANCE;09;LILLE;59;NORD;59183;DUNKERQUE;0595389M;COLLEGE PRIVE NOTRE DAME DES DUNES;privé sous contrat;127.8;34.7;125.5;100.8;106.2;120.6;91.9;99.8;120.8;93.0;102.0;51.033225295478196, 2.382859747635268
2025-2026;09;32;HAUTS-DE-FRANCE;09;LILLE;59;NORD;59378;MARCQ EN BAROEUL;0595398X;COLLEGE PRIVE DE MARCQ;privé sous contrat;153.3;21.8;125.5;100.8;106.2;120.6;91.9;99.8;120.8;93.0;102.0;50.68036495467745, 3.106810557103804
2025-2026;09;32;HAUTS-DE-FRANCE;09;LILLE;59;NORD;59544;SAINT SAULVE;0595402B;COLLEGE PRIVE NOTRE DAME;privé sous contrat;125.8;31.9;125.5;100.8;106.2;120.6;91.9;99.8;120.8;93.0;102.0;50.37595904877808, 3.553120400680678
2025-2026;09;32;HAUTS-DE-FRANCE;09;LILLE;59;NORD;59339;LEERS;0595713P;COLLEGE ALPHONSE DAUDET;public;112.9;33.5;125.5;100.8;106.2;120.6;91.9;99.8;120.8;93.0;102.0;50.676100977377324, 3.2402496086964256
2025-2026;09;32;HAUTS-DE-FRANCE;09;LILLE;59;NORD;59212;ESTAIRES;0595757M;COLLEGE HENRI DUREZ;public;94.5;30.0;125.5;100.8;106.2;120.6;91.9;99.8;120.8;93.0;102.0;50.6429942905723, 2.7055896378076194
2025-2026;09;32;HAUTS-DE-FRANCE;09;LILLE;59;NORD;59477;PROVIN;0595758N;COLLEGE ETIENNE DOLET;public;99.6;29.4;125.5;100.8;106.2;120.6;91.9;99.8;120.8;93.0;102.0;50.52137082566311, 2.899600556595615
2025-2026;09;32;HAUTS-DE-FRANCE;09;LILLE;59;NORD;59350;LILLE;0596177U;COLLEGE PRIVE SAINTE CLAIRE (A ABSORBE L'UAI 0595394T EN 2025);privé sous contrat;119.7;35.6;125.5;100.8;106.2;120.6;91.9;99.8;120.8;93.0;102.0;50.63445759446208, 3.06902154747252
2025-2026;09;32;HAUTS-DE-FRANCE;09;LILLE;59;NORD;59033;AULNOYE AYMERIES;0596694F;COLLEGE FELIX DEL MARLE;public;87.1;28.8;125.5;100.8;106.2;120.6;91.9;99.8;120.8;93.0;102.0;50.19848109922283, 3.834749442751117
2025-2026;09;32;HAUTS-DE-FRANCE;09;LILLE;59;NORD;59183;DUNKERQUE;0596716E;COLLEGE ARTHUR VAN HECKE;public;87.4;34.2;125.5;100.8;106.2;120.6;91.9;99.8;120.8;93.0;102.0;51.03982924030353, 2.387079848956808
2025-2026;09;32;HAUTS-DE-FRANCE;09;LILLE;62;PAS-DE-CALAIS;62108;BERCK;0620036C;COLLEGE JEAN MOULIN;public;85.9;26.8;125.5;100.8;106.2;120.6;91.9;99.8;120.0;90.2;95.8;50.400388718354385, 1.5639800130381238
2025-2026;09;32;HAUTS-DE-FRANCE;09;LILLE;62;PAS-DE-CALAIS;62215;CARVIN;0620071R;COLLEGE JEAN JACQUES ROUSSEAU;public;94.1;31.5;125.5;100.8;106.2;120.6;91.9;99.8;120.0;90.2;95.8;50.49201513899851, 2.9457496897836766
2025-2026;09;32;HAUTS-DE-FRANCE;09;LILLE;62;PAS-DE-CALAIS;62244;COULOGNE;0620073T;COLLEGE JEAN MONNET;public;101.1;32.7;125.5;100.8;106.2;120.6;91.9;99.8;120.0;90.2;95.8;50.924161978079404, 1.8838797192422772
2025-2026;09;32;HAUTS-DE-FRANCE;09;LILLE;62;PAS-DE-CALAIS;62364;FRUGES;0620085F;COLLEGE JACQUES BREL;public;90.6;29.7;125.5;100.8;106.2;120.6;91.9;99.8;120.0;90.2;95.8;50.516563612667106, 2.1299198395232355
2025-2026;09;32;HAUTS-DE-FRANCE;09;LILLE;62;PAS-DE-CALAIS;62427;HENIN BEAUMONT;0620096T;COLLEGE JEAN MACE;public;81.4;25.1;125.5;100.8;106.2;120.6;91.9;99.8;120.0;90.2;95.8;50.41155165553044, 2.938790907188865
2025-2026;09;32;HAUTS-DE-FRANCE;09;LILLE;62;PAS-DE-CALAIS;62473;ISBERGUES;0620136L;COLLEGE MAURICE PIQUET;public;91.8;28.7;125.5;100.8;106.2;120.6;91.9;99.8;120.0;90.2;95.8;50.61322684479989, 2.4582884219253707
2025-2026;09;32;HAUTS-DE-FRANCE;09;LILLE;62;PAS-DE-CALAIS;62652;PERNES;0620156H;COLLEGE DU BELLIMONT;public;99.9;31.9;125.5;100.8;106.2;120.6;91.9;99.8;120.0;90.2;95.8;50.48868559827195, 2.404010648847953
2025-2026;09;32;HAUTS-DE-FRANCE;09;LILLE;62;PAS-DE-CALAIS;62724;ROUVROY;0620158K;COLLEGE PAUL LANGEVIN;public;83.1;26.6;125.5;100.8;106.2;120.6;91.9;99.8;120.0;90.2;95.8;50.4048482044999, 2.9056856100522213
2025-2026;09;32;HAUTS-DE-FRANCE;09;LILLE;62;PAS-DE-CALAIS;62895;WINGLES;0620180J;COLLEGE LEON BLUM;public;83.8;27.3;125.5;100.8;106.2;120.6;91.9;99.8;120.0;90.2;95.8;50.49557185372062, 2.8643399654717037
2025-2026;09;32;HAUTS-DE-FRANCE;09;LILLE;62;PAS-DE-CALAIS;62506;LICQUES;0620194Z;COLLEGE JEAN ROSTAND;public;92.2;29.0;125.5;100.8;106.2;120.6;91.9;99.8;120.0;90.2;95.8;50.783279107412724, 1.9449299723474234
2025-2026;09;32;HAUTS-DE-FRANCE;09;LILLE;62;PAS-DE-CALAIS;62865;VITRY EN ARTOIS;0622084D;COLLEGE PABLO NERUDA;public;103.0;31.5;125.5;100.8;106.2;120.6;91.9;99.8;120.0;90.2;95.8;50.32940314377099, 2.9929899978489933
2025-2026;09;32;HAUTS-DE-FRANCE;09;LILLE;62;PAS-DE-CALAIS;62510;LIEVIN;0622086F;COLLEGE DESCARTES MONTAIGNE;public;89.8;31.7;125.5;100.8;106.2;120.6;91.9;99.8;120.0;90.2;95.8;50.41352759147422, 2.7674199088405786
2025-2026;09;32;HAUTS-DE-FRANCE;09;LILLE;62;PAS-DE-CALAIS;62563;MAZINGARBE;0622087G;COLLEGE BLAISE PASCAL;public;78.4;27.3;125.5;100.8;106.2;120.6;91.9;99.8;120.0;90.2;95.8;50.46164187069234, 2.7194599930897345
2025-2026;09;32;HAUTS-DE-FRANCE;09;LILLE;62;PAS-DE-CALAIS;62126;BEUVRY;0622090K;COLLEGE ALBERT DEBEYRE;public;92.9;33.1;125.5;100.8;106.2;120.6;91.9;99.8;120.0;90.2;95.8;50.51889991403288, 2.6661803974822464
2025-2026;09;32;HAUTS-DE-FRANCE;09;LILLE;62;PAS-DE-CALAIS;62667;LE PORTEL;0622095R;COLLEGE JEAN MOULIN;public;76.6;23.9;125.5;100.8;106.2;120.6;91.9;99.8;120.0;90.2;95.8;50.70825662279591, 1.5844998448274454
2025-2026;09;32;HAUTS-DE-FRANCE;09;LILLE;62;PAS-DE-CALAIS;62560;MARQUISE;0622096S;COLLEGE JEAN ROSTAND;public;98.2;31.3;125.5;100.8;106.2;120.6;91.9;99.8;120.0;90.2;95.8;50.817259140200996, 1.7126997626864189
2025-2026;09;32;HAUTS-DE-FRANCE;09;LILLE;62;PAS-DE-CALAIS;62050;AUCHY LES HESDIN;0622097T;COLLEGE JEAN ROSTAND;public;81.2;22.7;125.5;100.8;106.2;120.6;91.9;99.8;120.0;90.2;95.8;50.40309660977085, 2.09708054059803
2025-2026;09;32;HAUTS-DE-FRANCE;09;LILLE;62;PAS-DE-CALAIS;62041;ARRAS;0622103Z;COLLEGE PRIVE SAINT JOSEPH;privé sous contrat;137.8;28.8;125.5;100.8;106.2;120.6;91.9;99.8;120.0;90.2;95.8;50.291269030476805, 2.771739508529325
2025-2026;09;32;HAUTS-DE-FRANCE;09;LILLE;62;PAS-DE-CALAIS;62119;BETHUNE;0622129C;COLLEGE PRIVE SAINTE FAMILLE;privé sous contrat;125.3;28.8;125.5;100.8;106.2;120.6;91.9;99.8;120.0;90.2;95.8;50.52884968324221, 2.6433533633627184
2025-2026;09;32;HAUTS-DE-FRANCE;09;LILLE;62;PAS-DE-CALAIS;62361;FREVENT;0622137L;COLLEGE PRIVE SACRE COEUR;privé sous contrat;107.5;30.4;125.5;100.8;106.2;120.6;91.9;99.8;120.0;90.2;95.8;50.277344107645725, 2.2890600944098347
2025-2026;09;32;HAUTS-DE-FRANCE;09;LILLE;62;PAS-DE-CALAIS;62560;MARQUISE;0622143T;COLLEGE PRIVE SAINT MARTIN;privé sous contrat;119.4;31.1;125.5;100.8;106.2;120.6;91.9;99.8;120.0;90.2;95.8;50.812254344116965, 1.7136896558823846
2025-2026;09;32;HAUTS-DE-FRANCE;09;LILLE;62;PAS-DE-CALAIS;62250;COURRIERES;0622264Z;COLLEGE CLAUDE DEBUSSY;public;91.0;32.6;125.5;100.8;106.2;120.6;91.9;99.8;120.0;90.2;95.8;50.45243870696567, 2.9487603119270873
2025-2026;09;32;HAUTS-DE-FRANCE;09;LILLE;62;PAS-DE-CALAIS;62193;CALAIS;0622273J;COLLEGE LUCIEN VADEZ;public;70.4;19.2;125.5;100.8;106.2;120.6;91.9;99.8;120.0;90.2;95.8;50.954987926866636, 1.8989393922124258
2025-2026;09;32;HAUTS-DE-FRANCE;09;LILLE;62;PAS-DE-CALAIS;62758;SAINT MARTIN BOULOGNE;0622434J;COLLEGE ROGER SALENGRO;public;89.5;30.6;125.5;100.8;106.2;120.6;91.9;99.8;120.0;90.2;95.8;50.727617613334296, 1.6306095845429613
2025-2026;09;32;HAUTS-DE-FRANCE;09;LILLE;62;PAS-DE-CALAIS;62032;ANGRES;0622579S;COLLEGE JEAN VILAR;public;106.1;34.2;125.5;100.8;106.2;120.6;91.9;99.8;120.0;90.2;95.8;50.41074383810004, 2.7535600562013918
2025-2026;09;32;HAUTS-DE-FRANCE;09;LILLE;62;PAS-DE-CALAIS;62767;SAINT POL SUR TERNOISE;0622790W;COLLEGE ROGER SALENGRO;public;92.4;29.0;125.5;100.8;106.2;120.6;91.9;99.8;120.0;90.2;95.8;50.379591320916624, 2.3305972218706037
2025-2026;09;32;HAUTS-DE-FRANCE;09;LILLE;62;PAS-DE-CALAIS;62413;HARNES;0622791X;COLLEGE VICTOR HUGO;public;80.9;25.3;125.5;100.8;106.2;120.6;91.9;99.8;120.0;90.2;95.8;50.45054798315641, 2.901050524240089
2025-2026;09;32;HAUTS-DE-FRANCE;09;LILLE;62;PAS-DE-CALAIS;62133;BILLY MONTIGNY;0622793Z;COLLEGE DAVID MARCELLE;public;84.8;27.9;125.5;100.8;106.2;120.6;91.9;99.8;120.0;90.2;95.8;50.41608045486609, 2.921099632581262
2025-2026;09;32;HAUTS-DE-FRANCE;09;LILLE;62;PAS-DE-CALAIS;62516;LILLERS;0622799F;COLLEGE LEO LAGRANGE;public;80.0;25.1;125.5;100.8;106.2;120.6;91.9;99.8;120.0;90.2;95.8;50.567034279137644, 2.4807895586763813
2025-2026;09;32;HAUTS-DE-FRANCE;09;LILLE;62;PAS-DE-CALAIS;62051;AUCHY LES MINES;0622946R;COLLEGE JOLIOT CURIE;public;90.3;27.3;125.5;100.8;106.2;120.6;91.9;99.8;120.0;90.2;95.8;50.51788963605935, 2.7882000779325455
2025-2026;09;32;HAUTS-DE-FRANCE;09;LILLE;62;PAS-DE-CALAIS;62119;BETHUNE;0622947S;COLLEGE GEORGE SAND;public;94.7;36.0;125.5;100.8;106.2;120.6;91.9;99.8;120.0;90.2;95.8;50.529725801612535, 2.645259432715609
2025-2026;09;32;HAUTS-DE-FRANCE;09;LILLE;62;PAS-DE-CALAIS;62628;NOYELLES SOUS LENS;0623016S;COLLEGE PIERRE BROSSOLETTE;public;86.1;26.7;125.5;100.8;106.2;120.6;91.9;99.8;120.0;90.2;95.8;50.427765150252554, 2.8737593658479215
2025-2026;09;32;HAUTS-DE-FRANCE;09;LILLE;62;PAS-DE-CALAIS;62268;DESVRES;0623023Z;COLLEGE DU CARAQUET;public;93.0;30.4;125.5;100.8;106.2;120.6;91.9;99.8;120.0;90.2;95.8;50.66775545426103, 1.8275193451698724
2025-2026;09;32;HAUTS-DE-FRANCE;09;LILLE;62;PAS-DE-CALAIS;62765;SAINT OMER;0623574Y;COLLEGE PRIVE NOTRE DAME DE SION;privé sous contrat;113.6;31.5;125.5;100.8;106.2;120.6;91.9;99.8;120.0;90.2;95.8;50.75402602776089, 2.2559104276682307
2025-2026;09;32;HAUTS-DE-FRANCE;09;LILLE;62;PAS-DE-CALAIS;62645;OYE PLAGE;0623759Z;COLLEGE LES ARGOUSIERS;public;95.4;30.0;125.5;100.8;106.2;120.6;91.9;99.8;120.0;90.2;95.8;50.976031340984115, 2.0423998218835915
2023-2024;09;32;HAUTS-DE-FRANCE;09;LILLE;59;NORD;59271;GRANDE SYNTHE;0590088A;COLLEGE JULES VERNE;public;77.2;23.6;124.1;100.9;105.9;119.0;91.2;98.9;119.0;92.2;100.8;51.020127902647296, 2.3046996668512616
2023-2024;09;32;HAUTS-DE-FRANCE;09;LILLE;59;NORD;59295;HAZEBROUCK;0590103S;COLLEGE FERNANDE BENOIST;public;91.8;27.9;124.1;100.9;105.9;119.0;91.2;98.9;119.0;92.2;100.8;50.717482139224366, 2.529540189704659
2023-2024;09;32;HAUTS-DE-FRANCE;09;LILLE;59;NORD;59350;LILLE;0590115E;COLLEGE FRANKLIN;public;102.2;43.6;124.1;100.9;105.9;119.0;91.2;98.9;119.0;92.2;100.8;50.62910544167586, 3.070409601593442
2023-2024;09;32;HAUTS-DE-FRANCE;09;LILLE;59;NORD;59350;LILLE;0590131X;COLLEGE JEAN JAURES;public;76.0;28.1;124.1;100.9;105.9;119.0;91.2;98.9;119.0;92.2;100.8;50.64124280357082, 3.011501851353845
2023-2024;09;32;HAUTS-DE-FRANCE;09;LILLE;59;NORD;59392;MAUBEUGE;0590151U;COLLEGE ERNEST COUTELLE;public;87.9;31.9;124.1;100.9;105.9;119.0;91.2;98.9;119.0;92.2;100.8;50.27794947812394, 3.971009768841562
2023-2024;09;32;HAUTS-DE-FRANCE;09;LILLE;59;NORD;59512;ROUBAIX;0590183D;COLLEGE MADAME DE SEVIGNE;public;67.4;21.2;124.1;100.9;105.9;119.0;91.2;98.9;119.0;92.2;100.8;50.693177620016684, 3.164919554423088
2023-2024;09;32;HAUTS-DE-FRANCE;09;LILLE;59;NORD;59606;VALENCIENNES;0590224Y;COLLEGE JEAN BAPTISTE CARPEAUX;public;104.3;44.5;124.1;100.9;105.9;119.0;91.2;98.9;119.0;92.2;100.8;50.36055942062598, 3.518971221639622
2023-2024;09;32;HAUTS-DE-FRANCE;09;LILLE;59;NORD;59350;LILLE;0590271Z;COLLEGE PAUL VERLAINE;public;81.3;31.4;124.1;100.9;105.9;119.0;91.2;98.9;119.0;92.2;100.8;50.61075822667113, 3.070130015934418
2023-2024;09;32;HAUTS-DE-FRANCE;09;LILLE;59;NORD;59606;VALENCIENNES;0592715F;COLLEGE CHARLES EISEN;public;105.6;40.7;124.1;100.9;105.9;119.0;91.2;98.9;119.0;92.2;100.8;50.365060906353754, 3.5320595657419096
2023-2024;09;32;HAUTS-DE-FRANCE;09;LILLE;59;NORD;59178;DOUAI;0592733A;COLLEGE ANDRE STREINGER;public;83.4;31.1;124.1;100.9;105.9;119.0;91.2;98.9;119.0;92.2;100.8;50.361493240837355, 3.085579742225807
2023-2024;09;32;HAUTS-DE-FRANCE;09;LILLE;59;NORD;59368;LA MADELEINE;0592896C;COLLEGE PRIVE SAINT JEAN;privé sous contrat;131.1;25.7;124.1;100.9;105.9;119.0;91.2;98.9;119.0;92.2;100.8;50.65515072650564, 3.078590010507012
2023-2024;09;32;HAUTS-DE-FRANCE;09;LILLE;59;NORD;59400;MERVILLE;0592899F;COLLEGE PRIVE SAINT ROBERT;privé sous contrat;107.2;29.3;124.1;100.9;105.9;119.0;91.2;98.9;119.0;92.2;100.8;50.64256827138436, 2.6418202554603893
2023-2024;09;32;HAUTS-DE-FRANCE;09;LILLE;59;NORD;59512;ROUBAIX;0592905M;COLLEGE PRIVE SAINTE MARIE;privé sous contrat;84.5;21.9;124.1;100.9;105.9;119.0;91.2;98.9;119.0;92.2;100.8;50.69627919052339, 3.176438601810453
2023-2024;09;32;HAUTS-DE-FRANCE;09;LILLE;59;NORD;59017;ARMENTIERES;0592946G;COLLEGE PRIVE SAINT CHARLES;privé sous contrat;103.0;27.8;124.1;100.9;105.9;119.0;91.2;98.9;119.0;92.2;100.8;50.68419111384052, 2.883004380061855
2023-2024;09;32;HAUTS-DE-FRANCE;09;LILLE;59;NORD;59152;COMINES;0592959W;COLLEGE PRIVE SAINT JOSEPH;privé sous contrat;113.6;33.3;124.1;100.9;105.9;119.0;91.2;98.9;119.0;92.2;100.8;50.7616047561587, 3.004620284383206
2023-2024;09;32;HAUTS-DE-FRANCE;09;LILLE;59;NORD;59212;ESTAIRES;0593103C;COLLEGE PRIVE SACRE COEUR;privé sous contrat;99.0;27.5;124.1;100.9;105.9;119.0;91.2;98.9;119.0;92.2;100.8;50.646827656982204, 2.719369595601835
2023-2024;09;32;HAUTS-DE-FRANCE;09;LILLE;59;NORD;59599;TOURCOING;0593149C;COLLEGE PRIVE CHARLES DE FOUCAULD;privé sous contrat;97.1;32.6;124.1;100.9;105.9;119.0;91.2;98.9;119.0;92.2;100.8;50.72559677272824, 3.1338694302671253
2023-2024;09;32;HAUTS-DE-FRANCE;09;LILLE;59;NORD;59599;TOURCOING;0593150D;COLLEGE PRIVE SAINT GABRIEL;privé sous contrat;82.9;24.2;124.1;100.9;105.9;119.0;91.2;98.9;119.0;92.2;100.8;50.73312731855424, 3.1785703614570733
2023-2024;09;32;HAUTS-DE-FRANCE;09;LILLE;59;NORD;59606;VALENCIENNES;0593154H;COLLEGE PRIVE SAINTE MARIE;privé sous contrat;111.6;32.0;124.1;100.9;105.9;119.0;91.2;98.9;119.0;92.2;100.8;50.36088999631218, 3.5212706887280376
2023-2024;09;32;HAUTS-DE-FRANCE;09;LILLE;59;NORD;59122;CAMBRAI;0593171B;COLLEGE PRIVE SAINT LUC JEANNE D ARC;privé sous contrat;119.3;32.0;124.1;100.9;105.9;119.0;91.2;98.9;119.0;92.2;100.8;50.1675522063398, 3.235499412182975
2023-2024;09;32;HAUTS-DE-FRANCE;09;LILLE;59;NORD;59599;TOURCOING;0593217B;COLLEGE PRIVE CHARLES PEGUY;privé sous contrat;99.6;33.5;124.1;100.9;105.9;119.0;91.2;98.9;119.0;92.2;100.8;50.72016588541881, 3.151410525301725
2023-2024;09;32;HAUTS-DE-FRANCE;09;LILLE;59;NORD;59328;LAMBERSART;0593226L;COLLEGE ANNE FRANK;public;127.0;41.1;124.1;100.9;105.9;119.0;91.2;98.9;119.0;92.2;100.8;50.6485074220452, 3.028000828003354
2023-2024;09;32;HAUTS-DE-FRANCE;09;LILLE;59;NORD;59378;MARCQ EN BAROEUL;0593227M;COLLEGE DU LAZARO;public;117.3;42.0;124.1;100.9;105.9;119.0;91.2;98.9;119.0;92.2;100.8;50.67807490650264, 3.0859402558333904
2023-2024;09;32;HAUTS-DE-FRANCE;09;LILLE;59;NORD;59527;SAINT ANDRE LEZ LILLE;0593228N;COLLEGE JEAN MOULIN;public;113.8;36.5;124.1;100.9;105.9;119.0;91.2;98.9;119.0;92.2;100.8;50.65850679010164, 3.0493535637918514
2023-2024;09;32;HAUTS-DE-FRANCE;09;LILLE;59;NORD;59163;CROIX;0593239A;COLLEGE BORIS VIAN;public;97.5;38.4;124.1;100.9;105.9;119.0;91.2;98.9;119.0;92.2;100.8;50.68344141187111, 3.14996066957436
2023-2024;09;32;HAUTS-DE-FRANCE;09;LILLE;59;NORD;59646;WASQUEHAL;0593241C;COLLEGE ALBERT CALMETTE;public;105.3;34.9;124.1;100.9;105.9;119.0;91.2;98.9;119.0;92.2;100.8;50.668835311606735, 3.126159309653126
2023-2024;09;32;HAUTS-DE-FRANCE;09;LILLE;59;NORD;59253;FRESNES SUR ESCAUT;0593486U;COLLEGE FELICIEN JOLY;public;75.1;22.5;124.1;100.9;105.9;119.0;91.2;98.9;119.0;92.2;100.8;50.43703364705557, 3.571800073022058
2023-2024;09;32;HAUTS-DE-FRANCE;09;LILLE;59;NORD;59122;CAMBRAI;0593488W;COLLEGE LAMARTINE;public;89.5;32.5;124.1;100.9;105.9;119.0;91.2;98.9;119.0;92.2;100.8;50.158508690819055, 3.263580630801944
2023-2024;09;32;HAUTS-DE-FRANCE;09;LILLE;59;NORD;59155;COUDEKERQUE BRANCHE;0593494C;COLLEGE BORIS VIAN;public;88.1;27.2;124.1;100.9;105.9;119.0;91.2;98.9;119.0;92.2;100.8;51.01693601648694, 2.3900903125484936
2023-2024;09;32;HAUTS-DE-FRANCE;09;LILLE;59;NORD;59368;LA MADELEINE;0593658F;COLLEGE YVONNE ABBAS;public;94.8;37.0;124.1;100.9;105.9;119.0;91.2;98.9;119.0;92.2;100.8;50.652658361725656, 3.065119524583582
2023-2024;09;32;HAUTS-DE-FRANCE;09;LILLE;59;NORD;59508;RONCQ;0593668S;COLLEGE PAUL ELUARD;public;102.7;33.8;124.1;100.9;105.9;119.0;91.2;98.9;119.0;92.2;100.8;50.74973221349122, 3.1268566285505814
2023-2024;09;32;HAUTS-DE-FRANCE;09;LILLE;59;NORD;59037;AVESNES LES AUBERT;0593676A;COLLEGE PAUL LANGEVIN;public;93.0;29.9;124.1;100.9;105.9;119.0;91.2;98.9;119.0;92.2;100.8;50.1954870718211, 3.3913202852027626
2023-2024;09;32;HAUTS-DE-FRANCE;09;LILLE;59;NORD;59009;VILLENEUVE D ASCQ;0594291U;COLLEGE MOLIERE;public;118.1;39.1;124.1;100.9;105.9;119.0;91.2;98.9;119.0;92.2;100.8;50.65812261218345, 3.146320362761172
2023-2024;09;32;HAUTS-DE-FRANCE;09;LILLE;59;NORD;59400;MERVILLE;0594294X;COLLEGE HENRI DUNANT;public;80.8;23.2;124.1;100.9;105.9;119.0;91.2;98.9;119.0;92.2;100.8;50.64897069452894, 2.638800542120294
2023-2024;09;32;HAUTS-DE-FRANCE;09;LILLE;59;NORD;59172;DENAIN;0594300D;COLLEGE BAYARD;public;70.6;21.1;124.1;100.9;105.9;119.0;91.2;98.9;119.0;92.2;100.8;50.3360867240659, 3.382930373268679
2023-2024;09;32;HAUTS-DE-FRANCE;09;LILLE;59;NORD;59079;BEUVRAGES;0594301E;COLLEGE PAUL ELUARD;public;77.5;25.3;124.1;100.9;105.9;119.0;91.2;98.9;119.0;92.2;100.8;50.38544700442605, 3.500880459857708
2023-2024;09;32;HAUTS-DE-FRANCE;09;LILLE;59;NORD;59015;ARLEUX;0594401N;COLLEGE VAL DE LA SENSEE;public;100.1;32.7;124.1;100.9;105.9;119.0;91.2;98.9;119.0;92.2;100.8;50.28398626566773, 3.0993299444221893
2023-2024;09;32;HAUTS-DE-FRANCE;09;LILLE;59;NORD;59350;LILLE;0594523W;COLLEGE GUY MOLLET;public;103.3;33.2;124.1;100.9;105.9;119.0;91.2;98.9;119.0;92.2;100.8;50.64140987868975, 2.9903228887018427
2023-2024;09;32;HAUTS-DE-FRANCE;09;LILLE;59;NORD;59094;BOURBOURG;0594640Y;COLLEGE JEAN JAURES;public;82.4;26.1;124.1;100.9;105.9;119.0;91.2;98.9;119.0;92.2;100.8;50.94458059613789, 2.2003199174355488
2023-2024;09;32;HAUTS-DE-FRANCE;09;LILLE;59;NORD;59647;WATTEN;0594650J;COLLEGE JACQUES PREVERT;public;95.1;28.6;124.1;100.9;105.9;119.0;91.2;98.9;119.0;92.2;100.8;50.838715852774484, 2.2165805925832007
2023-2024;09;32;HAUTS-DE-FRANCE;09;LILLE;59;NORD;59350;LILLE;0594881K;COLLEGE MARTHA DESRUMAUX;public;86.5;37.8;124.1;100.9;105.9;119.0;91.2;98.9;119.0;92.2;100.8;50.63901029289493, 3.084840391287406
2023-2024;09;32;HAUTS-DE-FRANCE;09;LILLE;59;NORD;59328;LAMBERSART;0595163S;COLLEGE LAVOISIER;public;101.8;37.4;124.1;100.9;105.9;119.0;91.2;98.9;119.0;92.2;100.8;50.6425747235052, 3.023230122382464
2023-2024;09;32;HAUTS-DE-FRANCE;09;LILLE;59;NORD;59035;AVESNELLES;0595176F;COLLEGE RENAUD BARRAULT;public;87.7;32.3;124.1;100.9;105.9;119.0;91.2;98.9;119.0;92.2;100.8;50.11845078112309, 3.9406493271130003
2023-2024;09;32;HAUTS-DE-FRANCE;09;LILLE;59;NORD;59178;DOUAI;0595190W;COLLEGE GAYANT;public;75.6;23.4;124.1;100.9;105.9;119.0;91.2;98.9;119.0;92.2;100.8;50.40191279499383, 3.124549464711073
2023-2024;09;32;HAUTS-DE-FRANCE;09;LILLE;59;NORD;59139;CAUDRY;0595277R;COLLEGE JACQUES PREVERT;public;78.6;29.3;124.1;100.9;105.9;119.0;91.2;98.9;119.0;92.2;100.8;50.12524217659558, 3.421170555940896
2023-2024;09;32;HAUTS-DE-FRANCE;09;LILLE;59;NORD;59136;LE CATEAU CAMBRESIS;0595337F;COLLEGE JEAN ROSTAND;public;80.3;25.6;124.1;100.9;105.9;119.0;91.2;98.9;119.0;92.2;100.8;50.099125633511356, 3.5324106161619833
2023-2024;09;32;HAUTS-DE-FRANCE;09;LILLE;59;NORD;59017;ARMENTIERES;0595382E;COLLEGE PRIVE SAINT JUDE;privé sous contrat;125.3;35.9;124.1;100.9;105.9;119.0;91.2;98.9;119.0;92.2;100.8;50.688057701204606, 2.8745904581322375
2023-2024;09;32;HAUTS-DE-FRANCE;09;LILLE;59;NORD;59090;BONDUES;0595385H;COLLEGE PRIVE LA CROIX BLANCHE;privé sous contrat;142.1;28.2;124.1;100.9;105.9;119.0;91.2;98.9;119.0;92.2;100.8;50.71990834421268, 3.109499868205024
2023-2024;09;32;HAUTS-DE-FRANCE;09;LILLE;59;NORD;59350;LILLE;0595396V;COLLEGE PRIVE LA SALLE;privé sous contrat;117.8;38.8;124.1;100.9;105.9;119.0;91.2;98.9;119.0;92.2;100.8;50.62863139467977, 3.0408093284103512
2023-2024;09;32;HAUTS-DE-FRANCE;09;LILLE;59;NORD;59392;MAUBEUGE;0595399Y;COLLEGE PRIVE NOTRE DAME DE GRACE;privé sous contrat;105.9;33.1;124.1;100.9;105.9;119.0;91.2;98.9;119.0;92.2;100.8;50.276791021567234, 3.9759099873260664
2023-2024;09;32;HAUTS-DE-FRANCE;09;LILLE;59;NORD;59299;HEM;0595630Z;COLLEGE PRIVE SAINT PAUL;privé sous contrat;105.2;31.4;124.1;100.9;105.9;119.0;91.2;98.9;119.0;92.2;100.8;50.66926504570404, 3.184409315166172
2023-2024;09;32;HAUTS-DE-FRANCE;09;LILLE;59;NORD;59271;GRANDE SYNTHE;0595782P;COLLEGE DU MOULIN;public;75.0;23.5;124.1;100.9;105.9;119.0;91.2;98.9;119.0;92.2;100.8;51.01131527401728, 2.3041700698011334
2023-2024;09;32;HAUTS-DE-FRANCE;09;LILLE;59;NORD;59456;PECQUENCOURT;0596529B;COLLEGE MAURICE SCHUMANN;public;88.8;30.0;124.1;100.9;105.9;119.0;91.2;98.9;119.0;92.2;100.8;50.375061829305764, 3.2054296343625706
2023-2024;09;32;HAUTS-DE-FRANCE;09;LILLE;59;NORD;59250;FOURNES EN WEPPES;0596801X;COLLEGE PRIVE RESSOURCES SAINT JACQUES;privé sous contrat;96.3;30.3;124.1;100.9;105.9;119.0;91.2;98.9;119.0;92.2;100.8;50.58415844297129, 2.889789335618925
2023-2024;09;32;HAUTS-DE-FRANCE;09;LILLE;59;NORD;59350;LILLE;0596833G;COLLEGE NINA SIMONE;public;81.5;36.0;124.1;100.9;105.9;119.0;91.2;98.9;119.0;92.2;100.8;50.624217470059136, 3.0443905646572866
2023-2024;09;32;HAUTS-DE-FRANCE;09;LILLE;59;NORD;59129;CAPPELLE EN PEVELE;0596873A;COLLEGE SIMONE VEIL;public;131.6;34.3;124.1;100.9;105.9;119.0;91.2;98.9;119.0;92.2;100.8;50.51335728894572, 3.1655495272417715
2023-2024;09;32;HAUTS-DE-FRANCE;09;LILLE;59;NORD;59431;NIEPPE;0596988A;COLLEGE JEANNE DE CONSTANTINOPLE;public;104.8;31.4;124.1;100.9;105.9;119.0;91.2;98.9;119.0;92.2;100.8;50.69509445056544, 2.851530298837395
2023-2024;09;32;HAUTS-DE-FRANCE;09;LILLE;62;PAS-DE-CALAIS;62045;AUBIGNY EN ARTOIS;0620016F;COLLEGE JEAN MONNET;public;109.3;32.4;124.1;100.9;105.9;119.0;91.2;98.9;119.0;89.8;95.2;50.35013583771473, 2.5886699332955727
2023-2024;09;32;HAUTS-DE-FRANCE;09;LILLE;62;PAS-DE-CALAIS;62057;AUDRUICQ;0620024P;COLLEGE DU BREDENARDE;public;91.5;30.2;124.1;100.9;105.9;119.0;91.2;98.9;119.0;89.8;95.2;50.87715138021697, 2.0697094187709673
2023-2024;09;32;HAUTS-DE-FRANCE;09;LILLE;62;PAS-DE-CALAIS;62060;AUXI LE CHATEAU;0620025R;COLLEGE DU VAL D AUTHIE;public;88.2;30.0;124.1;100.9;105.9;119.0;91.2;98.9;119.0;89.8;95.2;50.22910948306126, 2.106420297563793
2023-2024;09;32;HAUTS-DE-FRANCE;09;LILLE;62;PAS-DE-CALAIS;62117;BERTINCOURT;0620039F;COLLEGE JACQUES YVES COUSTEAU;public;88.4;25.0;124.1;100.9;105.9;119.0;91.2;98.9;119.0;89.8;95.2;50.08837894809274, 2.9812501868009518
2023-2024;09;32;HAUTS-DE-FRANCE;09;LILLE;62;PAS-DE-CALAIS;62325;FAUQUEMBERGUES;0620082C;COLLEGE MONSIGNY;public;90.2;28.2;124.1;100.9;105.9;119.0;91.2;98.9;119.0;89.8;95.2;50.60166097882675, 2.100550431011966
2023-2024;09;32;HAUTS-DE-FRANCE;09;LILLE;62;PAS-DE-CALAIS;62652;PERNES;0620156H;COLLEGE DU BELLIMONT;public;99.1;30.7;124.1;100.9;105.9;119.0;91.2;98.9;119.0;89.8;95.2;50.48868559827195, 2.404010648847953
2023-2024;09;32;HAUTS-DE-FRANCE;09;LILLE;62;PAS-DE-CALAIS;62506;LICQUES;0620194Z;COLLEGE JEAN ROSTAND;public;92.2;29.4;124.1;100.9;105.9;119.0;91.2;98.9;119.0;89.8;95.2;50.783279107412724, 1.9449299723474234
2023-2024;09;32;HAUTS-DE-FRANCE;09;LILLE;62;PAS-DE-CALAIS;62563;MAZINGARBE;0622087G;COLLEGE BLAISE PASCAL;public;80.6;26.1;124.1;100.9;105.9;119.0;91.2;98.9;119.0;89.8;95.2;50.46164187069234, 2.7194599930897345
2023-2024;09;32;HAUTS-DE-FRANCE;09;LILLE;62;PAS-DE-CALAIS;62667;LE PORTEL;0622095R;COLLEGE JEAN MOULIN;public;79.1;23.8;124.1;100.9;105.9;119.0;91.2;98.9;119.0;89.8;95.2;50.70825662279591, 1.5844998448274454
2023-2024;09;32;HAUTS-DE-FRANCE;09;LILLE;62;PAS-DE-CALAIS;62560;MARQUISE;0622096S;COLLEGE JEAN ROSTAND;public;96.0;34.0;124.1;100.9;105.9;119.0;91.2;98.9;119.0;89.8;95.2;50.817259140200996, 1.7126997626864189
2023-2024;09;32;HAUTS-DE-FRANCE;09;LILLE;62;PAS-DE-CALAIS;62050;AUCHY LES HESDIN;0622097T;COLLEGE JEAN ROSTAND;public;81.4;22.8;124.1;100.9;105.9;119.0;91.2;98.9;119.0;89.8;95.2;50.40309660977085, 2.09708054059803
2023-2024;09;32;HAUTS-DE-FRANCE;09;LILLE;62;PAS-DE-CALAIS;62351;FOUQUIERES LES LENS;0622098U;COLLEGE EMILE ZOLA;public;84.5;26.2;124.1;100.9;105.9;119.0;91.2;98.9;119.0;89.8;95.2;50.4287649601296, 2.918329570093103
2023-2024;09;32;HAUTS-DE-FRANCE;09;LILLE;62;PAS-DE-CALAIS;62014;AIRE SUR LA LYS;0622100W;COLLEGE PRIVE SAINTE MARIE;privé sous contrat;117.2;31.1;124.1;100.9;105.9;119.0;91.2;98.9;119.0;89.8;95.2;50.63987492080987, 2.3986006385933534
2023-2024;09;32;HAUTS-DE-FRANCE;09;LILLE;62;PAS-DE-CALAIS;62041;ARRAS;0622103Z;COLLEGE PRIVE SAINT JOSEPH;privé sous contrat;135.1;29.2;124.1;100.9;105.9;119.0;91.2;98.9;119.0;89.8;95.2;50.291269030476805, 2.771739508529325
2023-2024;09;32;HAUTS-DE-FRANCE;09;LILLE;62;PAS-DE-CALAIS;62170;BOUVIGNY BOYEFFLES;0622108E;COLLEGE PRIVE SAINT FRANCOIS;privé sous contrat;119.4;27.9;124.1;100.9;105.9;119.0;91.2;98.9;119.0;89.8;95.2;50.42062145251453, 2.668040560751657
2023-2024;09;32;HAUTS-DE-FRANCE;09;LILLE;62;PAS-DE-CALAIS;62038;ARDRES;0622123W;COLLEGE PRIVE NOTRE DAME DE GRACE;privé sous contrat;102.7;26.2;124.1;100.9;105.9;119.0;91.2;98.9;119.0;89.8;95.2;50.852534299793454, 1.9780544837060388
2023-2024;09;32;HAUTS-DE-FRANCE;09;LILLE;62;PAS-DE-CALAIS;62037;ANZIN SAINT AUBIN;0622125Y;COLLEGE PRIVE LES LOUEZ DIEU;privé sous contrat;134.1;29.9;124.1;100.9;105.9;119.0;91.2;98.9;119.0;89.8;95.2;50.31376101578666, 2.753930423050152
2023-2024;09;32;HAUTS-DE-FRANCE;09;LILLE;62;PAS-DE-CALAIS;62160;BOULOGNE SUR MER;0622131E;COLLEGE PRIVE GODEFROY DE BOUILLON;privé sous contrat;92.9;25.1;124.1;100.9;105.9;119.0;91.2;98.9;119.0;89.8;95.2;50.721438736277236, 1.6099794080396628
2023-2024;09;32;HAUTS-DE-FRANCE;09;LILLE;62;PAS-DE-CALAIS;62065;AVION;0622420U;COLLEGE PAUL LANGEVIN;public;75.0;24.2;124.1;100.9;105.9;119.0;91.2;98.9;119.0;89.8;95.2;50.39828810131777, 2.838520306506523
2023-2024;09;32;HAUTS-DE-FRANCE;09;LILLE;62;PAS-DE-CALAIS;62587;MONTIGNY EN GOHELLE;0622423X;COLLEGE YOURI GAGARINE;public;75.7;24.5;124.1;100.9;105.9;119.0;91.2;98.9;119.0;89.8;95.2;50.4310641266138, 2.9319693624659204
2023-2024;09;32;HAUTS-DE-FRANCE;09;LILLE;62;PAS-DE-CALAIS;62178;BRUAY LA BUISSIERE;0622428C;COLLEGE EDMOND ROSTAND;public;84.7;29.4;124.1;100.9;105.9;119.0;91.2;98.9;119.0;89.8;95.2;50.487227461465054, 2.5555504164428298
2023-2024;09;32;HAUTS-DE-FRANCE;09;LILLE;62;PAS-DE-CALAIS;62100;BEAURAINVILLE;0622435K;COLLEGE BELREM;public;89.9;23.7;124.1;100.9;105.9;119.0;91.2;98.9;119.0;89.8;95.2;50.42293790027999, 1.8974193748602202
2023-2024;09;32;HAUTS-DE-FRANCE;09;LILLE;62;PAS-DE-CALAIS;62193;CALAIS;0622576N;COLLEGE VAUBAN;public;66.4;17.1;124.1;100.9;105.9;119.0;91.2;98.9;119.0;89.8;95.2;50.94828933426335, 1.8331704068499097
2023-2024;09;32;HAUTS-DE-FRANCE;09;LILLE;62;PAS-DE-CALAIS;62041;ARRAS;0622789V;COLLEGE CHARLES PEGUY;public;81.9;31.5;124.1;100.9;105.9;119.0;91.2;98.9;119.0;89.8;95.2;50.301286630319076, 2.7505104747791638
2023-2024;09;32;HAUTS-DE-FRANCE;09;LILLE;62;PAS-DE-CALAIS;62842;VENDIN LE VIEIL;0622792Y;COLLEGE BRACKE DESROUSSEAUX;public;94.5;28.5;124.1;100.9;105.9;119.0;91.2;98.9;119.0;89.8;95.2;50.47790567477626, 2.860990357056119
2023-2024;09;32;HAUTS-DE-FRANCE;09;LILLE;62;PAS-DE-CALAIS;62041;ARRAS;0622864B;COLLEGE FRANCOIS MITTERRAND;public;101.2;31.6;124.1;100.9;105.9;119.0;91.2;98.9;119.0;89.8;95.2;50.27517239207419, 2.7891502807308513
2023-2024;09;32;HAUTS-DE-FRANCE;09;LILLE;62;PAS-DE-CALAIS;62451;HEUCHIN;0622866D;COLLEGE JACQUES PREVERT;public;89.5;25.4;124.1;100.9;105.9;119.0;91.2;98.9;119.0;89.8;95.2;50.47439192291763, 2.2688603220749526
2023-2024;09;32;HAUTS-DE-FRANCE;09;LILLE;62;PAS-DE-CALAIS;62902;WIZERNES;0622874M;COLLEGE RENE CASSIN;public;85.3;27.9;124.1;100.9;105.9;119.0;91.2;98.9;119.0;89.8;95.2;50.71584944339516, 2.231910192482097
2023-2024;09;32;HAUTS-DE-FRANCE;09;LILLE;62;PAS-DE-CALAIS;62765;SAINT OMER;0622907Y;COLLEGE DE LA MORINIE;public;76.2;25.7;124.1;100.9;105.9;119.0;91.2;98.9;119.0;89.8;95.2;50.74773575087692, 2.26844997765505
2023-2024;09;32;HAUTS-DE-FRANCE;09;LILLE;62;PAS-DE-CALAIS;62249;COURCELLES LES LENS;0622943M;COLLEGE ADULPHE DELEGORGUE;public;82.8;26.3;124.1;100.9;105.9;119.0;91.2;98.9;119.0;89.8;95.2;50.41517287550865, 3.0152801884425764
2023-2024;09;32;HAUTS-DE-FRANCE;09;LILLE;62;PAS-DE-CALAIS;62193;CALAIS;0623570U;COLLEGE PRIVE SAINT PIERRE;privé sous contrat;117.8;34.2;124.1;100.9;105.9;119.0;91.2;98.9;119.0;89.8;95.2;50.94496373289567, 1.8583213564747443
2023-2024;09;32;HAUTS-DE-FRANCE;09;LILLE;62;PAS-DE-CALAIS;62525;LONGUENESSE;0623572W;COLLEGE PRIVE LA MALASSISE;privé sous contrat;133.6;32.4;124.1;100.9;105.9;119.0;91.2;98.9;119.0;89.8;95.2;50.73675598497991, 2.243659848691866
2023-2024;09;32;HAUTS-DE-FRANCE;09;LILLE;62;PAS-DE-CALAIS;62774;SANGATTE;0623865P;COLLEGE LOUIS BLERIOT;public;110.0;33.8;124.1;100.9;105.9;119.0;91.2;98.9;119.0;89.8;95.2;50.956178611815155, 1.8170695183429149
2023-2024;09;32;HAUTS-DE-FRANCE;09;LILLE;62;PAS-DE-CALAIS;62193;CALAIS;0623918X;COLLEGE MARTIN LUTHER KING;public;74.0;22.3;124.1;100.9;105.9;119.0;91.2;98.9;119.0;89.8;95.2;50.954023876546394, 1.8869197286561832
2023-2024;09;32;HAUTS-DE-FRANCE;09;LILLE;62;PAS-DE-CALAIS;62041;ARRAS;0624343J;COLLEGE PRIVE SAINT VINCENT;privé sous contrat;116.3;30.0;124.1;100.9;105.9;119.0;91.2;98.9;119.0;89.8;95.2;50.29440608237028, 2.766420307606159
2024-2025;09;32;HAUTS-DE-FRANCE;09;LILLE;59;NORD;59014;ANZIN;0590006L;COLLEGE LES ROCHAMBELLES;public;73.7;21.9;125.1;100.9;106.1;119.9;91.7;99.5;120.0;92.8;101.7;50.37346121465078, 3.5010114530765613
2024-2025;09;32;HAUTS-DE-FRANCE;09;LILLE;59;NORD;59172;DENAIN;0590062X;COLLEGE VILLARS;public;73.0;24.2;125.1;100.9;106.1;119.9;91.7;99.5;120.0;92.8;101.7;50.32378660944312, 3.393452134939878
2024-2025;09;32;HAUTS-DE-FRANCE;09;LILLE;59;NORD;59279;HALLUIN;0590091D;COLLEGE LILI KELLER ROSENBERG;public;88.2;29.9;125.1;100.9;106.1;119.9;91.7;99.5;120.0;92.8;101.7;50.77419348507758, 3.1283265476621334
2024-2025;09;32;HAUTS-DE-FRANCE;09;LILLE;59;NORD;59350;LILLE;0590131X;COLLEGE JEAN JAURES;public;82.6;30.5;125.1;100.9;106.1;119.9;91.7;99.5;120.0;92.8;101.7;50.64124280357082, 3.011501851353845
2024-2025;09;32;HAUTS-DE-FRANCE;09;LILLE;59;NORD;59375;MARCHIENNES;0590142J;COLLEGE MARGUERITE YOURCENAR;public;114.3;33.9;125.1;100.9;106.1;119.9;91.7;99.5;120.0;92.8;101.7;50.40570807072044, 3.287370497251291
2024-2025;09;32;HAUTS-DE-FRANCE;09;LILLE;59;NORD;59512;ROUBAIX;0590190L;COLLEGE JEAN BAPTISTE LEBAS;public;66.9;19.0;125.1;100.9;106.1;119.9;91.7;99.5;120.0;92.8;101.7;50.68101814010843, 3.1830697839593847
2024-2025;09;32;HAUTS-DE-FRANCE;09;LILLE;59;NORD;59183;DUNKERQUE;0590200X;COLLEGE ROBESPIERRE;public;82.6;24.8;125.1;100.9;106.1;119.9;91.7;99.5;120.0;92.8;101.7;51.03061093896889, 2.351990212137265
2024-2025;09;32;HAUTS-DE-FRANCE;09;LILLE;59;NORD;59350;LILLE;0590271Z;COLLEGE PAUL VERLAINE;public;83.2;30.7;125.1;100.9;106.1;119.9;91.7;99.5;120.0;92.8;101.7;50.61075822667113, 3.070130015934418
2024-2025;09;32;HAUTS-DE-FRANCE;09;LILLE;59;NORD;59291;HAUTMONT;0592634T;COLLEGE ANTOINE DE SAINT EXUPERY;public;85.3;29.8;125.1;100.9;106.1;119.9;91.7;99.5;120.0;92.8;101.7;50.24532696812899, 3.909300273180787
2024-2025;09;32;HAUTS-DE-FRANCE;09;LILLE;59;NORD;59183;DUNKERQUE;0592713D;COLLEGE GUILLEMINOT;public;109.0;34.3;125.1;100.9;106.1;119.9;91.7;99.5;120.0;92.8;101.7;51.0395262839392, 2.3832823904878415
2024-2025;09;32;HAUTS-DE-FRANCE;09;LILLE;59;NORD;59205;ESCAUDAIN;0592751V;COLLEGE FELICIEN JOLY;public;80.3;24.5;125.1;100.9;106.1;119.9;91.7;99.5;120.0;92.8;101.7;50.33786460186301, 3.3574295054584917
2024-2025;09;32;HAUTS-DE-FRANCE;09;LILLE;59;NORD;59512;ROUBAIX;0592886S;COLLEGE PRIVE PASCAL;privé sous contrat;78.4;24.7;125.1;100.9;106.1;119.9;91.7;99.5;120.0;92.8;101.7;50.68954712102181, 3.175910611533584
2024-2025;09;32;HAUTS-DE-FRANCE;09;LILLE;59;NORD;59352;LINSELLES;0592895B;COLLEGE PRIVE SAINTE MARIE;privé sous contrat;131.0;28.8;125.1;100.9;106.1;119.9;91.7;99.5;120.0;92.8;101.7;50.73996706399982, 3.0778406675862393
2024-2025;09;32;HAUTS-DE-FRANCE;09;LILLE;59;NORD;59400;MERVILLE;0592899F;COLLEGE PRIVE SAINT ROBERT;privé sous contrat;106.6;29.4;125.1;100.9;106.1;119.9;91.7;99.5;120.0;92.8;101.7;50.64256827138436, 2.6418202554603893
2024-2025;09;32;HAUTS-DE-FRANCE;09;LILLE;59;NORD;59449;ORCHIES;0592900G;COLLEGE PRIVE NOTRE DAME DE LA PROVIDENCE;privé sous contrat;133.6;29.4;125.1;100.9;106.1;119.9;91.7;99.5;120.0;92.8;101.7;50.47822033632278, 3.2432897541631776
2024-2025;09;32;HAUTS-DE-FRANCE;09;LILLE;59;NORD;59094;BOURBOURG;0592955S;COLLEGE PRIVE NOTRE DAME;privé sous contrat;115.9;30.0;125.1;100.9;106.1;119.9;91.7;99.5;120.0;92.8;101.7;50.94529542015906, 2.194851615851072
2024-2025;09;32;HAUTS-DE-FRANCE;09;LILLE;59;NORD;59152;COMINES;0592959W;COLLEGE PRIVE SAINT JOSEPH;privé sous contrat;114.9;33.1;125.1;100.9;106.1;119.9;91.7;99.5;120.0;92.8;101.7;50.7616047561587, 3.004620284383206
2024-2025;09;32;HAUTS-DE-FRANCE;09;LILLE;59;NORD;59183;DUNKERQUE;0593101A;COLLEGE PRIVE FENELON;privé sous contrat;119.6;33.4;125.1;100.9;106.1;119.9;91.7;99.5;120.0;92.8;101.7;51.04514380147598, 2.3864495714222578
2024-2025;09;32;HAUTS-DE-FRANCE;09;LILLE;59;NORD;59599;TOURCOING;0593140T;COLLEGE PRIVE NOTRE DAME IMMACULEE;privé sous contrat;104.3;35.7;125.1;100.9;106.1;119.9;91.7;99.5;120.0;92.8;101.7;50.72472928748168, 3.154585172320493
2024-2025;09;32;HAUTS-DE-FRANCE;09;LILLE;59;NORD;59560;SECLIN;0593145Y;COLLEGE PRIVE IMMACULEE CONCEPTION;privé sous contrat;137.6;29.2;125.1;100.9;106.1;119.9;91.7;99.5;120.0;92.8;101.7;50.55542622598174, 3.032630662297361
2024-2025;09;32;HAUTS-DE-FRANCE;09;LILLE;59;NORD;59599;TOURCOING;0593150D;COLLEGE PRIVE SAINT GABRIEL;privé sous contrat;82.0;24.9;125.1;100.9;106.1;119.9;91.7;99.5;120.0;92.8;101.7;50.73312731855424, 3.1785703614570733
2024-2025;09;32;HAUTS-DE-FRANCE;09;LILLE;59;NORD;59624;VILLERS OUTREAUX;0593157L;COLLEGE PRIVE SAINT JOSEPH;privé sous contrat;108.4;32.3;125.1;100.9;106.1;119.9;91.7;99.5;120.0;92.8;101.7;50.03086396515955, 3.2999401504721155
2024-2025;09;32;HAUTS-DE-FRANCE;09;LILLE;59;NORD;59650;WATTRELOS;0593160P;COLLEGE PRIVE SAINT JOSEPH LA SALLE;privé sous contrat;108.5;33.2;125.1;100.9;106.1;119.9;91.7;99.5;120.0;92.8;101.7;50.70154344552214, 3.218529762632989
2024-2025;09;32;HAUTS-DE-FRANCE;09;LILLE;59;NORD;59350;LILLE;0593177H;COLLEGE JEAN ZAY;public;89.9;32.2;125.1;100.9;106.1;119.9;91.7;99.5;120.0;92.8;101.7;50.64774962781398, 2.9855001431691313
2024-2025;09;32;HAUTS-DE-FRANCE;09;LILLE;59;NORD;59328;LAMBERSART;0593226L;COLLEGE ANNE FRANK;public;123.2;44.3;125.1;100.9;106.1;119.9;91.7;99.5;120.0;92.8;101.7;50.6485074220452, 3.028000828003354
2024-2025;09;32;HAUTS-DE-FRANCE;09;LILLE;59;NORD;59378;MARCQ EN BAROEUL;0593227M;COLLEGE DU LAZARO;public;118.7;38.9;125.1;100.9;106.1;119.9;91.7;99.5;120.0;92.8;101.7;50.67807490650264, 3.0859402558333904
2024-2025;09;32;HAUTS-DE-FRANCE;09;LILLE;59;NORD;59011;ANNOEULLIN;0593234V;COLLEGE ALBERT BALL;public;113.2;34.3;125.1;100.9;106.1;119.9;91.7;99.5;120.0;92.8;101.7;50.53340847736127, 2.931829619272259
2024-2025;09;32;HAUTS-DE-FRANCE;09;LILLE;59;NORD;59327;LALLAING;0593482P;COLLEGE FREDERIC JOLIOT CURIE;public;83.3;26.7;125.1;100.9;106.1;119.9;91.7;99.5;120.0;92.8;101.7;50.38278261710616, 3.1725305000597075
2024-2025;09;32;HAUTS-DE-FRANCE;09;LILLE;59;NORD;59053;BAVAY;0593490Y;COLLEGE JEAN LEMAIRE DE BELGES;public;107.2;32.9;125.1;100.9;106.1;119.9;91.7;99.5;120.0;92.8;101.7;50.29514389909433, 3.8026802795568
2024-2025;09;32;HAUTS-DE-FRANCE;09;LILLE;59;NORD;59560;SECLIN;0593662K;COLLEGE JEAN DEMAILLY;public;92.2;34.7;125.1;100.9;106.1;119.9;91.7;99.5;120.0;92.8;101.7;50.54374997635936, 3.0148797683903457
2024-2025;09;32;HAUTS-DE-FRANCE;09;LILLE;59;NORD;59037;AVESNES LES AUBERT;0593676A;COLLEGE PAUL LANGEVIN;public;93.9;28.2;125.1;100.9;106.1;119.9;91.7;99.5;120.0;92.8;101.7;50.1954870718211, 3.3913202852027626
2024-2025;09;32;HAUTS-DE-FRANCE;09;LILLE;59;NORD;59606;VALENCIENNES;0593680E;COLLEGE JOSEPHINE BAKER;public;67.8;21.6;125.1;100.9;106.1;119.9;91.7;99.5;120.0;92.8;101.7;50.355747136749194, 3.5038220362532377
2024-2025;09;32;HAUTS-DE-FRANCE;09;LILLE;59;NORD;59389;MASNIERES;0593683H;COLLEGE JACQUES PREVERT;public;95.6;30.3;125.1;100.9;106.1;119.9;91.7;99.5;120.0;92.8;101.7;50.11479324281707, 3.2157101483116572
2024-2025;09;32;HAUTS-DE-FRANCE;09;LILLE;59;NORD;59225;FEIGNIES;0594168K;COLLEGE JEAN ZAY;public;88.1;28.9;125.1;100.9;106.1;119.9;91.7;99.5;120.0;92.8;101.7;50.29266344220489, 3.9204097660583948
2024-2025;09;32;HAUTS-DE-FRANCE;09;LILLE;59;NORD;59599;TOURCOING;0594293W;COLLEGE ALBERT ROUSSEL;public;72.1;22.9;125.1;100.9;106.1;119.9;91.7;99.5;120.0;92.8;101.7;50.723100630457324, 3.168440278617063
2024-2025;09;32;HAUTS-DE-FRANCE;09;LILLE;59;NORD;59028;AUBY;0594297A;COLLEGE VICTOR HUGO;public;80.9;24.9;125.1;100.9;106.1;119.9;91.7;99.5;120.0;92.8;101.7;50.412707862648475, 3.0535806066000877
2024-2025;09;32;HAUTS-DE-FRANCE;09;LILLE;59;NORD;59079;BEUVRAGES;0594301E;COLLEGE PAUL ELUARD;public;77.7;25.4;125.1;100.9;106.1;119.9;91.7;99.5;120.0;92.8;101.7;50.38544700442605, 3.500880459857708
2024-2025;09;32;HAUTS-DE-FRANCE;09;LILLE;59;NORD;59526;SAINT AMAND LES EAUX;0594304H;COLLEGE MARIE CURIE;public;91.6;32.5;125.1;100.9;106.1;119.9;91.7;99.5;120.0;92.8;101.7;50.45089083665621, 3.4324203839908787
2024-2025;09;32;HAUTS-DE-FRANCE;09;LILLE;59;NORD;59291;HAUTMONT;0594309N;COLLEGE PIERRE DE RONSARD;public;72.0;21.3;125.1;100.9;106.1;119.9;91.7;99.5;120.0;92.8;101.7;50.253684615272356, 3.901209519412997
2024-2025;09;32;HAUTS-DE-FRANCE;09;LILLE;59;NORD;59392;MAUBEUGE;0594362W;COLLEGE VAUBAN;public;65.8;20.1;125.1;100.9;106.1;119.9;91.7;99.5;120.0;92.8;101.7;50.274459245680944, 3.941730398498145
2024-2025;09;32;HAUTS-DE-FRANCE;09;LILLE;59;NORD;59599;TOURCOING;0594394F;COLLEGE MARIE CURIE;public;80.8;33.6;125.1;100.9;106.1;119.9;91.7;99.5;120.0;92.8;101.7;50.718868994902444, 3.1545501387874855
2024-2025;09;32;HAUTS-DE-FRANCE;09;LILLE;59;NORD;59491;RAISMES;0594408W;COLLEGE GERMINAL;public;74.5;22.7;125.1;100.9;106.1;119.9;91.7;99.5;120.0;92.8;101.7;50.3955694812591, 3.4816293075127525
2024-2025;09;32;HAUTS-DE-FRANCE;09;LILLE;59;NORD;59418;MORTAGNE DU NORD;0594410Y;COLLEGE FERNIG;public;101.9;34.9;125.1;100.9;106.1;119.9;91.7;99.5;120.0;92.8;101.7;50.49682643022259, 3.4521995558918843
2024-2025;09;32;HAUTS-DE-FRANCE;09;LILLE;59;NORD;59324;JEUMONT;0594418G;COLLEGE CHARLES DE GAULLE;public;76.7;24.4;125.1;100.9;106.1;119.9;91.7;99.5;120.0;92.8;101.7;50.3030779347669, 4.090250109750892
2024-2025;09;32;HAUTS-DE-FRANCE;09;LILLE;59;NORD;59009;VILLENEUVE D ASCQ;0594525Y;COLLEGE LE TRIOLO;public;102.1;37.9;125.1;100.9;106.1;119.9;91.7;99.5;120.0;92.8;101.7;50.61612690346182, 3.139180476019098
2024-2025;09;32;HAUTS-DE-FRANCE;09;LILLE;59;NORD;59361;LOURCHES;0594533G;COLLEGE VOLTAIRE;public;75.3;25.3;125.1;100.9;106.1;119.9;91.7;99.5;120.0;92.8;101.7;50.314703750485606, 3.3554093031083663
2024-2025;09;32;HAUTS-DE-FRANCE;09;LILLE;59;NORD;59603;TRITH SAINT LEGER;0594534H;COLLEGE PAUL LANGEVIN;public;90.5;28.4;125.1;100.9;106.1;119.9;91.7;99.5;120.0;92.8;101.7;50.33329774288732, 3.4823600112733906
2024-2025;09;32;HAUTS-DE-FRANCE;09;LILLE;59;NORD;59426;NEUVILLE EN FERRAIN;0594537L;COLLEGE JULES VERNE;public;105.9;34.7;125.1;100.9;106.1;119.9;91.7;99.5;120.0;92.8;101.7;50.74748021155926, 3.1643105640649147
2024-2025;09;32;HAUTS-DE-FRANCE;09;LILLE;59;NORD;59043;BAILLEUL;0594636U;COLLEGE MAXIME DEYTS;public;101.6;34.0;125.1;100.9;106.1;119.9;91.7;99.5;120.0;92.8;101.7;50.74278770807799, 2.736630496038372
2024-2025;09;32;HAUTS-DE-FRANCE;09;LILLE;59;NORD;59663;WORMHOUT;0594643B;COLLEGE DU HOUTLAND;public;100.5;33.0;125.1;100.9;106.1;119.9;91.7;99.5;120.0;92.8;101.7;50.88394918679232, 2.464759659200426
2024-2025;09;32;HAUTS-DE-FRANCE;09;LILLE;59;NORD;59589;THIANT;0594645D;COLLEGE JEAN JACQUES ROUSSEAU;public;98.7;35.0;125.1;100.9;106.1;119.9;91.7;99.5;120.0;92.8;101.7;50.30456341813654, 3.459229398720995
2024-2025;09;32;HAUTS-DE-FRANCE;09;LILLE;59;NORD;59571;SOLESMES;0594648G;COLLEGE ANTOINE DE SAINT EXUPERY;public;95.6;33.6;125.1;100.9;106.1;119.9;91.7;99.5;120.0;92.8;101.7;50.19206460229412, 3.497060079399007
2024-2025;09;32;HAUTS-DE-FRANCE;09;LILLE;59;NORD;59249;FOURMIES;0594879H;COLLEGE JOLIOT CURIE;public;86.5;30.2;125.1;100.9;106.1;119.9;91.7;99.5;120.0;92.8;101.7;50.01822260004242, 4.06094930878839
2024-2025;09;32;HAUTS-DE-FRANCE;09;LILLE;59;NORD;59295;HAZEBROUCK;0595170Z;COLLEGE DES FLANDRES;public;98.8;33.4;125.1;100.9;106.1;119.9;91.7;99.5;120.0;92.8;101.7;50.73117704127288, 2.5290609979501575
2024-2025;09;32;HAUTS-DE-FRANCE;09;LILLE;59;NORD;59481;LE QUESNOY;0595172B;COLLEGE EUGENE THOMAS;public;115.1;36.9;125.1;100.9;106.1;119.9;91.7;99.5;120.0;92.8;101.7;50.24844416685529, 3.645209621701694
2024-2025;09;32;HAUTS-DE-FRANCE;09;LILLE;59;NORD;59331;LANDRECIES;0595178H;COLLEGE DUPLEIX;public;97.7;33.2;125.1;100.9;106.1;119.9;91.7;99.5;120.0;92.8;101.7;50.12237464869933, 3.6866104835807536
2024-2025;09;32;HAUTS-DE-FRANCE;09;LILLE;59;NORD;59350;LILLE;0595286A;COLLEGE PRIVE SAINT PAUL;privé sous contrat;154.8;23.1;125.1;100.9;106.1;119.9;91.7;99.5;120.0;92.8;101.7;50.63367071062751, 3.0499598984055405
2024-2025;09;32;HAUTS-DE-FRANCE;09;LILLE;59;NORD;59009;VILLENEUVE D ASCQ;0595328W;COLLEGE SIMONE DE BEAUVOIR;public;80.7;28.5;125.1;100.9;106.1;119.9;91.7;99.5;120.0;92.8;101.7;50.62942944171095, 3.130319950410022
2024-2025;09;32;HAUTS-DE-FRANCE;09;LILLE;59;NORD;59271;GRANDE SYNTHE;0595388L;COLLEGE PRIVE RENE BONPAIN;privé sous contrat;84.1;30.4;125.1;100.9;106.1;119.9;91.7;99.5;120.0;92.8;101.7;51.01787217536758, 2.3082705004130344
2024-2025;09;32;HAUTS-DE-FRANCE;09;LILLE;59;NORD;59544;SAINT SAULVE;0595402B;COLLEGE PRIVE NOTRE DAME;privé sous contrat;126.3;31.9;125.1;100.9;106.1;119.9;91.7;99.5;120.0;92.8;101.7;50.37595904877808, 3.553120400680678
2024-2025;09;32;HAUTS-DE-FRANCE;09;LILLE;59;NORD;59299;HEM;0595630Z;COLLEGE PRIVE SAINT PAUL;privé sous contrat;108.2;30.4;125.1;100.9;106.1;119.9;91.7;99.5;120.0;92.8;101.7;50.66926504570404, 3.184409315166172
2024-2025;09;32;HAUTS-DE-FRANCE;09;LILLE;59;NORD;59378;MARCQ EN BAROEUL;0595993U;COLLEGE PRIVE JEANNINE MANUEL;privé sous contrat;160.6;16.0;125.1;100.9;106.1;119.9;91.7;99.5;120.0;92.8;101.7;50.690549419752486, 3.121119875573242
2024-2025;09;32;HAUTS-DE-FRANCE;09;LILLE;59;NORD;59352;LINSELLES;0596172N;COLLEGE HENRI MATISSE;public;92.8;29.1;125.1;100.9;106.1;119.9;91.7;99.5;120.0;92.8;101.7;50.738450204911544, 3.0866603103037034
2024-2025;09;32;HAUTS-DE-FRANCE;09;LILLE;59;NORD;59599;TOURCOING;0596860L;COLLEGE LUCIE AUBRAC;public;77.7;24.0;125.1;100.9;106.1;119.9;91.7;99.5;120.0;92.8;101.7;50.73096722790286, 3.1303902796289336
2024-2025;09;32;HAUTS-DE-FRANCE;09;LILLE;62;PAS-DE-CALAIS;62045;AUBIGNY EN ARTOIS;0620016F;COLLEGE JEAN MONNET;public;110.0;32.6;125.1;100.9;106.1;119.9;91.7;99.5;119.3;90.1;95.5;50.35013583771473, 2.5886699332955727
2024-2025;09;32;HAUTS-DE-FRANCE;09;LILLE;62;PAS-DE-CALAIS;62060;AUXI LE CHATEAU;0620025R;COLLEGE DU VAL D AUTHIE;public;87.0;28.0;125.1;100.9;106.1;119.9;91.7;99.5;119.3;90.1;95.5;50.22910948306126, 2.106420297563793
2024-2025;09;32;HAUTS-DE-FRANCE;09;LILLE;62;PAS-DE-CALAIS;62244;COULOGNE;0620073T;COLLEGE JEAN MONNET;public;102.6;33.7;125.1;100.9;106.1;119.9;91.7;99.5;119.3;90.1;95.5;50.924161978079404, 1.8838797192422772
2024-2025;09;32;HAUTS-DE-FRANCE;09;LILLE;62;PAS-DE-CALAIS;62643;OUTREAU;0620154F;COLLEGE ALBERT CAMUS;public;88.4;28.7;125.1;100.9;106.1;119.9;91.7;99.5;119.3;90.1;95.5;50.70255080268576, 1.5914034040436627
2024-2025;09;32;HAUTS-DE-FRANCE;09;LILLE;62;PAS-DE-CALAIS;62771;SALLAUMINES;0620170Y;COLLEGE JOSEPHINE BAKER;public;74.7;24.0;125.1;100.9;106.1;119.9;91.7;99.5;119.3;90.1;95.5;50.413317684274226, 2.862969385858147
2024-2025;09;32;HAUTS-DE-FRANCE;09;LILLE;62;PAS-DE-CALAIS;62193;CALAIS;0620196B;COLLEGE JEAN JAURES;public;85.6;29.6;125.1;100.9;106.1;119.9;91.7;99.5;119.3;90.1;95.5;50.95260540409165, 1.8562901901170819
2024-2025;09;32;HAUTS-DE-FRANCE;09;LILLE;62;PAS-DE-CALAIS;62050;AUCHY LES HESDIN;0622097T;COLLEGE JEAN ROSTAND;public;80.7;22.5;125.1;100.9;106.1;119.9;91.7;99.5;119.3;90.1;95.5;50.40309660977085, 2.09708054059803
2024-2025;09;32;HAUTS-DE-FRANCE;09;LILLE;62;PAS-DE-CALAIS;62041;ARRAS;0622103Z;COLLEGE PRIVE SAINT JOSEPH;privé sous contrat;135.4;29.5;125.1;100.9;106.1;119.9;91.7;99.5;119.3;90.1;95.5;50.291269030476805, 2.771739508529325
2024-2025;09;32;HAUTS-DE-FRANCE;09;LILLE;62;PAS-DE-CALAIS;62588;MONTREUIL SUR MER;0622117P;COLLEGE PRIVE SAINTE AUSTREBERTHE;privé sous contrat;128.4;29.5;125.1;100.9;106.1;119.9;91.7;99.5;119.3;90.1;95.5;50.463671602004325, 1.7655622957323893
2024-2025;09;32;HAUTS-DE-FRANCE;09;LILLE;62;PAS-DE-CALAIS;62160;BOULOGNE SUR MER;0622131E;COLLEGE PRIVE GODEFROY DE BOUILLON;privé sous contrat;95.2;25.6;125.1;100.9;106.1;119.9;91.7;99.5;119.3;90.1;95.5;50.721438736277236, 1.6099794080396628
2024-2025;09;32;HAUTS-DE-FRANCE;09;LILLE;62;PAS-DE-CALAIS;62361;FREVENT;0622261W;COLLEGE PIERRE CUALLACCI;public;78.2;25.2;125.1;100.9;106.1;119.9;91.7;99.5;119.3;90.1;95.5;50.27639042933437, 2.2847005068762374
2024-2025;09;32;HAUTS-DE-FRANCE;09;LILLE;62;PAS-DE-CALAIS;62555;MARLES LES MINES;0622272H;COLLEGE EMILE ZOLA;public;86.5;29.2;125.1;100.9;106.1;119.9;91.7;99.5;119.3;90.1;95.5;50.50446731136025, 2.501379879246545
2024-2025;09;32;HAUTS-DE-FRANCE;09;LILLE;62;PAS-DE-CALAIS;62894;WIMILLE;0622299M;COLLEGE PILATRE DE ROZIER;public;104.9;36.9;125.1;100.9;106.1;119.9;91.7;99.5;119.3;90.1;95.5;50.76618299919516, 1.6189197376558497
2024-2025;09;32;HAUTS-DE-FRANCE;09;LILLE;62;PAS-DE-CALAIS;62386;GRENAY;0622424Y;COLLEGE LANGEVIN WALLON;public;74.5;23.0;125.1;100.9;106.1;119.9;91.7;99.5;119.3;90.1;95.5;50.45108347226466, 2.7378298991850905
2024-2025;09;32;HAUTS-DE-FRANCE;09;LILLE;62;PAS-DE-CALAIS;62178;BRUAY LA BUISSIERE;0622428C;COLLEGE EDMOND ROSTAND;public;85.1;29.3;125.1;100.9;106.1;119.9;91.7;99.5;119.3;90.1;95.5;50.487227461465054, 2.5555504164428298
2024-2025;09;32;HAUTS-DE-FRANCE;09;LILLE;62;PAS-DE-CALAIS;62427;HENIN BEAUMONT;0622581U;COLLEGE GERARD PHILIPE;public;85.3;24.6;125.1;100.9;106.1;119.9;91.7;99.5;119.3;90.1;95.5;50.42149494047896, 2.9431206699958947
2024-2025;09;32;HAUTS-DE-FRANCE;09;LILLE;62;PAS-DE-CALAIS;62427;HENIN BEAUMONT;0622795B;COLLEGE FRANCOIS RABELAIS;public;93.9;33.9;125.1;100.9;106.1;119.9;91.7;99.5;119.3;90.1;95.5;50.4124297788558, 2.9586434580044747
2024-2025;09;32;HAUTS-DE-FRANCE;09;LILLE;62;PAS-DE-CALAIS;62035;ANNEZIN;0622797D;COLLEGE LIBERTE;public;98.5;30.1;125.1;100.9;106.1;119.9;91.7;99.5;119.3;90.1;95.5;50.539916212912246, 2.6217102527681235
2024-2025;09;32;HAUTS-DE-FRANCE;09;LILLE;62;PAS-DE-CALAIS;62516;LILLERS;0622799F;COLLEGE LEO LAGRANGE;public;81.2;26.6;125.1;100.9;106.1;119.9;91.7;99.5;119.3;90.1;95.5;50.567034279137644, 2.4807895586763813
2024-2025;09;32;HAUTS-DE-FRANCE;09;LILLE;62;PAS-DE-CALAIS;62041;ARRAS;0622864B;COLLEGE FRANCOIS MITTERRAND;public;99.2;31.5;125.1;100.9;106.1;119.9;91.7;99.5;119.3;90.1;95.5;50.27517239207419, 2.7891502807308513
2024-2025;09;32;HAUTS-DE-FRANCE;09;LILLE;62;PAS-DE-CALAIS;62457;HOUDAIN;0622871J;COLLEGE JACQUES PREVERT;public;86.1;31.8;125.1;100.9;106.1;119.9;91.7;99.5;119.3;90.1;95.5;50.46188878086681, 2.5449694761045163
2024-2025;09;32;HAUTS-DE-FRANCE;09;LILLE;62;PAS-DE-CALAIS;62249;COURCELLES LES LENS;0622943M;COLLEGE ADULPHE DELEGORGUE;public;82.9;26.2;125.1;100.9;106.1;119.9;91.7;99.5;119.3;90.1;95.5;50.41517287550865, 3.0152801884425764
2024-2025;09;32;HAUTS-DE-FRANCE;09;LILLE;62;PAS-DE-CALAIS;62051;AUCHY LES MINES;0622946R;COLLEGE JOLIOT CURIE;public;89.4;27.4;125.1;100.9;106.1;119.9;91.7;99.5;119.3;90.1;95.5;50.51788963605935, 2.7882000779325455
2024-2025;09;32;HAUTS-DE-FRANCE;09;LILLE;62;PAS-DE-CALAIS;62178;BRUAY LA BUISSIERE;0623314R;COLLEGE SIMONE SIGNORET;public;77.6;27.9;125.1;100.9;106.1;119.9;91.7;99.5;119.3;90.1;95.5;50.48260659356755, 2.547420203520672
2024-2025;09;32;HAUTS-DE-FRANCE;09;LILLE;62;PAS-DE-CALAIS;62119;BETHUNE;0623569T;COLLEGE PRIVE SAINT VAAST SAINT DOMINIQUE;privé sous contrat;131.5;31.4;125.1;100.9;106.1;119.9;91.7;99.5;119.3;90.1;95.5;50.533703979174014, 2.641879712339206
2024-2025;09;32;HAUTS-DE-FRANCE;09;LILLE;62;PAS-DE-CALAIS;62215;CARVIN;0623919Y;COLLEGE LEONARD DE VINCI;public;85.7;30.6;125.1;100.9;106.1;119.9;91.7;99.5;119.3;90.1;95.5;50.4968304789591, 2.9759097447360388
2025-2026;09;32;HAUTS-DE-FRANCE;09;LILLE;59;NORD;59168;CYSOING;0590057S;COLLEGE PAUL ELUARD;public;127.1;34.8;125.5;100.8;106.2;120.6;91.9;99.8;120.8;93.0;102.0;50.571517624370635, 3.214139764921509
2025-2026;09;32;HAUTS-DE-FRANCE;09;LILLE;59;NORD;59170;DECHY;0590058T;COLLEGE PAUL LANGEVIN;public;81.0;24.0;125.5;100.8;106.2;120.6;91.9;99.8;120.8;93.0;102.0;50.34717671609427, 3.1310706351778967
2025-2026;09;32;HAUTS-DE-FRANCE;09;LILLE;59;NORD;59273;GRAVELINES;0590090C;COLLEGE PIERRE ET MARIE CURIE;public;91.9;31.1;125.5;100.8;106.2;120.6;91.9;99.8;120.8;93.0;102.0;50.98688621410387, 2.137089920170622
2025-2026;09;32;HAUTS-DE-FRANCE;09;LILLE;59;NORD;59350;LILLE;0590115E;COLLEGE FRANKLIN;public;100.4;46.2;125.5;100.8;106.2;120.6;91.9;99.8;120.8;93.0;102.0;50.62910544167586, 3.070409601593442
2025-2026;09;32;HAUTS-DE-FRANCE;09;LILLE;59;NORD;59375;MARCHIENNES;0590142J;COLLEGE MARGUERITE YOURCENAR;public;116.8;34.5;125.5;100.8;106.2;120.6;91.9;99.8;120.8;93.0;102.0;50.40570807072044, 3.287370497251291
2025-2026;09;32;HAUTS-DE-FRANCE;09;LILLE;59;NORD;59410;MONS EN BAROEUL;0590155Y;COLLEGE DESCARTES;public;102.1;40.4;125.5;100.8;106.2;120.6;91.9;99.8;120.8;93.0;102.0;50.6356690520175, 3.1070795554789647
2025-2026;09;32;HAUTS-DE-FRANCE;09;LILLE;59;NORD;59183;DUNKERQUE;0590164H;COLLEGE JEAN ZAY;public;87.0;28.0;125.5;100.8;106.2;120.6;91.9;99.8;120.8;93.0;102.0;51.019704052139566, 2.338029756501514
2025-2026;09;32;HAUTS-DE-FRANCE;09;LILLE;59;NORD;59572;SOLRE LE CHATEAU;0590206D;COLLEGE DU SOLREZIS;public;95.6;30.1;125.5;100.8;106.2;120.6;91.9;99.8;120.8;93.0;102.0;50.1724226574321, 4.094559853312446
2025-2026;09;32;HAUTS-DE-FRANCE;09;LILLE;59;NORD;59183;DUNKERQUE;0592713D;COLLEGE GUILLEMINOT;public;108.9;34.3;125.5;100.8;106.2;120.6;91.9;99.8;120.8;93.0;102.0;51.0395262839392, 2.3832823904878415
2025-2026;09;32;HAUTS-DE-FRANCE;09;LILLE;59;NORD;59178;DOUAI;0592733A;COLLEGE ANDRE STREINGER;public;83.6;31.6;125.5;100.8;106.2;120.6;91.9;99.8;120.8;93.0;102.0;50.361493240837355, 3.085579742225807
2025-2026;09;32;HAUTS-DE-FRANCE;09;LILLE;59;NORD;59368;LA MADELEINE;0592896C;COLLEGE PRIVE SAINT JEAN;privé sous contrat;140.9;27.7;125.5;100.8;106.2;120.6;91.9;99.8;120.8;93.0;102.0;50.65515072650564, 3.078590010507012
2025-2026;09;32;HAUTS-DE-FRANCE;09;LILLE;59;NORD;59400;MERVILLE;0592899F;COLLEGE PRIVE SAINT ROBERT;privé sous contrat;107.5;29.8;125.5;100.8;106.2;120.6;91.9;99.8;120.8;93.0;102.0;50.64256827138436, 2.6418202554603893
2025-2026;09;32;HAUTS-DE-FRANCE;09;LILLE;59;NORD;59512;ROUBAIX;0592907P;COLLEGE PRIVE SAINT MICHEL;privé sous contrat;77.6;24.2;125.5;100.8;106.2;120.6;91.9;99.8;120.8;93.0;102.0;50.67861036143357, 3.1914996410208842
2025-2026;09;32;HAUTS-DE-FRANCE;09;LILLE;59;NORD;59067;BERGUES;0592933T;COLLEGE PRIVE SAINT WINOC;privé sous contrat;123.6;30.5;125.5;100.8;106.2;120.6;91.9;99.8;120.8;93.0;102.0;50.96742445544726, 2.434499744658322
2025-2026;09;32;HAUTS-DE-FRANCE;09;LILLE;59;NORD;59155;COUDEKERQUE BRANCHE;0593120W;COLLEGE PRIVE DE LA SALLE;privé sous contrat;100.2;27.7;125.5;100.8;106.2;120.6;91.9;99.8;120.8;93.0;102.0;51.0241851393024, 2.39382998679485
2025-2026;09;32;HAUTS-DE-FRANCE;09;LILLE;59;NORD;59279;HALLUIN;0593125B;COLLEGE PRIVE SACRE COEUR;privé sous contrat;102.7;31.4;125.5;100.8;106.2;120.6;91.9;99.8;120.8;93.0;102.0;50.782033591394054, 3.122910706210094
2025-2026;09;32;HAUTS-DE-FRANCE;09;LILLE;59;NORD;59324;JEUMONT;0593132J;COLLEGE PRIVE SAINTE BERNADETTE;privé sous contrat;95.3;30.8;125.5;100.8;106.2;120.6;91.9;99.8;120.8;93.0;102.0;50.295646416314426, 4.103789326111633
2025-2026;09;32;HAUTS-DE-FRANCE;09;LILLE;59;NORD;59328;LAMBERSART;0593134L;COLLEGE PRIVE DOMINIQUE SAVIO;privé sous contrat;137.3;27.7;125.5;100.8;106.2;120.6;91.9;99.8;120.8;93.0;102.0;50.65255662403136, 3.0230893479435217
2025-2026;09;32;HAUTS-DE-FRANCE;09;LILLE;59;NORD;59606;VALENCIENNES;0593155J;COLLEGE PRIVE SAINT JEAN BAPTISTE DE LA SALLE;privé sous contrat;123.0;32.6;125.5;100.8;106.2;120.6;91.9;99.8;120.8;93.0;102.0;50.35460596601691, 3.5140701106417165
2025-2026;09;32;HAUTS-DE-FRANCE;09;LILLE;59;NORD;59624;VILLERS OUTREAUX;0593157L;COLLEGE PRIVE SAINT JOSEPH;privé sous contrat;110.0;34.0;125.5;100.8;106.2;120.6;91.9;99.8;120.8;93.0;102.0;50.03086396515955, 3.2999401504721155
2025-2026;09;32;HAUTS-DE-FRANCE;09;LILLE;59;NORD;59663;WORMHOUT;0593163T;COLLEGE PRIVE SAINTE UNION COEUR DE FLANDRE;privé sous contrat;108.3;26.4;125.5;100.8;106.2;120.6;91.9;99.8;120.8;93.0;102.0;50.87990917737845, 2.4634302799363463
2025-2026;09;32;HAUTS-DE-FRANCE;09;LILLE;59;NORD;59350;LILLE;0593177H;COLLEGE JEAN ZAY;public;89.7;31.9;125.5;100.8;106.2;120.6;91.9;99.8;120.8;93.0;102.0;50.64774962781398, 2.9855001431691313
2025-2026;09;32;HAUTS-DE-FRANCE;09;LILLE;59;NORD;59410;MONS EN BAROEUL;0593178J;COLLEGE FRANCOIS RABELAIS;public;69.2;26.6;125.5;100.8;106.2;120.6;91.9;99.8;120.8;93.0;102.0;50.641505858918435, 3.1151264135860846
2025-2026;09;32;HAUTS-DE-FRANCE;09;LILLE;59;NORD;59009;VILLENEUVE D ASCQ;0593198F;COLLEGE PRIVE COMMUNAUTAIRE;privé sous contrat;110.4;32.7;125.5;100.8;106.2;120.6;91.9;99.8;120.8;93.0;102.0;50.65687147188959, 3.135390066643664
2025-2026;09;32;HAUTS-DE-FRANCE;09;LILLE;59;NORD;59646;WASQUEHAL;0593241C;COLLEGE ALBERT CALMETTE;public;109.1;36.1;125.5;100.8;106.2;120.6;91.9;99.8;120.8;93.0;102.0;50.668835311606735, 3.126159309653126
2025-2026;09;32;HAUTS-DE-FRANCE;09;LILLE;59;NORD;59650;WATTRELOS;0593242D;COLLEGE GUSTAVE NADAUD;public;79.3;20.2;125.5;100.8;106.2;120.6;91.9;99.8;120.8;93.0;102.0;50.70884740732559, 3.1978302784174524
2025-2026;09;32;HAUTS-DE-FRANCE;09;LILLE;59;NORD;59390;MASNY;0593483R;COLLEGE ROBERT DESNOS;public;90.2;31.1;125.5;100.8;106.2;120.6;91.9;99.8;120.8;93.0;102.0;50.342317608166105, 3.200689310892901
2025-2026;09;32;HAUTS-DE-FRANCE;09;LILLE;59;NORD;59360;LOOS;0593660H;COLLEGE RENE DESCARTES;public;79.8;20.7;125.5;100.8;106.2;120.6;91.9;99.8;120.8;93.0;102.0;50.60889499400215, 3.006710500148804
2025-2026;09;32;HAUTS-DE-FRANCE;09;LILLE;59;NORD;59183;DUNKERQUE;0593663L;COLLEGE JEAN DECONINCK;public;72.7;20.2;125.5;100.8;106.2;120.6;91.9;99.8;120.8;93.0;102.0;51.02822808170235, 2.331560244588171
2025-2026;09;32;HAUTS-DE-FRANCE;09;LILLE;59;NORD;59183;DUNKERQUE;0593666P;COLLEGE GASPARD MALO;public;108.0;37.4;125.5;100.8;106.2;120.6;91.9;99.8;120.8;93.0;102.0;51.05153241629934, 2.4234896505024253
2025-2026;09;32;HAUTS-DE-FRANCE;09;LILLE;59;NORD;59400;MERVILLE;0594294X;COLLEGE HENRI DUNANT;public;78.0;20.4;125.5;100.8;106.2;120.6;91.9;99.8;120.8;93.0;102.0;50.64897069452894, 2.638800542120294
2025-2026;09;32;HAUTS-DE-FRANCE;09;LILLE;59;NORD;59329;LAMBRES LEZ DOUAI;0594298B;COLLEGE ANDRE MALRAUX;public;100.8;34.1;125.5;100.8;106.2;120.6;91.9;99.8;120.8;93.0;102.0;50.354996614883795, 3.0620302418370793
2025-2026;09;32;HAUTS-DE-FRANCE;09;LILLE;59;NORD;59172;DENAIN;0594300D;COLLEGE BAYARD;public;73.9;21.1;125.5;100.8;106.2;120.6;91.9;99.8;120.8;93.0;102.0;50.3360867240659, 3.382930373268679
2025-2026;09;32;HAUTS-DE-FRANCE;09;LILLE;59;NORD;59271;GRANDE SYNTHE;0594398K;COLLEGE ANNE FRANK;public;84.4;27.4;125.5;100.8;106.2;120.6;91.9;99.8;120.8;93.0;102.0;51.01181210067035, 2.284900276405925
2025-2026;09;32;HAUTS-DE-FRANCE;09;LILLE;59;NORD;59574;SOMAIN;0594405T;COLLEGE VICTOR HUGO;public;83.2;29.1;125.5;100.8;106.2;120.6;91.9;99.8;120.8;93.0;102.0;50.36153891792843, 3.276190437285765
2025-2026;09;32;HAUTS-DE-FRANCE;09;LILLE;59;NORD;59603;TRITH SAINT LEGER;0594534H;COLLEGE PAUL LANGEVIN;public;91.6;29.8;125.5;100.8;106.2;120.6;91.9;99.8;120.8;93.0;102.0;50.33329774288732, 3.4823600112733906
2025-2026;09;32;HAUTS-DE-FRANCE;09;LILLE;59;NORD;59299;HEM;0594632P;COLLEGE RAYMOND DEVOS;public;91.5;36.1;125.5;100.8;106.2;120.6;91.9;99.8;120.8;93.0;102.0;50.661150305771635, 3.187780607305509
2025-2026;09;32;HAUTS-DE-FRANCE;09;LILLE;59;NORD;59507;RONCHIN;0594865T;COLLEGE ANATOLE FRANCE;public;93.1;37.1;125.5;100.8;106.2;120.6;91.9;99.8;120.8;93.0;102.0;50.6118171943921, 3.080530699112658
2025-2026;09;32;HAUTS-DE-FRANCE;09;LILLE;59;NORD;59512;ROUBAIX;0595167W;COLLEGE BAUDELAIRE;public;79.7;31.6;125.5;100.8;106.2;120.6;91.9;99.8;120.8;93.0;102.0;50.67987287899336, 3.1686397575894043
2025-2026;09;32;HAUTS-DE-FRANCE;09;LILLE;59;NORD;59178;DOUAI;0595190W;COLLEGE GAYANT;public;76.8;22.3;125.5;100.8;106.2;120.6;91.9;99.8;120.8;93.0;102.0;50.40191279499383, 3.124549464711073
2025-2026;09;32;HAUTS-DE-FRANCE;09;LILLE;59;NORD;59017;ARMENTIERES;0595382E;COLLEGE PRIVE SAINT JUDE;privé sous contrat;122.3;35.5;125.5;100.8;106.2;120.6;91.9;99.8;120.8;93.0;102.0;50.688057701204606, 2.8745904581322375
2025-2026;09;32;HAUTS-DE-FRANCE;09;LILLE;59;NORD;59350;LILLE;0595396V;COLLEGE PRIVE LA SALLE;privé sous contrat;125.2;37.6;125.5;100.8;106.2;120.6;91.9;99.8;120.8;93.0;102.0;50.62863139467977, 3.0408093284103512
2025-2026;09;32;HAUTS-DE-FRANCE;09;LILLE;59;NORD;59350;LILLE;0595397W;COLLEGE PRIVE THERESE D AVILA;privé sous contrat;140.2;32.9;125.5;100.8;106.2;120.6;91.9;99.8;120.8;93.0;102.0;50.62854044068899, 3.044339359786731
2025-2026;09;32;HAUTS-DE-FRANCE;09;LILLE;59;NORD;59526;SAINT AMAND LES EAUX;0595400Z;COLLEGE PRIVE NOTRE DAME DES ANGES;privé sous contrat;132.0;29.5;125.5;100.8;106.2;120.6;91.9;99.8;120.8;93.0;102.0;50.449108880442374, 3.425189960211995
2025-2026;09;32;HAUTS-DE-FRANCE;09;LILLE;59;NORD;59456;PECQUENCOURT;0596529B;COLLEGE MAURICE SCHUMANN;public;87.8;30.3;125.5;100.8;106.2;120.6;91.9;99.8;120.8;93.0;102.0;50.375061829305764, 3.2054296343625706
2025-2026;09;32;HAUTS-DE-FRANCE;09;LILLE;59;NORD;59350;LILLE;0596833G;COLLEGE NINA SIMONE;public;79.0;34.6;125.5;100.8;106.2;120.6;91.9;99.8;120.8;93.0;102.0;50.624217470059136, 3.0443905646572866
2025-2026;09;32;HAUTS-DE-FRANCE;09;LILLE;59;NORD;59350;LILLE;0597004T;COLLEGE MIRIAM MAKEBA;public;79.6;30.3;125.5;100.8;106.2;120.6;91.9;99.8;120.8;93.0;102.0;50.618361982323066, 3.0641581581824213
2025-2026;09;32;HAUTS-DE-FRANCE;09;LILLE;62;PAS-DE-CALAIS;62045;AUBIGNY EN ARTOIS;0620016F;COLLEGE JEAN MONNET;public;112.0;34.0;125.5;100.8;106.2;120.6;91.9;99.8;120.0;90.2;95.8;50.35013583771473, 2.5886699332955727
2025-2026;09;32;HAUTS-DE-FRANCE;09;LILLE;62;PAS-DE-CALAIS;62063;AVESNES LE COMTE;0620026S;COLLEGE DU VAL DU GY;public;94.5;29.2;125.5;100.8;106.2;120.6;91.9;99.8;120.0;90.2;95.8;50.27313642826175, 2.5227499843981085
2025-2026;09;32;HAUTS-DE-FRANCE;09;LILLE;62;PAS-DE-CALAIS;62080;BAPAUME;0620031X;COLLEGE CARLIN LEGRAND;public;91.2;29.0;125.5;100.8;106.2;120.6;91.9;99.8;120.0;90.2;95.8;50.10357490025015, 2.8534305851452544
2025-2026;09;32;HAUTS-DE-FRANCE;09;LILLE;62;PAS-DE-CALAIS;62128;BIACHE SAINT VAAST;0620047P;COLLEGE GERMINAL;public;107.2;29.6;125.5;100.8;106.2;120.6;91.9;99.8;120.0;90.2;95.8;50.314186408645455, 2.9411297719377694
2025-2026;09;32;HAUTS-DE-FRANCE;09;LILLE;62;PAS-DE-CALAIS;62270;DIVION;0620079Z;COLLEGE HENRI WALLON;public;80.6;26.3;125.5;100.8;106.2;120.6;91.9;99.8;120.0;90.2;95.8;50.47042647481198, 2.4967699897743376
2025-2026;09;32;HAUTS-DE-FRANCE;09;LILLE;62;PAS-DE-CALAIS;62397;GUINES;0620088J;COLLEGE LES QUATRE VENTS;public;86.6;29.2;125.5;100.8;106.2;120.6;91.9;99.8;120.0;90.2;95.8;50.864755312754816, 1.867720513867491
2025-2026;09;32;HAUTS-DE-FRANCE;09;LILLE;62;PAS-DE-CALAIS;62463;HUCQUELIERS;0620104B;COLLEGE GABRIEL DE LA GORCE;public;92.5;28.9;125.5;100.8;106.2;120.6;91.9;99.8;120.0;90.2;95.8;50.57063043455061, 1.9052804919735513
2025-2026;09;32;HAUTS-DE-FRANCE;09;LILLE;62;PAS-DE-CALAIS;62559;MARQUION;0620130E;COLLEGE DES MARCHES DE L ARTOIS;public;97.0;31.5;125.5;100.8;106.2;120.6;91.9;99.8;120.0;90.2;95.8;50.20925634002819, 3.0846299930795484
2025-2026;09;32;HAUTS-DE-FRANCE;09;LILLE;62;PAS-DE-CALAIS;62771;SALLAUMINES;0620170Y;COLLEGE JOSEPHINE BAKER;public;76.0;25.2;125.5;100.8;106.2;120.6;91.9;99.8;120.0;90.2;95.8;50.413317684274226, 2.862969385858147
2025-2026;09;32;HAUTS-DE-FRANCE;09;LILLE;62;PAS-DE-CALAIS;62811;THEROUANNE;0620172A;COLLEGE FRANCOIS MITTERRAND;public;101.5;29.7;125.5;100.8;106.2;120.6;91.9;99.8;120.0;90.2;95.8;50.636627436382994, 2.252459789957055
2025-2026;09;32;HAUTS-DE-FRANCE;09;LILLE;62;PAS-DE-CALAIS;62620;NORRENT FONTES;0620195A;COLLEGE BERNARD CHOCHOY;public;93.8;29.8;125.5;100.8;106.2;120.6;91.9;99.8;120.0;90.2;95.8;50.5853491351186, 2.407876354791568
2025-2026;09;32;HAUTS-DE-FRANCE;09;LILLE;62;PAS-DE-CALAIS;62770;SAINT VENANT;0622091L;COLLEGE GEORGES BRASSENS;public;104.3;32.2;125.5;100.8;106.2;120.6;91.9;99.8;120.0;90.2;95.8;50.62044913885898, 2.5366194629407954
2025-2026;09;32;HAUTS-DE-FRANCE;09;LILLE;62;PAS-DE-CALAIS;62014;AIRE SUR LA LYS;0622100W;COLLEGE PRIVE SAINTE MARIE;privé sous contrat;118.5;31.4;125.5;100.8;106.2;120.6;91.9;99.8;120.0;90.2;95.8;50.63987492080987, 2.3986006385933534
2025-2026;09;32;HAUTS-DE-FRANCE;09;LILLE;62;PAS-DE-CALAIS;62193;CALAIS;0622109F;COLLEGE PRIVE JEANNE D ARC;privé sous contrat;107.8;31.9;125.5;100.8;106.2;120.6;91.9;99.8;120.0;90.2;95.8;50.94370747228479, 1.8527994308888607
2025-2026;09;32;HAUTS-DE-FRANCE;09;LILLE;62;PAS-DE-CALAIS;62364;FRUGES;0622112J;COLLEGE PRIVE SAINT BERTULPHE;privé sous contrat;101.2;28.6;125.5;100.8;106.2;120.6;91.9;99.8;120.0;90.2;95.8;50.516021687633, 2.1370106629363272
2025-2026;09;32;HAUTS-DE-FRANCE;09;LILLE;62;PAS-DE-CALAIS;62588;MONTREUIL SUR MER;0622117P;COLLEGE PRIVE SAINTE AUSTREBERTHE;privé sous contrat;130.4;30.9;125.5;100.8;106.2;120.6;91.9;99.8;120.0;90.2;95.8;50.463671602004325, 1.7655622957323893
2025-2026;09;32;HAUTS-DE-FRANCE;09;LILLE;62;PAS-DE-CALAIS;62160;BOULOGNE SUR MER;0622130D;COLLEGE PRIVE SAINT JOSEPH DE NAVARIN;privé sous contrat;106.5;30.2;125.5;100.8;106.2;120.6;91.9;99.8;120.0;90.2;95.8;50.726886411214906, 1.6081500065715317
2025-2026;09;32;HAUTS-DE-FRANCE;09;LILLE;62;PAS-DE-CALAIS;62160;BOULOGNE SUR MER;0622131E;COLLEGE PRIVE GODEFROY DE BOUILLON;privé sous contrat;97.0;27.8;125.5;100.8;106.2;120.6;91.9;99.8;120.0;90.2;95.8;50.721438736277236, 1.6099794080396628
2025-2026;09;32;HAUTS-DE-FRANCE;09;LILLE;62;PAS-DE-CALAIS;62215;CARVIN;0622134H;COLLEGE PRIVE SAINT DRUON;privé sous contrat;126.0;30.7;125.5;100.8;106.2;120.6;91.9;99.8;120.0;90.2;95.8;50.49423564298234, 2.9566696044868994
2025-2026;09;32;HAUTS-DE-FRANCE;09;LILLE;62;PAS-DE-CALAIS;62268;DESVRES;0622135J;COLLEGE PRIVE SAINT JOSEPH;privé sous contrat;104.3;27.3;125.5;100.8;106.2;120.6;91.9;99.8;120.0;90.2;95.8;50.66807707757369, 1.835569725493247
2025-2026;09;32;HAUTS-DE-FRANCE;09;LILLE;62;PAS-DE-CALAIS;62534;LUMBRES;0622142S;COLLEGE PRIVE NOTRE DAME;privé sous contrat;107.3;30.2;125.5;100.8;106.2;120.6;91.9;99.8;120.0;90.2;95.8;50.70659507806732, 2.1226204732822183
2025-2026;09;32;HAUTS-DE-FRANCE;09;LILLE;62;PAS-DE-CALAIS;62555;MARLES LES MINES;0622272H;COLLEGE EMILE ZOLA;public;87.2;27.2;125.5;100.8;106.2;120.6;91.9;99.8;120.0;90.2;95.8;50.50446731136025, 2.501379879246545
2025-2026;09;32;HAUTS-DE-FRANCE;09;LILLE;62;PAS-DE-CALAIS;62894;WIMILLE;0622299M;COLLEGE PILATRE DE ROZIER;public;103.3;36.6;125.5;100.8;106.2;120.6;91.9;99.8;120.0;90.2;95.8;50.76618299919516, 1.6189197376558497
2025-2026;09;32;HAUTS-DE-FRANCE;09;LILLE;62;PAS-DE-CALAIS;62587;MONTIGNY EN GOHELLE;0622423X;COLLEGE YOURI GAGARINE;public;79.8;25.6;125.5;100.8;106.2;120.6;91.9;99.8;120.0;90.2;95.8;50.4310641266138, 2.9319693624659204
2025-2026;09;32;HAUTS-DE-FRANCE;09;LILLE;62;PAS-DE-CALAIS;62386;GRENAY;0622424Y;COLLEGE LANGEVIN WALLON;public;74.3;23.0;125.5;100.8;106.2;120.6;91.9;99.8;120.0;90.2;95.8;50.45108347226466, 2.7378298991850905
2025-2026;09;32;HAUTS-DE-FRANCE;09;LILLE;62;PAS-DE-CALAIS;62534;LUMBRES;0622574L;COLLEGE ALBERT CAMUS;public;90.5;27.8;125.5;100.8;106.2;120.6;91.9;99.8;120.0;90.2;95.8;50.70561462940704, 2.1146998548882547
2025-2026;09;32;HAUTS-DE-FRANCE;09;LILLE;62;PAS-DE-CALAIS;62826;LE TOUQUET PARIS PLAGE;0622806N;COLLEGE MAXENCE VAN DER MEERSCH;public;107.7;32.0;125.5;100.8;106.2;120.6;91.9;99.8;120.0;90.2;95.8;50.512033350433924, 1.6171993613260043
2025-2026;09;32;HAUTS-DE-FRANCE;09;LILLE;62;PAS-DE-CALAIS;62041;ARRAS;0622864B;COLLEGE FRANCOIS MITTERRAND;public;97.3;31.3;125.5;100.8;106.2;120.6;91.9;99.8;120.0;90.2;95.8;50.27517239207419, 2.7891502807308513
2025-2026;09;32;HAUTS-DE-FRANCE;09;LILLE;62;PAS-DE-CALAIS;62276;DOUVRIN;0622867E;COLLEGE ANTOINE DE SAINT EXUPERY;public;95.2;32.0;125.5;100.8;106.2;120.6;91.9;99.8;120.0;90.2;95.8;50.50840485922295, 2.8409710420355943
2025-2026;09;32;HAUTS-DE-FRANCE;09;LILLE;62;PAS-DE-CALAIS;62548;MARCK;0622873L;COLLEGE BORIS VIAN;public;101.2;31.9;125.5;100.8;106.2;120.6;91.9;99.8;120.0;90.2;95.8;50.94314290988881, 1.9515199637415732
2025-2026;09;32;HAUTS-DE-FRANCE;09;LILLE;62;PAS-DE-CALAIS;62846;VERMELLES;0623022Y;COLLEGE PAUL ELUARD;public;90.4;30.0;125.5;100.8;106.2;120.6;91.9;99.8;120.0;90.2;95.8;50.48562923086735, 2.744179633314748
2025-2026;09;32;HAUTS-DE-FRANCE;09;LILLE;62;PAS-DE-CALAIS;62746;SAINT ETIENNE AU MONT;0623115Z;COLLEGE PAUL ELUARD;public;94.3;29.2;125.5;100.8;106.2;120.6;91.9;99.8;120.0;90.2;95.8;50.67393534528132, 1.631019792325546
2025-2026;09;32;HAUTS-DE-FRANCE;09;LILLE;62;PAS-DE-CALAIS;62048;AUCHEL;0623313P;COLLEGE LAVOISIER;public;83.9;27.1;125.5;100.8;106.2;120.6;91.9;99.8;120.0;90.2;95.8;50.50690421353284, 2.475710473957055
2025-2026;09;32;HAUTS-DE-FRANCE;09;LILLE;62;PAS-DE-CALAIS;62193;CALAIS;0623315S;COLLEGE LES DENTELLIERS;public;84.4;28.7;125.5;100.8;106.2;120.6;91.9;99.8;120.0;90.2;95.8;50.941880612712886, 1.8585395899923165
2023-2024;09;32;HAUTS-DE-FRANCE;09;LILLE;59;NORD;59153;CONDE SUR L ESCAUT;0590050J;COLLEGE JOSQUIN DES PRES;public;71.9;25.1;124.1;100.9;105.9;119.0;91.2;98.9;119.0;92.2;100.8;50.4584602905091, 3.585310527359675
2023-2024;09;32;HAUTS-DE-FRANCE;09;LILLE;59;NORD;59392;MAUBEUGE;0590150T;COLLEGE GUILLAUME BUDE;public;97.5;31.5;124.1;100.9;105.9;119.0;91.2;98.9;119.0;92.2;100.8;50.280047313159926, 3.9855703085094856
2023-2024;09;32;HAUTS-DE-FRANCE;09;LILLE;59;NORD;59447;ONNAING;0590157A;COLLEGE SAINT EXUPERY;public;81.3;25.5;124.1;100.9;105.9;119.0;91.2;98.9;119.0;92.2;100.8;50.38314537455736, 3.582870374959155
2023-2024;09;32;HAUTS-DE-FRANCE;09;LILLE;59;NORD;59449;ORCHIES;0590159C;COLLEGE DU PEVELE;public;114.7;36.4;124.1;100.9;105.9;119.0;91.2;98.9;119.0;92.2;100.8;50.47035688880419, 3.2396793057798456
2023-2024;09;32;HAUTS-DE-FRANCE;09;LILLE;59;NORD;59343;LESQUIN;0592889V;COLLEGE PRIVE CHARLEMAGNE;privé sous contrat;136.3;30.1;124.1;100.9;105.9;119.0;91.2;98.9;119.0;92.2;100.8;50.58895043145214, 3.116759838764182
2023-2024;09;32;HAUTS-DE-FRANCE;09;LILLE;59;NORD;59449;ORCHIES;0592900G;COLLEGE PRIVE NOTRE DAME DE LA PROVIDENCE;privé sous contrat;133.0;29.3;124.1;100.9;105.9;119.0;91.2;98.9;119.0;92.2;100.8;50.47822033632278, 3.2432897541631776
2023-2024;09;32;HAUTS-DE-FRANCE;09;LILLE;59;NORD;59457;PERENCHIES;0592901H;COLLEGE PRIVE SAINTE MARIE;privé sous contrat;121.2;31.4;124.1;100.9;105.9;119.0;91.2;98.9;119.0;92.2;100.8;50.66847009944456, 2.9771094874562762
2023-2024;09;32;HAUTS-DE-FRANCE;09;LILLE;59;NORD;59512;ROUBAIX;0592917A;COLLEGE PRIVE JEANNE D ARC;privé sous contrat;150.1;25.4;124.1;100.9;105.9;119.0;91.2;98.9;119.0;92.2;100.8;50.678182975936785, 3.167429374984203
2023-2024;09;32;HAUTS-DE-FRANCE;09;LILLE;59;NORD;59067;BERGUES;0592933T;COLLEGE PRIVE SAINT WINOC;privé sous contrat;121.7;29.5;124.1;100.9;105.9;119.0;91.2;98.9;119.0;92.2;100.8;50.96742445544726, 2.434499744658322
2023-2024;09;32;HAUTS-DE-FRANCE;09;LILLE;59;NORD;59172;DENAIN;0592962Z;COLLEGE PRIVE JEAN PAUL II;privé sous contrat;91.5;29.2;124.1;100.9;105.9;119.0;91.2;98.9;119.0;92.2;100.8;50.32233907825513, 3.3820998025813425
2023-2024;09;32;HAUTS-DE-FRANCE;09;LILLE;59;NORD;59324;JEUMONT;0593132J;COLLEGE PRIVE SAINTE BERNADETTE;privé sous contrat;97.1;26.8;124.1;100.9;105.9;119.0;91.2;98.9;119.0;92.2;100.8;50.295646416314426, 4.103789326111633
2023-2024;09;32;HAUTS-DE-FRANCE;09;LILLE;59;NORD;59599;TOURCOING;0593140T;COLLEGE PRIVE NOTRE DAME IMMACULEE;privé sous contrat;104.7;36.4;124.1;100.9;105.9;119.0;91.2;98.9;119.0;92.2;100.8;50.72472928748168, 3.154585172320493
2023-2024;09;32;HAUTS-DE-FRANCE;09;LILLE;59;NORD;59624;VILLERS OUTREAUX;0593157L;COLLEGE PRIVE SAINT JOSEPH;privé sous contrat;105.8;28.2;124.1;100.9;105.9;119.0;91.2;98.9;119.0;92.2;100.8;50.03086396515955, 3.2999401504721155
2023-2024;09;32;HAUTS-DE-FRANCE;09;LILLE;59;NORD;59647;WATTEN;0593159N;COLLEGE PRIVE SACRE COEUR;privé sous contrat;103.9;26.5;124.1;100.9;105.9;119.0;91.2;98.9;119.0;92.2;100.8;50.83391331367516, 2.2106302829503464
2023-2024;09;32;HAUTS-DE-FRANCE;09;LILLE;59;NORD;59350;LILLE;0593180L;COLLEGE ANTOINE DE SAINT EXUPERY;public;101.8;39.5;124.1;100.9;105.9;119.0;91.2;98.9;119.0;92.2;100.8;50.628730431452865, 3.1185919783385483
2023-2024;09;32;HAUTS-DE-FRANCE;09;LILLE;59;NORD;59131;CAPPELLE LA GRANDE;0593181M;COLLEGE MAXENCE VAN DER MEERSCH;public;86.4;25.3;124.1;100.9;105.9;119.0;91.2;98.9;119.0;92.2;100.8;50.99827512811122, 2.3588498284131214
2023-2024;09;32;HAUTS-DE-FRANCE;09;LILLE;59;NORD;59051;LA BASSEE;0593231S;COLLEGE ALBERT SCHWEITZER;public;100.4;31.2;124.1;100.9;105.9;119.0;91.2;98.9;119.0;92.2;100.8;50.535220245931804, 2.8111599077333573
2023-2024;09;32;HAUTS-DE-FRANCE;09;LILLE;59;NORD;59507;RONCHIN;0593237Y;COLLEGE GERNEZ RIEUX;public;96.1;34.1;124.1;100.9;105.9;119.0;91.2;98.9;119.0;92.2;100.8;50.59900639074089, 3.091456659932265
2023-2024;09;32;HAUTS-DE-FRANCE;09;LILLE;59;NORD;59152;COMINES;0593244F;COLLEGE PHILIPPE DE COMMYNES;public;82.0;32.3;124.1;100.9;105.9;119.0;91.2;98.9;119.0;92.2;100.8;50.75911346571574, 3.0121371917609854
2023-2024;09;32;HAUTS-DE-FRANCE;09;LILLE;59;NORD;59509;ROOST WARENDIN;0593251N;COLLEGE DOCTEUR ERNEST SCHAFFNER;public;97.0;34.6;124.1;100.9;105.9;119.0;91.2;98.9;119.0;92.2;100.8;50.41353020793823, 3.108330457286914
2023-2024;09;32;HAUTS-DE-FRANCE;09;LILLE;59;NORD;59653;WAVRIN;0593475G;COLLEGE LEON BLUM;public;108.1;35.2;124.1;100.9;105.9;119.0;91.2;98.9;119.0;92.2;100.8;50.571996731098764, 2.9399274470057177
2023-2024;09;32;HAUTS-DE-FRANCE;09;LILLE;59;NORD;59390;MASNY;0593483R;COLLEGE ROBERT DESNOS;public;87.9;30.4;124.1;100.9;105.9;119.0;91.2;98.9;119.0;92.2;100.8;50.342317608166105, 3.200689310892901
2023-2024;09;32;HAUTS-DE-FRANCE;09;LILLE;59;NORD;59183;DUNKERQUE;0593666P;COLLEGE GASPARD MALO;public;106.1;36.4;124.1;100.9;105.9;119.0;91.2;98.9;119.0;92.2;100.8;51.05153241629934, 2.4234896505024253
2023-2024;09;32;HAUTS-DE-FRANCE;09;LILLE;59;NORD;59092;BOUCHAIN;0593672W;COLLEGE DE L OSTREVANT;public;94.9;33.3;124.1;100.9;105.9;119.0;91.2;98.9;119.0;92.2;100.8;50.28074903042848, 3.306319883127561
2023-2024;09;32;HAUTS-DE-FRANCE;09;LILLE;59;NORD;59389;MASNIERES;0593683H;COLLEGE JACQUES PREVERT;public;96.7;30.3;124.1;100.9;105.9;119.0;91.2;98.9;119.0;92.2;100.8;50.11479324281707, 3.2157101483116572
2023-2024;09;32;HAUTS-DE-FRANCE;09;LILLE;59;NORD;59225;FEIGNIES;0594168K;COLLEGE JEAN ZAY;public;87.2;28.8;124.1;100.9;105.9;119.0;91.2;98.9;119.0;92.2;100.8;50.29266344220489, 3.9204097660583948
2023-2024;09;32;HAUTS-DE-FRANCE;09;LILLE;59;NORD;59378;MARCQ EN BAROEUL;0594287P;COLLEGE ROUGES BARRES;public;112.5;39.4;124.1;100.9;105.9;119.0;91.2;98.9;119.0;92.2;100.8;50.65706606446519, 3.0948799749375424
2023-2024;09;32;HAUTS-DE-FRANCE;09;LILLE;59;NORD;59599;TOURCOING;0594293W;COLLEGE ALBERT ROUSSEL;public;72.9;22.3;124.1;100.9;105.9;119.0;91.2;98.9;119.0;92.2;100.8;50.723100630457324, 3.168440278617063
2023-2024;09;32;HAUTS-DE-FRANCE;09;LILLE;59;NORD;59155;COUDEKERQUE BRANCHE;0594295Y;COLLEGE DU WESTHOEK;public;82.6;26.0;124.1;100.9;105.9;119.0;91.2;98.9;119.0;92.2;100.8;51.02950774638383, 2.40210989744275
2023-2024;09;32;HAUTS-DE-FRANCE;09;LILLE;59;NORD;59329;LAMBRES LEZ DOUAI;0594298B;COLLEGE ANDRE MALRAUX;public;99.9;35.2;124.1;100.9;105.9;119.0;91.2;98.9;119.0;92.2;100.8;50.354996614883795, 3.0620302418370793
2023-2024;09;32;HAUTS-DE-FRANCE;09;LILLE;59;NORD;59172;DENAIN;0594299C;COLLEGE TURGOT;public;68.5;20.4;124.1;100.9;105.9;119.0;91.2;98.9;119.0;92.2;100.8;50.33072586542027, 3.3954403591508777
2023-2024;09;32;HAUTS-DE-FRANCE;09;LILLE;59;NORD;59526;SAINT AMAND LES EAUX;0594304H;COLLEGE MARIE CURIE;public;89.1;30.6;124.1;100.9;105.9;119.0;91.2;98.9;119.0;92.2;100.8;50.45089083665621, 3.4324203839908787
2023-2024;09;32;HAUTS-DE-FRANCE;09;LILLE;59;NORD;59601;TRELON;0594308M;COLLEGE DENIS SAURAT;public;84.3;25.7;124.1;100.9;105.9;119.0;91.2;98.9;119.0;92.2;100.8;50.05729880556586, 4.111670619563331
2023-2024;09;32;HAUTS-DE-FRANCE;09;LILLE;59;NORD;59017;ARMENTIERES;0594397J;COLLEGE JEAN ROSTAND;public;79.8;26.6;124.1;100.9;105.9;119.0;91.2;98.9;119.0;92.2;100.8;50.68779925676303, 2.866820491853828
2023-2024;09;32;HAUTS-DE-FRANCE;09;LILLE;59;NORD;59271;GRANDE SYNTHE;0594398K;COLLEGE ANNE FRANK;public;83.8;26.7;124.1;100.9;105.9;119.0;91.2;98.9;119.0;92.2;100.8;51.01181210067035, 2.284900276405925
2023-2024;09;32;HAUTS-DE-FRANCE;09;LILLE;59;NORD;59491;RAISMES;0594408W;COLLEGE GERMINAL;public;74.4;22.4;124.1;100.9;105.9;119.0;91.2;98.9;119.0;92.2;100.8;50.3955694812591, 3.4816293075127525
2023-2024;09;32;HAUTS-DE-FRANCE;09;LILLE;59;NORD;59361;LOURCHES;0594533G;COLLEGE VOLTAIRE;public;75.5;25.9;124.1;100.9;105.9;119.0;91.2;98.9;119.0;92.2;100.8;50.314703750485606, 3.3554093031083663
2023-2024;09;32;HAUTS-DE-FRANCE;09;LILLE;59;NORD;59457;PERENCHIES;0594628K;COLLEGE JACQUES MONOD;public;112.5;35.7;124.1;100.9;105.9;119.0;91.2;98.9;119.0;92.2;100.8;50.6696987944097, 2.97350955943881
2023-2024;09;32;HAUTS-DE-FRANCE;09;LILLE;59;NORD;59317;HOUPLINES;0594638W;COLLEGE ROGER SALENGRO;public;98.3;31.4;124.1;100.9;105.9;119.0;91.2;98.9;119.0;92.2;100.8;50.6874893834522, 2.9184296508224232
2023-2024;09;32;HAUTS-DE-FRANCE;09;LILLE;59;NORD;59663;WORMHOUT;0594643B;COLLEGE DU HOUTLAND;public;99.6;33.8;124.1;100.9;105.9;119.0;91.2;98.9;119.0;92.2;100.8;50.88394918679232, 2.464759659200426
2023-2024;09;32;HAUTS-DE-FRANCE;09;LILLE;59;NORD;59507;RONCHIN;0594865T;COLLEGE ANATOLE FRANCE;public;93.1;37.6;124.1;100.9;105.9;119.0;91.2;98.9;119.0;92.2;100.8;50.6118171943921, 3.080530699112658
2023-2024;09;32;HAUTS-DE-FRANCE;09;LILLE;59;NORD;59466;PONT A MARCQ;0594866U;COLLEGE FRANCOISE DOLTO;public;131.1;35.1;124.1;100.9;105.9;119.0;91.2;98.9;119.0;92.2;100.8;50.519627270223545, 3.112430368530551
2023-2024;09;32;HAUTS-DE-FRANCE;09;LILLE;59;NORD;59464;POIX DU NORD;0594876E;COLLEGE MONTAIGNE;public;92.5;29.1;124.1;100.9;105.9;119.0;91.2;98.9;119.0;92.2;100.8;50.19636234641837, 3.6082095864660104
2023-2024;09;32;HAUTS-DE-FRANCE;09;LILLE;59;NORD;59295;HAZEBROUCK;0595170Z;COLLEGE DES FLANDRES;public;98.9;34.0;124.1;100.9;105.9;119.0;91.2;98.9;119.0;92.2;100.8;50.73117704127288, 2.5290609979501575
2023-2024;09;32;HAUTS-DE-FRANCE;09;LILLE;59;NORD;59122;CAMBRAI;0595174D;COLLEGE PAUL DUEZ;public;92.7;30.9;124.1;100.9;105.9;119.0;91.2;98.9;119.0;92.2;100.8;50.17342677818578, 3.2420900946825157
2023-2024;09;32;HAUTS-DE-FRANCE;09;LILLE;59;NORD;59512;ROUBAIX;0595302T;COLLEGE PRIVE SAINT EXUPERY;privé sous contrat;92.0;34.5;124.1;100.9;105.9;119.0;91.2;98.9;119.0;92.2;100.8;50.684564996260974, 3.167460562765493
2023-2024;09;32;HAUTS-DE-FRANCE;09;LILLE;59;NORD;59009;VILLENEUVE D ASCQ;0595328W;COLLEGE SIMONE DE BEAUVOIR;public;82.3;29.3;124.1;100.9;105.9;119.0;91.2;98.9;119.0;92.2;100.8;50.62942944171095, 3.130319950410022
2023-2024;09;32;HAUTS-DE-FRANCE;09;LILLE;59;NORD;59178;DOUAI;0595387K;COLLEGE PRIVE SAINT JEAN;privé sous contrat;127.4;30.2;124.1;100.9;105.9;119.0;91.2;98.9;119.0;92.2;100.8;50.36960965395435, 3.0860735539934394
2023-2024;09;32;HAUTS-DE-FRANCE;09;LILLE;59;NORD;59249;FOURMIES;0595390N;COLLEGE PRIVE SAINT PIERRE;privé sous contrat;95.4;29.9;124.1;100.9;105.9;119.0;91.2;98.9;119.0;92.2;100.8;50.009224390857845, 4.050339807198157
2023-2024;09;32;HAUTS-DE-FRANCE;09;LILLE;59;NORD;59328;LAMBERSART;0595393S;COLLEGE PRIVE SAINTE ODILE;privé sous contrat;129.3;33.8;124.1;100.9;105.9;119.0;91.2;98.9;119.0;92.2;100.8;50.63828239435873, 3.027519556262603
2023-2024;09;32;HAUTS-DE-FRANCE;09;LILLE;59;NORD;59599;TOURCOING;0596860L;COLLEGE LUCIE AUBRAC;public;78.9;23.8;124.1;100.9;105.9;119.0;91.2;98.9;119.0;92.2;100.8;50.73096722790286, 3.1303902796289336
2023-2024;09;32;HAUTS-DE-FRANCE;09;LILLE;59;NORD;59350;LILLE;0597004T;COLLEGE MIRIAM MAKEBA;public;79.3;28.1;124.1;100.9;105.9;119.0;91.2;98.9;119.0;92.2;100.8;50.618361982323066, 3.0641581581824213
2023-2024;09;32;HAUTS-DE-FRANCE;09;LILLE;62;PAS-DE-CALAIS;62038;ARDRES;0620004T;COLLEGE DE L EUROPE;public;94.2;31.3;124.1;100.9;105.9;119.0;91.2;98.9;119.0;89.8;95.2;50.85129259607474, 1.9758702718799537
2023-2024;09;32;HAUTS-DE-FRANCE;09;LILLE;62;PAS-DE-CALAIS;62263;DAINVILLE;0620014D;COLLEGE DENIS DIDEROT;public;96.2;33.9;124.1;100.9;105.9;119.0;91.2;98.9;119.0;89.8;95.2;50.291402801437386, 2.7308006576561676
2023-2024;09;32;HAUTS-DE-FRANCE;09;LILLE;62;PAS-DE-CALAIS;62063;AVESNES LE COMTE;0620026S;COLLEGE DU VAL DU GY;public;95.8;29.9;124.1;100.9;105.9;119.0;91.2;98.9;119.0;89.8;95.2;50.27313642826175, 2.5227499843981085
2023-2024;09;32;HAUTS-DE-FRANCE;09;LILLE;62;PAS-DE-CALAIS;62080;BAPAUME;0620031X;COLLEGE CARLIN LEGRAND;public;88.9;28.2;124.1;100.9;105.9;119.0;91.2;98.9;119.0;89.8;95.2;50.10357490025015, 2.8534305851452544
2023-2024;09;32;HAUTS-DE-FRANCE;09;LILLE;62;PAS-DE-CALAIS;62364;FRUGES;0620085F;COLLEGE JACQUES BREL;public;88.8;28.0;124.1;100.9;105.9;119.0;91.2;98.9;119.0;89.8;95.2;50.516563612667106, 2.1299198395232355
2023-2024;09;32;HAUTS-DE-FRANCE;09;LILLE;62;PAS-DE-CALAIS;62447;HESDIN;0620099W;COLLEGE DES 7 VALLEES;public;86.0;29.7;124.1;100.9;105.9;119.0;91.2;98.9;119.0;89.8;95.2;50.36992994909537, 2.0397337505951407
2023-2024;09;32;HAUTS-DE-FRANCE;09;LILLE;62;PAS-DE-CALAIS;62643;OUTREAU;0620154F;COLLEGE ALBERT CAMUS;public;89.1;29.0;124.1;100.9;105.9;119.0;91.2;98.9;119.0;89.8;95.2;50.70255080268576, 1.5914034040436627
2023-2024;09;32;HAUTS-DE-FRANCE;09;LILLE;62;PAS-DE-CALAIS;62765;SAINT OMER;0620165T;COLLEGE ESPLANADE;public;99.3;35.3;124.1;100.9;105.9;119.0;91.2;98.9;119.0;89.8;95.2;50.75259992362606, 2.2467630129949914
2023-2024;09;32;HAUTS-DE-FRANCE;09;LILLE;62;PAS-DE-CALAIS;62811;THEROUANNE;0620172A;COLLEGE FRANCOIS MITTERRAND;public;102.0;31.0;124.1;100.9;105.9;119.0;91.2;98.9;119.0;89.8;95.2;50.636627436382994, 2.252459789957055
2023-2024;09;32;HAUTS-DE-FRANCE;09;LILLE;62;PAS-DE-CALAIS;62178;BRUAY LA BUISSIERE;0620198D;COLLEGE ALBERT CAMUS;public;79.3;26.4;124.1;100.9;105.9;119.0;91.2;98.9;119.0;89.8;95.2;50.47547424442204, 2.558440656583557
2023-2024;09;32;HAUTS-DE-FRANCE;09;LILLE;62;PAS-DE-CALAIS;62041;ARRAS;0622082B;COLLEGE MARIE CURIE;public;102.1;37.9;124.1;100.9;105.9;119.0;91.2;98.9;119.0;89.8;95.2;50.28429765775309, 2.784539757112145
2023-2024;09;32;HAUTS-DE-FRANCE;09;LILLE;62;PAS-DE-CALAIS;62080;BAPAUME;0622104A;COLLEGE PRIVE SAINT JEAN BAPTISTE;privé sous contrat;117.2;29.0;124.1;100.9;105.9;119.0;91.2;98.9;119.0;89.8;95.2;50.10201010102586, 2.8487198519214876
2023-2024;09;32;HAUTS-DE-FRANCE;09;LILLE;62;PAS-DE-CALAIS;62588;MONTREUIL SUR MER;0622117P;COLLEGE PRIVE SAINTE AUSTREBERTHE;privé sous contrat;130.2;30.9;124.1;100.9;105.9;119.0;91.2;98.9;119.0;89.8;95.2;50.463671602004325, 1.7655622957323893
2023-2024;09;32;HAUTS-DE-FRANCE;09;LILLE;62;PAS-DE-CALAIS;62765;SAINT OMER;0622119S;COLLEGE PRIVE SAINT BERTIN;privé sous contrat;101.8;30.8;124.1;100.9;105.9;119.0;91.2;98.9;119.0;89.8;95.2;50.74867790656738, 2.2597959069389364
2023-2024;09;32;HAUTS-DE-FRANCE;09;LILLE;62;PAS-DE-CALAIS;62108;BERCK;0622128B;COLLEGE PRIVE NOTRE DAME;privé sous contrat;112.9;27.6;124.1;100.9;105.9;119.0;91.2;98.9;119.0;89.8;95.2;50.40462040664378, 1.5618196929804524
2023-2024;09;32;HAUTS-DE-FRANCE;09;LILLE;62;PAS-DE-CALAIS;62318;ETAPLES;0622136K;COLLEGE PRIVE SAINT JOSEPH;privé sous contrat;104.8;28.8;124.1;100.9;105.9;119.0;91.2;98.9;119.0;89.8;95.2;50.51382547224079, 1.6417998303473476
2023-2024;09;32;HAUTS-DE-FRANCE;09;LILLE;62;PAS-DE-CALAIS;62560;MARQUISE;0622143T;COLLEGE PRIVE SAINT MARTIN;privé sous contrat;116.0;32.2;124.1;100.9;105.9;119.0;91.2;98.9;119.0;89.8;95.2;50.812254344116965, 1.7136896558823846
2023-2024;09;32;HAUTS-DE-FRANCE;09;LILLE;62;PAS-DE-CALAIS;62907;LIBERCOURT;0622239X;COLLEGE JEAN DE SAINT AUBERT;public;83.9;28.4;124.1;100.9;105.9;119.0;91.2;98.9;119.0;89.8;95.2;50.4816324638282, 3.0160628283621755
2023-2024;09;32;HAUTS-DE-FRANCE;09;LILLE;62;PAS-DE-CALAIS;62894;WIMILLE;0622299M;COLLEGE PILATRE DE ROZIER;public;104.6;37.0;124.1;100.9;105.9;119.0;91.2;98.9;119.0;89.8;95.2;50.76618299919516, 1.6189197376558497
2023-2024;09;32;HAUTS-DE-FRANCE;09;LILLE;62;PAS-DE-CALAIS;62498;LENS;0622417R;COLLEGE MICHELET;public;77.3;27.8;124.1;100.9;105.9;119.0;91.2;98.9;119.0;89.8;95.2;50.4298593304873, 2.826930432308774
2023-2024;09;32;HAUTS-DE-FRANCE;09;LILLE;62;PAS-DE-CALAIS;62498;LENS;0622418S;COLLEGE JEAN ZAY;public;75.1;25.2;124.1;100.9;105.9;119.0;91.2;98.9;119.0;89.8;95.2;50.44273593059116, 2.823900494132792
2023-2024;09;32;HAUTS-DE-FRANCE;09;LILLE;62;PAS-DE-CALAIS;62491;LAVENTIE;0622427B;COLLEGE DU PAYS DE L ALLOEU;public;113.9;34.4;124.1;100.9;105.9;119.0;91.2;98.9;119.0;89.8;95.2;50.62531607769132, 2.7703600810577025
2023-2024;09;32;HAUTS-DE-FRANCE;09;LILLE;62;PAS-DE-CALAIS;62525;LONGUENESSE;0622575M;COLLEGE BLAISE PASCAL;public;97.2;33.9;124.1;100.9;105.9;119.0;91.2;98.9;119.0;89.8;95.2;50.73867971356185, 2.2561397443597024
2023-2024;09;32;HAUTS-DE-FRANCE;09;LILLE;62;PAS-DE-CALAIS;62032;ANGRES;0622579S;COLLEGE JEAN VILAR;public;106.3;34.6;124.1;100.9;105.9;119.0;91.2;98.9;119.0;89.8;95.2;50.41074383810004, 2.7535600562013918
2023-2024;09;32;HAUTS-DE-FRANCE;09;LILLE;62;PAS-DE-CALAIS;62004;ACHICOURT;0622863A;COLLEGE ADAM DE LA HALLE;public;98.2;33.0;124.1;100.9;105.9;119.0;91.2;98.9;119.0;89.8;95.2;50.26837738946462, 2.7673305314071426
2023-2024;09;32;HAUTS-DE-FRANCE;09;LILLE;62;PAS-DE-CALAIS;62051;AUCHY LES MINES;0622946R;COLLEGE JOLIOT CURIE;public;89.9;27.7;124.1;100.9;105.9;119.0;91.2;98.9;119.0;89.8;95.2;50.51788963605935, 2.7882000779325455
2023-2024;09;32;HAUTS-DE-FRANCE;09;LILLE;62;PAS-DE-CALAIS;62628;NOYELLES SOUS LENS;0623016S;COLLEGE PIERRE BROSSOLETTE;public;87.8;29.6;124.1;100.9;105.9;119.0;91.2;98.9;119.0;89.8;95.2;50.427765150252554, 2.8737593658479215
2023-2024;09;32;HAUTS-DE-FRANCE;09;LILLE;62;PAS-DE-CALAIS;62649;PAS EN ARTOIS;0623112W;COLLEGE MARGUERITE BERGER;public;93.0;26.8;124.1;100.9;105.9;119.0;91.2;98.9;119.0;89.8;95.2;50.15757036869106, 2.4881994306841806
2023-2024;09;32;HAUTS-DE-FRANCE;09;LILLE;62;PAS-DE-CALAIS;62516;LILLERS;0623312N;COLLEGE RENE CASSIN;public;90.7;29.6;124.1;100.9;105.9;119.0;91.2;98.9;119.0;89.8;95.2;50.55895892470479, 2.471610200879648
2023-2024;09;32;HAUTS-DE-FRANCE;09;LILLE;62;PAS-DE-CALAIS;62048;AUCHEL;0623313P;COLLEGE LAVOISIER;public;82.6;26.9;124.1;100.9;105.9;119.0;91.2;98.9;119.0;89.8;95.2;50.50690421353284, 2.475710473957055
2023-2024;09;32;HAUTS-DE-FRANCE;09;LILLE;62;PAS-DE-CALAIS;62178;BRUAY LA BUISSIERE;0623314R;COLLEGE SIMONE SIGNORET;public;77.5;27.0;124.1;100.9;105.9;119.0;91.2;98.9;119.0;89.8;95.2;50.48260659356755, 2.547420203520672
2023-2024;09;32;HAUTS-DE-FRANCE;09;LILLE;62;PAS-DE-CALAIS;62645;OYE PLAGE;0623759Z;COLLEGE LES ARGOUSIERS;public;98.6;30.8;124.1;100.9;105.9;119.0;91.2;98.9;119.0;89.8;95.2;50.976031340984115, 2.0423998218835915
2023-2024;09;32;HAUTS-DE-FRANCE;09;LILLE;59;NORD;59107;BRAY DUNES;0590030M;COLLEGE DU SEPTENTRION;public;99.1;32.9;124.1;100.9;105.9;119.0;91.2;98.9;119.0;92.2;100.8;51.07081620306653, 2.5132403618887618
2023-2024;09;32;HAUTS-DE-FRANCE;09;LILLE;59;NORD;59168;CYSOING;0590057S;COLLEGE PAUL ELUARD;public;125.8;35.5;124.1;100.9;105.9;119.0;91.2;98.9;119.0;92.2;100.8;50.571517624370635, 3.214139764921509
2023-2024;09;32;HAUTS-DE-FRANCE;09;LILLE;59;NORD;59178;DOUAI;0590068D;COLLEGE JULES FERRY;public;87.3;30.9;124.1;100.9;105.9;119.0;91.2;98.9;119.0;92.2;100.8;50.38175061469219, 3.0610115023258024
2023-2024;09;32;HAUTS-DE-FRANCE;09;LILLE;59;NORD;59239;FLINES LEZ RACHES;0590082U;COLLEGE JEAN MOULIN;public;115.3;35.9;124.1;100.9;105.9;119.0;91.2;98.9;119.0;92.2;100.8;50.42710776071974, 3.184340322301246
2023-2024;09;32;HAUTS-DE-FRANCE;09;LILLE;59;NORD;59273;GRAVELINES;0590090C;COLLEGE PIERRE ET MARIE CURIE;public;91.4;30.2;124.1;100.9;105.9;119.0;91.2;98.9;119.0;92.2;100.8;50.98688621410387, 2.137089920170622
2023-2024;09;32;HAUTS-DE-FRANCE;09;LILLE;59;NORD;59322;IWUY;0590107W;COLLEGE JEAN MOULIN;public;98.7;33.0;124.1;100.9;105.9;119.0;91.2;98.9;119.0;92.2;100.8;50.23296688119976, 3.327169411828922
2023-2024;09;32;HAUTS-DE-FRANCE;09;LILLE;59;NORD;59375;MARCHIENNES;0590142J;COLLEGE MARGUERITE YOURCENAR;public;112.6;33.6;124.1;100.9;105.9;119.0;91.2;98.9;119.0;92.2;100.8;50.40570807072044, 3.287370497251291
2023-2024;09;32;HAUTS-DE-FRANCE;09;LILLE;59;NORD;59410;MONS EN BAROEUL;0590155Y;COLLEGE DESCARTES;public;100.5;40.8;124.1;100.9;105.9;119.0;91.2;98.9;119.0;92.2;100.8;50.6356690520175, 3.1070795554789647
2023-2024;09;32;HAUTS-DE-FRANCE;09;LILLE;59;NORD;59183;DUNKERQUE;0590164H;COLLEGE JEAN ZAY;public;86.9;26.3;124.1;100.9;105.9;119.0;91.2;98.9;119.0;92.2;100.8;51.019704052139566, 2.338029756501514
2023-2024;09;32;HAUTS-DE-FRANCE;09;LILLE;59;NORD;59183;DUNKERQUE;0590179Z;COLLEGE PAUL MACHY;public;106.6;37.4;124.1;100.9;105.9;119.0;91.2;98.9;119.0;92.2;100.8;51.03944431720388, 2.4071702281218306
2023-2024;09;32;HAUTS-DE-FRANCE;09;LILLE;59;NORD;59592;THUMERIES;0590211J;COLLEGE ALBERT CAMUS;public;115.8;34.9;124.1;100.9;105.9;119.0;91.2;98.9;119.0;92.2;100.8;50.46975600738184, 3.0699506566329924
2023-2024;09;32;HAUTS-DE-FRANCE;09;LILLE;59;NORD;59654;WAZIERS;0590238N;COLLEGE ROMAIN ROLLAND;public;79.7;23.6;124.1;100.9;105.9;119.0;91.2;98.9;119.0;92.2;100.8;50.38602048362716, 3.107990599187455
2023-2024;09;32;HAUTS-DE-FRANCE;09;LILLE;59;NORD;59599;TOURCOING;0592714E;COLLEGE MENDES FRANCE;public;69.8;22.7;124.1;100.9;105.9;119.0;91.2;98.9;119.0;92.2;100.8;50.736039039559365, 3.1894893121105476
2023-2024;09;32;HAUTS-DE-FRANCE;09;LILLE;59;NORD;59205;ESCAUDAIN;0592751V;COLLEGE FELICIEN JOLY;public;78.0;23.0;124.1;100.9;105.9;119.0;91.2;98.9;119.0;92.2;100.8;50.33786460186301, 3.3574295054584917
2023-2024;09;32;HAUTS-DE-FRANCE;09;LILLE;59;NORD;59220;FACHES THUMESNIL;0592830F;COLLEGE JEAN ZAY;public;86.1;28.4;124.1;100.9;105.9;119.0;91.2;98.9;119.0;92.2;100.8;50.60722395909997, 3.063599555138808
2023-2024;09;32;HAUTS-DE-FRANCE;09;LILLE;59;NORD;59053;BAVAY;0592924H;COLLEGE PRIVE NOTRE DAME DE L ASSOMPTION;privé sous contrat;109.4;28.5;124.1;100.9;105.9;119.0;91.2;98.9;119.0;92.2;100.8;50.29775936616095, 3.7931281724438533
2023-2024;09;32;HAUTS-DE-FRANCE;09;LILLE;59;NORD;59043;BAILLEUL;0592930P;COLLEGE PRIVE IMMACULEE CONCEPTION;privé sous contrat;120.4;30.4;124.1;100.9;105.9;119.0;91.2;98.9;119.0;92.2;100.8;50.739086043548625, 2.7297706785714615
2023-2024;09;32;HAUTS-DE-FRANCE;09;LILLE;59;NORD;59178;DOUAI;0592941B;COLLEGE PRIVE DE LA SAINTE UNION;privé sous contrat;111.9;32.4;124.1;100.9;105.9;119.0;91.2;98.9;119.0;92.2;100.8;50.37116804322099, 3.0795797841130095
2023-2024;09;32;HAUTS-DE-FRANCE;09;LILLE;59;NORD;59168;CYSOING;0592960X;COLLEGE PRIVE NOTRE DAME;privé sous contrat;134.2;27.6;124.1;100.9;105.9;119.0;91.2;98.9;119.0;92.2;100.8;50.569808666277225, 3.215230309475054
2023-2024;09;32;HAUTS-DE-FRANCE;09;LILLE;59;NORD;59183;DUNKERQUE;0593101A;COLLEGE PRIVE FENELON;privé sous contrat;118.9;29.5;124.1;100.9;105.9;119.0;91.2;98.9;119.0;92.2;100.8;51.04514380147598, 2.3864495714222578
2023-2024;09;32;HAUTS-DE-FRANCE;09;LILLE;59;NORD;59328;LAMBERSART;0593134L;COLLEGE PRIVE DOMINIQUE SAVIO;privé sous contrat;134.1;27.3;124.1;100.9;105.9;119.0;91.2;98.9;119.0;92.2;100.8;50.65255662403136, 3.0230893479435217
2023-2024;09;32;HAUTS-DE-FRANCE;09;LILLE;59;NORD;59350;LILLE;0593168Y;COLLEGE INTERNATIONAL CARNOT;public;126.9;44.2;124.1;100.9;105.9;119.0;91.2;98.9;119.0;92.2;100.8;50.63974827214583, 3.066700292621803
2023-2024;09;32;HAUTS-DE-FRANCE;09;LILLE;59;NORD;59410;MONS EN BAROEUL;0593178J;COLLEGE FRANCOIS RABELAIS;public;72.9;26.5;124.1;100.9;105.9;119.0;91.2;98.9;119.0;92.2;100.8;50.641505858918435, 3.1151264135860846
2023-2024;09;32;HAUTS-DE-FRANCE;09;LILLE;59;NORD;59569;SIN LE NOBLE;0593185S;COLLEGE ANATOLE FRANCE;public;73.2;24.4;124.1;100.9;105.9;119.0;91.2;98.9;119.0;92.2;100.8;50.361329331555964, 3.114949443162363
2023-2024;09;32;HAUTS-DE-FRANCE;09;LILLE;59;NORD;59009;VILLENEUVE D ASCQ;0593196D;COLLEGE ARTHUR RIMBAUD;public;103.6;41.2;124.1;100.9;105.9;119.0;91.2;98.9;119.0;92.2;100.8;50.61876767819437, 3.1561295928053
2023-2024;09;32;HAUTS-DE-FRANCE;09;LILLE;59;NORD;59009;VILLENEUVE D ASCQ;0593198F;COLLEGE PRIVE COMMUNAUTAIRE;privé sous contrat;111.8;32.5;124.1;100.9;105.9;119.0;91.2;98.9;119.0;92.2;100.8;50.65687147188959, 3.135390066643664
2023-2024;09;32;HAUTS-DE-FRANCE;09;LILLE;59;NORD;59017;ARMENTIERES;0593246H;COLLEGE DESROUSSEAUX;public;84.0;27.2;124.1;100.9;105.9;119.0;91.2;98.9;119.0;92.2;100.8;50.68857024739166, 2.89093017010974
2023-2024;09;32;HAUTS-DE-FRANCE;09;LILLE;59;NORD;59386;MARQUETTE LEZ LILLE;0593474F;COLLEGE PROFESSEUR ALBERT DEBEYRE;public;109.8;35.5;124.1;100.9;105.9;119.0;91.2;98.9;119.0;92.2;100.8;50.680405802996674, 3.0678305726762205
2023-2024;09;32;HAUTS-DE-FRANCE;09;LILLE;59;NORD;59122;CAMBRAI;0593487V;COLLEGE JULES FERRY;public;89.0;32.2;124.1;100.9;105.9;119.0;91.2;98.9;119.0;92.2;100.8;50.17396793599496, 3.225749719228612
2023-2024;09;32;HAUTS-DE-FRANCE;09;LILLE;59;NORD;59383;MARLY;0593674Y;COLLEGE ALPHONSE TERROIR;public;87.4;30.4;124.1;100.9;105.9;119.0;91.2;98.9;119.0;92.2;100.8;50.343291800603275, 3.5552895760918646
2023-2024;09;32;HAUTS-DE-FRANCE;09;LILLE;59;NORD;59230;FERRIERE LA GRANDE;0593681F;COLLEGE LAVOISIER;public;87.8;31.6;124.1;100.9;105.9;119.0;91.2;98.9;119.0;92.2;100.8;50.258989316415864, 4.005229832364161
2023-2024;09;32;HAUTS-DE-FRANCE;09;LILLE;59;NORD;59580;STEENVOORDE;0593992U;COLLEGE ANTOINE DE SAINT EXUPERY;public;109.2;34.7;124.1;100.9;105.9;119.0;91.2;98.9;119.0;92.2;100.8;50.80848584339924, 2.5891693415535046
2023-2024;09;32;HAUTS-DE-FRANCE;09;LILLE;59;NORD;59291;HAUTMONT;0594309N;COLLEGE PIERRE DE RONSARD;public;71.4;21.0;124.1;100.9;105.9;119.0;91.2;98.9;119.0;92.2;100.8;50.253684615272356, 3.901209519412997
2023-2024;09;32;HAUTS-DE-FRANCE;09;LILLE;59;NORD;59392;MAUBEUGE;0594362W;COLLEGE VAUBAN;public;64.3;18.8;124.1;100.9;105.9;119.0;91.2;98.9;119.0;92.2;100.8;50.274459245680944, 3.941730398498145
2023-2024;09;32;HAUTS-DE-FRANCE;09;LILLE;59;NORD;59574;SOMAIN;0594405T;COLLEGE VICTOR HUGO;public;85.9;29.3;124.1;100.9;105.9;119.0;91.2;98.9;119.0;92.2;100.8;50.36153891792843, 3.276190437285765
2023-2024;09;32;HAUTS-DE-FRANCE;09;LILLE;59;NORD;59207;ESCAUTPONT;0594409X;COLLEGE JEAN ZAY;public;70.5;20.4;124.1;100.9;105.9;119.0;91.2;98.9;119.0;92.2;100.8;50.42078147044804, 3.5518399557173934
2023-2024;09;32;HAUTS-DE-FRANCE;09;LILLE;59;NORD;59526;SAINT AMAND LES EAUX;0594411Z;COLLEGE MOULIN BLANC;public;109.1;34.7;124.1;100.9;105.9;119.0;91.2;98.9;119.0;92.2;100.8;50.44207143219327, 3.40937958634235
2023-2024;09;32;HAUTS-DE-FRANCE;09;LILLE;59;NORD;59616;VIEUX CONDE;0594412A;COLLEGE JEAN JAURES;public;82.0;28.7;124.1;100.9;105.9;119.0;91.2;98.9;119.0;92.2;100.8;50.46468284594241, 3.566440487065162
2023-2024;09;32;HAUTS-DE-FRANCE;09;LILLE;59;NORD;59068;BERLAIMONT;0594415D;COLLEGE GILLES DE CHIN;public;94.1;31.9;124.1;100.9;105.9;119.0;91.2;98.9;119.0;92.2;100.8;50.2070353452752, 3.8123904040858796
2023-2024;09;32;HAUTS-DE-FRANCE;09;LILLE;59;NORD;59009;VILLENEUVE D ASCQ;0594525Y;COLLEGE LE TRIOLO;public;101.8;38.1;124.1;100.9;105.9;119.0;91.2;98.9;119.0;92.2;100.8;50.61612690346182, 3.139180476019098
2023-2024;09;32;HAUTS-DE-FRANCE;09;LILLE;59;NORD;59421;MOUVAUX;0594527A;COLLEGE MAXENCE VAN DER MEERSCH;public;100.1;37.6;124.1;100.9;105.9;119.0;91.2;98.9;119.0;92.2;100.8;50.70491642489152, 3.131188745143633
2023-2024;09;32;HAUTS-DE-FRANCE;09;LILLE;59;NORD;59603;TRITH SAINT LEGER;0594534H;COLLEGE PAUL LANGEVIN;public;88.9;28.4;124.1;100.9;105.9;119.0;91.2;98.9;119.0;92.2;100.8;50.33329774288732, 3.4823600112733906
2023-2024;09;32;HAUTS-DE-FRANCE;09;LILLE;59;NORD;59525;SAINS DU NORD;0594538M;COLLEGE JEAN ROSTAND;public;87.1;29.8;124.1;100.9;105.9;119.0;91.2;98.9;119.0;92.2;100.8;50.095158322880415, 4.006865513112936
2023-2024;09;32;HAUTS-DE-FRANCE;09;LILLE;59;NORD;59043;BAILLEUL;0594636U;COLLEGE MAXIME DEYTS;public;101.2;33.2;124.1;100.9;105.9;119.0;91.2;98.9;119.0;92.2;100.8;50.74278770807799, 2.736630496038372
2023-2024;09;32;HAUTS-DE-FRANCE;09;LILLE;59;NORD;59512;ROUBAIX;0595168X;COLLEGE MAXENCE VAN DER MEERSCH;public;69.3;18.2;124.1;100.9;105.9;119.0;91.2;98.9;119.0;92.2;100.8;50.681280837629195, 3.2072199693145738
2023-2024;09;32;HAUTS-DE-FRANCE;09;LILLE;59;NORD;59650;WATTRELOS;0595169Y;COLLEGE EMILE ZOLA;public;78.2;21.5;124.1;100.9;105.9;119.0;91.2;98.9;119.0;92.2;100.8;50.70685190477116, 3.2315225356010413
2023-2024;09;32;HAUTS-DE-FRANCE;09;LILLE;59;NORD;59178;DOUAI;0595171A;COLLEGE ALBERT CHATELET;public;111.4;42.2;124.1;100.9;105.9;119.0;91.2;98.9;119.0;92.2;100.8;50.37386901137226, 3.0855501786094375
2023-2024;09;32;HAUTS-DE-FRANCE;09;LILLE;59;NORD;59481;LE QUESNOY;0595172B;COLLEGE EUGENE THOMAS;public;114.5;36.3;124.1;100.9;105.9;119.0;91.2;98.9;119.0;92.2;100.8;50.24844416685529, 3.645209621701694
2023-2024;09;32;HAUTS-DE-FRANCE;09;LILLE;59;NORD;59606;VALENCIENNES;0595173C;COLLEGE WATTEAU;public;115.7;39.5;124.1;100.9;105.9;119.0;91.2;98.9;119.0;92.2;100.8;
2023-2024;09;32;HAUTS-DE-FRANCE;09;LILLE;59;NORD;59122;CAMBRAI;0595175E;COLLEGE FENELON;public;99.7;33.7;124.1;100.9;105.9;119.0;91.2;98.9;119.0;92.2;100.8;50.17574317799031, 3.2292114647688024
2023-2024;09;32;HAUTS-DE-FRANCE;09;LILLE;59;NORD;59249;FOURMIES;0595177G;COLLEGE CAMILLE CLAUDEL;public;77.1;26.2;124.1;100.9;105.9;119.0;91.2;98.9;119.0;92.2;100.8;50.01066928717324, 4.042290607143839
2023-2024;09;32;HAUTS-DE-FRANCE;09;LILLE;59;NORD;59350;LILLE;0595286A;COLLEGE PRIVE SAINT PAUL;privé sous contrat;153.0;24.7;124.1;100.9;105.9;119.0;91.2;98.9;119.0;92.2;100.8;50.63367071062751, 3.0499598984055405
2023-2024;09;32;HAUTS-DE-FRANCE;09;LILLE;59;NORD;59271;GRANDE SYNTHE;0595388L;COLLEGE PRIVE RENE BONPAIN;privé sous contrat;83.6;30.3;124.1;100.9;105.9;119.0;91.2;98.9;119.0;92.2;100.8;51.01787217536758, 2.3082705004130344
2023-2024;09;32;HAUTS-DE-FRANCE;09;LILLE;59;NORD;59183;DUNKERQUE;0595389M;COLLEGE PRIVE NOTRE DAME DES DUNES;privé sous contrat;125.7;33.7;124.1;100.9;105.9;119.0;91.2;98.9;119.0;92.2;100.8;51.033225295478196, 2.382859747635268
2023-2024;09;32;HAUTS-DE-FRANCE;09;LILLE;59;NORD;59350;LILLE;0595397W;COLLEGE PRIVE THERESE D AVILA;privé sous contrat;135.7;28.3;124.1;100.9;105.9;119.0;91.2;98.9;119.0;92.2;100.8;50.62854044068899, 3.044339359786731
2023-2024;09;32;HAUTS-DE-FRANCE;09;LILLE;59;NORD;59526;SAINT AMAND LES EAUX;0595400Z;COLLEGE PRIVE NOTRE DAME DES ANGES;privé sous contrat;130.7;29.9;124.1;100.9;105.9;119.0;91.2;98.9;119.0;92.2;100.8;50.449108880442374, 3.425189960211995
2023-2024;09;32;HAUTS-DE-FRANCE;09;LILLE;59;NORD;59009;VILLENEUVE D ASCQ;0595404D;COLLEGE PRIVE SAINT ADRIEN LA SALLE;privé sous contrat;143.2;31.4;124.1;100.9;105.9;119.0;91.2;98.9;119.0;92.2;100.8;50.6283189898316, 3.14895941190851
2023-2024;09;32;HAUTS-DE-FRANCE;09;LILLE;59;NORD;59378;MARCQ EN BAROEUL;0595993U;COLLEGE PRIVE JEANNINE MANUEL;privé sous contrat;146.1;19.6;124.1;100.9;105.9;119.0;91.2;98.9;119.0;92.2;100.8;50.690549419752486, 3.121119875573242
2023-2024;09;32;HAUTS-DE-FRANCE;09;LILLE;59;NORD;59286;HAUBOURDIN;0596059R;COLLEGE JULES FERRY;public;100.8;36.2;124.1;100.9;105.9;119.0;91.2;98.9;119.0;92.2;100.8;50.61329692560199, 2.9917401992710855
2023-2024;09;32;HAUTS-DE-FRANCE;09;LILLE;59;NORD;59350;LILLE;0596177U;COLLEGE PRIVE SAINTE CLAIRE;privé sous contrat;108.4;36.2;124.1;100.9;105.9;119.0;91.2;98.9;119.0;92.2;100.8;50.63445759446208, 3.06902154747252
2023-2024;09;32;HAUTS-DE-FRANCE;09;LILLE;59;NORD;59033;AULNOYE AYMERIES;0596694F;COLLEGE FELIX DEL MARLE;public;86.9;29.7;124.1;100.9;105.9;119.0;91.2;98.9;119.0;92.2;100.8;50.19848109922283, 3.834749442751117
2023-2024;09;32;HAUTS-DE-FRANCE;09;LILLE;59;NORD;59599;TOURCOING;0596846W;COLLEGE PRIVE SACRE COEUR SAINT THOMAS;privé sous contrat;117.9;33.5;124.1;100.9;105.9;119.0;91.2;98.9;119.0;92.2;100.8;50.722809187536605, 3.148580063298259
2023-2024;09;32;HAUTS-DE-FRANCE;09;LILLE;62;PAS-DE-CALAIS;62048;AUCHEL;0620021L;COLLEGE SEVIGNE;public;76.0;22.3;124.1;100.9;105.9;119.0;91.2;98.9;119.0;89.8;95.2;50.50657276230646, 2.4645395665443663
2023-2024;09;32;HAUTS-DE-FRANCE;09;LILLE;62;PAS-DE-CALAIS;62108;BERCK;0620036C;COLLEGE JEAN MOULIN;public;85.8;28.7;124.1;100.9;105.9;119.0;91.2;98.9;119.0;89.8;95.2;50.400388718354385, 1.5639800130381238
2023-2024;09;32;HAUTS-DE-FRANCE;09;LILLE;62;PAS-DE-CALAIS;62397;GUINES;0620088J;COLLEGE LES QUATRE VENTS;public;86.3;28.4;124.1;100.9;105.9;119.0;91.2;98.9;119.0;89.8;95.2;50.864755312754816, 1.867720513867491
2023-2024;09;32;HAUTS-DE-FRANCE;09;LILLE;62;PAS-DE-CALAIS;62427;HENIN BEAUMONT;0620096T;COLLEGE JEAN MACE;public;82.4;25.8;124.1;100.9;105.9;119.0;91.2;98.9;119.0;89.8;95.2;50.41155165553044, 2.938790907188865
2023-2024;09;32;HAUTS-DE-FRANCE;09;LILLE;62;PAS-DE-CALAIS;62463;HUCQUELIERS;0620104B;COLLEGE GABRIEL DE LA GORCE;public;93.3;27.7;124.1;100.9;105.9;119.0;91.2;98.9;119.0;89.8;95.2;50.57063043455061, 1.9052804919735513
2023-2024;09;32;HAUTS-DE-FRANCE;09;LILLE;62;PAS-DE-CALAIS;62510;LIEVIN;0620119T;COLLEGE PIERRE ET MARIE CURIE;public;78.0;23.8;124.1;100.9;105.9;119.0;91.2;98.9;119.0;89.8;95.2;50.43556699322092, 2.7557494341030004
2023-2024;09;32;HAUTS-DE-FRANCE;09;LILLE;62;PAS-DE-CALAIS;62473;ISBERGUES;0620136L;COLLEGE MAURICE PIQUET;public;90.1;28.4;124.1;100.9;105.9;119.0;91.2;98.9;119.0;89.8;95.2;50.61322684479989, 2.4582884219253707
2023-2024;09;32;HAUTS-DE-FRANCE;09;LILLE;62;PAS-DE-CALAIS;62771;SALLAUMINES;0620170Y;COLLEGE PAUL LANGEVIN;public;74.7;23.4;124.1;100.9;105.9;119.0;91.2;98.9;119.0;89.8;95.2;50.413317684274226, 2.862969385858147
2023-2024;09;32;HAUTS-DE-FRANCE;09;LILLE;62;PAS-DE-CALAIS;62895;WINGLES;0620180J;COLLEGE LEON BLUM;public;84.2;26.7;124.1;100.9;105.9;119.0;91.2;98.9;119.0;89.8;95.2;50.49557185372062, 2.8643399654717037
2023-2024;09;32;HAUTS-DE-FRANCE;09;LILLE;62;PAS-DE-CALAIS;62126;BEUVRY;0622090K;COLLEGE ALBERT DEBEYRE;public;90.1;32.2;124.1;100.9;105.9;119.0;91.2;98.9;119.0;89.8;95.2;50.51889991403288, 2.6661803974822464
2023-2024;09;32;HAUTS-DE-FRANCE;09;LILLE;62;PAS-DE-CALAIS;62193;CALAIS;0622109F;COLLEGE PRIVE JEANNE D ARC;privé sous contrat;109.8;30.3;124.1;100.9;105.9;119.0;91.2;98.9;119.0;89.8;95.2;50.94370747228479, 1.8527994308888607
2023-2024;09;32;HAUTS-DE-FRANCE;09;LILLE;62;PAS-DE-CALAIS;62498;LENS;0622115M;COLLEGE PRIVE SAINTE IDE;privé sous contrat;116.4;31.0;124.1;100.9;105.9;119.0;91.2;98.9;119.0;89.8;95.2;50.43478627342726, 2.8311300105405945
2023-2024;09;32;HAUTS-DE-FRANCE;09;LILLE;62;PAS-DE-CALAIS;62767;SAINT POL SUR TERNOISE;0622121U;COLLEGE PRIVE SAINT LOUIS;privé sous contrat;111.5;23.1;124.1;100.9;105.9;119.0;91.2;98.9;119.0;89.8;95.2;50.38038661655527, 2.3377303699610135
2023-2024;09;32;HAUTS-DE-FRANCE;09;LILLE;62;PAS-DE-CALAIS;62447;HESDIN;0622139N;COLLEGE PRIVE NOTRE DAME;privé sous contrat;104.6;28.3;124.1;100.9;105.9;119.0;91.2;98.9;119.0;89.8;95.2;50.37340413573063, 2.0358785907462664
2023-2024;09;32;HAUTS-DE-FRANCE;09;LILLE;62;PAS-DE-CALAIS;62534;LUMBRES;0622142S;COLLEGE PRIVE NOTRE DAME;privé sous contrat;106.5;31.0;124.1;100.9;105.9;119.0;91.2;98.9;119.0;89.8;95.2;50.70659507806732, 2.1226204732822183
2023-2024;09;32;HAUTS-DE-FRANCE;09;LILLE;62;PAS-DE-CALAIS;62570;MERICOURT;0622262X;COLLEGE HENRI WALLON;public;82.4;29.0;124.1;100.9;105.9;119.0;91.2;98.9;119.0;89.8;95.2;50.41020311287875, 2.877100390185131
2023-2024;09;32;HAUTS-DE-FRANCE;09;LILLE;62;PAS-DE-CALAIS;62555;MARLES LES MINES;0622272H;COLLEGE EMILE ZOLA;public;85.3;28.7;124.1;100.9;105.9;119.0;91.2;98.9;119.0;89.8;95.2;50.50446731136025, 2.501379879246545
2023-2024;09;32;HAUTS-DE-FRANCE;09;LILLE;62;PAS-DE-CALAIS;62386;GRENAY;0622424Y;COLLEGE LANGEVIN WALLON;public;75.9;23.5;124.1;100.9;105.9;119.0;91.2;98.9;119.0;89.8;95.2;50.45108347226466, 2.7378298991850905
2023-2024;09;32;HAUTS-DE-FRANCE;09;LILLE;62;PAS-DE-CALAIS;62193;CALAIS;0622431F;COLLEGE REPUBLIQUE;public;81.6;28.5;124.1;100.9;105.9;119.0;91.2;98.9;119.0;89.8;95.2;50.951299839408264, 1.8587103081231955
2023-2024;09;32;HAUTS-DE-FRANCE;09;LILLE;62;PAS-DE-CALAIS;62737;SAINS EN GOHELLE;0622578R;COLLEGE JEAN ROSTAND;public;93.1;30.4;124.1;100.9;105.9;119.0;91.2;98.9;119.0;89.8;95.2;50.444295459961204, 2.6823894284960037
2023-2024;09;32;HAUTS-DE-FRANCE;09;LILLE;62;PAS-DE-CALAIS;62767;SAINT POL SUR TERNOISE;0622790W;COLLEGE ROGER SALENGRO;public;90.9;29.5;124.1;100.9;105.9;119.0;91.2;98.9;119.0;89.8;95.2;50.379591320916624, 2.3305972218706037
2023-2024;09;32;HAUTS-DE-FRANCE;09;LILLE;62;PAS-DE-CALAIS;62413;HARNES;0622791X;COLLEGE VICTOR HUGO;public;78.9;25.3;124.1;100.9;105.9;119.0;91.2;98.9;119.0;89.8;95.2;50.45054798315641, 2.901050524240089
2023-2024;09;32;HAUTS-DE-FRANCE;09;LILLE;62;PAS-DE-CALAIS;62516;LILLERS;0622799F;COLLEGE LEO LAGRANGE;public;81.9;27.0;124.1;100.9;105.9;119.0;91.2;98.9;119.0;89.8;95.2;50.567034279137644, 2.4807895586763813
2023-2024;09;32;HAUTS-DE-FRANCE;09;LILLE;62;PAS-DE-CALAIS;62498;LENS;0622868F;COLLEGE JEAN JAURES;public;74.0;21.6;124.1;100.9;105.9;119.0;91.2;98.9;119.0;89.8;95.2;50.440104907023624, 2.7992097018058164
2023-2024;09;32;HAUTS-DE-FRANCE;09;LILLE;62;PAS-DE-CALAIS;62119;BETHUNE;0622947S;COLLEGE GEORGE SAND;public;94.6;34.6;124.1;100.9;105.9;119.0;91.2;98.9;119.0;89.8;95.2;50.529725801612535, 2.645259432715609
2023-2024;09;32;HAUTS-DE-FRANCE;09;LILLE;62;PAS-DE-CALAIS;62773;SAMER;0622950V;COLLEGE LE TRION;public;99.8;32.3;124.1;100.9;105.9;119.0;91.2;98.9;119.0;89.8;95.2;50.6389119378196, 1.7501737392551557
2023-2024;09;32;HAUTS-DE-FRANCE;09;LILLE;62;PAS-DE-CALAIS;62846;VERMELLES;0623022Y;COLLEGE PAUL ELUARD;public;87.7;27.4;124.1;100.9;105.9;119.0;91.2;98.9;119.0;89.8;95.2;50.48562923086735, 2.744179633314748
2023-2024;09;32;HAUTS-DE-FRANCE;09;LILLE;62;PAS-DE-CALAIS;62746;SAINT ETIENNE AU MONT;0623115Z;COLLEGE PAUL ELUARD;public;94.2;31.7;124.1;100.9;105.9;119.0;91.2;98.9;119.0;89.8;95.2;50.67393534528132, 1.631019792325546
2023-2024;09;32;HAUTS-DE-FRANCE;09;LILLE;62;PAS-DE-CALAIS;62193;CALAIS;0623315S;COLLEGE LES DENTELLIERS;public;85.2;30.4;124.1;100.9;105.9;119.0;91.2;98.9;119.0;89.8;95.2;50.941880612712886, 1.8585395899923165
2023-2024;09;32;HAUTS-DE-FRANCE;09;LILLE;62;PAS-DE-CALAIS;62274;DOURGES;0623322Z;COLLEGE ANNE FRANK;public;92.4;31.4;124.1;100.9;105.9;119.0;91.2;98.9;119.0;89.8;95.2;50.42905572095348, 2.9941200896855036
2023-2024;09;32;HAUTS-DE-FRANCE;09;LILLE;62;PAS-DE-CALAIS;62119;BETHUNE;0623569T;COLLEGE PRIVE SAINT VAAST SAINT DOMINIQUE;privé sous contrat;129.8;31.9;124.1;100.9;105.9;119.0;91.2;98.9;119.0;89.8;95.2;50.533703979174014, 2.641879712339206
2023-2024;09;32;HAUTS-DE-FRANCE;09;LILLE;62;PAS-DE-CALAIS;62758;SAINT MARTIN BOULOGNE;0623573X;COLLEGE PRIVE NAZARETH;privé sous contrat;130.9;31.5;124.1;100.9;105.9;119.0;91.2;98.9;119.0;89.8;95.2;50.727305261437465, 1.6255605753803088
2024-2025;09;32;HAUTS-DE-FRANCE;09;LILLE;59;NORD;59459;PETITE FORET;0590007M;COLLEGE PIERRE GILLES DE GENNES;public;92.5;32.0;125.1;100.9;106.1;119.9;91.7;99.5;120.0;92.8;101.7;50.36562803338223, 3.476989834504741
2024-2025;09;32;HAUTS-DE-FRANCE;09;LILLE;59;NORD;59139;CAUDRY;0590046E;COLLEGE JEAN MONNET;public;81.5;27.2;125.1;100.9;106.1;119.9;91.7;99.5;120.0;92.8;101.7;50.126760222561636, 3.4039695542541724
2024-2025;09;32;HAUTS-DE-FRANCE;09;LILLE;59;NORD;59153;CONDE SUR L ESCAUT;0590050J;COLLEGE JOSQUIN DES PRES;public;72.8;25.0;125.1;100.9;106.1;119.9;91.7;99.5;120.0;92.8;101.7;50.4584602905091, 3.585310527359675
2024-2025;09;32;HAUTS-DE-FRANCE;09;LILLE;59;NORD;59157;COUSOLRE;0590055P;COLLEGE ALFRED JENNEPIN;public;91.5;25.8;125.1;100.9;106.1;119.9;91.7;99.5;120.0;92.8;101.7;50.24388496161089, 4.153389475665061
2024-2025;09;32;HAUTS-DE-FRANCE;09;LILLE;59;NORD;59271;GRANDE SYNTHE;0590088A;COLLEGE JULES VERNE;public;75.9;22.9;125.1;100.9;106.1;119.9;91.7;99.5;120.0;92.8;101.7;51.020127902647296, 2.3046996668512616
2024-2025;09;32;HAUTS-DE-FRANCE;09;LILLE;59;NORD;59392;MAUBEUGE;0590151U;COLLEGE ERNEST COUTELLE;public;88.2;31.5;125.1;100.9;106.1;119.9;91.7;99.5;120.0;92.8;101.7;50.27794947812394, 3.971009768841562
2024-2025;09;32;HAUTS-DE-FRANCE;09;LILLE;59;NORD;59447;ONNAING;0590157A;COLLEGE SAINT EXUPERY;public;83.1;26.7;125.1;100.9;106.1;119.9;91.7;99.5;120.0;92.8;101.7;50.38314537455736, 3.582870374959155
2024-2025;09;32;HAUTS-DE-FRANCE;09;LILLE;59;NORD;59572;SOLRE LE CHATEAU;0590206D;COLLEGE DU SOLREZIS;public;95.7;31.1;125.1;100.9;106.1;119.9;91.7;99.5;120.0;92.8;101.7;50.1724226574321, 4.094559853312446
2024-2025;09;32;HAUTS-DE-FRANCE;09;LILLE;59;NORD;59592;THUMERIES;0590211J;COLLEGE ALBERT CAMUS;public;116.7;35.4;125.1;100.9;106.1;119.9;91.7;99.5;120.0;92.8;101.7;50.46975600738184, 3.0699506566329924
2024-2025;09;32;HAUTS-DE-FRANCE;09;LILLE;59;NORD;59599;TOURCOING;0592714E;COLLEGE MENDES FRANCE;public;70.0;24.3;125.1;100.9;106.1;119.9;91.7;99.5;120.0;92.8;101.7;50.736039039559365, 3.1894893121105476
2024-2025;09;32;HAUTS-DE-FRANCE;09;LILLE;59;NORD;59178;DOUAI;0592733A;COLLEGE ANDRE STREINGER;public;83.6;30.8;125.1;100.9;106.1;119.9;91.7;99.5;120.0;92.8;101.7;50.361493240837355, 3.085579742225807
2024-2025;09;32;HAUTS-DE-FRANCE;09;LILLE;59;NORD;59350;LILLE;0592890W;COLLEGE PRIVE SAINT JOSEPH;privé sous contrat;90.1;33.7;125.1;100.9;106.1;119.9;91.7;99.5;120.0;92.8;101.7;50.6163898548658, 3.0256794624564773
2024-2025;09;32;HAUTS-DE-FRANCE;09;LILLE;59;NORD;59512;ROUBAIX;0592917A;COLLEGE PRIVE JEANNE D ARC;privé sous contrat;149.3;26.0;125.1;100.9;106.1;119.9;91.7;99.5;120.0;92.8;101.7;50.678182975936785, 3.167429374984203
2024-2025;09;32;HAUTS-DE-FRANCE;09;LILLE;59;NORD;59178;DOUAI;0592941B;COLLEGE PRIVE DE LA SAINTE UNION;privé sous contrat;112.1;33.4;125.1;100.9;106.1;119.9;91.7;99.5;120.0;92.8;101.7;50.37116804322099, 3.0795797841130095
2024-2025;09;32;HAUTS-DE-FRANCE;09;LILLE;59;NORD;59051;LA BASSEE;0592950L;COLLEGE PRIVE NOTRE DAME;privé sous contrat;120.2;28.8;125.1;100.9;106.1;119.9;91.7;99.5;120.0;92.8;101.7;50.531791012819646, 2.800499988934632
2024-2025;09;32;HAUTS-DE-FRANCE;09;LILLE;59;NORD;59212;ESTAIRES;0593103C;COLLEGE PRIVE SACRE COEUR;privé sous contrat;101.5;28.1;125.1;100.9;106.1;119.9;91.7;99.5;120.0;92.8;101.7;50.646827656982204, 2.719369595601835
2024-2025;09;32;HAUTS-DE-FRANCE;09;LILLE;59;NORD;59155;COUDEKERQUE BRANCHE;0593120W;COLLEGE PRIVE DE LA SALLE;privé sous contrat;101.7;29.1;125.1;100.9;106.1;119.9;91.7;99.5;120.0;92.8;101.7;51.0241851393024, 2.39382998679485
2024-2025;09;32;HAUTS-DE-FRANCE;09;LILLE;59;NORD;59328;LAMBERSART;0593134L;COLLEGE PRIVE DOMINIQUE SAVIO;privé sous contrat;133.9;27.4;125.1;100.9;106.1;119.9;91.7;99.5;120.0;92.8;101.7;50.65255662403136, 3.0230893479435217
2024-2025;09;32;HAUTS-DE-FRANCE;09;LILLE;59;NORD;59183;DUNKERQUE;0593143W;COLLEGE PRIVE SACRE COEUR;privé sous contrat;92.7;28.4;125.1;100.9;106.1;119.9;91.7;99.5;120.0;92.8;101.7;51.029085472290284, 2.34529961810546
2024-2025;09;32;HAUTS-DE-FRANCE;09;LILLE;59;NORD;59599;TOURCOING;0593152F;COLLEGE PRIVE CARDINAL LIENART;privé sous contrat;83.7;27.3;125.1;100.9;106.1;119.9;91.7;99.5;120.0;92.8;101.7;50.728557164837596, 3.1560403988608905
2024-2025;09;32;HAUTS-DE-FRANCE;09;LILLE;59;NORD;59663;WORMHOUT;0593163T;COLLEGE PRIVE SAINTE UNION COEUR DE FLANDRE;privé sous contrat;109.1;29.2;125.1;100.9;106.1;119.9;91.7;99.5;120.0;92.8;101.7;50.87990917737845, 2.4634302799363463
2024-2025;09;32;HAUTS-DE-FRANCE;09;LILLE;59;NORD;59122;CAMBRAI;0593171B;COLLEGE PRIVE SAINT LUC JEANNE D ARC;privé sous contrat;119.8;32.3;125.1;100.9;106.1;119.9;91.7;99.5;120.0;92.8;101.7;50.1675522063398, 3.235499412182975
2024-2025;09;32;HAUTS-DE-FRANCE;09;LILLE;59;NORD;59155;COUDEKERQUE BRANCHE;0593182N;COLLEGE JULES FERRY;public;96.9;31.2;125.1;100.9;106.1;119.9;91.7;99.5;120.0;92.8;101.7;51.0188532063078, 2.3750902211911415
2024-2025;09;32;HAUTS-DE-FRANCE;09;LILLE;59;NORD;59569;SIN LE NOBLE;0593185S;COLLEGE ANATOLE FRANCE;public;74.2;23.6;125.1;100.9;106.1;119.9;91.7;99.5;120.0;92.8;101.7;50.361329331555964, 3.114949443162363
2024-2025;09;32;HAUTS-DE-FRANCE;09;LILLE;59;NORD;59646;WASQUEHAL;0593241C;COLLEGE ALBERT CALMETTE;public;105.5;35.5;125.1;100.9;106.1;119.9;91.7;99.5;120.0;92.8;101.7;50.668835311606735, 3.126159309653126
2024-2025;09;32;HAUTS-DE-FRANCE;09;LILLE;59;NORD;59509;ROOST WARENDIN;0593251N;COLLEGE DOCTEUR ERNEST SCHAFFNER;public;97.4;33.3;125.1;100.9;106.1;119.9;91.7;99.5;120.0;92.8;101.7;50.41353020793823, 3.108330457286914
2024-2025;09;32;HAUTS-DE-FRANCE;09;LILLE;59;NORD;59390;MASNY;0593483R;COLLEGE ROBERT DESNOS;public;89.4;30.8;125.1;100.9;106.1;119.9;91.7;99.5;120.0;92.8;101.7;50.342317608166105, 3.200689310892901
2024-2025;09;32;HAUTS-DE-FRANCE;09;LILLE;59;NORD;59368;LA MADELEINE;0593658F;COLLEGE YVONNE ABBAS;public;95.6;37.9;125.1;100.9;106.1;119.9;91.7;99.5;120.0;92.8;101.7;50.652658361725656, 3.065119524583582
2024-2025;09;32;HAUTS-DE-FRANCE;09;LILLE;59;NORD;59183;DUNKERQUE;0593666P;COLLEGE GASPARD MALO;public;107.6;36.2;125.1;100.9;106.1;119.9;91.7;99.5;120.0;92.8;101.7;51.05153241629934, 2.4234896505024253
2024-2025;09;32;HAUTS-DE-FRANCE;09;LILLE;59;NORD;59092;BOUCHAIN;0593672W;COLLEGE DE L OSTREVANT;public;96.7;33.6;125.1;100.9;106.1;119.9;91.7;99.5;120.0;92.8;101.7;50.28074903042848, 3.306319883127561
2024-2025;09;32;HAUTS-DE-FRANCE;09;LILLE;59;NORD;59032;AULNOY LEZ VALENCIENNES;0593673X;COLLEGE MADAME D EPINAY;public;90.6;32.4;125.1;100.9;106.1;119.9;91.7;99.5;120.0;92.8;101.7;50.32898461946876, 3.5209795152110686
2024-2025;09;32;HAUTS-DE-FRANCE;09;LILLE;59;NORD;59484;QUIEVRECHAIN;0594303G;COLLEGE JEHAN FROISSART;public;78.9;24.1;125.1;100.9;106.1;119.9;91.7;99.5;120.0;92.8;101.7;50.40095515303546, 3.657790588229318
2024-2025;09;32;HAUTS-DE-FRANCE;09;LILLE;59;NORD;59286;HAUBOURDIN;0594386X;COLLEGE LE PARC;public;106.1;34.7;125.1;100.9;106.1;119.9;91.7;99.5;120.0;92.8;101.7;50.61483502539845, 2.976610619776166
2024-2025;09;32;HAUTS-DE-FRANCE;09;LILLE;59;NORD;59650;WATTRELOS;0594392D;COLLEGE PABLO NERUDA;public;89.4;31.3;125.1;100.9;106.1;119.9;91.7;99.5;120.0;92.8;101.7;50.70934262131982, 3.2378495967709715
2024-2025;09;32;HAUTS-DE-FRANCE;09;LILLE;59;NORD;59526;SAINT AMAND LES EAUX;0594411Z;COLLEGE MOULIN BLANC;public;110.7;34.8;125.1;100.9;106.1;119.9;91.7;99.5;120.0;92.8;101.7;50.44207143219327, 3.40937958634235
2024-2025;09;32;HAUTS-DE-FRANCE;09;LILLE;59;NORD;59616;VIEUX CONDE;0594412A;COLLEGE JEAN JAURES;public;83.6;29.6;125.1;100.9;106.1;119.9;91.7;99.5;120.0;92.8;101.7;50.46468284594241, 3.566440487065162
2024-2025;09;32;HAUTS-DE-FRANCE;09;LILLE;59;NORD;59068;BERLAIMONT;0594415D;COLLEGE GILLES DE CHIN;public;96.7;32.7;125.1;100.9;106.1;119.9;91.7;99.5;120.0;92.8;101.7;50.2070353452752, 3.8123904040858796
2024-2025;09;32;HAUTS-DE-FRANCE;09;LILLE;59;NORD;59431;NIEPPE;0594505B;COLLEGE PRIVE SAINT MARTIN;privé sous contrat;120.9;29.0;125.1;100.9;106.1;119.9;91.7;99.5;120.0;92.8;101.7;50.69853262090489, 2.8467205504689828
2024-2025;09;32;HAUTS-DE-FRANCE;09;LILLE;59;NORD;59648;WATTIGNIES;0594524X;COLLEGE JEAN MOULIN;public;79.2;27.6;125.1;100.9;106.1;119.9;91.7;99.5;120.0;92.8;101.7;50.59193523772984, 3.045949585843362
2024-2025;09;32;HAUTS-DE-FRANCE;09;LILLE;59;NORD;59421;MOUVAUX;0594527A;COLLEGE MAXENCE VAN DER MEERSCH;public;100.9;38.6;125.1;100.9;106.1;119.9;91.7;99.5;120.0;92.8;101.7;50.70491642489152, 3.131188745143633
2024-2025;09;32;HAUTS-DE-FRANCE;09;LILLE;59;NORD;59299;HEM;0594632P;COLLEGE RAYMOND DEVOS;public;91.1;35.7;125.1;100.9;106.1;119.9;91.7;99.5;120.0;92.8;101.7;50.661150305771635, 3.187780607305509
2024-2025;09;32;HAUTS-DE-FRANCE;09;LILLE;59;NORD;59094;BOURBOURG;0594640Y;COLLEGE JEAN JAURES;public;83.6;25.8;125.1;100.9;106.1;119.9;91.7;99.5;120.0;92.8;101.7;50.94458059613789, 2.2003199174355488
2024-2025;09;32;HAUTS-DE-FRANCE;09;LILLE;59;NORD;59426;NEUVILLE EN FERRAIN;0594833H;COLLEGE PRIVE SAINT JOSEPH;privé sous contrat;112.8;29.3;125.1;100.9;106.1;119.9;91.7;99.5;120.0;92.8;101.7;50.750649636366525, 3.1550201614689817
2024-2025;09;32;HAUTS-DE-FRANCE;09;LILLE;59;NORD;59135;CASSEL;0594872A;COLLEGE ROBERT LE FRISON;public;104.7;33.6;125.1;100.9;106.1;119.9;91.7;99.5;120.0;92.8;101.7;50.800651058912344, 2.4865096325092093
2024-2025;09;32;HAUTS-DE-FRANCE;09;LILLE;59;NORD;59122;CAMBRAI;0595174D;COLLEGE ROBERT BADINTER;public;94.0;31.1;125.1;100.9;106.1;119.9;91.7;99.5;120.0;92.8;101.7;50.17342677818578, 3.2420900946825157
2024-2025;09;32;HAUTS-DE-FRANCE;09;LILLE;59;NORD;59056;BEAUCAMPS LIGNY;0595360F;COLLEGE PRIVE SAINTE MARIE;privé sous contrat;142.5;28.0;125.1;100.9;106.1;119.9;91.7;99.5;120.0;92.8;101.7;50.60188630055761, 2.918750518757317
2024-2025;09;32;HAUTS-DE-FRANCE;09;LILLE;59;NORD;59090;BONDUES;0595385H;COLLEGE PRIVE LA CROIX BLANCHE;privé sous contrat;144.5;27.1;125.1;100.9;106.1;119.9;91.7;99.5;120.0;92.8;101.7;50.71990834421268, 3.109499868205024
2024-2025;09;32;HAUTS-DE-FRANCE;09;LILLE;59;NORD;59350;LILLE;0595394T;COLLEGE PRIVE NOTRE DAME DE LA PAIX;privé sous contrat;133.5;32.6;125.1;100.9;106.1;119.9;91.7;99.5;120.0;92.8;101.7;
2024-2025;09;32;HAUTS-DE-FRANCE;09;LILLE;59;NORD;59378;MARCQ EN BAROEUL;0595398X;COLLEGE PRIVE DE MARCQ;privé sous contrat;152.2;22.5;125.1;100.9;106.1;119.9;91.7;99.5;120.0;92.8;101.7;50.68036495467745, 3.106810557103804
2024-2025;09;32;HAUTS-DE-FRANCE;09;LILLE;59;NORD;59526;SAINT AMAND LES EAUX;0595400Z;COLLEGE PRIVE NOTRE DAME DES ANGES;privé sous contrat;130.7;30.0;125.1;100.9;106.1;119.9;91.7;99.5;120.0;92.8;101.7;50.449108880442374, 3.425189960211995
2024-2025;09;32;HAUTS-DE-FRANCE;09;LILLE;59;NORD;59571;SOLESMES;0595401A;COLLEGE PRIVE SAINT MICHEL;privé sous contrat;123.9;32.9;125.1;100.9;106.1;119.9;91.7;99.5;120.0;92.8;101.7;50.183902629394524, 3.503680581319679
2024-2025;09;32;HAUTS-DE-FRANCE;09;LILLE;59;NORD;59009;VILLENEUVE D ASCQ;0595404D;COLLEGE PRIVE SAINT ADRIEN LA SALLE;privé sous contrat;144.0;31.1;125.1;100.9;106.1;119.9;91.7;99.5;120.0;92.8;101.7;50.6283189898316, 3.14895941190851
2024-2025;09;32;HAUTS-DE-FRANCE;09;LILLE;59;NORD;59183;DUNKERQUE;0596716E;COLLEGE ARTHUR VAN HECKE;public;85.0;32.4;125.1;100.9;106.1;119.9;91.7;99.5;120.0;92.8;101.7;51.03982924030353, 2.387079848956808
2024-2025;09;32;HAUTS-DE-FRANCE;09;LILLE;59;NORD;59350;LILLE;0597004T;COLLEGE MIRIAM MAKEBA;public;77.5;26.9;125.1;100.9;106.1;119.9;91.7;99.5;120.0;92.8;101.7;50.618361982323066, 3.0641581581824213
2024-2025;09;32;HAUTS-DE-FRANCE;09;LILLE;62;PAS-DE-CALAIS;62108;BERCK;0620036C;COLLEGE JEAN MOULIN;public;86.7;28.7;125.1;100.9;106.1;119.9;91.7;99.5;119.3;90.1;95.5;50.400388718354385, 1.5639800130381238
2024-2025;09;32;HAUTS-DE-FRANCE;09;LILLE;62;PAS-DE-CALAIS;62194;CALONNE RICOUART;0620068M;COLLEGE FREDERIC JOLIOT CURIE;public;84.0;27.3;125.1;100.9;106.1;119.9;91.7;99.5;119.3;90.1;95.5;50.48535248436109, 2.4787500415447026
2024-2025;09;32;HAUTS-DE-FRANCE;09;LILLE;62;PAS-DE-CALAIS;62364;FRUGES;0620085F;COLLEGE JACQUES BREL;public;90.5;29.1;125.1;100.9;106.1;119.9;91.7;99.5;119.3;90.1;95.5;50.516563612667106, 2.1299198395232355
2024-2025;09;32;HAUTS-DE-FRANCE;09;LILLE;62;PAS-DE-CALAIS;62397;GUINES;0620088J;COLLEGE LES QUATRE VENTS;public;88.1;28.9;125.1;100.9;106.1;119.9;91.7;99.5;119.3;90.1;95.5;50.864755312754816, 1.867720513867491
2024-2025;09;32;HAUTS-DE-FRANCE;09;LILLE;62;PAS-DE-CALAIS;62427;HENIN BEAUMONT;0620096T;COLLEGE JEAN MACE;public;82.3;25.8;125.1;100.9;106.1;119.9;91.7;99.5;119.3;90.1;95.5;50.41155165553044, 2.938790907188865
2024-2025;09;32;HAUTS-DE-FRANCE;09;LILLE;62;PAS-DE-CALAIS;62510;LIEVIN;0620119T;COLLEGE PIERRE ET MARIE CURIE;public;79.1;24.2;125.1;100.9;106.1;119.9;91.7;99.5;119.3;90.1;95.5;50.43556699322092, 2.7557494341030004
2024-2025;09;32;HAUTS-DE-FRANCE;09;LILLE;62;PAS-DE-CALAIS;62724;ROUVROY;0620158K;COLLEGE PAUL LANGEVIN;public;84.9;27.3;125.1;100.9;106.1;119.9;91.7;99.5;119.3;90.1;95.5;50.4048482044999, 2.9056856100522213
2024-2025;09;32;HAUTS-DE-FRANCE;09;LILLE;62;PAS-DE-CALAIS;62620;NORRENT FONTES;0620195A;COLLEGE BERNARD CHOCHOY;public;95.4;31.2;125.1;100.9;106.1;119.9;91.7;99.5;119.3;90.1;95.5;50.5853491351186, 2.407876354791568
2024-2025;09;32;HAUTS-DE-FRANCE;09;LILLE;62;PAS-DE-CALAIS;62041;ARRAS;0622082B;COLLEGE MARIE CURIE;public;98.6;37.7;125.1;100.9;106.1;119.9;91.7;99.5;119.3;90.1;95.5;50.28429765775309, 2.784539757112145
2024-2025;09;32;HAUTS-DE-FRANCE;09;LILLE;62;PAS-DE-CALAIS;62865;VITRY EN ARTOIS;0622084D;COLLEGE PABLO NERUDA;public;100.6;30.7;125.1;100.9;106.1;119.9;91.7;99.5;119.3;90.1;95.5;50.32940314377099, 2.9929899978489933
2024-2025;09;32;HAUTS-DE-FRANCE;09;LILLE;62;PAS-DE-CALAIS;62563;MAZINGARBE;0622087G;COLLEGE BLAISE PASCAL;public;79.6;27.1;125.1;100.9;106.1;119.9;91.7;99.5;119.3;90.1;95.5;50.46164187069234, 2.7194599930897345
2024-2025;09;32;HAUTS-DE-FRANCE;09;LILLE;62;PAS-DE-CALAIS;62351;FOUQUIERES LES LENS;0622098U;COLLEGE EMILE ZOLA;public;88.2;28.3;125.1;100.9;106.1;119.9;91.7;99.5;119.3;90.1;95.5;50.4287649601296, 2.918329570093103
2024-2025;09;32;HAUTS-DE-FRANCE;09;LILLE;62;PAS-DE-CALAIS;62765;SAINT OMER;0622119S;COLLEGE PRIVE SAINT BERTIN;privé sous contrat;100.4;32.6;125.1;100.9;106.1;119.9;91.7;99.5;119.3;90.1;95.5;50.74867790656738, 2.2597959069389364
2024-2025;09;32;HAUTS-DE-FRANCE;09;LILLE;62;PAS-DE-CALAIS;62767;SAINT POL SUR TERNOISE;0622121U;COLLEGE PRIVE SAINT LOUIS;privé sous contrat;114.5;29.2;125.1;100.9;106.1;119.9;91.7;99.5;119.3;90.1;95.5;50.38038661655527, 2.3377303699610135
2024-2025;09;32;HAUTS-DE-FRANCE;09;LILLE;62;PAS-DE-CALAIS;62164;BOURLON;0622132F;COLLEGE PRIVE SAINT JOSEPH;privé sous contrat;102.4;28.7;125.1;100.9;106.1;119.9;91.7;99.5;119.3;90.1;95.5;50.17621209808866, 3.1148499800751877
2024-2025;09;32;HAUTS-DE-FRANCE;09;LILLE;62;PAS-DE-CALAIS;62215;CARVIN;0622134H;COLLEGE PRIVE SAINT DRUON;privé sous contrat;124.0;30.5;125.1;100.9;106.1;119.9;91.7;99.5;119.3;90.1;95.5;50.49423564298234, 2.9566696044868994
2024-2025;09;32;HAUTS-DE-FRANCE;09;LILLE;62;PAS-DE-CALAIS;62447;HESDIN;0622139N;COLLEGE PRIVE NOTRE DAME;privé sous contrat;108.7;30.2;125.1;100.9;106.1;119.9;91.7;99.5;119.3;90.1;95.5;50.37340413573063, 2.0358785907462664
2024-2025;09;32;HAUTS-DE-FRANCE;09;LILLE;62;PAS-DE-CALAIS;62491;LAVENTIE;0622140P;COLLEGE PRIVE SAINTE JEANNE D ARC;privé sous contrat;124.9;28.9;125.1;100.9;106.1;119.9;91.7;99.5;119.3;90.1;95.5;50.6276120072444, 2.772460279758551
2024-2025;09;32;HAUTS-DE-FRANCE;09;LILLE;62;PAS-DE-CALAIS;62534;LUMBRES;0622142S;COLLEGE PRIVE NOTRE DAME;privé sous contrat;106.5;30.2;125.1;100.9;106.1;119.9;91.7;99.5;119.3;90.1;95.5;50.70659507806732, 2.1226204732822183
2024-2025;09;32;HAUTS-DE-FRANCE;09;LILLE;62;PAS-DE-CALAIS;62193;CALAIS;0622273J;COLLEGE LUCIEN VADEZ;public;68.9;18.3;125.1;100.9;106.1;119.9;91.7;99.5;119.3;90.1;95.5;50.954987926866636, 1.8989393922124258
2024-2025;09;32;HAUTS-DE-FRANCE;09;LILLE;62;PAS-DE-CALAIS;62587;MONTIGNY EN GOHELLE;0622423X;COLLEGE YOURI GAGARINE;public;77.0;25.2;125.1;100.9;106.1;119.9;91.7;99.5;119.3;90.1;95.5;50.4310641266138, 2.9319693624659204
2024-2025;09;32;HAUTS-DE-FRANCE;09;LILLE;62;PAS-DE-CALAIS;62119;BETHUNE;0622425Z;COLLEGE PAUL VERLAINE;public;85.1;29.2;125.1;100.9;106.1;119.9;91.7;99.5;119.3;90.1;95.5;50.515728942107174, 2.6302301996805917
2024-2025;09;32;HAUTS-DE-FRANCE;09;LILLE;62;PAS-DE-CALAIS;62318;ETAPLES;0622572J;COLLEGE JEAN JAURES;public;83.8;25.3;125.1;100.9;106.1;119.9;91.7;99.5;119.3;90.1;95.5;50.51822811167607, 1.6419865846343977
2024-2025;09;32;HAUTS-DE-FRANCE;09;LILLE;62;PAS-DE-CALAIS;62525;LONGUENESSE;0622575M;COLLEGE BLAISE PASCAL;public;97.5;33.6;125.1;100.9;106.1;119.9;91.7;99.5;119.3;90.1;95.5;50.73867971356185, 2.2561397443597024
2024-2025;09;32;HAUTS-DE-FRANCE;09;LILLE;62;PAS-DE-CALAIS;62737;SAINS EN GOHELLE;0622578R;COLLEGE JEAN ROSTAND;public;93.4;30.5;125.1;100.9;106.1;119.9;91.7;99.5;119.3;90.1;95.5;50.444295459961204, 2.6823894284960037
2024-2025;09;32;HAUTS-DE-FRANCE;09;LILLE;62;PAS-DE-CALAIS;62041;ARRAS;0622789V;COLLEGE CHARLES PEGUY;public;81.8;29.7;125.1;100.9;106.1;119.9;91.7;99.5;119.3;90.1;95.5;50.301286630319076, 2.7505104747791638
2024-2025;09;32;HAUTS-DE-FRANCE;09;LILLE;62;PAS-DE-CALAIS;62826;LE TOUQUET PARIS PLAGE;0622806N;COLLEGE MAXENCE VAN DER MEERSCH;public;105.8;33.4;125.1;100.9;106.1;119.9;91.7;99.5;119.3;90.1;95.5;50.512033350433924, 1.6171993613260043
2024-2025;09;32;HAUTS-DE-FRANCE;09;LILLE;62;PAS-DE-CALAIS;62498;LENS;0622868F;COLLEGE JEAN JAURES;public;73.2;21.8;125.1;100.9;106.1;119.9;91.7;99.5;119.3;90.1;95.5;50.440104907023624, 2.7992097018058164
2024-2025;09;32;HAUTS-DE-FRANCE;09;LILLE;62;PAS-DE-CALAIS;62119;BETHUNE;0622947S;COLLEGE GEORGE SAND;public;96.0;35.4;125.1;100.9;106.1;119.9;91.7;99.5;119.3;90.1;95.5;50.529725801612535, 2.645259432715609
2024-2025;09;32;HAUTS-DE-FRANCE;09;LILLE;62;PAS-DE-CALAIS;62773;SAMER;0622950V;COLLEGE LE TRION;public;100.2;32.2;125.1;100.9;106.1;119.9;91.7;99.5;119.3;90.1;95.5;50.6389119378196, 1.7501737392551557
2024-2025;09;32;HAUTS-DE-FRANCE;09;LILLE;62;PAS-DE-CALAIS;62746;SAINT ETIENNE AU MONT;0623115Z;COLLEGE PAUL ELUARD;public;93.3;29.8;125.1;100.9;106.1;119.9;91.7;99.5;119.3;90.1;95.5;50.67393534528132, 1.631019792325546
2024-2025;09;32;HAUTS-DE-FRANCE;09;LILLE;62;PAS-DE-CALAIS;62041;ARRAS;0623310L;COLLEGE GAMBETTA;public;97.0;37.4;125.1;100.9;106.1;119.9;91.7;99.5;119.3;90.1;95.5;50.28838885743881, 2.7762496929984435
2024-2025;09;32;HAUTS-DE-FRANCE;09;LILLE;62;PAS-DE-CALAIS;62516;LILLERS;0623312N;COLLEGE RENE CASSIN;public;90.1;29.3;125.1;100.9;106.1;119.9;91.7;99.5;119.3;90.1;95.5;50.55895892470479, 2.471610200879648
2024-2025;09;32;HAUTS-DE-FRANCE;09;LILLE;62;PAS-DE-CALAIS;62193;CALAIS;0623315S;COLLEGE LES DENTELLIERS;public;84.5;30.7;125.1;100.9;106.1;119.9;91.7;99.5;119.3;90.1;95.5;50.941880612712886, 1.8585395899923165
2024-2025;09;32;HAUTS-DE-FRANCE;09;LILLE;62;PAS-DE-CALAIS;62193;CALAIS;0623570U;COLLEGE PRIVE SAINT PIERRE;privé sous contrat;120.3;33.9;125.1;100.9;106.1;119.9;91.7;99.5;119.3;90.1;95.5;50.94496373289567, 1.8583213564747443
2024-2025;09;32;HAUTS-DE-FRANCE;09;LILLE;62;PAS-DE-CALAIS;62758;SAINT MARTIN BOULOGNE;0623573X;COLLEGE PRIVE NAZARETH;privé sous contrat;129.9;31.6;125.1;100.9;106.1;119.9;91.7;99.5;119.3;90.1;95.5;50.727305261437465, 1.6255605753803088
2024-2025;09;32;HAUTS-DE-FRANCE;09;LILLE;62;PAS-DE-CALAIS;62193;CALAIS;0623918X;COLLEGE MARTIN LUTHER KING;public;73.9;22.1;125.1;100.9;106.1;119.9;91.7;99.5;119.3;90.1;95.5;50.954023876546394, 1.8869197286561832
2025-2026;09;32;HAUTS-DE-FRANCE;09;LILLE;59;NORD;59008;ANICHE;0590002G;COLLEGE THEODORE MONOD;public;81.6;24.9;125.5;100.8;106.2;120.6;91.9;99.8;120.8;93.0;102.0;50.33181566173207, 3.247760687010971
2025-2026;09;32;HAUTS-DE-FRANCE;09;LILLE;59;NORD;59014;ANZIN;0590006L;COLLEGE LES ROCHAMBELLES;public;74.2;22.7;125.5;100.8;106.2;120.6;91.9;99.8;120.8;93.0;102.0;50.37346121465078, 3.5010114530765613
2025-2026;09;32;HAUTS-DE-FRANCE;09;LILLE;59;NORD;59157;COUSOLRE;0590055P;COLLEGE ALFRED JENNEPIN;public;90.4;26.5;125.5;100.8;106.2;120.6;91.9;99.8;120.8;93.0;102.0;50.24388496161089, 4.153389475665061
2025-2026;09;32;HAUTS-DE-FRANCE;09;LILLE;59;NORD;59172;DENAIN;0590062X;COLLEGE VILLARS;public;74.9;24.5;125.5;100.8;106.2;120.6;91.9;99.8;120.8;93.0;102.0;50.32378660944312, 3.393452134939878
2025-2026;09;32;HAUTS-DE-FRANCE;09;LILLE;59;NORD;59178;DOUAI;0590068D;COLLEGE JULES FERRY;public;87.4;29.7;125.5;100.8;106.2;120.6;91.9;99.8;120.8;93.0;102.0;50.38175061469219, 3.0610115023258024
2025-2026;09;32;HAUTS-DE-FRANCE;09;LILLE;59;NORD;59271;GRANDE SYNTHE;0590088A;COLLEGE JULES VERNE;public;77.3;22.9;125.5;100.8;106.2;120.6;91.9;99.8;120.8;93.0;102.0;51.020127902647296, 2.3046996668512616
2025-2026;09;32;HAUTS-DE-FRANCE;09;LILLE;59;NORD;59295;HAZEBROUCK;0590103S;COLLEGE FERNANDE BENOIST;public;92.4;28.5;125.5;100.8;106.2;120.6;91.9;99.8;120.8;93.0;102.0;50.717482139224366, 2.529540189704659
2025-2026;09;32;HAUTS-DE-FRANCE;09;LILLE;59;NORD;59324;JEUMONT;0590109Y;COLLEGE EUGENE THOMAS;public;72.0;25.6;125.5;100.8;106.2;120.6;91.9;99.8;120.8;93.0;102.0;50.29370361793669, 4.105252364889303
2025-2026;09;32;HAUTS-DE-FRANCE;09;LILLE;59;NORD;59183;DUNKERQUE;0590179Z;COLLEGE PAUL MACHY;public;105.4;38.4;125.5;100.8;106.2;120.6;91.9;99.8;120.8;93.0;102.0;51.03944431720388, 2.4071702281218306
2025-2026;09;32;HAUTS-DE-FRANCE;09;LILLE;59;NORD;59512;ROUBAIX;0590183D;COLLEGE MADAME DE SEVIGNE;public;67.2;20.8;125.5;100.8;106.2;120.6;91.9;99.8;120.8;93.0;102.0;50.693177620016684, 3.164919554423088
2025-2026;09;32;HAUTS-DE-FRANCE;09;LILLE;59;NORD;59205;ESCAUDAIN;0592751V;COLLEGE FELICIEN JOLY;public;82.0;25.2;125.5;100.8;106.2;120.6;91.9;99.8;120.8;93.0;102.0;50.33786460186301, 3.3574295054584917
2025-2026;09;32;HAUTS-DE-FRANCE;09;LILLE;59;NORD;59220;FACHES THUMESNIL;0592830F;COLLEGE JEAN ZAY;public;88.4;31.6;125.5;100.8;106.2;120.6;91.9;99.8;120.8;93.0;102.0;50.60722395909997, 3.063599555138808
2025-2026;09;32;HAUTS-DE-FRANCE;09;LILLE;59;NORD;59352;LINSELLES;0592895B;COLLEGE PRIVE SAINTE MARIE;privé sous contrat;131.5;29.3;125.5;100.8;106.2;120.6;91.9;99.8;120.8;93.0;102.0;50.73996706399982, 3.0778406675862393
2025-2026;09;32;HAUTS-DE-FRANCE;09;LILLE;59;NORD;59449;ORCHIES;0592900G;COLLEGE PRIVE NOTRE DAME DE LA PROVIDENCE;privé sous contrat;133.5;29.5;125.5;100.8;106.2;120.6;91.9;99.8;120.8;93.0;102.0;50.47822033632278, 3.2432897541631776
2025-2026;09;32;HAUTS-DE-FRANCE;09;LILLE;59;NORD;59527;SAINT ANDRE LEZ LILLE;0592911U;COLLEGE PRIVE SAINT JOSEPH;privé sous contrat;109.2;31.2;125.5;100.8;106.2;120.6;91.9;99.8;120.8;93.0;102.0;50.662617705826136, 3.0537598214329
2025-2026;09;32;HAUTS-DE-FRANCE;09;LILLE;59;NORD;59512;ROUBAIX;0592917A;COLLEGE PRIVE JEANNE D ARC;privé sous contrat;149.2;26.0;125.5;100.8;106.2;120.6;91.9;99.8;120.8;93.0;102.0;50.678182975936785, 3.167429374984203
2025-2026;09;32;HAUTS-DE-FRANCE;09;LILLE;59;NORD;59350;LILLE;0593131H;COLLEGE PRIVE SAINT JOSEPH;privé sous contrat;104.9;33.8;125.5;100.8;106.2;120.6;91.9;99.8;120.8;93.0;102.0;50.62928989778109, 3.107342498302463
2025-2026;09;32;HAUTS-DE-FRANCE;09;LILLE;59;NORD;59559;SEBOURG;0593144X;COLLEGE PRIVE SAINTE ANNE;privé sous contrat;122.9;34.1;125.5;100.8;106.2;120.6;91.9;99.8;120.8;93.0;102.0;50.3441221086375, 3.643660302490088
2025-2026;09;32;HAUTS-DE-FRANCE;09;LILLE;59;NORD;59647;WATTEN;0593159N;COLLEGE PRIVE SACRE COEUR;privé sous contrat;107.6;29.1;125.5;100.8;106.2;120.6;91.9;99.8;120.8;93.0;102.0;50.83391331367516, 2.2106302829503464
2025-2026;09;32;HAUTS-DE-FRANCE;09;LILLE;59;NORD;59350;LILLE;0593168Y;COLLEGE INTERNATIONAL CARNOT;public;127.4;44.5;125.5;100.8;106.2;120.6;91.9;99.8;120.8;93.0;102.0;50.63974827214583, 3.066700292621803
2025-2026;09;32;HAUTS-DE-FRANCE;09;LILLE;59;NORD;59131;CAPPELLE LA GRANDE;0593181M;COLLEGE MAXENCE VAN DER MEERSCH;public;86.5;24.3;125.5;100.8;106.2;120.6;91.9;99.8;120.8;93.0;102.0;50.99827512811122, 2.3588498284131214
2025-2026;09;32;HAUTS-DE-FRANCE;09;LILLE;59;NORD;59569;SIN LE NOBLE;0593185S;COLLEGE ANATOLE FRANCE;public;76.4;24.5;125.5;100.8;106.2;120.6;91.9;99.8;120.8;93.0;102.0;50.361329331555964, 3.114949443162363
2025-2026;09;32;HAUTS-DE-FRANCE;09;LILLE;59;NORD;59527;SAINT ANDRE LEZ LILLE;0593228N;COLLEGE JEAN MOULIN;public;112.8;38.3;125.5;100.8;106.2;120.6;91.9;99.8;120.8;93.0;102.0;50.65850679010164, 3.0493535637918514
2025-2026;09;32;HAUTS-DE-FRANCE;09;LILLE;59;NORD;59017;ARMENTIERES;0593246H;COLLEGE DESROUSSEAUX;public;86.4;28.7;125.5;100.8;106.2;120.6;91.9;99.8;120.8;93.0;102.0;50.68857024739166, 2.89093017010974
2025-2026;09;32;HAUTS-DE-FRANCE;09;LILLE;59;NORD;59067;BERGUES;0593479L;COLLEGE WENCESLAS COBERGHER;public;101.7;30.3;125.5;100.8;106.2;120.6;91.9;99.8;120.8;93.0;102.0;50.96659100576805, 2.4322903561075293
2025-2026;09;32;HAUTS-DE-FRANCE;09;LILLE;59;NORD;59253;FRESNES SUR ESCAUT;0593486U;COLLEGE FELICIEN JOLY;public;77.6;24.3;125.5;100.8;106.2;120.6;91.9;99.8;120.8;93.0;102.0;50.43703364705557, 3.571800073022058
2025-2026;09;32;HAUTS-DE-FRANCE;09;LILLE;59;NORD;59053;BAVAY;0593490Y;COLLEGE JEAN LEMAIRE DE BELGES;public;107.7;33.4;125.5;100.8;106.2;120.6;91.9;99.8;120.8;93.0;102.0;50.29514389909433, 3.8026802795568
2025-2026;09;32;HAUTS-DE-FRANCE;09;LILLE;59;NORD;59560;SECLIN;0593662K;COLLEGE JEAN DEMAILLY;public;93.2;34.6;125.5;100.8;106.2;120.6;91.9;99.8;120.8;93.0;102.0;50.54374997635936, 3.0148797683903457
2025-2026;09;32;HAUTS-DE-FRANCE;09;LILLE;59;NORD;59032;AULNOY LEZ VALENCIENNES;0593673X;COLLEGE MADAME D EPINAY;public;92.5;31.7;125.5;100.8;106.2;120.6;91.9;99.8;120.8;93.0;102.0;50.32898461946876, 3.5209795152110686
2025-2026;09;32;HAUTS-DE-FRANCE;09;LILLE;59;NORD;59580;STEENVOORDE;0593992U;COLLEGE ANTOINE DE SAINT EXUPERY;public;110.3;34.7;125.5;100.8;106.2;120.6;91.9;99.8;120.8;93.0;102.0;50.80848584339924, 2.5891693415535046
2025-2026;09;32;HAUTS-DE-FRANCE;09;LILLE;59;NORD;59225;FEIGNIES;0594168K;COLLEGE JEAN ZAY;public;85.7;29.5;125.5;100.8;106.2;120.6;91.9;99.8;120.8;93.0;102.0;50.29266344220489, 3.9204097660583948
2025-2026;09;32;HAUTS-DE-FRANCE;09;LILLE;59;NORD;59350;LILLE;0594288R;COLLEGE LOUISE MICHEL;public;65.3;18.4;125.5;100.8;106.2;120.6;91.9;99.8;120.8;93.0;102.0;50.60615198731221, 3.0462601560354328
2025-2026;09;32;HAUTS-DE-FRANCE;09;LILLE;59;NORD;59155;COUDEKERQUE BRANCHE;0594295Y;COLLEGE DU WESTHOEK;public;89.1;28.9;125.5;100.8;106.2;120.6;91.9;99.8;120.8;93.0;102.0;51.02950774638383, 2.40210989744275
2025-2026;09;32;HAUTS-DE-FRANCE;09;LILLE;59;NORD;59172;DENAIN;0594299C;COLLEGE TURGOT;public;70.0;22.4;125.5;100.8;106.2;120.6;91.9;99.8;120.8;93.0;102.0;50.33072586542027, 3.3954403591508777
2025-2026;09;32;HAUTS-DE-FRANCE;09;LILLE;59;NORD;59079;BEUVRAGES;0594301E;COLLEGE PAUL ELUARD;public;75.4;26.4;125.5;100.8;106.2;120.6;91.9;99.8;120.8;93.0;102.0;50.38544700442605, 3.500880459857708
2025-2026;09;32;HAUTS-DE-FRANCE;09;LILLE;59;NORD;59601;TRELON;0594308M;COLLEGE DENIS SAURAT;public;86.1;27.5;125.5;100.8;106.2;120.6;91.9;99.8;120.8;93.0;102.0;50.05729880556586, 4.111670619563331
2025-2026;09;32;HAUTS-DE-FRANCE;09;LILLE;59;NORD;59291;HAUTMONT;0594309N;COLLEGE PIERRE DE RONSARD;public;74.3;22.8;125.5;100.8;106.2;120.6;91.9;99.8;120.8;93.0;102.0;50.253684615272356, 3.901209519412997
2025-2026;09;32;HAUTS-DE-FRANCE;09;LILLE;59;NORD;59392;MAUBEUGE;0594362W;COLLEGE VAUBAN;public;66.3;19.6;125.5;100.8;106.2;120.6;91.9;99.8;120.8;93.0;102.0;50.274459245680944, 3.941730398498145
2025-2026;09;32;HAUTS-DE-FRANCE;09;LILLE;59;NORD;59286;HAUBOURDIN;0594386X;COLLEGE LE PARC;public;102.3;33.2;125.5;100.8;106.2;120.6;91.9;99.8;120.8;93.0;102.0;50.61483502539845, 2.976610619776166
2025-2026;09;32;HAUTS-DE-FRANCE;09;LILLE;59;NORD;59512;ROUBAIX;0594389A;COLLEGE ANNE FRANK;public;66.2;19.8;125.5;100.8;106.2;120.6;91.9;99.8;120.8;93.0;102.0;50.6940448027289, 3.1758006508446877
2025-2026;09;32;HAUTS-DE-FRANCE;09;LILLE;59;NORD;59650;WATTRELOS;0594392D;COLLEGE PABLO NERUDA;public;90.2;31.5;125.5;100.8;106.2;120.6;91.9;99.8;120.8;93.0;102.0;50.70934262131982, 3.2378495967709715
2025-2026;09;32;HAUTS-DE-FRANCE;09;LILLE;59;NORD;59017;ARMENTIERES;0594397J;COLLEGE JEAN ROSTAND;public;82.3;27.6;125.5;100.8;106.2;120.6;91.9;99.8;120.8;93.0;102.0;50.68779925676303, 2.866820491853828
2025-2026;09;32;HAUTS-DE-FRANCE;09;LILLE;59;NORD;59015;ARLEUX;0594401N;COLLEGE VAL DE LA SENSEE;public;103.4;34.0;125.5;100.8;106.2;120.6;91.9;99.8;120.8;93.0;102.0;50.28398626566773, 3.0993299444221893
2025-2026;09;32;HAUTS-DE-FRANCE;09;LILLE;59;NORD;59491;RAISMES;0594408W;COLLEGE GERMINAL;public;75.1;21.4;125.5;100.8;106.2;120.6;91.9;99.8;120.8;93.0;102.0;50.3955694812591, 3.4816293075127525
2025-2026;09;32;HAUTS-DE-FRANCE;09;LILLE;59;NORD;59068;BERLAIMONT;0594415D;COLLEGE GILLES DE CHIN;public;94.8;32.4;125.5;100.8;106.2;120.6;91.9;99.8;120.8;93.0;102.0;50.2070353452752, 3.8123904040858796
2025-2026;09;32;HAUTS-DE-FRANCE;09;LILLE;59;NORD;59324;JEUMONT;0594418G;COLLEGE CHARLES DE GAULLE;public;76.4;25.2;125.5;100.8;106.2;120.6;91.9;99.8;120.8;93.0;102.0;50.3030779347669, 4.090250109750892
2025-2026;09;32;HAUTS-DE-FRANCE;09;LILLE;59;NORD;59525;SAINS DU NORD;0594538M;COLLEGE JEAN ROSTAND;public;86.6;28.2;125.5;100.8;106.2;120.6;91.9;99.8;120.8;93.0;102.0;50.095158322880415, 4.006865513112936
2025-2026;09;32;HAUTS-DE-FRANCE;09;LILLE;59;NORD;59043;BAILLEUL;0594636U;COLLEGE MAXIME DEYTS;public;99.7;33.6;125.5;100.8;106.2;120.6;91.9;99.8;120.8;93.0;102.0;50.74278770807799, 2.736630496038372
2025-2026;09;32;HAUTS-DE-FRANCE;09;LILLE;59;NORD;59589;THIANT;0594645D;COLLEGE JEAN JACQUES ROUSSEAU;public;98.5;34.4;125.5;100.8;106.2;120.6;91.9;99.8;120.8;93.0;102.0;50.30456341813654, 3.459229398720995
2025-2026;09;32;HAUTS-DE-FRANCE;09;LILLE;59;NORD;59571;SOLESMES;0594648G;COLLEGE ANTOINE DE SAINT EXUPERY;public;96.8;32.9;125.5;100.8;106.2;120.6;91.9;99.8;120.8;93.0;102.0;50.19206460229412, 3.497060079399007
2025-2026;09;32;HAUTS-DE-FRANCE;09;LILLE;59;NORD;59647;WATTEN;0594650J;COLLEGE JACQUES PREVERT;public;93.3;30.4;125.5;100.8;106.2;120.6;91.9;99.8;120.8;93.0;102.0;50.838715852774484, 2.2165805925832007
2025-2026;09;32;HAUTS-DE-FRANCE;09;LILLE;59;NORD;59426;NEUVILLE EN FERRAIN;0594833H;COLLEGE PRIVE SAINT JOSEPH;privé sous contrat;114.0;29.4;125.5;100.8;106.2;120.6;91.9;99.8;120.8;93.0;102.0;50.750649636366525, 3.1550201614689817
2025-2026;09;32;HAUTS-DE-FRANCE;09;LILLE;59;NORD;59249;FOURMIES;0594879H;COLLEGE JOLIOT CURIE;public;84.3;29.5;125.5;100.8;106.2;120.6;91.9;99.8;120.8;93.0;102.0;50.01822260004242, 4.06094930878839
2025-2026;09;32;HAUTS-DE-FRANCE;09;LILLE;59;NORD;59350;LILLE;0594881K;COLLEGE MARTHA DESRUMAUX;public;86.5;35.6;125.5;100.8;106.2;120.6;91.9;99.8;120.8;93.0;102.0;50.63901029289493, 3.084840391287406
2025-2026;09;32;HAUTS-DE-FRANCE;09;LILLE;59;NORD;59266;GONDECOURT;0595166V;COLLEGE HERGE;public;124.1;35.3;125.5;100.8;106.2;120.6;91.9;99.8;120.8;93.0;102.0;50.54306193496924, 2.9760594502681053
2025-2026;09;32;HAUTS-DE-FRANCE;09;LILLE;59;NORD;59178;DOUAI;0595171A;COLLEGE ALBERT CHATELET;public;106.3;42.0;125.5;100.8;106.2;120.6;91.9;99.8;120.8;93.0;102.0;50.37386901137226, 3.0855501786094375
2025-2026;09;32;HAUTS-DE-FRANCE;09;LILLE;59;NORD;59139;CAUDRY;0595277R;COLLEGE JACQUES PREVERT;public;80.0;28.3;125.5;100.8;106.2;120.6;91.9;99.8;120.8;93.0;102.0;50.12524217659558, 3.421170555940896
2025-2026;09;32;HAUTS-DE-FRANCE;09;LILLE;59;NORD;59036;AVESNES SUR HELPE;0595384G;COLLEGE PRIVE SAINTE THERESE;privé sous contrat;111.0;30.9;125.5;100.8;106.2;120.6;91.9;99.8;120.8;93.0;102.0;50.12256401280106, 3.932669364855354
2025-2026;09;32;HAUTS-DE-FRANCE;09;LILLE;59;NORD;59090;BONDUES;0595385H;COLLEGE PRIVE LA CROIX BLANCHE;privé sous contrat;145.6;26.7;125.5;100.8;106.2;120.6;91.9;99.8;120.8;93.0;102.0;50.71990834421268, 3.109499868205024
2025-2026;09;32;HAUTS-DE-FRANCE;09;LILLE;59;NORD;59271;GRANDE SYNTHE;0595388L;COLLEGE PRIVE RENE BONPAIN;privé sous contrat;85.5;30.1;125.5;100.8;106.2;120.6;91.9;99.8;120.8;93.0;102.0;51.01787217536758, 2.3082705004130344
2025-2026;09;32;HAUTS-DE-FRANCE;09;LILLE;59;NORD;59328;LAMBERSART;0595393S;COLLEGE PRIVE SAINTE ODILE;privé sous contrat;130.8;34.9;125.5;100.8;106.2;120.6;91.9;99.8;120.8;93.0;102.0;50.63828239435873, 3.027519556262603
2025-2026;09;32;HAUTS-DE-FRANCE;09;LILLE;59;NORD;59392;MAUBEUGE;0595399Y;COLLEGE PRIVE NOTRE DAME DE GRACE;privé sous contrat;107.9;33.1;125.5;100.8;106.2;120.6;91.9;99.8;120.8;93.0;102.0;50.276791021567234, 3.9759099873260664
2025-2026;09;32;HAUTS-DE-FRANCE;09;LILLE;59;NORD;59009;VILLENEUVE D ASCQ;0595404D;COLLEGE PRIVE SAINT ADRIEN LA SALLE;privé sous contrat;145.5;29.7;125.5;100.8;106.2;120.6;91.9;99.8;120.8;93.0;102.0;50.6283189898316, 3.14895941190851
2025-2026;09;32;HAUTS-DE-FRANCE;09;LILLE;59;NORD;59162;CROCHTE;0595595L;COLLEGE DU LOOWEG;public;95.9;28.6;125.5;100.8;106.2;120.6;91.9;99.8;120.8;93.0;102.0;50.93290859933239, 2.3862994981216272
2025-2026;09;32;HAUTS-DE-FRANCE;09;LILLE;59;NORD;59359;LOON PLAGE;0595596M;COLLEGE JEAN ROSTAND;public;89.0;25.7;125.5;100.8;106.2;120.6;91.9;99.8;120.8;93.0;102.0;50.99319077559097, 2.225009650069569
2025-2026;09;32;HAUTS-DE-FRANCE;09;LILLE;59;NORD;59271;GRANDE SYNTHE;0595782P;COLLEGE DU MOULIN;public;74.5;24.5;125.5;100.8;106.2;120.6;91.9;99.8;120.8;93.0;102.0;51.01131527401728, 2.3041700698011334
2025-2026;09;32;HAUTS-DE-FRANCE;09;LILLE;59;NORD;59286;HAUBOURDIN;0596059R;COLLEGE JULES FERRY;public;103.7;36.2;125.5;100.8;106.2;120.6;91.9;99.8;120.8;93.0;102.0;50.61329692560199, 2.9917401992710855
2025-2026;09;32;HAUTS-DE-FRANCE;09;LILLE;59;NORD;59250;FOURNES EN WEPPES;0596801X;COLLEGE PRIVE RESSOURCES SAINT JACQUES;privé sous contrat;98.5;30.3;125.5;100.8;106.2;120.6;91.9;99.8;120.8;93.0;102.0;50.58415844297129, 2.889789335618925
2025-2026;09;32;HAUTS-DE-FRANCE;09;LILLE;59;NORD;59599;TOURCOING;0596860L;COLLEGE LUCIE AUBRAC;public;76.4;22.4;125.5;100.8;106.2;120.6;91.9;99.8;120.8;93.0;102.0;50.73096722790286, 3.1303902796289336
2025-2026;09;32;HAUTS-DE-FRANCE;09;LILLE;59;NORD;59129;CAPPELLE EN PEVELE;0596873A;COLLEGE SIMONE VEIL;public;131.6;33.6;125.5;100.8;106.2;120.6;91.9;99.8;120.8;93.0;102.0;50.51335728894572, 3.1655495272417715
2025-2026;09;32;HAUTS-DE-FRANCE;09;LILLE;59;NORD;59574;SOMAIN;0597055Y;COLLEGE PRIVE NOTRE DAME DE LA RENAISSANCE;privé sous contrat;113.9;31.2;125.5;100.8;106.2;120.6;91.9;99.8;120.8;93.0;102.0;50.366373104098535, 3.2775488859707402
2025-2026;09;32;HAUTS-DE-FRANCE;09;LILLE;62;PAS-DE-CALAIS;62038;ARDRES;0620004T;COLLEGE DE L EUROPE;public;96.8;31.1;125.5;100.8;106.2;120.6;91.9;99.8;120.0;90.2;95.8;50.85129259607474, 1.9758702718799537
2025-2026;09;32;HAUTS-DE-FRANCE;09;LILLE;62;PAS-DE-CALAIS;62263;DAINVILLE;0620014D;COLLEGE DENIS DIDEROT;public;96.2;33.9;125.5;100.8;106.2;120.6;91.9;99.8;120.0;90.2;95.8;50.291402801437386, 2.7308006576561676
2025-2026;09;32;HAUTS-DE-FRANCE;09;LILLE;62;PAS-DE-CALAIS;62048;AUCHEL;0620021L;COLLEGE SEVIGNE;public;77.2;23.4;125.5;100.8;106.2;120.6;91.9;99.8;120.0;90.2;95.8;50.50657276230646, 2.4645395665443663
2025-2026;09;32;HAUTS-DE-FRANCE;09;LILLE;62;PAS-DE-CALAIS;62060;AUXI LE CHATEAU;0620025R;COLLEGE DU VAL D AUTHIE;public;89.8;31.7;125.5;100.8;106.2;120.6;91.9;99.8;120.0;90.2;95.8;50.22910948306126, 2.106420297563793
2025-2026;09;32;HAUTS-DE-FRANCE;09;LILLE;62;PAS-DE-CALAIS;62194;CALONNE RICOUART;0620068M;COLLEGE FREDERIC JOLIOT CURIE;public;82.8;26.3;125.5;100.8;106.2;120.6;91.9;99.8;120.0;90.2;95.8;50.48535248436109, 2.4787500415447026
2025-2026;09;32;HAUTS-DE-FRANCE;09;LILLE;62;PAS-DE-CALAIS;62443;HERSIN COUPIGNY;0620097U;COLLEGE ROMAIN ROLLAND;public;93.4;29.0;125.5;100.8;106.2;120.6;91.9;99.8;120.0;90.2;95.8;50.44641614050594, 2.6433404163683143
2025-2026;09;32;HAUTS-DE-FRANCE;09;LILLE;62;PAS-DE-CALAIS;62510;LIEVIN;0620119T;COLLEGE PIERRE ET MARIE CURIE;public;80.2;23.8;125.5;100.8;106.2;120.6;91.9;99.8;120.0;90.2;95.8;50.43556699322092, 2.7557494341030004
2025-2026;09;32;HAUTS-DE-FRANCE;09;LILLE;62;PAS-DE-CALAIS;62765;SAINT OMER;0620165T;COLLEGE DE L ESPLANADE;public;95.6;31.2;125.5;100.8;106.2;120.6;91.9;99.8;120.0;90.2;95.8;50.75259992362606, 2.2467630129949914
2025-2026;09;32;HAUTS-DE-FRANCE;09;LILLE;62;PAS-DE-CALAIS;62186;BULLY LES MINES;0620197C;COLLEGE ANITA CONTI;public;93.5;30.2;125.5;100.8;106.2;120.6;91.9;99.8;120.0;90.2;95.8;50.43669738917831, 2.724259575121028
2025-2026;09;32;HAUTS-DE-FRANCE;09;LILLE;62;PAS-DE-CALAIS;62160;BOULOGNE SUR MER;0620199E;COLLEGE PIERRE DAUNOU;public;88.1;33.3;125.5;100.8;106.2;120.6;91.9;99.8;120.0;90.2;95.8;50.718521027312086, 1.6098101033211176
2025-2026;09;32;HAUTS-DE-FRANCE;09;LILLE;62;PAS-DE-CALAIS;62510;LIEVIN;0620219B;COLLEGE DANIELLE DARRAS RIAUMONT;public;77.2;25.4;125.5;100.8;106.2;120.6;91.9;99.8;120.0;90.2;95.8;50.4190876704708, 2.785595426768926
2025-2026;09;32;HAUTS-DE-FRANCE;09;LILLE;62;PAS-DE-CALAIS;62351;FOUQUIERES LES LENS;0622098U;COLLEGE EMILE ZOLA;public;86.9;27.7;125.5;100.8;106.2;120.6;91.9;99.8;120.0;90.2;95.8;50.4287649601296, 2.918329570093103
2025-2026;09;32;HAUTS-DE-FRANCE;09;LILLE;62;PAS-DE-CALAIS;62498;LENS;0622115M;COLLEGE PRIVE SAINTE IDE;privé sous contrat;116.7;30.8;125.5;100.8;106.2;120.6;91.9;99.8;120.0;90.2;95.8;50.43478627342726, 2.8311300105405945
2025-2026;09;32;HAUTS-DE-FRANCE;09;LILLE;62;PAS-DE-CALAIS;62037;ANZIN SAINT AUBIN;0622125Y;COLLEGE PRIVE LES LOUEZ DIEU;privé sous contrat;135.1;29.5;125.5;100.8;106.2;120.6;91.9;99.8;120.0;90.2;95.8;50.31376101578666, 2.753930423050152
2025-2026;09;32;HAUTS-DE-FRANCE;09;LILLE;62;PAS-DE-CALAIS;62108;BERCK;0622128B;COLLEGE PRIVE NOTRE DAME;privé sous contrat;110.7;27.1;125.5;100.8;106.2;120.6;91.9;99.8;120.0;90.2;95.8;50.40462040664378, 1.5618196929804524
2025-2026;09;32;HAUTS-DE-FRANCE;09;LILLE;62;PAS-DE-CALAIS;62447;HESDIN LA FORET;0622139N;COLLEGE PRIVE NOTRE DAME;privé sous contrat;107.1;29.1;125.5;100.8;106.2;120.6;91.9;99.8;120.0;90.2;95.8;50.37340413573063, 2.0358785907462664
2025-2026;09;32;HAUTS-DE-FRANCE;09;LILLE;62;PAS-DE-CALAIS;62907;LIBERCOURT;0622239X;COLLEGE JEAN DE SAINT AUBERT;public;85.9;29.3;125.5;100.8;106.2;120.6;91.9;99.8;120.0;90.2;95.8;50.4816324638282, 3.0160628283621755
2025-2026;09;32;HAUTS-DE-FRANCE;09;LILLE;62;PAS-DE-CALAIS;62361;FREVENT;0622261W;COLLEGE PIERRE CUALLACCI;public;80.8;23.6;125.5;100.8;106.2;120.6;91.9;99.8;120.0;90.2;95.8;50.27639042933437, 2.2847005068762374
2025-2026;09;32;HAUTS-DE-FRANCE;09;LILLE;62;PAS-DE-CALAIS;62617;NOEUX LES MINES;0622269E;COLLEGE ANATOLE FRANCE;public;83.5;29.2;125.5;100.8;106.2;120.6;91.9;99.8;120.0;90.2;95.8;50.47179839596067, 2.6625203622757074
2025-2026;09;32;HAUTS-DE-FRANCE;09;LILLE;62;PAS-DE-CALAIS;62065;AVION;0622420U;COLLEGE PAUL LANGEVIN;public;76.7;25.0;125.5;100.8;106.2;120.6;91.9;99.8;120.0;90.2;95.8;50.39828810131777, 2.838520306506523
2025-2026;09;32;HAUTS-DE-FRANCE;09;LILLE;62;PAS-DE-CALAIS;62193;CALAIS;0622431F;COLLEGE REPUBLIQUE;public;78.9;24.9;125.5;100.8;106.2;120.6;91.9;99.8;120.0;90.2;95.8;50.951299839408264, 1.8587103081231955
2025-2026;09;32;HAUTS-DE-FRANCE;09;LILLE;62;PAS-DE-CALAIS;62100;BEAURAINVILLE;0622435K;COLLEGE BELREM;public;90.4;24.3;125.5;100.8;106.2;120.6;91.9;99.8;120.0;90.2;95.8;50.42293790027999, 1.8974193748602202
2025-2026;09;32;HAUTS-DE-FRANCE;09;LILLE;62;PAS-DE-CALAIS;62525;LONGUENESSE;0622575M;COLLEGE BLAISE PASCAL;public;96.2;33.7;125.5;100.8;106.2;120.6;91.9;99.8;120.0;90.2;95.8;50.73867971356185, 2.2561397443597024
2025-2026;09;32;HAUTS-DE-FRANCE;09;LILLE;62;PAS-DE-CALAIS;62193;CALAIS;0622576N;COLLEGE VAUBAN;public;70.4;19.2;125.5;100.8;106.2;120.6;91.9;99.8;120.0;90.2;95.8;50.94828933426335, 1.8331704068499097
2025-2026;09;32;HAUTS-DE-FRANCE;09;LILLE;62;PAS-DE-CALAIS;62737;SAINS EN GOHELLE;0622578R;COLLEGE JEAN ROSTAND;public;93.9;30.9;125.5;100.8;106.2;120.6;91.9;99.8;120.0;90.2;95.8;50.444295459961204, 2.6823894284960037
2025-2026;09;32;HAUTS-DE-FRANCE;09;LILLE;62;PAS-DE-CALAIS;62041;ARRAS;0622789V;COLLEGE CHARLES PEGUY;public;81.0;29.3;125.5;100.8;106.2;120.6;91.9;99.8;120.0;90.2;95.8;50.301286630319076, 2.7505104747791638
2025-2026;09;32;HAUTS-DE-FRANCE;09;LILLE;62;PAS-DE-CALAIS;62427;HENIN BEAUMONT;0622795B;COLLEGE FRANCOIS RABELAIS;public;93.8;34.3;125.5;100.8;106.2;120.6;91.9;99.8;120.0;90.2;95.8;50.4124297788558, 2.9586434580044747
2025-2026;09;32;HAUTS-DE-FRANCE;09;LILLE;62;PAS-DE-CALAIS;62498;LENS;0622868F;COLLEGE JEAN JAURES;public;75.3;22.5;125.5;100.8;106.2;120.6;91.9;99.8;120.0;90.2;95.8;50.440104907023624, 2.7992097018058164
2025-2026;09;32;HAUTS-DE-FRANCE;09;LILLE;62;PAS-DE-CALAIS;62249;COURCELLES LES LENS;0622943M;COLLEGE ADULPHE DELEGORGUE;public;82.6;26.0;125.5;100.8;106.2;120.6;91.9;99.8;120.0;90.2;95.8;50.41517287550865, 3.0152801884425764
2025-2026;09;32;HAUTS-DE-FRANCE;09;LILLE;62;PAS-DE-CALAIS;62764;SAINT NICOLAS;0623014P;COLLEGE PAUL VERLAINE;public;100.3;33.7;125.5;100.8;106.2;120.6;91.9;99.8;120.0;90.2;95.8;50.3067041643579, 2.794759744288523
2025-2026;09;32;HAUTS-DE-FRANCE;09;LILLE;62;PAS-DE-CALAIS;62041;ARRAS;0623310L;COLLEGE GAMBETTA;public;96.8;35.9;125.5;100.8;106.2;120.6;91.9;99.8;120.0;90.2;95.8;50.28838885743881, 2.7762496929984435
2025-2026;09;32;HAUTS-DE-FRANCE;09;LILLE;62;PAS-DE-CALAIS;62516;LILLERS;0623312N;COLLEGE RENE CASSIN;public;91.2;29.2;125.5;100.8;106.2;120.6;91.9;99.8;120.0;90.2;95.8;50.55895892470479, 2.471610200879648
2025-2026;09;32;HAUTS-DE-FRANCE;09;LILLE;62;PAS-DE-CALAIS;62193;CALAIS;0623570U;COLLEGE PRIVE SAINT PIERRE;privé sous contrat;122.5;32.5;125.5;100.8;106.2;120.6;91.9;99.8;120.0;90.2;95.8;50.94496373289567, 1.8583213564747443
2025-2026;09;32;HAUTS-DE-FRANCE;09;LILLE;62;PAS-DE-CALAIS;62160;BOULOGNE SUR MER;0623571V;COLLEGE PRIVE HAFFREINGUE;privé sous contrat;134.8;32.1;125.5;100.8;106.2;120.6;91.9;99.8;120.0;90.2;95.8;50.73022183140741, 1.6181801448617874
2025-2026;09;32;HAUTS-DE-FRANCE;09;LILLE;62;PAS-DE-CALAIS;62525;LONGUENESSE;0623572W;COLLEGE PRIVE LA MALASSISE;privé sous contrat;132.5;32.1;125.5;100.8;106.2;120.6;91.9;99.8;120.0;90.2;95.8;50.73675598497991, 2.243659848691866
2025-2026;09;32;HAUTS-DE-FRANCE;09;LILLE;62;PAS-DE-CALAIS;62215;CARVIN;0623919Y;COLLEGE LEONARD DE VINCI;public;84.8;29.8;125.5;100.8;106.2;120.6;91.9;99.8;120.0;90.2;95.8;50.4968304789591, 2.9759097447360388
