Rentrée scolaire;Académie;Code du département;Département;UAI;Nom de l'établissment;Code INSEE de la commune;Nom de la commune;Secteur;Type de lycée;IPS voie GT;IPS voie PRO;IPS Ensemble GT-PRO;Ecart-type de l'IPS voie GT;Ecart-type de l'IPS voie PRO
2016-2017;LILLE;59;NORD;0590005K;LYCEE PROFESSIONNEL PIERRE JOSEPH FONTAINE LYCEE DES METIERS DE LA CONDUITE ET DE LA MAINTENANCE DES SYSTEMES;59014;ANZIN;public;LP;;68.4;68.4;;
2016-2017;LILLE;59;NORD;0590015W;LYCEE PROFESSIONNEL PIERRE ET MARIE CURIE;59033;AULNOYE AYMERIES;public;LP;;70.9;70.9;;
2016-2017;LILLE;59;NORD;0590044C;LYCEE POLYVALENT JOSEPH MARIE JACQUARD;59139;CAUDRY;public;LPO;88.1;70.2;79.2;;
2016-2017;LILLE;59;NORD;0590098L;LYCEE PROFESSIONNEL PLACIDE COURTOY;59291;HAUTMONT;public;LP;;65.6;65.6;;
2016-2017;LILLE;59;NORD;0590102R;LYCEE PROFESSIONNEL DES MONTS DE FLANDRE LYCEE DES METIERS DE LA MAINTENANCE DES VEHICULES ET DES MATERIELS;59295;HAZEBROUCK;public;LP;;80.5;80.5;;
2016-2017;LILLE;59;NORD;0590116F;LYCEE GENERAL FENELON;59350;LILLE;public;LEGT;124.2;;124.2;;
2016-2017;LILLE;59;NORD;0590122M;LYCEE POLYVALENT VALENTINE LABBE LYCEE DES METIERS DE LA BIOLOGIE DE LA BIOCHIMIE ET DES BIOTECHNOLOGIES DE LA SANTE ET DU SOCIAL;59368;LA MADELEINE;public;LPO;92.6;77.7;88.1;;
2016-2017;LILLE;59;NORD;0590189K;LYCEE PROFESSIONNEL LAVOISIER;59512;ROUBAIX;public;LP;;65.0;65.0;;
2016-2017;LILLE;59;NORD;0590212K;LYCEE GENERAL;59599;TOURCOING;public;LEGT;100.2;;100.2;;
2016-2017;LILLE;59;NORD;0590221V;LYCEE GENERAL ET TECHNOLOGIQUE HENRI WALLON;59606;VALENCIENNES;public;LEGT;110.0;;110.0;;
2016-2017;LILLE;59;NORD;0590222W;LYCEE GENERAL ET TECHNOLOGIQUE WATTEAU;59606;VALENCIENNES;public;LEGT;116.5;;116.5;;
2016-2017;LILLE;59;NORD;0590264S;LYCEE PROFESSIONNEL ALFRED KASTLER LYCEE DES METIERS DE LA CONDUITE ET DE LA MAINTENANCE DES SYSTEMES;59172;DENAIN;public;LP;;70.3;70.3;;
2016-2017;LILLE;59;NORD;0590265T;LP EDMOND LABBE LYCEE DES METIERS SANITAIRE SOCIAL LYCEE DES METIERS MAINTENANCE INDUSTRIELLE LYCEE DES METIERS ELECTRONIQUE ELECTROTECHNIQUE;59178;DOUAI;public;LP;;76.9;76.9;;
2016-2017;LILLE;59;NORD;0590266U;LYCEE PROFESSIONNEL CESAR BAGGIO LYCEE DES METIERS DES SCIENCES DE L INGENIEUR ET DU DEVELOPPEMENT DURABLE;59350;LILLE;public;LP;;80.8;80.8;;
2016-2017;LILLE;59;NORD;0590282L;LYCEE GENERAL ET TECHNOLOGIQUE JULES MOUSSERON LYCEE DES METIERS DU SANITAIRE ET SOCIAL;59172;DENAIN;public;LEGT;80.5;;80.5;;
2016-2017;LILLE;59;NORD;0592611T;LYCEE PROFESSIONNEL LOUIS BLERIOT LYCEE DES METIERS DU BATIMENT ET DES ENERGIES DURABLES;59122;CAMBRAI;public;LP;;71.7;71.7;;
2016-2017;LILLE;59;NORD;0592833J;LYCEE PROFESSIONNEL LES HAUTS DE FLANDRE;59560;SECLIN;public;LP;;81.5;81.5;;
2016-2017;LILLE;59;NORD;0592932S;LYCEE GENERAL PRIVE SAINTE MARIE;59056;BEAUCAMPS LIGNY;privé sous contrat;LEGT;136.9;;136.9;;
2016-2017;LILLE;59;NORD;0592980U;LYCEE POLYVALENT PRIVE EIC MARIE NOEL;59599;TOURCOING;privé sous contrat;LPO;83.3;73.7;77.6;;
2016-2017;LILLE;59;NORD;0593006X;LYCEE TECHNOLOGIQUE PRIVE NOTRE DAME D ANNAY;59350;LILLE;privé sous contrat;LPO;117.8;98.2;110.8;;
2016-2017;LILLE;59;NORD;0593015G;LYCEE PROFESSIONNEL PRIVE MARIA GORETTI;59328;LAMBERSART;privé sous contrat;LP;;80.7;80.7;;
2016-2017;LILLE;59;NORD;0593027V;LYCEE PROFESSIONNEL PRIVE INDUSTRIES LILLOISES LYCEE DES METIERS DE LA CONSTRUCTION DE L ENVIRONNEMENT ET DES ÉNERGIES;59350;LILLE;privé sous contrat;LP;;100.6;100.6;;
2016-2017;LILLE;59;NORD;0593034C;LYCEE POLYVALENT PRIVE THEOPHILE LEGRAND;59365;LOUVROIL;privé sous contrat;LPO;84.1;78.6;80.9;;
2016-2017;LILLE;59;NORD;0593040J;LYCEE POLYVALENT PRIVE NOTRE DAME DE LA PROVIDENCE;59449;ORCHIES;privé sous contrat;LPO;122.2;113.2;117.4;;
2016-2017;LILLE;59;NORD;0593102B;LYCEE GENERAL PRIVE NOTRE DAME DES DUNES;59183;DUNKERQUE;privé sous contrat;LEGT;127.4;;127.4;;
2016-2017;LILLE;59;NORD;0594532F;LYCEE PROFESSIONNEL AMBROISE CROIZAT LYCEE DES METIERS DU SANITAIRE ET SOCIAL;59028;AUBY;public;LP;;71.7;71.7;;
2016-2017;LILLE;59;NORD;0594653M;LYCEE PROFESSIONNEL ANDRE JURENIL LYCEE DES METIERS DU SANITAIRE ET SOCIAL;59172;DENAIN;public;LP;;67.2;67.2;;
2016-2017;LILLE;62;PAS-DE-CALAIS;0620042J;LYCEE GENERAL ET TECHNOLOGIQUE ANDRE MALRAUX;62119;BETHUNE;public;LEGT;99.8;;99.8;;
2016-2017;LILLE;62;PAS-DE-CALAIS;0620063G;LYCEE GENERAL ET TECHNOLOGIQUE SOPHIE BERTHELOT LYCEE DES METIERS DE L HOTELLERIE RESTAURATION;62193;CALAIS;public;LEGT;98.4;;98.4;;
2016-2017;LILLE;62;PAS-DE-CALAIS;0620093P;LYCEE GENERAL ET TECHNOLOGIQUE FERNAND DARCHICOURT LYCEE DES METIERS DU TRANSPORT ET DE LA LOGISTIQUE LYCEE DES METIERS DU COMMERCE;62427;HENIN BEAUMONT;public;LEGT;94.5;;94.5;;
2016-2017;LILLE;62;PAS-DE-CALAIS;0620161N;LYCEE GENERAL ET TECHNOLOGIQUE ALEXANDRE RIBOT LYCEE DES METIERS DE LA GESTION DE L ADMINISTRATIF ET DU COMMERCE;62765;SAINT OMER;public;LEGT;102.5;;102.5;;
2016-2017;LILLE;62;PAS-DE-CALAIS;0620166U;LYCEE GENERAL ET TECHNOLOGIQUE ALBERT CHATELET;62767;SAINT POL SUR TERNOISE;public;LEGT;103.4;;103.4;;
2016-2017;LILLE;62;PAS-DE-CALAIS;0620188T;LYCEE PROFESSIONNEL DU DETROIT LYCEE DES METIERS DE LA MODE ET DES TEXTILES LYCEE DES METIERS DE LA MAINTENANCE INDUSTRIELLE DES TERRES D OPALE;62193;CALAIS;public;LP;;71.1;71.1;;
2016-2017;LILLE;62;PAS-DE-CALAIS;0622110G;LYCEE GENERAL ET TECHNOLOGIQUE PRIVE SAINT PIERRE;62193;CALAIS;privé sous contrat;LEGT;120.6;;120.6;;
2016-2017;LILLE;62;PAS-DE-CALAIS;0622199D;LYCEE POLYVALENT PRIVE SAINT DENIS;62765;SAINT OMER;privé sous contrat;LPO;115.4;103.2;114.0;;
2016-2017;LILLE;62;PAS-DE-CALAIS;0622801H;LYCEE PROFESSIONNEL JEAN BERTIN LYCEE DES METIERS DES TRAVAUX PUBLICS;62178;BRUAY LA BUISSIERE;public;LP;;85.6;85.6;;
2017-2018;LILLE;59;NORD;0590011S;LYCEE POLYVALENT GUSTAVE EIFFEL;59017;ARMENTIERES;public;LPO;115.5;88.1;110.1;;
2017-2018;LILLE;59;NORD;0590037V;LYCEE PROFESSIONNEL LOUISE DE BETTIGNIES;59122;CAMBRAI;public;LP;;75.4;75.4;;
2017-2018;LILLE;59;NORD;0590063Y;LYCEE GENERAL ALBERT CHATELET;59178;DOUAI;public;LEGT;117.6;;117.6;;
2017-2018;LILLE;59;NORD;0590064Z;LYCEE GENERAL ET TECHNOLOGIQUE JEAN BAPTISTE COROT;59178;DOUAI;public;LEGT;96.3;;96.3;;
2017-2018;LILLE;59;NORD;0590083V;LYCEE POLYVALENT CAMILLE CLAUDEL;59249;FOURMIES;public;LPO;93.3;69.6;83.3;;
2017-2018;LILLE;59;NORD;0590111A;LYCEE PROFESSIONNEL SONIA DELAUNAY LYCEE DES METIERS DE LA MODE ET DES TEXTILES;59350;LILLE;public;LP;;70.1;70.1;;
2017-2018;LILLE;59;NORD;0590182C;LYCEE GENERAL BAUDELAIRE;59512;ROUBAIX;public;LEGT;92.1;;92.1;;
2017-2018;LILLE;59;NORD;0590233H;LYCEE POLYVALENT EMILE ZOLA;59650;WATTRELOS;public;LPO;86.1;71.0;81.0;;
2017-2018;LILLE;59;NORD;0590255G;LYCEE PROFESSIONNEL GUY DEBEYRE LYCEE DES METIERS DU TRANSPORT ET DE LA LOGISTIQUE DU LITTORAL;59183;DUNKERQUE;public;LP;;75.0;75.0;;
2017-2018;LILLE;59;NORD;0590265T;LP EDMOND LABBE LYCEE DES METIERS SANITAIRE SOCIAL LYCEE DES METIERS MAINTENANCE INDUSTRIELLE LYCEE DES METIERS ELECTRONIQUE ELECTROTECHNIQUE;59178;DOUAI;public;LP;;75.7;75.7;;
2017-2018;LILLE;59;NORD;0592913W;LYCEE GENERAL PRIVE NOTRE DAME DES ANGES;59526;SAINT AMAND LES EAUX;privé sous contrat;LEGT;128.5;;128.5;;
2017-2018;LILLE;59;NORD;0592922F;LYCEE GENERAL PRIVE THERESE D AVILA;59350;LILLE;privé sous contrat;LEGT;141.0;;141.0;;
2017-2018;LILLE;59;NORD;0592973L;LYCEE PROFESSIONNEL PRIVE SAINT FRANCOIS D ASSISE;59512;ROUBAIX;privé sous contrat;LP;;77.8;77.8;;
2017-2018;LILLE;59;NORD;0592976P;LYCEE POLYVALENT PRIVE HELENE BOUCHER;59574;SOMAIN;privé sous contrat;LPO;96.5;84.1;87.6;;
2017-2018;LILLE;59;NORD;0592980U;LYCEE POLYVALENT PRIVE EIC MARIE NOEL;59599;TOURCOING;privé sous contrat;LPO;86.5;79.3;82.2;;
2017-2018;LILLE;59;NORD;0593040J;LYCEE POLYVALENT PRIVE NOTRE DAME DE LA PROVIDENCE;59449;ORCHIES;privé sous contrat;LPO;124.0;113.5;117.8;;
2017-2018;LILLE;59;NORD;0593058D;LYCEE POLYVALENT PRIVE VAUBAN;59183;DUNKERQUE;privé sous contrat;LPO;89.6;84.5;86.0;;
2017-2018;LILLE;59;NORD;0593063J;LYCEE PROFESSIONNEL PRIVE SAINTE MARIE;59043;BAILLEUL;privé sous contrat;LP;;91.4;91.4;;
2017-2018;LILLE;59;NORD;0593077Z;LYCEE POLYVALENT PRIVE SAINT JOSEPH;59295;HAZEBROUCK;privé sous contrat;LPO;107.5;92.6;99.7;;
2017-2018;LILLE;59;NORD;0593104D;LYCEE POLYVALENT PRIVE SAINT PIERRE;59249;FOURMIES;privé sous contrat;LPO;99.6;71.8;79.3;;
2017-2018;LILLE;59;NORD;0594652L;LYCEE PROFESSIONNEL DES PLAINES DU NORD;59271;GRANDE SYNTHE;public;LP;;75.1;75.1;;
2017-2018;LILLE;59;NORD;0595480L;LYCEE PROFESSIONNEL ILE JEANTY;59183;DUNKERQUE;public;LP;;73.6;73.6;;
2017-2018;LILLE;59;NORD;0595616J;LYCEE GENERAL ET TECHNOLOGIQUE DU NOORDOVER;59271;GRANDE SYNTHE;public;LEGT;90.7;;90.7;;
2017-2018;LILLE;59;NORD;0595867G;LYCEE GENERAL ET TECHNOLOGIQUE INTERNATIONAL MONTEBELLO;59350;LILLE;public;LEGT;105.7;;105.7;;
2017-2018;LILLE;59;NORD;0595885B;LYCEE GENERAL ET TECHNOLOGIQUE ARTHUR RIMBAUD;59170;DECHY;public;LEGT;101.8;;101.8;;
2017-2018;LILLE;59;NORD;0596681S;LYCEE GENERAL ET TECHNOLOGIQUE PRIVE AVERROES;59350;LILLE;privé sous contrat;LEGT;94.0;;94.0;;
2017-2018;LILLE;59;NORD;0596854E;LYCEE POLYVALENT DU PAYS DE CONDE LYCEE DES METIERS DE LA CONDUITE ET DE LA MAINTENANCE DES SYSTEMES;59153;CONDE SUR L ESCAUT;public;LPO;85.2;70.2;77.8;;
2017-2018;LILLE;59;NORD;0596925G;LYCEE POLYVALENT CHARLOTTE PERRIAND;59258;GENECH;public;LPO;131.1;93.8;126.8;;
2017-2018;LILLE;62;PAS-DE-CALAIS;0620018H;LYCEE PROFESSIONNEL FERNAND DEGRUGILLIER LYCEE DES METIERS DE L AUTOMOBILE LYCEE DES METIERS DE LA PLASTURGIE;62048;AUCHEL;public;LP;;70.1;70.1;;
2017-2018;LILLE;62;PAS-DE-CALAIS;0620052V;LYCEE POLYVALENT EDOUARD BRANLY LYCEE DES METIERS DU BATIMENT ET DES ENERGIES RENOUVELABLES DE L INDUSTRIE DES TERRES D OPALE;62160;BOULOGNE SUR MER;public;LPO;101.5;78.3;97.8;;
2017-2018;LILLE;62;PAS-DE-CALAIS;0620070P;LYCEE GENERAL ET TECHNOLOGIQUE DIDEROT;62215;CARVIN;public;LEGT;97.9;;97.9;;
2017-2018;LILLE;62;PAS-DE-CALAIS;0620093P;LYCEE GENERAL ET TECHNOLOGIQUE FERNAND DARCHICOURT LYCEE DES METIERS DU TRANSPORT ET DE LA LOGISTIQUE LYCEE DES METIERS DU COMMERCE;62427;HENIN BEAUMONT;public;LEGT;92.8;;92.8;;
2017-2018;LILLE;62;PAS-DE-CALAIS;0620095S;LYCEE POLYVALENT LOUIS PASTEUR LYCEE DES METIERS DES TRAVAUX PUBLICS;62427;HENIN BEAUMONT;public;LPO;94.2;81.0;90.2;;
2017-2018;LILLE;62;PAS-DE-CALAIS;0620120U;LYCEE GENERAL ET TECHNOLOGIQUE ANATOLE FRANCE;62516;LILLERS;public;LEGT;104.3;;104.3;;
2017-2018;LILLE;62;PAS-DE-CALAIS;0620166U;LYCEE GENERAL ET TECHNOLOGIQUE ALBERT CHATELET;62767;SAINT POL SUR TERNOISE;public;LEGT;102.9;;102.9;;
2017-2018;LILLE;62;PAS-DE-CALAIS;0622107D;LYCEE GENERAL PRIVE NAZARETH HAFFREINGUE;62160;BOULOGNE SUR MER;privé sous contrat;LEGT;125.6;;125.6;;
2017-2018;LILLE;62;PAS-DE-CALAIS;0622114L;LYCEE POLYVALENT PRIVE SAINT PAUL;62498;LENS;privé sous contrat;LPO;119.2;106.7;117.6;;
2017-2018;LILLE;62;PAS-DE-CALAIS;0622949U;LYCEE GENERAL ET TECHNOLOGIQUE MARIETTE LYCEE DES METIERS DES ACTIVITES COMMERCIALES ET ADMINISTRATIVES;62160;BOULOGNE SUR MER;public;LEGT;99.9;;99.9;;
2018-2019;LILLE;59;NORD;0590005K;LYCEE PROFESSIONNEL PIERRE JOSEPH FONTAINE LYCEE DES METIERS DE LA CONDUITE ET DE LA MAINTENANCE DES SYSTEMES;59014;ANZIN;public;LP;;69.5;69.5;;
2018-2019;LILLE;59;NORD;0590034S;LYCEE GENERAL ET TECHNOLOGIQUE PAUL DUEZ;59122;CAMBRAI;public;LEGT;99.1;;99.1;;
2018-2019;LILLE;59;NORD;0590071G;LYCEE GENERAL ET TECHNOLOGIQUE JEAN BART;59183;DUNKERQUE;public;LEGT;108.6;;108.6;;
2018-2019;LILLE;59;NORD;0590102R;LYCEE PROFESSIONNEL DES MONTS DE FLANDRE LYCEE DES METIERS DE LA MAINTENANCE DES VEHICULES ET DES MATERIELS;59295;HAZEBROUCK;public;LP;;77.9;77.9;;
2018-2019;LILLE;59;NORD;0590111A;LYCEE PROFESSIONNEL SONIA DELAUNAY LYCEE DES METIERS DE LA MODE ET DES TEXTILES;59350;LILLE;public;LP;;69.2;69.2;;
2018-2019;LILLE;59;NORD;0590116F;LYCEE GENERAL FENELON;59350;LILLE;public;LEGT;116.8;;116.8;;
2018-2019;LILLE;59;NORD;0590119J;LYCEE GENERAL ET TECHNOLOGIQUE FAIDHERBE;59350;LILLE;public;LEGT;115.0;;115.0;;
2018-2019;LILLE;59;NORD;0590144L;LYCEE PROFESSIONNEL AUTOMOBILE ALFRED MONGY LYCEE DES METIERS DE LA MAINTENANCE DES VEHICULES;59378;MARCQ EN BAROEUL;public;LP;;82.3;82.3;;
2018-2019;LILLE;59;NORD;0590168M;LYCEE POLYVALENT EUGENE THOMAS;59481;LE QUESNOY;public;LPO;116.4;86.6;110.9;;
2018-2019;LILLE;59;NORD;0590182C;LYCEE GENERAL BAUDELAIRE;59512;ROUBAIX;public;LEGT;92.4;;92.4;;
2018-2019;LILLE;59;NORD;0590212K;LYCEE GENERAL;59599;TOURCOING;public;LEGT;101.1;;101.1;;
2018-2019;LILLE;59;NORD;0590223X;LYCEE TECHNOLOGIQUE DU HAINAUT LYCEE DES METIERS DE LA CHAUDRONNERIE;59606;VALENCIENNES;public;LEGT;98.9;;98.9;;
2018-2019;LILLE;59;NORD;0590270Y;LYCEE PROFESSIONNEL DU HAINAUT LYCEE DES METIERS DE L AUTOMOBILE LYCEE DES METIERS DE LA CHAUDRONNERIE;59606;VALENCIENNES;public;LP;;76.4;76.4;;
2018-2019;LILLE;59;NORD;0590282L;LYCEE GENERAL ET TECHNOLOGIQUE JULES MOUSSERON;59172;DENAIN;public;LEGT;82.8;;82.8;;
2018-2019;LILLE;59;NORD;0592610S;LYCEE PROFESSIONNEL PIERRE JOSEPH LAURENT;59008;ANICHE;public;LP;;68.3;68.3;;
2018-2019;LILLE;59;NORD;0592712C;LYCEE PROFESSIONNEL LOUIS ARMAND;59324;JEUMONT;public;LP;;67.3;67.3;;
2018-2019;LILLE;59;NORD;0592850C;LYCEE PROFESSIONNEL ANTOINE DE SAINT EXUPERY;59279;HALLUIN;public;LP;;73.4;73.4;;
2018-2019;LILLE;59;NORD;0592913W;LYCEE GENERAL PRIVE NOTRE DAME DES ANGES;59526;SAINT AMAND LES EAUX;privé sous contrat;LEGT;127.0;;127.0;;
2018-2019;LILLE;59;NORD;0592916Z;LYCEE GENERAL ET TECHNOLOGIQUE PRIVE NOTRE DAME DE GRACE;59392;MAUBEUGE;privé sous contrat;LEGT;107.7;;107.7;;
2018-2019;LILLE;59;NORD;0592963A;LYCEE POLYVALENT PRIVE SAINT MARTIN;59512;ROUBAIX;privé sous contrat;LPO;79.4;73.6;76.6;;
2018-2019;LILLE;59;NORD;0592966D;LYCEE POLYVALENT PRIVE EIC JEHANNE D ARC LYCEE DES METIERS DU COMMERCE ET DE LA VENTE;59599;TOURCOING;privé sous contrat;LPO;92.1;86.7;88.2;;
2018-2019;LILLE;59;NORD;0592973L;LYCEE PROFESSIONNEL PRIVE SAINT FRANCOIS D ASSISE;59512;ROUBAIX;privé sous contrat;LP;;78.3;78.3;;
2018-2019;LILLE;59;NORD;0593020M;LYCEE PROFESSIONNEL PRIVE DE LA COIFFURE ALFRED MAIRESSE;59350;LILLE;privé sous contrat;LP;;82.6;82.6;;
2018-2019;LILLE;59;NORD;0593027V;LYCEE PROFESSIONNEL PRIVE INDUSTRIES LILLOISES LYCEE DES METIERS DE LA CONSTRUCTION DE L ENVIRONNEMENT ET DES ÉNERGIES;59350;LILLE;privé sous contrat;LP;;101.4;101.4;;
2018-2019;LILLE;59;NORD;0593061G;LYCEE POLYVALENT PRIVE SAINT LUC LYCEE DES METIERS DE L OPTIQUE DE LA SANTE ET DU SOCIAL;59122;CAMBRAI;privé sous contrat;LPO;121.6;91.5;108.0;;
2018-2019;LILLE;59;NORD;0594278E;LYCEE TECHNOLOGIQUE PRIVE EPID;59183;DUNKERQUE;privé sous contrat;LEGT;107.2;;107.2;;
2018-2019;LILLE;59;NORD;0594375K;LYCEE PROFESSIONNEL DINAH DERYCKE;59009;VILLENEUVE D ASCQ;public;LP;;79.0;79.0;;
2018-2019;LILLE;59;NORD;0594391C;LYCEE TECHNOLOGIQUE ECOLE SUP ARTS APPLIQUES TEXTILE;59512;ROUBAIX;public;LEGT;125.0;;125.0;;
2018-2019;LILLE;59;NORD;0595657D;LYCEE POLYVALENT PRIVE INSTITUT SAINT VINCENT DE PAUL LYCEE DES METIERS DU BIEN ÊTRE DE LA SANTE ET DU SOCIAL;59360;LOOS;privé sous contrat;LPO;112.5;98.7;110.7;;
2018-2019;LILLE;59;NORD;0595856V;LYCEE PROFESSIONNEL DE L YSER;59663;WORMHOUT;public;LP;;69.9;69.9;;
2018-2019;LILLE;59;NORD;0595867G;LYCEE GENERAL ET TECHNOLOGIQUE INTERNATIONAL MONTEBELLO;59350;LILLE;public;LEGT;106.7;;106.7;;
2018-2019;LILLE;59;NORD;0595884A;LYCEE POLYVALENT ANDRE LURCAT;59392;MAUBEUGE;public;LPO;76.4;67.8;72.9;;
2018-2019;LILLE;59;NORD;0595918M;LYCEE PROFESSIONNEL PRIVE EPID LYCEE DES METIERS DES INDUSTRIES ET DES INNOVATIONS TECHNOLOGIQUES;59183;DUNKERQUE;privé sous contrat;LP;;92.0;92.0;;
2018-2019;LILLE;59;NORD;0596335R;LYCEE GENERAL PRIVE INSTITUT D ANCHIN;59456;PECQUENCOURT;privé sous contrat;LEGT;123.6;;123.6;;
2018-2019;LILLE;62;PAS-DE-CALAIS;0620030W;LYCEE PROFESSIONNEL PHILIPPE AUGUSTE;62080;BAPAUME;public;LP;;76.3;76.3;;
2018-2019;LILLE;62;PAS-DE-CALAIS;0620040G;LYCEE GENERAL ET TECHNOLOGIQUE LOUIS BLARINGHEM;62119;BETHUNE;public;LEGT;118.9;;118.9;;
2018-2019;LILLE;62;PAS-DE-CALAIS;0620052V;LYCEE POLYVALENT EDOUARD BRANLY LYCEE DES METIERS DU BATIMENT ET DES ENERGIES RENOUVELABLES DE L INDUSTRIE DES TERRES D OPALE;62160;BOULOGNE SUR MER;public;LPO;102.7;80.1;99.2;;
2018-2019;LILLE;62;PAS-DE-CALAIS;0620093P;LYCEE GENERAL ET TECHNOLOGIQUE FERNAND DARCHICOURT LYCEE DES METIERS DU TRANSPORT ET DE LA LOGISTIQUE LYCEE DES METIERS DU COMMERCE;62427;HENIN BEAUMONT;public;LEGT;93.4;;93.4;;
2018-2019;LILLE;62;PAS-DE-CALAIS;0620095S;LYCEE POLYVALENT LOUIS PASTEUR LYCEE DES METIERS CAMPUS DES TRAVAUX PUBLICS;62427;HENIN BEAUMONT;public;LPO;95.3;79.0;90.5;;
2018-2019;LILLE;62;PAS-DE-CALAIS;0620110H;LYCEE PROFESSIONNEL AUGUSTE BEHAL LYCEE DES METIERS DE LA PERSONNE SANTE SOCIAL LYCEE DES METIERS DE CONSTRUCTION BOIS ET MATERIAUX;62498;LENS;public;LP;;71.3;71.3;;
2018-2019;LILLE;62;PAS-DE-CALAIS;0620121V;LYCEE PROFESSIONNEL FLORA TRISTAN;62516;LILLERS;public;LP;;71.0;71.0;;
2018-2019;LILLE;62;PAS-DE-CALAIS;0620124Y;LYCEE PROFESSIONNEL BERNARD CHOCHOY;62534;LUMBRES;public;LP;;71.4;71.4;;
2018-2019;LILLE;62;PAS-DE-CALAIS;0620150B;LYCEE PROFESSIONNEL JOLIOT CURIE LYCEE DES METIERS DU COMMERCE;62637;OIGNIES;public;LP;;71.4;71.4;;
2018-2019;LILLE;62;PAS-DE-CALAIS;0620166U;LYCEE GENERAL ET TECHNOLOGIQUE ALBERT CHATELET;62767;SAINT POL SUR TERNOISE;public;LEGT;103.8;;103.8;;
2018-2019;LILLE;62;PAS-DE-CALAIS;0620187S;LYCEE PROFESSIONNEL JULES VERNE LYCEE DES METIERS DU BATIMENT ET DES ENERGIES RENOUVELABLES;62318;ETAPLES;public;LP;;74.9;74.9;;
2018-2019;LILLE;62;PAS-DE-CALAIS;0620188T;LYCEE PROFESSIONNEL DU DETROIT LYCEE DES METIERS DE LA MODE ET DES TEXTILES LYCEE DES METIERS DE LA MAINTENANCE INDUSTRIELLE DES TERRES D OPALE;62193;CALAIS;public;LP;;70.5;70.5;;
2018-2019;LILLE;62;PAS-DE-CALAIS;0622089J;LYCEE PROFESSIONNEL ANDRE MALRAUX;62119;BETHUNE;public;LP;;78.0;78.0;;
2018-2019;LILLE;62;PAS-DE-CALAIS;0622110G;LYCEE GENERAL ET TECHNOLOGIQUE PRIVE SAINT PIERRE;62193;CALAIS;privé sous contrat;LEGT;114.9;;114.9;;
2018-2019;LILLE;62;PAS-DE-CALAIS;0622116N;LYCEE GENERAL PRIVE LA MALASSISE;62525;LONGUENESSE;privé sous contrat;LEGT;131.5;;131.5;;
2018-2019;LILLE;62;PAS-DE-CALAIS;0622195Z;LYCEE PROFESSIONNEL PRIVE SAINTE MARIE;62364;FRUGES;privé sous contrat;LP;;90.8;90.8;;
2018-2019;LILLE;62;PAS-DE-CALAIS;0622199D;LYCEE POLYVALENT PRIVE SAINT DENIS;62765;SAINT OMER;privé sous contrat;LPO;111.3;97.5;108.7;;
2018-2019;LILLE;62;PAS-DE-CALAIS;0623377J;LYCEE PROFESSIONNEL DU BATIMENT FRANCOIS HENNEBIQUE;62510;LIEVIN;public;LP;;70.8;70.8;;
2018-2019;LILLE;62;PAS-DE-CALAIS;0624141P;LYCEE POLYVALENT LEONARD DE VINCI LYCEE DES METIERS DE LA MAINTENANCE INDUSTRIELLE DES TERRES D OPALE;62193;CALAIS;public;LPO;96.1;75.7;94.9;;
2018-2019;LILLE;62;PAS-DE-CALAIS;0624440P;LYCEE POLYVALENT D ARTOIS LYCEE DES METIERS DES SYSTEMES AUTOMATIQUES;62617;NOEUX LES MINES;public;LPO;93.5;71.4;84.7;;
2019-2020;LILLE;59;NORD;0590073J;LYCEE GENERAL ET TECHNOLOGIQUE AUGUSTE ANGELLIER;59183;DUNKERQUE;public;LEGT;113.9;;113.9;35.0;
2019-2020;LILLE;59;NORD;0590086Y;LYCEE GENERAL ET TECHNOLOGIQUE MARGUERITE DE FLANDRE;59266;GONDECOURT;public;LEGT;123.9;;123.9;34.7;
2019-2020;LILLE;59;NORD;0590098L;LYCEE PROFESSIONNEL PLACIDE COURTOY;59291;HAUTMONT;public;LP;;67.3;67.3;;24.4
2019-2020;LILLE;59;NORD;0590102R;LYCEE PROFESSIONNEL DES MONTS DE FLANDRE LYCEE DES METIERS DE LA MAINTENANCE DES VEHICULES ET DES MATERIELS;59295;HAZEBROUCK;public;LP;;77.3;77.3;;24.8
2019-2020;LILLE;59;NORD;0590121L;LYCEE GENERAL ET TECHNOLOGIQUE CESAR BAGGIO LYCEE DES METIERS DES SCIENCES DE L INGENIEUR;59350;LILLE;public;LEGT;94.8;;94.8;38.8;
2019-2020;LILLE;59;NORD;0590149S;LYCEE POLYVALENT PIERRE FOREST;59392;MAUBEUGE;public;LPO;93.8;72.8;91.7;36.1;25.5
2019-2020;LILLE;59;NORD;0590264S;LYCEE PROFESSIONNEL ALFRED KASTLER LYCEE DES METIERS DE LA CONDUITE ET DE LA MAINTENANCE DES SYSTEMES;59172;DENAIN;public;LP;;70.3;70.3;;22.7
2019-2020;LILLE;59;NORD;0590265T;LYCEE PROFESSIONNEL EDMOND LABBE;59178;DOUAI;public;LP;;80.8;80.8;;27.4
2019-2020;LILLE;59;NORD;0592611T;LYCEE PROFESSIONNEL LOUIS BLERIOT LYCEE DES METIERS DU BATIMENT ET DES ENERGIES DURABLES;59122;CAMBRAI;public;LP;;72.8;72.8;;25.4
2019-2020;LILLE;59;NORD;0592833J;LYCEE PROFESSIONNEL LES HAUTS DE FLANDRE;59560;SECLIN;public;LP;;77.8;77.8;;26.9
2019-2020;LILLE;59;NORD;0592850C;LYCEE PROFESSIONNEL ANTOINE DE SAINT EXUPERY;59279;HALLUIN;public;LP;;74.4;74.4;;24.6
2019-2020;LILLE;59;NORD;0592967E;LYCEE POLYVALENT PRIVE LA SAGESSE;59606;VALENCIENNES;privé sous contrat;LPO;89.6;81.6;85.8;33.0;27.3
2019-2020;LILLE;59;NORD;0593015G;LYCEE PROFESSIONNEL PRIVE CAMILLE DE LELLIS;59328;LAMBERSART;privé sous contrat;LP;;86.9;86.9;;34.5
2019-2020;LILLE;59;NORD;0593020M;LYCEE PROFESSIONNEL PRIVE DE LA CHAMBRE DES METIERS ET DE L ARTISANAT (CMA) HAUTS DE FRANCE;59350;LILLE;privé sous contrat;LP;;76.4;76.4;;18.9
2019-2020;LILLE;59;NORD;0593040J;LYCEE POLYVALENT PRIVE NOTRE DAME DE LA PROVIDENCE;59449;ORCHIES;privé sous contrat;LPO;128.8;112.7;119.6;31.3;32.3
2019-2020;LILLE;59;NORD;0593071T;LYCEE POLYVALENT PRIVE DEFOREST DE LEWARDE;59178;DOUAI;privé sous contrat;LPO;95.8;90.0;91.6;30.6;28.3
2019-2020;LILLE;59;NORD;0593117T;LYCEE POLYVALENT PRIVE LA SALLE;59350;LILLE;privé sous contrat;LPO;120.5;109.7;117.9;37.0;37.9
2019-2020;LILLE;59;NORD;0593225K;LYCEE PRIVE DE MARCQ;59378;MARCQ EN BAROEUL;privé sous contrat;LEGT;145.5;;145.5;21.3;
2019-2020;LILLE;59;NORD;0594278E;LYCEE TECHNOLOGIQUE PRIVE EPID;59183;DUNKERQUE;privé sous contrat;LEGT;109.0;;109.0;32.8;
2019-2020;LILLE;59;NORD;0595657D;LYCEE POLYVALENT PRIVE INSTITUT SAINT VINCENT DE PAUL LYCEE DES METIERS DU BIEN ÊTRE DE LA SANTE ET DU SOCIAL;59360;LOOS;privé sous contrat;LPO;113.3;98.3;111.4;35.6;32.6
2019-2020;LILLE;59;NORD;0595678B;LYCEE PROFESSIONNEL LEONARD DE VINCI;59603;TRITH SAINT LEGER;public;LP;;73.1;73.1;;25.7
2019-2020;LILLE;59;NORD;0595894L;LYCEE PROFESSIONNEL FRANCOIS RABELAIS;59178;DOUAI;public;LP;;73.6;73.6;;24.3
2019-2020;LILLE;59;NORD;0596892W;LYCEE D EXCELLENCE EDGAR MORIN;59178;DOUAI;public;LEGT;90.7;;90.7;35.7;
2019-2020;LILLE;59;NORD;0596957S;LYCEE PROFESSIONNEL AIME CESAIRE;59350;LILLE;public;LP;;69.6;69.6;;23.5
2019-2020;LILLE;62;PAS-DE-CALAIS;0620030W;LYCEE PROFESSIONNEL PHILIPPE AUGUSTE;62080;BAPAUME;public;LP;;77.4;77.4;;24.8
2019-2020;LILLE;62;PAS-DE-CALAIS;0620042J;LYCEE GENERAL ET TECHNOLOGIQUE ANDRE MALRAUX;62119;BETHUNE;public;LEGT;101.6;;101.6;32.6;
2019-2020;LILLE;62;PAS-DE-CALAIS;0620059C;LYCEE PROFESSIONNEL LEO LAGRANGE LYCEE DES METIERS DE LA PERSONNE SANTE SOCIAL;62186;BULLY LES MINES;public;LPO;90.6;70.8;79.6;33.4;22.8
2019-2020;LILLE;62;PAS-DE-CALAIS;0620063G;LYCEE GENERAL ET TECHNOLOGIQUE SOPHIE BERTHELOT LYCEE DES METIERS DE L HOTELLERIE RESTAURATION;62193;CALAIS;public;LEGT;102.7;;102.7;35.8;
2019-2020;LILLE;62;PAS-DE-CALAIS;0620070P;LYCEE GENERAL ET TECHNOLOGIQUE DIDEROT;62215;CARVIN;public;LEGT;97.2;;97.2;35.0;
2019-2020;LILLE;62;PAS-DE-CALAIS;0620161N;LYCEE GENERAL ET TECHNOLOGIQUE ALEXANDRE RIBOT LYCEE DES METIERS DE LA GESTION DE L ADMINISTRATIF ET DU COMMERCE;62765;SAINT OMER;public;LEGT;104.7;;104.7;35.4;
2019-2020;LILLE;62;PAS-DE-CALAIS;0620256S;LYCEE POLYVALENT GUY MOLLET;62041;ARRAS;public;LPO;104.5;88.8;103.5;34.9;25.9
2019-2020;LILLE;62;PAS-DE-CALAIS;0622106C;LYCEE GENERAL PRIVE SAINT VAAST SAINT DOMINIQUE;62119;BETHUNE;privé sous contrat;LEGT;128.3;;128.3;32.9;
2019-2020;LILLE;62;PAS-DE-CALAIS;0622107D;LYCEE GENERAL PRIVE NAZARETH HAFFREINGUE;62160;BOULOGNE SUR MER;privé sous contrat;LEGT;125.8;;125.8;34.4;
2019-2020;LILLE;62;PAS-DE-CALAIS;0622276M;LYCEE POLYVALENT JAN LAVEZZARI;62108;BERCK;public;LPO;101.4;76.4;94.3;32.1;24.0
2019-2020;LILLE;62;PAS-DE-CALAIS;0623328F;LYCEE PROFESSIONNEL HENRI SENEZ LYCEE DES METIERS DE LA CHAUDRONNERIE INDUSTRIELLE;62427;HENIN BEAUMONT;public;LP;;70.6;70.6;;23.3
2020-2021;LILLE;59;NORD;0590010R;LYCEE GENERAL ET TECHNOLOGIQUE PAUL HAZARD;59017;ARMENTIERES;public;LEGT;105.4;;105.4;35.9;
2020-2021;LILLE;59;NORD;0590011S;LYCEE POLYVALENT GUSTAVE EIFFEL;59017;ARMENTIERES;public;LPO;117.3;85.3;110.7;35.7;28.3
2020-2021;LILLE;59;NORD;0590024F;LYCEE GENERAL DES NERVIENS;59053;BAVAY;public;LEGT;113.3;;113.3;35.6;
2020-2021;LILLE;59;NORD;0590044C;LYCEE POLYVALENT JOSEPH MARIE JACQUARD;59139;CAUDRY;public;LPO;90.6;71.5;83.2;32.3;23.0
2020-2021;LILLE;59;NORD;0590111A;LYCEE PROFESSIONNEL SONIA DELAUNAY LYCEE DES METIERS DE LA MODE ET DES TEXTILES;59350;LILLE;public;LP;;72.2;72.2;;24.5
2020-2021;LILLE;59;NORD;0590117G;LYCEE GENERAL ET TECHNOLOGIQUE LOUIS PASTEUR;59350;LILLE;public;LEGT;113.7;;113.7;41.7;
2020-2021;LILLE;59;NORD;0590119J;LYCEE GENERAL ET TECHNOLOGIQUE FAIDHERBE;59350;LILLE;public;LEGT;114.4;;114.4;39.7;
2020-2021;LILLE;59;NORD;0590149S;LYCEE POLYVALENT PIERRE FOREST;59392;MAUBEUGE;public;LPO;94.9;72.3;92.9;35.3;22.9
2020-2021;LILLE;59;NORD;0590186G;LYCEE PROFESSIONNEL TURGOT LYCEE DES METIERS DES SERVICES ADMINISTRATIFS ET DE LA RELATION CLIENT;59512;ROUBAIX;public;LP;;64.6;64.6;;20.9
2020-2021;LILLE;59;NORD;0590189K;LYCEE PROFESSIONNEL LAVOISIER;59512;ROUBAIX;public;LP;;64.2;64.2;;21.5
2020-2021;LILLE;59;NORD;0590207E;LYCEE GENERAL ET TECHNOLOGIQUE LOUIS PASTEUR;59574;SOMAIN;public;LEGT;101.5;;101.5;36.6;
2020-2021;LILLE;59;NORD;0590222W;LYCEE GENERAL ET TECHNOLOGIQUE WATTEAU;59606;VALENCIENNES;public;LEGT;116.5;;116.5;38.5;
2020-2021;LILLE;59;NORD;0590266U;LYCEE PROFESSIONNEL CESAR BAGGIO LYCEE DES METIERS DES SCIENCES DE L INGENIEUR ET DU DEVELOPPEMENT DURABLE;59350;LILLE;public;LP;;78.8;78.8;;27.1
2020-2021;LILLE;59;NORD;0590282L;LYCEE GENERAL ET TECHNOLOGIQUE JULES MOUSSERON;59172;DENAIN;public;LEGT;85.8;;85.8;31.3;
2020-2021;LILLE;59;NORD;0593006X;LYCEE POLYVALENT PRIVE NOTRE DAME D ANNAY;59350;LILLE;privé sous contrat;LPO;108.2;93.0;102.3;34.8;31.0
2020-2021;LILLE;59;NORD;0593015G;LYCEE PROFESSIONNEL PRIVE CAMILLE DE LELLIS;59328;LAMBERSART;privé sous contrat;LP;;85.7;85.7;;33.5
2020-2021;LILLE;59;NORD;0593027V;LYCEE PROFESSIONNEL PRIVE INDUSTRIES LILLOISES LYCEE DES METIERS DE LA CONSTRUCTION DE L ENVIRONNEMENT ET DES ÉNERGIES;59350;LILLE;privé sous contrat;LP;;108.3;108.3;;34.4
2020-2021;LILLE;59;NORD;0593066M;LYCEE PROFESSIONNEL PRIVE JEAN PAUL II;59172;DENAIN;privé sous contrat;LP;;76.3;76.3;;25.7
2020-2021;LILLE;59;NORD;0593078A;LYCEE POLYVALENT PRIVE FONDATION DEPOORTER LYCEE DES METIERS DE LA SANTE ET DU SOCIAL;59295;HAZEBROUCK;privé sous contrat;LPO;100.9;87.8;93.9;33.2;31.0
2020-2021;LILLE;59;NORD;0593102B;LYCEE GENERAL PRIVE NOTRE DAME DES DUNES;59183;DUNKERQUE;privé sous contrat;LEGT;122.7;;122.7;35.7;
2020-2021;LILLE;59;NORD;0593106F;LYCEE GENERAL PRIVE SAINTE ODILE;59328;LAMBERSART;privé sous contrat;LEGT;128.3;;128.3;32.6;
2020-2021;LILLE;59;NORD;0593109J;LYCEE GENERAL PRIVE NOTRE DAME DE LA PAIX;59350;LILLE;privé sous contrat;LEGT;134.2;;134.2;33.2;
2020-2021;LILLE;59;NORD;0593139S;LYCEE GENERAL PRIVE SACRE COEUR;59599;TOURCOING;privé sous contrat;LEGT;118.2;;118.2;35.0;
2020-2021;LILLE;59;NORD;0593495D;LYCEE PROFESSIONNEL PAUL LANGEVIN;59654;WAZIERS;public;LP;;73.9;73.9;;26.5
2020-2021;LILLE;59;NORD;0594404S;LYCEE PROFESSIONNEL RENE CASSIN;59414;MONTIGNY EN OSTREVENT;public;LP;;70.4;70.4;;24.3
2020-2021;LILLE;59;NORD;0594424N;LYCEE GENERAL ET TECHNOLOGIQUE RAYMOND QUENEAU;59009;VILLENEUVE D ASCQ;public;LEGT;108.2;;108.2;41.2;
2020-2021;LILLE;59;NORD;0595616J;LYCEE GENERAL ET TECHNOLOGIQUE DU NOORDOVER;59271;GRANDE SYNTHE;public;LEGT;92.5;;92.5;33.8;
2020-2021;LILLE;59;NORD;0595856V;LYCEE PROFESSIONNEL DE L YSER;59663;WORMHOUT;public;LP;;70.1;70.1;;22.0
2020-2021;LILLE;59;NORD;0595885B;LYCEE GENERAL ET TECHNOLOGIQUE ARTHUR RIMBAUD;59569;SIN LE NOBLE;public;LEGT;104.4;;104.4;36.4;
2020-2021;LILLE;59;NORD;0596892W;LYCEE D EXCELLENCE EDGAR MORIN;59178;DOUAI;public;LEGT;89.0;;89.0;34.4;
2020-2021;LILLE;62;PAS-DE-CALAIS;0620017G;LYCEE GENERAL LAVOISIER;62048;AUCHEL;public;LEGT;84.8;;84.8;29.2;
2020-2021;LILLE;62;PAS-DE-CALAIS;0620059C;LYCEE PROFESSIONNEL LEO LAGRANGE LYCEE DES METIERS DE LA PERSONNE SANTE SOCIAL;62186;BULLY LES MINES;public;LPO;92.5;70.3;79.6;33.3;22.4
2020-2021;LILLE;62;PAS-DE-CALAIS;0620121V;LYCEE PROFESSIONNEL FLORA TRISTAN;62516;LILLERS;public;LP;;73.4;73.4;;23.1
2020-2021;LILLE;62;PAS-DE-CALAIS;0620140R;LYCEE POLYVALENT EUGENE WOILLEZ;62588;MONTREUIL;public;LPO;107.6;82.0;103.0;33.2;26.9
2020-2021;LILLE;62;PAS-DE-CALAIS;0620166U;LYCEE GENERAL ET TECHNOLOGIQUE ALBERT CHATELET;62767;SAINT POL SUR TERNOISE;public;LEGT;104.9;;104.9;33.2;
2020-2021;LILLE;62;PAS-DE-CALAIS;0620188T;LYCEE PROFESSIONNEL DU DETROIT LYCEE DES METIERS DE LA MODE ET DES TEXTILES LYCEE DES METIERS DE LA MAINTENANCE INDUSTRIELLE DES TERRES D OPALE;62193;CALAIS;public;LP;;68.8;68.8;;23.1
2020-2021;LILLE;62;PAS-DE-CALAIS;0620189U;LYCEE PROFESSIONNEL PIERRE DE COUBERTIN LYCEE DES METIERS DU TRANSPORT ET DE LA LOGISTIQUE;62193;CALAIS;public;LP;;75.8;75.8;;25.7
2020-2021;LILLE;62;PAS-DE-CALAIS;0620257T;LYCEE PROFESSIONNEL ALAIN SAVARY JULES FERRY;62041;ARRAS;public;LP;;80.4;80.4;;27.5
2020-2021;LILLE;62;PAS-DE-CALAIS;0622089J;LYCEE PROFESSIONNEL ANDRE MALRAUX;62119;BETHUNE;public;LP;;82.1;82.1;;31.1
2020-2021;LILLE;62;PAS-DE-CALAIS;0622195Z;LYCEE PROFESSIONNEL PRIVE SAINTE MARIE;62364;FRUGES;privé sous contrat;LP;;93.3;93.3;;31.8
2020-2021;LILLE;62;PAS-DE-CALAIS;0622275L;LYCEE PROFESSIONNEL JEAN CHARLES CAZIN LYCEE DES METIERS DES ACTIVITES COMMERCIALES ET ADMINISTRATIVES;62160;BOULOGNE SUR MER;public;LP;;66.9;66.9;;20.8
2020-2021;LILLE;62;PAS-DE-CALAIS;0623981R;LYCEE POLYVALENT VAUBAN;62014;AIRE SUR LA LYS;public;LPO;107.0;72.8;98.8;34.7;22.3
2021-2022;LILLE;59;NORD;0590018Z;LYCEE POLYVALENT JESSE DE FOREST;59036;AVESNES SUR HELPE;public;LPO;102.9;71.9;97.9;35.8;24.9
2021-2022;LILLE;59;NORD;0590024F;LYCEE GENERAL DES NERVIENS;59053;BAVAY;public;LEGT;116.0;;116.0;35.8;
2021-2022;LILLE;59;NORD;0590035T;LYCEE GENERAL ET TECHNOLOGIQUE FENELON;59122;CAMBRAI;public;LEGT;108.4;;108.4;35.2;
2021-2022;LILLE;59;NORD;0590098L;LYCEE PROFESSIONNEL PLACIDE COURTOY;59291;HAUTMONT;public;LP;;68.9;68.9;;24.6
2021-2022;LILLE;59;NORD;0590102R;LYCEE PROFESSIONNEL DES MONTS DE FLANDRE;59295;HAZEBROUCK;public;LP;;79.0;79.0;;25.8
2021-2022;LILLE;59;NORD;0590116F;LYCEE GENERAL FENELON;59350;LILLE;public;LEGT;114.3;;114.3;40.3;
2021-2022;LILLE;59;NORD;0590133Z;LYCEE PROFESSIONNEL MAURICE DUHAMEL;59360;LOOS;public;LP;;69.4;69.4;;25.9
2021-2022;LILLE;59;NORD;0590182C;LYCEE GENERAL BAUDELAIRE;59512;ROUBAIX;public;LEGT;89.6;;89.6;36.5;
2021-2022;LILLE;59;NORD;0590187H;LYCEE PROFESSIONNEL LOUIS LOUCHEUR;59512;ROUBAIX;public;LP;;64.3;64.3;;20.6
2021-2022;LILLE;59;NORD;0590189K;LYCEE PROFESSIONNEL LAVOISIER;59512;ROUBAIX;public;LP;;63.8;63.8;;20.2
2021-2022;LILLE;59;NORD;0590198V;LYCEE PROFESSIONNEL GEORGES GUYNEMER;59183;DUNKERQUE;public;LP;;69.9;69.9;;22.8
2021-2022;LILLE;59;NORD;0590207E;LYCEE GENERAL ET TECHNOLOGIQUE LOUIS PASTEUR;59574;SOMAIN;public;LEGT;101.4;;101.4;35.6;
2021-2022;LILLE;59;NORD;0590215N;LYCEE GENERAL ET TECHNOLOGIQUE SEVIGNE;59599;TOURCOING;public;LEGT;75.1;;75.1;28.1;
2021-2022;LILLE;59;NORD;0590222W;LYCEE GENERAL ET TECHNOLOGIQUE WATTEAU;59606;VALENCIENNES;public;LEGT;116.1;;116.1;37.9;
2021-2022;LILLE;59;NORD;0590249A;LYCEE PROFESSIONNEL JACQUES YVES COUSTEAU;59646;WASQUEHAL;public;LP;;68.9;68.9;;24.9
2021-2022;LILLE;59;NORD;0590258K;LYCEE GENERAL ET TECHNOLOGIQUE GASTON BERGER;59350;LILLE;public;LEGT;85.7;;85.7;33.2;
2021-2022;LILLE;59;NORD;0590263R;LYCEE PROFESSIONNEL FERNAND LEGER;59155;COUDEKERQUE BRANCHE;public;LP;;77.2;77.2;;25.6
2021-2022;LILLE;59;NORD;0592921E;LYCEE GENERAL ET TECHNOLOGIQUE PRIVE SAINT REMI;59512;ROUBAIX;privé sous contrat;LEGT;103.6;;103.6;37.4;
2021-2022;LILLE;59;NORD;0592926K;LYCEE GENERAL ET TECHNOLOGIQUE PRIVE SAINT JUDE;59017;ARMENTIERES;privé sous contrat;LEGT;133.2;;133.2;31.9;
2021-2022;LILLE;59;NORD;0592964B;LYCEE PROFESSIONNEL PRIVE LEONARD DE VINCI;59512;ROUBAIX;privé sous contrat;LP;;90.2;90.2;;32.4
2021-2022;LILLE;59;NORD;0593007Y;LYCEE GENERAL ET TECHNOLOGIQUE PRIVE FREDERIC OZANAM LYCEE DES METIERS DE LA CONSTRUCTION DE L ENVIRONNEMENT ET DES ENERGIES;59350;LILLE;privé sous contrat;LEGT;133.0;;133.0;33.1;
2021-2022;LILLE;59;NORD;0593030Y;LYCEE PROFESSIONNEL PRIVE NOTRE DAME DU SACRE COEUR LYCEE DES METIERS DU BIEN ÊTRE DE LA SANTE ET DU SOCIAL;59360;LOOS;privé sous contrat;LP;;90.1;90.1;;35.7
2021-2022;LILLE;59;NORD;0593058D;LYCEE POLYVALENT PRIVE VAUBAN LYCEE DES METIERS;59183;DUNKERQUE;privé sous contrat;LPO;98.2;89.5;92.4;31.2;30.1
2021-2022;LILLE;59;NORD;0593063J;LYCEE PROFESSIONNEL PRIVE SAINTE MARIE;59043;BAILLEUL;privé sous contrat;LP;;93.4;93.4;;32.2
2021-2022;LILLE;59;NORD;0593078A;LYCEE POLYVALENT PRIVE FONDATION DEPOORTER LYCEE DES METIERS DE LA SANTE ET DU SOCIAL;59295;HAZEBROUCK;privé sous contrat;LPO;103.4;85.8;93.8;33.5;28.5
2021-2022;LILLE;59;NORD;0593109J;LYCEE GENERAL PRIVE NOTRE DAME DE LA PAIX;59350;LILLE;privé sous contrat;LEGT;136.5;;136.5;30.5;
2021-2022;LILLE;59;NORD;0593113N;LYCEE GENERAL PRIVE SAINTE CLAIRE;59350;LILLE;privé sous contrat;LEGT;128.8;;128.8;34.3;
2021-2022;LILLE;59;NORD;0593225K;LYCEE PRIVE DE MARCQ;59378;MARCQ EN BAROEUL;privé sous contrat;LEGT;148.8;;148.8;21.3;
2021-2022;LILLE;59;NORD;0593495D;LYCEE PROFESSIONNEL PAUL LANGEVIN;59654;WAZIERS;public;LP;;73.1;73.1;;25.2
2021-2022;LILLE;59;NORD;0594375K;LYCEE PROFESSIONNEL DINAH DERYCKE;59009;VILLENEUVE D ASCQ;public;LP;;80.1;80.1;;30.5
2021-2022;LILLE;59;NORD;0595884A;LYCEE POLYVALENT ANDRE LURCAT;59392;MAUBEUGE;public;LPO;73.5;69.1;71.6;27.8;26.2
2021-2022;LILLE;59;NORD;0595885B;LYCEE GENERAL ET TECHNOLOGIQUE ARTHUR RIMBAUD;59569;SIN LE NOBLE;public;LEGT;103.4;;103.4;36.2;
2021-2022;LILLE;59;NORD;0596335R;LYCEE GENERAL PRIVE INSTITUT D ANCHIN;59456;PECQUENCOURT;privé sous contrat;LEGT;121.8;;121.8;34.2;
2021-2022;LILLE;59;NORD;0596925G;LYCEE POLYVALENT CHARLOTTE PERRIAND;59258;GENECH;public;LPO;132.8;100.6;130.8;31.4;34.2
2021-2022;LILLE;62;PAS-DE-CALAIS;0620006V;LYCEE GENERAL ET TECHNOLOGIQUE ROBESPIERRE;62041;ARRAS;public;LEGT;120.0;;120.0;36.5;
2021-2022;LILLE;62;PAS-DE-CALAIS;0620027T;LYCEE POLYVALENT PABLO PICASSO;62065;AVION;public;LPO;85.5;68.2;84.3;29.8;22.6
2021-2022;LILLE;62;PAS-DE-CALAIS;0620040G;LYCEE GENERAL ET TECHNOLOGIQUE LOUIS BLARINGHEM;62119;BETHUNE;public;LEGT;119.6;;119.6;34.6;
2021-2022;LILLE;62;PAS-DE-CALAIS;0620062F;LYCEE GENERAL ET TECHNOLOGIQUE PIERRE DE COUBERTIN;62193;CALAIS;public;LEGT;104.0;;104.0;36.0;
2021-2022;LILLE;62;PAS-DE-CALAIS;0620095S;LYCEE POLYVALENT LOUIS PASTEUR;62427;HENIN BEAUMONT;public;LPO;92.8;78.1;88.8;32.9;28.0
2021-2022;LILLE;62;PAS-DE-CALAIS;0620108F;LYCEE GENERAL ET TECHNOLOGIQUE CONDORCET;62498;LENS;public;LEGT;87.4;;87.4;32.0;
2021-2022;LILLE;62;PAS-DE-CALAIS;0620120U;LYCEE GENERAL ET TECHNOLOGIQUE ANATOLE FRANCE;62516;LILLERS;public;LEGT;109.2;;109.2;34.1;
2021-2022;LILLE;62;PAS-DE-CALAIS;0620187S;LYCEE PROFESSIONNEL JULES VERNE LYCEE DES METIERS DU BATIMENT ET DES ENERGIES RENOUVELABLES;62318;ETAPLES;public;LP;;74.3;74.3;;23.9
2021-2022;LILLE;62;PAS-DE-CALAIS;0620188T;LYCEE PROFESSIONNEL DU DETROIT LYCEE DES METIERS DE LA MODE ET DES TEXTILES LYCEE DES METIERS DE LA MAINTENANCE INDUSTRIELLE DES TERRES D OPALE;62193;CALAIS;public;LP;;69.8;69.8;;23.2
2021-2022;LILLE;62;PAS-DE-CALAIS;0620192X;LYCEE PROFESSIONNEL PIERRE MENDES FRANCE LYCEE DES METIERS DES SYSTEMES AUTOMATIQUES ET DE L ELECTRONIQUE COMMUNICANTE;62178;BRUAY LA BUISSIERE;public;LP;;70.4;70.4;;24.1
2021-2022;LILLE;62;PAS-DE-CALAIS;0620220C;LYCEE PROFESSIONNEL LA PEUPLERAIE;62771;SALLAUMINES;public;LP;;66.1;66.1;;21.9
2021-2022;LILLE;62;PAS-DE-CALAIS;0620256S;LYCEE POLYVALENT GUY MOLLET;62041;ARRAS;public;LPO;105.4;95.9;105.3;33.9;25.1
2021-2022;LILLE;62;PAS-DE-CALAIS;0622195Z;LYCEE PROFESSIONNEL PRIVE SAINTE MARIE;62364;FRUGES;privé sous contrat;LP;;92.3;92.3;;30.4
2021-2022;LILLE;62;PAS-DE-CALAIS;0622199D;LYCEE POLYVALENT PRIVE SAINT DENIS;62765;SAINT OMER;privé sous contrat;LPO;112.6;101.1;110.8;33.4;34.8
2021-2022;LILLE;62;PAS-DE-CALAIS;0622276M;LYCEE POLYVALENT JAN LAVEZZARI;62108;BERCK;public;LPO;105.9;78.2;98.8;33.9;27.4
2021-2022;LILLE;62;PAS-DE-CALAIS;0623864N;LYCEE PROFESSIONNEL MAXIMILIEN DE ROBESPIERRE;62498;LENS;public;LP;;75.4;75.4;;26.5
2017-2018;LILLE;59;NORD;0590010R;LYCEE GENERAL ET TECHNOLOGIQUE PAUL HAZARD;59017;ARMENTIERES;public;LEGT;102.9;;102.9;;
2017-2018;LILLE;59;NORD;0590035T;LYCEE GENERAL ET TECHNOLOGIQUE FENELON;59122;CAMBRAI;public;LEGT;108.2;;108.2;;
2017-2018;LILLE;59;NORD;0590112B;LYCEE GENERAL ET TECHNOLOGIQUE DUPLEIX;59331;LANDRECIES;public;LEGT;95.9;;95.9;;
2017-2018;LILLE;59;NORD;0590117G;LYCEE GENERAL ET TECHNOLOGIQUE LOUIS PASTEUR;59350;LILLE;public;LEGT;113.2;;113.2;;
2017-2018;LILLE;59;NORD;0590144L;LYCEE PROFESSIONNEL AUTOMOBILE ALFRED MONGY LYCEE DES METIERS DE LA MAINTENANCE DES VEHICULES;59378;MARCQ EN BAROEUL;public;LP;;81.1;81.1;;
2017-2018;LILLE;59;NORD;0590207E;LYCEE GENERAL ET TECHNOLOGIQUE LOUIS PASTEUR;59574;SOMAIN;public;LEGT;99.1;;99.1;;
2017-2018;LILLE;59;NORD;0590215N;LYCEE GENERAL ET TECHNOLOGIQUE SEVIGNE LYCEE DES METIERS DE LA MODE LYCEE DES METIERS DU SANITAIRE ET SOCIAL;59599;TOURCOING;public;LEGT;78.0;;78.0;;
2017-2018;LILLE;59;NORD;0590223X;LYCEE TECHNOLOGIQUE DU HAINAUT LYCEE DES METIERS DE LA CHAUDRONNERIE;59606;VALENCIENNES;public;LEGT;101.5;;101.5;;
2017-2018;LILLE;59;NORD;0590249A;LYCEE PROFESSIONNEL JACQUES YVES COUSTEAU;59646;WASQUEHAL;public;LP;;73.4;73.4;;
2017-2018;LILLE;59;NORD;0590257J;LYCEE PROFESSIONNEL ILE DE FLANDRE;59017;ARMENTIERES;public;LP;;79.2;79.2;;
2017-2018;LILLE;59;NORD;0592712C;LYCEE PROFESSIONNEL LOUIS ARMAND;59324;JEUMONT;public;LP;;64.7;64.7;;
2017-2018;LILLE;59;NORD;0592928M;LYCEE POLYVALENT PRIVE SAINTE JEANNE D ARC LYCEE DES METIERS DE L HOTELLERIE RESTAURATION LYCEE DES METIERS DE L ESTHETIQUE ET DE LA COIFFURE;59033;AULNOYE AYMERIES;privé sous contrat;LPO;101.1;77.0;88.0;;
2017-2018;LILLE;59;NORD;0592929N;LYCEE GENERAL ET TECHNOLOGIQUE PRIVE SAINTE THERESE;59036;AVESNES SUR HELPE;privé sous contrat;LEGT;101.3;;101.3;;
2017-2018;LILLE;59;NORD;0592966D;LYCEE POLYVALENT PRIVE EIC JEHANNE D ARC LYCEE DES METIERS DU COMMERCE ET DE LA VENTE;59599;TOURCOING;privé sous contrat;LPO;89.5;85.1;86.3;;
2017-2018;LILLE;59;NORD;0593007Y;LYCEE GENERAL ET TECHNOLOGIQUE PRIVE FREDERIC OZANAM LYCEE DES METIERS DE LA CONSTRUCTION DE L ENVIRONNEMENT ET DES ENERGIES;59350;LILLE;privé sous contrat;LEGT;128.0;;128.0;;
2017-2018;LILLE;59;NORD;0593020M;LYCEE PROFESSIONNEL PRIVE DE LA COIFFURE ALFRED MAIRESSE;59350;LILLE;privé sous contrat;LP;;89.2;89.2;;
2017-2018;LILLE;59;NORD;0593034C;LYCEE POLYVALENT PRIVE THEOPHILE LEGRAND;59392;MAUBEUGE;privé sous contrat;LPO;90.1;82.2;86.2;;
2017-2018;LILLE;59;NORD;0593060F;LYCEE POLYVALENT PRIVE INSTITUT NICOLAS BARRE LYCEE DES METIERS DE LA SECURITE PREVENTION DE L AUTOMOBILE ET DE LA MAINTENANCE DES MATERIELS;59017;ARMENTIERES;privé sous contrat;LPO;125.0;91.5;96.2;;
2017-2018;LILLE;59;NORD;0593066M;LYCEE PROFESSIONNEL PRIVE JEAN PAUL II;59172;DENAIN;privé sous contrat;LP;;64.8;64.8;;
2017-2018;LILLE;59;NORD;0593078A;LYCEE POLYVALENT PRIVE FONDATION DEPOORTER LYCEE DES METIERS DE LA SANTE ET DU SOCIAL;59295;HAZEBROUCK;privé sous contrat;LPO;107.0;93.6;99.7;;
2017-2018;LILLE;59;NORD;0593141U;LYCEE GENERAL PRIVE NOTRE DAME;59606;VALENCIENNES;privé sous contrat;LEGT;123.8;;123.8;;
2017-2018;LILLE;59;NORD;0594302F;LYCEE PROFESSIONNEL FRANCOIS MANSART LYCEE DES METIERS DU BATIMENT;59383;MARLY;public;LP;;69.8;69.8;;
2018-2019;LILLE;59;NORD;0590011S;LYCEE POLYVALENT GUSTAVE EIFFEL;59017;ARMENTIERES;public;LPO;116.0;89.0;110.9;;
2018-2019;LILLE;59;NORD;0590015W;LYCEE PROFESSIONNEL PIERRE ET MARIE CURIE;59033;AULNOYE AYMERIES;public;LP;;71.7;71.7;;
2018-2019;LILLE;59;NORD;0590035T;LYCEE GENERAL ET TECHNOLOGIQUE FENELON;59122;CAMBRAI;public;LEGT;110.6;;110.6;;
2018-2019;LILLE;59;NORD;0590042A;LYCEE POLYVALENT CAMILLE DESMOULINS;59136;LE CATEAU CAMBRESIS;public;LPO;89.7;65.6;80.1;;
2018-2019;LILLE;59;NORD;0590064Z;LYCEE GENERAL ET TECHNOLOGIQUE JEAN BAPTISTE COROT;59178;DOUAI;public;LEGT;98.5;;98.5;;
2018-2019;LILLE;59;NORD;0590065A;LYCEE GENERAL ET TECHNOLOGIQUE EDMOND LABBE;59178;DOUAI;public;LEGT;90.9;;90.9;;
2018-2019;LILLE;59;NORD;0590072H;LYCEE GENERAL ET TECHNOLOGIQUE DE L EUROPE LYCEE DES METIERS DE L ÉNERGIE DU NUMERIQUE ET DE LA METALLURGIE;59183;DUNKERQUE;public;LPO;89.7;70.3;89.6;;
2018-2019;LILLE;59;NORD;0590073J;LYCEE GENERAL ET TECHNOLOGIQUE AUGUSTE ANGELLIER;59183;DUNKERQUE;public;LEGT;113.3;;113.3;;
2018-2019;LILLE;59;NORD;0590083V;LYCEE POLYVALENT CAMILLE CLAUDEL;59249;FOURMIES;public;LPO;99.1;73.3;87.8;;
2018-2019;LILLE;59;NORD;0590110Z;LYCEE GENERAL ET TECHNOLOGIQUE JEAN PERRIN;59328;LAMBERSART;public;LEGT;118.0;;118.0;;
2018-2019;LILLE;59;NORD;0590181B;LYCEE GENERAL MAXENCE VAN DER MEERSCH;59512;ROUBAIX;public;LEGT;86.8;;86.8;;
2018-2019;LILLE;59;NORD;0590257J;LYCEE PROFESSIONNEL ILE DE FLANDRE;59017;ARMENTIERES;public;LP;;77.9;77.9;;
2018-2019;LILLE;59;NORD;0590258K;LYCEE GENERAL ET TECHNOLOGIQUE GASTON BERGER;59350;LILLE;public;LEGT;88.7;;88.7;;
2018-2019;LILLE;59;NORD;0592928M;LYCEE POLYVALENT PRIVE SAINTE JEANNE D ARC LYCEE DES METIERS DE L HOTELLERIE RESTAURATION LYCEE DES METIERS DE L ESTHETIQUE ET DE LA COIFFURE;59033;AULNOYE AYMERIES;privé sous contrat;LPO;98.5;77.1;87.8;;
2018-2019;LILLE;59;NORD;0592935V;LYCEE GENERAL PRIVE LA CROIX BLANCHE;59090;BONDUES;privé sous contrat;LEGT;139.1;;139.1;;
2018-2019;LILLE;59;NORD;0592940A;LYCEE GENERAL PRIVE SAINT JEAN;59178;DOUAI;privé sous contrat;LEGT;128.0;;128.0;;
2018-2019;LILLE;59;NORD;0593034C;LYCEE POLYVALENT PRIVE THEOPHILE LEGRAND;59365;LOUVROIL;privé sous contrat;LPO;87.7;86.8;87.3;;
2018-2019;LILLE;59;NORD;0593040J;LYCEE POLYVALENT PRIVE NOTRE DAME DE LA PROVIDENCE;59449;ORCHIES;privé sous contrat;LPO;125.4;112.1;117.7;;
2018-2019;LILLE;59;NORD;0593060F;LYCEE POLYVALENT PRIVE INSTITUT NICOLAS BARRE LYCEE DES METIERS DE LA SECURITE PREVENTION DE L AUTOMOBILE ET DE LA MAINTENANCE DES MATERIELS;59017;ARMENTIERES;privé sous contrat;LPO;127.0;93.4;98.3;;
2018-2019;LILLE;59;NORD;0593077Z;LYCEE POLYVALENT PRIVE SAINT JOSEPH;59295;HAZEBROUCK;privé sous contrat;LPO;103.7;90.4;97.1;;
2018-2019;LILLE;59;NORD;0593106F;LYCEE GENERAL PRIVE SAINTE ODILE;59328;LAMBERSART;privé sous contrat;LEGT;124.3;;124.3;;
2018-2019;LILLE;59;NORD;0593114P;LYCEE GENERAL PRIVE SAINT PAUL;59350;LILLE;privé sous contrat;LEGT;141.2;;141.2;;
2018-2019;LILLE;59;NORD;0593138R;LYCEE GENERAL PRIVE SAINT MICHEL;59571;SOLESMES;privé sous contrat;LEGT;119.6;;119.6;;
2018-2019;LILLE;59;NORD;0594404S;LYCEE PROFESSIONNEL RENE CASSIN;59414;MONTIGNY EN OSTREVENT;public;LP;;68.0;68.0;;
2018-2019;LILLE;59;NORD;0594424N;LYCEE GENERAL ET TECHNOLOGIQUE RAYMOND QUENEAU;59009;VILLENEUVE D ASCQ;public;LEGT;111.2;;111.2;;
2018-2019;LILLE;59;NORD;0595480L;LYCEE PROFESSIONNEL ILE JEANTY;59183;DUNKERQUE;public;LP;;72.3;72.3;;
2018-2019;LILLE;59;NORD;0595616J;LYCEE GENERAL ET TECHNOLOGIQUE DU NOORDOVER;59271;GRANDE SYNTHE;public;LEGT;91.6;;91.6;;
2018-2019;LILLE;59;NORD;0595787V;LYCEE PROFESSIONNEL ALAIN SAVARY LYCEE DES METIERS;59650;WATTRELOS;public;LP;;68.0;68.0;;
2018-2019;LILLE;59;NORD;0596281G;LYCEE GENERAL PRIVE DE GENECH;59258;GENECH;privé sous contrat;LEGT;131.4;;131.4;;
2018-2019;LILLE;59;NORD;0596925G;LYCEE POLYVALENT CHARLOTTE PERRIAND;59258;GENECH;public;LPO;131.9;96.0;128.5;;
2018-2019;LILLE;62;PAS-DE-CALAIS;0620161N;LYCEE GENERAL ET TECHNOLOGIQUE ALEXANDRE RIBOT LYCEE DES METIERS DE LA GESTION DE L ADMINISTRATIF ET DU COMMERCE;62765;SAINT OMER;public;LEGT;102.3;;102.3;;
2018-2019;LILLE;62;PAS-DE-CALAIS;0620167V;LYCEE PROFESSIONNEL PIERRE MENDES FRANCE;62767;SAINT POL SUR TERNOISE;public;LP;;73.1;73.1;;
2018-2019;LILLE;62;PAS-DE-CALAIS;0620189U;LYCEE PROFESSIONNEL PIERRE DE COUBERTIN LYCEE DES METIERS DU TRANSPORT ET DE LA LOGISTIQUE;62193;CALAIS;public;LP;;73.8;73.8;;
2018-2019;LILLE;62;PAS-DE-CALAIS;0620220C;LYCEE PROFESSIONNEL LA PEUPLERAIE LYCEE DES METIERS DU TRANSPORT ET DE LA LOGISTIQUE;62771;SALLAUMINES;public;LP;;68.1;68.1;;
2018-2019;LILLE;62;PAS-DE-CALAIS;0620256S;LYCEE POLYVALENT GUY MOLLET;62041;ARRAS;public;LPO;102.9;81.0;101.0;;
2018-2019;LILLE;62;PAS-DE-CALAIS;0622114L;LYCEE POLYVALENT PRIVE SAINT PAUL;62498;LENS;privé sous contrat;LPO;118.3;103.6;116.4;;
2018-2019;LILLE;62;PAS-DE-CALAIS;0622192W;LYCEE PROFESSIONNEL PRIVE SAINT JOSEPH LYCEE DES METIERS MANAGEMENT GESTION COMMUNICATION;62318;ETAPLES;privé sous contrat;LP;;90.4;90.4;;
2018-2019;LILLE;62;PAS-DE-CALAIS;0622211S;LYCEE PROFESSIONNEL PRIVE SAINT PIERRE;62193;CALAIS;privé sous contrat;LP;;84.6;84.6;;
2018-2019;LILLE;62;PAS-DE-CALAIS;0623902E;LYCEE POLYVALENT MARGUERITE YOURCENAR LYCEE DES METIERS DE LA PERSONNE SANTE SOCIAL ET DE L HOTELLERIE RESTAURATION;62126;BEUVRY;public;LPO;95.3;77.5;90.6;;
2018-2019;LILLE;62;PAS-DE-CALAIS;0624430D;LYCEE GENERAL ET TECHNOLOGIQUE GAMBETTA CARNOT;62041;ARRAS;public;LEGT;110.0;;110.0;;
2016-2017;LILLE;59;NORD;0590010R;LYCEE GENERAL ET TECHNOLOGIQUE PAUL HAZARD;59017;ARMENTIERES;public;LEGT;106.2;;106.2;;
2016-2017;LILLE;59;NORD;0590034S;LYCEE GENERAL ET TECHNOLOGIQUE PAUL DUEZ;59122;CAMBRAI;public;LEGT;99.3;;99.3;;
2016-2017;LILLE;59;NORD;0590037V;LYCEE PROFESSIONNEL LOUISE DE BETTIGNIES;59122;CAMBRAI;public;LP;;76.4;76.4;;
2016-2017;LILLE;59;NORD;0590063Y;LYCEE GENERAL ALBERT CHATELET;59178;DOUAI;public;LEGT;117.2;;117.2;;
2016-2017;LILLE;59;NORD;0590101P;LYCEE GENERAL ET TECHNOLOGIQUE DES FLANDRES;59295;HAZEBROUCK;public;LEGT;112.3;;112.3;;
2016-2017;LILLE;59;NORD;0590125R;LYCEE HOTELIER INTERNATIONAL DE LILLE;59350;LILLE;public;LPO;103.4;87.6;90.3;;
2016-2017;LILLE;59;NORD;0590133Z;LYCEE PROFESSIONNEL MAURICE DUHAMEL;59360;LOOS;public;LP;;73.5;73.5;;
2016-2017;LILLE;59;NORD;0590143K;LYCEE GENERAL YVES KERNANEC;59378;MARCQ EN BAROEUL;public;LEGT;123.7;;123.7;;
2016-2017;LILLE;59;NORD;0590144L;LYCEE PROFESSIONNEL AUTOMOBILE ALFRED MONGY;59378;MARCQ EN BAROEUL;public;LP;;81.0;81.0;;
2016-2017;LILLE;59;NORD;0590182C;LYCEE GENERAL BAUDELAIRE;59512;ROUBAIX;public;LEGT;91.5;;91.5;;
2016-2017;LILLE;59;NORD;0590185F;LPO JEAN MOULIN LYCEE DES METIERS DU WEB LYCEE DES METIERS PREVENTION ET SECURITE LYCEE DES METIERS SERVICES ADMINISTRATIFS ET RELATION CLIENT;59512;ROUBAIX;public;LPO;67.4;68.0;67.7;;
2016-2017;LILLE;59;NORD;0590207E;LYCEE GENERAL ET TECHNOLOGIQUE LOUIS PASTEUR;59574;SOMAIN;public;LEGT;99.8;;99.8;;
2016-2017;LILLE;59;NORD;0590215N;LYCEE GENERAL ET TECHNOLOGIQUE SEVIGNE LYCEE DES METIERS DE LA MODE LYCEE DES METIERS DU SANITAIRE ET SOCIAL;59599;TOURCOING;public;LEGT;76.6;;76.6;;
2016-2017;LILLE;59;NORD;0592850C;LYCEE PROFESSIONNEL ANTOINE DE SAINT EXUPERY;59279;HALLUIN;public;LP;;72.5;72.5;;
2016-2017;LILLE;59;NORD;0592916Z;LYCEE GENERAL ET TECHNOLOGIQUE PRIVE NOTRE DAME DE GRACE;59392;MAUBEUGE;privé sous contrat;LEGT;108.6;;108.6;;
2016-2017;LILLE;59;NORD;0592964B;LYCEE PROFESSIONNEL PRIVE LEONARD DE VINCI;59512;ROUBAIX;privé sous contrat;LP;;79.5;79.5;;
2016-2017;LILLE;59;NORD;0593036E;LYCEE POLYVALENT PRIVE NOTRE DAME DU TILLEUL;59392;MAUBEUGE;privé sous contrat;LPO;84.2;69.0;74.6;;
2016-2017;LILLE;59;NORD;0593063J;LYCEE PROFESSIONNEL PRIVE SAINTE MARIE;59043;BAILLEUL;privé sous contrat;LP;;94.9;94.9;;
2016-2017;LILLE;59;NORD;0593079B;LYCEE POLYVALENT PRIVE SAINTE BERNADETTE;59324;JEUMONT;privé sous contrat;LPO;89.2;71.7;74.0;;
2016-2017;LILLE;59;NORD;0593114P;LYCEE GENERAL PRIVE SAINT PAUL;59350;LILLE;privé sous contrat;LEGT;143.3;;143.3;;
2016-2017;LILLE;59;NORD;0593138R;LYCEE GENERAL PRIVE SAINT MICHEL;59571;SOLESMES;privé sous contrat;LEGT;119.4;;119.4;;
2016-2017;LILLE;59;NORD;0594278E;LYCEE TECHNOLOGIQUE PRIVE EPID;59183;DUNKERQUE;privé sous contrat;LEGT;103.9;;103.9;;
2016-2017;LILLE;59;NORD;0594375K;LYCEE PROFESSIONNEL DINAH DERYCKE;59009;VILLENEUVE D ASCQ;public;LP;;81.3;81.3;;
2016-2017;LILLE;59;NORD;0594400M;LYCEE PROFESSIONNEL AUTOMOBILE ET TRANSPORTS LYCEE DES METIERS DU TRANSPORT ET DE LA LOGISTIQUE DU LITTORAL;59271;GRANDE SYNTHE;public;LP;;73.2;73.2;;
2016-2017;LILLE;59;NORD;0595480L;LYCEE PROFESSIONNEL ILE JEANTY;59183;DUNKERQUE;public;LP;;72.9;72.9;;
2016-2017;LILLE;59;NORD;0595657D;LYCEE POLYVALENT PRIVE INSTITUT SAINT VINCENT DE PAUL LYCEE DES METIERS DU BIEN ÊTRE DE LA SANTE ET DU SOCIAL;59360;LOOS;privé sous contrat;LPO;109.0;91.1;106.1;;
2016-2017;LILLE;59;NORD;0595678B;LYCEE PROFESSIONNEL LEONARD DE VINCI;59603;TRITH SAINT LEGER;public;LP;;71.9;71.9;;
2016-2017;LILLE;59;NORD;0595809U;LYCEE GENERAL ET TECHNOLOGIQUE DE L ESCAUT;59606;VALENCIENNES;public;LEGT;98.8;;98.8;;
2016-2017;LILLE;59;NORD;0595894L;LYCEE PROFESSIONNEL FRANCOIS RABELAIS;59178;DOUAI;public;LP;;70.2;70.2;;
2016-2017;LILLE;59;NORD;0596281G;LYCEE GENERAL PRIVE DE GENECH;59258;GENECH;privé sous contrat;LEGT;130.7;;130.7;;
2016-2017;LILLE;59;NORD;0596892W;LYCEE D EXCELLENCE EDGAR MORIN;59178;DOUAI;public;LEGT;92.9;;92.9;;
2016-2017;LILLE;62;PAS-DE-CALAIS;0620017G;LYCEE GENERAL LAVOISIER;62048;AUCHEL;public;LEGT;84.2;;84.2;;
2016-2017;LILLE;62;PAS-DE-CALAIS;0620018H;LYCEE PROFESSIONNEL FERNAND DEGRUGILLIER LYCEE DES METIERS DE L AUTOMOBILE LYCEE DES METIERS DE LA PLASTURGIE;62048;AUCHEL;public;LP;;69.7;69.7;;
2016-2017;LILLE;62;PAS-DE-CALAIS;0620056Z;LYCEE POLYVALENT CARNOT LYCEE DES METIERS DE L ELECTRONIQUE ET DE L ELECTROTECHNIQUE;62178;BRUAY LA BUISSIERE;public;LPO;95.2;71.5;89.9;;
2016-2017;LILLE;62;PAS-DE-CALAIS;0620109G;LYCEE GENERAL ET TECHNOLOGIQUE AUGUSTE BEHAL LYCEE DES METIERS DE LA MAINTENANCE INDUSTRIELLE LYCEE DES METIERS DE CONSTRUCTION BOIS ET MATERIAUX;62498;LENS;public;LEGT;78.5;;78.5;;
2016-2017;LILLE;62;PAS-DE-CALAIS;0620121V;LYCEE PROFESSIONNEL FLORA TRISTAN;62516;LILLERS;public;LP;;73.2;73.2;;
2016-2017;LILLE;62;PAS-DE-CALAIS;0620187S;LYCEE PROFESSIONNEL JULES VERNE LYCEE DES METIERS DU BATIMENT;62318;ETAPLES;public;LP;;69.7;69.7;;
2016-2017;LILLE;62;PAS-DE-CALAIS;0620190V;LYCEE PROFESSIONNEL HENRI DARRAS LYCEE DES METIERS DE LA CHAUDRONNERIE INDUSTRIELLE;62510;LIEVIN;public;LP;;74.7;74.7;;
2016-2017;LILLE;62;PAS-DE-CALAIS;0622106C;LYCEE GENERAL PRIVE SAINT VAAST SAINT DOMINIQUE;62119;BETHUNE;privé sous contrat;LEGT;129.0;;129.0;;
2016-2017;LILLE;62;PAS-DE-CALAIS;0622107D;LYCEE GENERAL PRIVE NAZARETH HAFFREINGUE;62160;BOULOGNE SUR MER;privé sous contrat;LEGT;125.4;;125.4;;
2016-2017;LILLE;62;PAS-DE-CALAIS;0622114L;LYCEE POLYVALENT PRIVE SAINT PAUL;62498;LENS;privé sous contrat;LPO;122.2;106.4;120.2;;
2016-2017;LILLE;62;PAS-DE-CALAIS;0622211S;LYCEE PROFESSIONNEL PRIVE SAINT PIERRE;62193;CALAIS;privé sous contrat;LP;;87.3;87.3;;
2017-2018;LILLE;59;NORD;0594424N;LYCEE GENERAL ET TECHNOLOGIQUE RAYMOND QUENEAU;59009;VILLENEUVE D ASCQ;public;LEGT;111.5;;111.5;;
2017-2018;LILLE;59;NORD;0594532F;LYCEE PROFESSIONNEL AMBROISE CROIZAT LYCEE DES METIERS DU SANITAIRE ET SOCIAL;59028;AUBY;public;LP;;69.0;69.0;;
2017-2018;LILLE;59;NORD;0595787V;LYCEE PROFESSIONNEL ALAIN SAVARY LYCEE DES METIERS;59650;WATTRELOS;public;LP;;66.0;66.0;;
2017-2018;LILLE;59;NORD;0595856V;LYCEE PROFESSIONNEL DE L YSER;59663;WORMHOUT;public;LP;;68.7;68.7;;
2017-2018;LILLE;59;NORD;0595894L;LYCEE PROFESSIONNEL FRANCOIS RABELAIS;59178;DOUAI;public;LP;;71.9;71.9;;
2017-2018;LILLE;59;NORD;0596122J;LYCEE GENERAL PRIVE JEANNINE MANUEL;59378;MARCQ EN BAROEUL;privé sous contrat;LEGT;153.8;;153.8;;
2017-2018;LILLE;59;NORD;0596281G;LYCEE GENERAL PRIVE DE GENECH;59258;GENECH;privé sous contrat;LEGT;133.3;;133.3;;
2017-2018;LILLE;59;NORD;0596957S;LYCEE PROFESSIONNEL AIME CESAIRE;59350;LILLE;public;LP;;69.4;69.4;;
2017-2018;LILLE;62;PAS-DE-CALAIS;0620006V;LYCEE GENERAL ET TECHNOLOGIQUE ROBESPIERRE;62041;ARRAS;public;LEGT;121.6;;121.6;;
2017-2018;LILLE;62;PAS-DE-CALAIS;0620011A;LYCEE PROFESSIONNEL JACQUES LE CARON LYCEE DES METIERS DU BATIMENT;62041;ARRAS;public;LP;;76.0;76.0;;
2017-2018;LILLE;62;PAS-DE-CALAIS;0620017G;LYCEE GENERAL LAVOISIER;62048;AUCHEL;public;LEGT;85.0;;85.0;;
2017-2018;LILLE;62;PAS-DE-CALAIS;0620030W;LYCEE PROFESSIONNEL PHILIPPE AUGUSTE;62080;BAPAUME;public;LP;;77.1;77.1;;
2017-2018;LILLE;62;PAS-DE-CALAIS;0620040G;LYCEE GENERAL ET TECHNOLOGIQUE LOUIS BLARINGHEM;62119;BETHUNE;public;LEGT;118.2;;118.2;;
2017-2018;LILLE;62;PAS-DE-CALAIS;0620042J;LYCEE GENERAL ET TECHNOLOGIQUE ANDRE MALRAUX;62119;BETHUNE;public;LEGT;100.3;;100.3;;
2017-2018;LILLE;62;PAS-DE-CALAIS;0620110H;LYCEE PROFESSIONNEL AUGUSTE BEHAL LYCEE DES METIERS DE LA PERSONNE SANTE SOCIAL LYCEE DES METIERS DE CONSTRUCTION BOIS ET MATERIAUX;62498;LENS;public;LP;;69.4;69.4;;
2017-2018;LILLE;62;PAS-DE-CALAIS;0620121V;LYCEE PROFESSIONNEL FLORA TRISTAN;62516;LILLERS;public;LP;;72.1;72.1;;
2017-2018;LILLE;62;PAS-DE-CALAIS;0620124Y;LYCEE PROFESSIONNEL BERNARD CHOCHOY;62534;LUMBRES;public;LP;;73.3;73.3;;
2017-2018;LILLE;62;PAS-DE-CALAIS;0620140R;LYCEE POLYVALENT EUGENE WOILLEZ;62588;MONTREUIL;public;LPO;105.9;75.9;101.1;;
2017-2018;LILLE;62;PAS-DE-CALAIS;0620161N;LYCEE GENERAL ET TECHNOLOGIQUE ALEXANDRE RIBOT LYCEE DES METIERS DE LA GESTION DE L ADMINISTRATIF ET DU COMMERCE;62765;SAINT OMER;public;LEGT;100.4;;100.4;;
2017-2018;LILLE;62;PAS-DE-CALAIS;0620189U;LYCEE PROFESSIONNEL PIERRE DE COUBERTIN LYCEE DES METIERS DU TRANSPORT ET DE LA LOGISTIQUE;62193;CALAIS;public;LP;;73.2;73.2;;
2017-2018;LILLE;62;PAS-DE-CALAIS;0620257T;LYCEE PROFESSIONNEL ALAIN SAVARY JULES FERRY;62041;ARRAS;public;LP;;77.8;77.8;;
2017-2018;LILLE;62;PAS-DE-CALAIS;0622089J;LYCEE PROFESSIONNEL ANDRE MALRAUX LYCEE DES METIERS DE LA MAINTENANCE INDUSTRIELLE;62119;BETHUNE;public;LP;;76.7;76.7;;
2017-2018;LILLE;62;PAS-DE-CALAIS;0622106C;LYCEE GENERAL PRIVE SAINT VAAST SAINT DOMINIQUE;62119;BETHUNE;privé sous contrat;LEGT;128.4;;128.4;;
2017-2018;LILLE;62;PAS-DE-CALAIS;0622110G;LYCEE GENERAL ET TECHNOLOGIQUE PRIVE SAINT PIERRE;62193;CALAIS;privé sous contrat;LEGT;116.5;;116.5;;
2017-2018;LILLE;62;PAS-DE-CALAIS;0622275L;LYCEE PROFESSIONNEL JEAN CHARLES CAZIN LYCEE DES METIERS DES ACTIVITES COMMERCIALES ET ADMINISTRATIVES;62160;BOULOGNE SUR MER;public;LP;;67.3;67.3;;
2017-2018;LILLE;62;PAS-DE-CALAIS;0622276M;LYCEE POLYVALENT JAN LAVEZZARI;62108;BERCK;public;LPO;100.5;75.6;93.5;;
2017-2018;LILLE;62;PAS-DE-CALAIS;0622807P;LYCEE POLYVALENT HOTELIER LYCEE DES METIERS DE L HOTELLERIE RESTAURATION;62826;LE TOUQUET PARIS PLAGE;public;LPO;118.5;96.8;106.6;;
2017-2018;LILLE;62;PAS-DE-CALAIS;0623328F;LYCEE PROFESSIONNEL HENRI SENEZ LYCEE DES METIERS DE LA CHAUDRONNERIE INDUSTRIELLE;62427;HENIN BEAUMONT;public;LP;;70.5;70.5;;
2019-2020;LILLE;59;NORD;0590010R;LYCEE GENERAL ET TECHNOLOGIQUE PAUL HAZARD;59017;ARMENTIERES;public;LEGT;104.9;;104.9;35.4;
2019-2020;LILLE;59;NORD;0590011S;LYCEE POLYVALENT GUSTAVE EIFFEL;59017;ARMENTIERES;public;LPO;114.9;87.3;109.6;35.4;29.4
2019-2020;LILLE;59;NORD;0590037V;LYCEE PROFESSIONNEL LOUISE DE BETTIGNIES;59122;CAMBRAI;public;LP;;74.8;74.8;;25.2
2019-2020;LILLE;59;NORD;0590044C;LYCEE POLYVALENT JOSEPH MARIE JACQUARD;59139;CAUDRY;public;LPO;90.2;72.0;82.8;32.6;24.0
2019-2020;LILLE;59;NORD;0590063Y;LYCEE GENERAL ALBERT CHATELET;59178;DOUAI;public;LEGT;118.0;;118.0;39.0;
2019-2020;LILLE;59;NORD;0590065A;LYCEE GENERAL ET TECHNOLOGIQUE EDMOND LABBE;59178;DOUAI;public;LEGT;89.6;;89.6;31.9;
2019-2020;LILLE;59;NORD;0590071G;LYCEE GENERAL ET TECHNOLOGIQUE JEAN BART;59183;DUNKERQUE;public;LEGT;108.8;;108.8;37.1;
2019-2020;LILLE;59;NORD;0590093F;LYCEE POLYVALENT BEAUPRE LYCEE DES METIERS DE LA PLASTURGIE;59286;HAUBOURDIN;public;LPO;109.9;83.6;102.4;35.4;27.6
2019-2020;LILLE;59;NORD;0590122M;LYCEE POLYVALENT VALENTINE LABBE LYCEE DES METIERS DE LA BIOLOGIE DE LA BIOCHIMIE ET DES BIOTECHNOLOGIES DE LA SANTE ET DU SOCIAL;59368;LA MADELEINE;public;LPO;93.0;76.7;88.3;33.1;28.6
2019-2020;LILLE;59;NORD;0590186G;LYCEE PROFESSIONNEL TURGOT LYCEE DES METIERS DES SERVICES ADMINISTRATIFS ET DE LA RELATION CLIENT;59512;ROUBAIX;public;LP;;67.0;67.0;;25.2
2019-2020;LILLE;59;NORD;0590187H;LYCEE PROFESSIONNEL LOUIS LOUCHEUR;59512;ROUBAIX;public;LP;;66.1;66.1;;20.7
2019-2020;LILLE;59;NORD;0590192N;LYCEE POLYVALENT ERNEST COUTEAUX;59526;SAINT AMAND LES EAUX;public;LPO;112.3;79.7;106.3;35.1;25.2
2019-2020;LILLE;59;NORD;0590222W;LYCEE GENERAL ET TECHNOLOGIQUE WATTEAU;59606;VALENCIENNES;public;LEGT;118.3;;118.3;38.3;
2019-2020;LILLE;59;NORD;0590252D;LYCEE PROFESSIONNEL LOUIS LEOPOLD BOILLY;59051;LA BASSEE;public;LP;;82.7;82.7;;28.7
2019-2020;LILLE;59;NORD;0590257J;LYCEE PROFESSIONNEL ILE DE FLANDRE;59017;ARMENTIERES;public;LP;;79.4;79.4;;27.9
2019-2020;LILLE;59;NORD;0590258K;LYCEE GENERAL ET TECHNOLOGIQUE GASTON BERGER;59350;LILLE;public;LEGT;85.3;;85.3;31.9;
2019-2020;LILLE;59;NORD;0592832H;LYCEE PROFESSIONNEL VERTES FEUILLES LYCEE DES METIERS DE LA PREVENTION ET DE LA SECURITE;59527;SAINT ANDRE LEZ LILLE;public;LP;;76.5;76.5;;25.8
2019-2020;LILLE;59;NORD;0592922F;LYCEE GENERAL PRIVE THERESE D AVILA;59350;LILLE;privé sous contrat;LEGT;143.4;;143.4;27.1;
2019-2020;LILLE;59;NORD;0592926K;LYCEE GENERAL ET TECHNOLOGIQUE PRIVE SAINT JUDE;59017;ARMENTIERES;privé sous contrat;LEGT;133.9;;133.9;31.3;
2019-2020;LILLE;59;NORD;0592932S;LYCEE GENERAL PRIVE SAINTE MARIE;59056;BEAUCAMPS LIGNY;privé sous contrat;LEGT;137.3;;137.3;30.5;
2019-2020;LILLE;59;NORD;0592940A;LYCEE GENERAL PRIVE SAINT JEAN;59178;DOUAI;privé sous contrat;LEGT;128.8;;128.8;35.2;
2019-2020;LILLE;59;NORD;0592944E;LYCEE GENERAL PRIVE SAINT ADRIEN LA SALLE;59009;VILLENEUVE D ASCQ;privé sous contrat;LEGT;141.9;;141.9;30.3;
2019-2020;LILLE;59;NORD;0592966D;LYCEE POLYVALENT PRIVE EIC JEHANNE D ARC LYCEE DES METIERS DU COMMERCE ET DE LA VENTE;59599;TOURCOING;privé sous contrat;LPO;95.3;87.2;89.8;33.2;30.1
2019-2020;LILLE;59;NORD;0592976P;LYCEE POLYVALENT PRIVE HELENE BOUCHER;59574;SOMAIN;privé sous contrat;LPO;97.2;82.2;85.8;33.0;28.3
2019-2020;LILLE;59;NORD;0593006X;LYCEE POLYVALENT PRIVE NOTRE DAME D ANNAY;59350;LILLE;privé sous contrat;LPO;114.9;97.5;108.9;31.6;31.9
2019-2020;LILLE;59;NORD;0593106F;LYCEE GENERAL PRIVE SAINTE ODILE;59328;LAMBERSART;privé sous contrat;LEGT;127.6;;127.6;32.2;
2019-2020;LILLE;59;NORD;0593138R;LYCEE GENERAL PRIVE SAINT MICHEL;59571;SOLESMES;privé sous contrat;LEGT;119.9;;119.9;33.2;
2019-2020;LILLE;59;NORD;0593139S;LYCEE GENERAL PRIVE SACRE COEUR;59599;TOURCOING;privé sous contrat;LEGT;119.7;;119.7;35.0;
2019-2020;LILLE;59;NORD;0594391C;LYCEE TECHNOLOGIQUE ECOLE SUP ARTS APPLIQUES TEXTILE;59512;ROUBAIX;public;LEGT;123.7;;123.7;36.3;
2019-2020;LILLE;59;NORD;0595884A;LYCEE POLYVALENT ANDRE LURCAT;59392;MAUBEUGE;public;LPO;75.5;69.1;72.9;28.6;27.1
2019-2020;LILLE;59;NORD;0596281G;LYCEE GENERAL PRIVE DE GENECH;59258;GENECH;privé sous contrat;LEGT;126.3;;126.3;32.5;
2019-2020;LILLE;59;NORD;0597005U;LYCEE POLYVALENT DU VAL DE LYS;59212;ESTAIRES;public;LPO;103.4;82.4;98.1;33.4;28.3
2019-2020;LILLE;62;PAS-DE-CALAIS;0620011A;LYCEE PROFESSIONNEL JACQUES LE CARON LYCEE DES METIERS DU BATIMENT;62041;ARRAS;public;LP;;74.2;74.2;;25.6
2019-2020;LILLE;62;PAS-DE-CALAIS;0620040G;LYCEE GENERAL ET TECHNOLOGIQUE LOUIS BLARINGHEM;62119;BETHUNE;public;LEGT;118.8;;118.8;34.2;
2019-2020;LILLE;62;PAS-DE-CALAIS;0620095S;LYCEE POLYVALENT LOUIS PASTEUR LYCEE DES METIERS CAMPUS DES TRAVAUX PUBLICS;62427;HENIN BEAUMONT;public;LPO;92.6;79.8;88.7;32.7;28.5
2019-2020;LILLE;62;PAS-DE-CALAIS;0620110H;LYCEE PROFESSIONNEL AUGUSTE BEHAL LYCEE DES METIERS DE LA PERSONNE SANTE SOCIAL LYCEE DES METIERS DE CONSTRUCTION BOIS ET MATERIAUX;62498;LENS;public;LP;;72.0;72.0;;23.2
2019-2020;LILLE;62;PAS-DE-CALAIS;0620167V;LYCEE PROFESSIONNEL PIERRE MENDES FRANCE;62767;SAINT POL SUR TERNOISE;public;LP;;73.2;73.2;;23.7
2019-2020;LILLE;62;PAS-DE-CALAIS;0620188T;LYCEE PROFESSIONNEL DU DETROIT LYCEE DES METIERS DE LA MODE ET DES TEXTILES LYCEE DES METIERS DE LA MAINTENANCE INDUSTRIELLE DES TERRES D OPALE;62193;CALAIS;public;LP;;68.4;68.4;;22.1
2019-2020;LILLE;62;PAS-DE-CALAIS;0620189U;LYCEE PROFESSIONNEL PIERRE DE COUBERTIN LYCEE DES METIERS DU TRANSPORT ET DE LA LOGISTIQUE;62193;CALAIS;public;LP;;75.0;75.0;;23.9
2019-2020;LILLE;62;PAS-DE-CALAIS;0620258U;LYCEE PROFESSIONNEL VOLTAIRE;62895;WINGLES;public;LP;;77.7;77.7;;26.6
2019-2020;LILLE;62;PAS-DE-CALAIS;0622089J;LYCEE PROFESSIONNEL ANDRE MALRAUX;62119;BETHUNE;public;LP;;77.9;77.9;;28.1
2019-2020;LILLE;62;PAS-DE-CALAIS;0622116N;LYCEE GENERAL PRIVE LA MALASSISE;62525;LONGUENESSE;privé sous contrat;LEGT;132.8;;132.8;31.3;
2019-2020;LILLE;62;PAS-DE-CALAIS;0622120T;LYCEE GENERAL PRIVE NOTRE DAME DE SION;62765;SAINT OMER;privé sous contrat;LEGT;129.6;;129.6;28.5;
2019-2020;LILLE;62;PAS-DE-CALAIS;0622199D;LYCEE POLYVALENT PRIVE SAINT DENIS;62765;SAINT OMER;privé sous contrat;LPO;112.2;100.8;109.9;29.6;34.1
2019-2020;LILLE;62;PAS-DE-CALAIS;0622211S;LYCEE PROFESSIONNEL PRIVE SAINT PIERRE;62193;CALAIS;privé sous contrat;LP;;86.6;86.6;;27.4
2019-2020;LILLE;62;PAS-DE-CALAIS;0622801H;LYCEE PROFESSIONNEL JEAN BERTIN LYCEE DES METIERS DES TRAVAUX PUBLICS;62178;BRUAY LA BUISSIERE;public;LP;;89.4;89.4;;29.2
2019-2020;LILLE;62;PAS-DE-CALAIS;0623377J;LYCEE PROFESSIONNEL DU BATIMENT FRANCOIS HENNEBIQUE;62510;LIEVIN;public;LP;;68.7;68.7;;19.5
2019-2020;LILLE;62;PAS-DE-CALAIS;0623463C;LYCEE PROFESSIONNEL NORMANDIE NIEMEN LYCEE DES METIERS DU BATIMENT ET DES ENERGIES RENOUVELABLES;62193;CALAIS;public;LP;;70.5;70.5;;22.4
2019-2020;LILLE;62;PAS-DE-CALAIS;0623864N;LYCEE PROFESSIONNEL MAXIMILIEN DE ROBESPIERRE LYCEE DES METIERS DE L AUTOMOBILE;62498;LENS;public;LP;;73.7;73.7;;27.0
2020-2021;LILLE;59;NORD;0590005K;LYCEE PROFESSIONNEL PIERRE JOSEPH FONTAINE LYCEE DES METIERS DE LA CONDUITE ET DE LA MAINTENANCE DES SYSTEMES;59014;ANZIN;public;LP;;68.8;68.8;;22.9
2020-2021;LILLE;59;NORD;0590018Z;LYCEE POLYVALENT JESSE DE FOREST;59036;AVESNES SUR HELPE;public;LPO;101.8;71.0;96.3;37.5;24.9
2020-2021;LILLE;59;NORD;0590037V;LYCEE PROFESSIONNEL LOUISE DE BETTIGNIES;59122;CAMBRAI;public;LP;;75.1;75.1;;25.8
2020-2021;LILLE;59;NORD;0590101P;LYCEE GENERAL ET TECHNOLOGIQUE DES FLANDRES;59295;HAZEBROUCK;public;LEGT;114.0;;114.0;34.9;
2020-2021;LILLE;59;NORD;0590112B;LYCEE GENERAL ET TECHNOLOGIQUE DUPLEIX;59331;LANDRECIES;public;LEGT;98.9;;98.9;34.6;
2020-2021;LILLE;59;NORD;0590122M;LYCEE POLYVALENT VALENTINE LABBE LYCEE DES METIERS DE LA BIOLOGIE DE LA BIOCHIMIE ET DES BIOTECHNOLOGIES DE LA SANTE ET DU SOCIAL;59368;LA MADELEINE;public;LPO;91.8;76.8;87.1;33.7;30.0
2020-2021;LILLE;59;NORD;0590143K;LYCEE GENERAL YVES KERNANEC;59378;MARCQ EN BAROEUL;public;LEGT;126.9;;126.9;36.2;
2020-2021;LILLE;59;NORD;0590168M;LYCEE POLYVALENT EUGENE THOMAS;59481;LE QUESNOY;public;LPO;117.0;82.5;111.6;36.4;27.6
2020-2021;LILLE;59;NORD;0590192N;LYCEE POLYVALENT ERNEST COUTEAUX;59526;SAINT AMAND LES EAUX;public;LPO;111.5;78.1;105.5;35.3;27.3
2020-2021;LILLE;59;NORD;0590214M;LYCEE POLYVALENT COLBERT LYCEE DES METIERS DU NUMERIQUE ET DES TECHNOLOGIES INNOVANTES;59599;TOURCOING;public;LPO;96.2;80.3;91.8;39.0;30.2
2020-2021;LILLE;59;NORD;0590221V;LYCEE GENERAL ET TECHNOLOGIQUE HENRI WALLON;59606;VALENCIENNES;public;LEGT;106.6;;106.6;39.9;
2020-2021;LILLE;59;NORD;0590257J;LYCEE PROFESSIONNEL ILE DE FLANDRE;59017;ARMENTIERES;public;LP;;77.5;77.5;;26.8
2020-2021;LILLE;59;NORD;0590258K;LYCEE GENERAL ET TECHNOLOGIQUE GASTON BERGER;59350;LILLE;public;LEGT;80.6;;80.6;29.1;
2020-2021;LILLE;59;NORD;0590264S;LYCEE PROFESSIONNEL ALFRED KASTLER LYCEE DES METIERS DE LA CONDUITE ET DE LA MAINTENANCE DES SYSTEMES;59172;DENAIN;public;LP;;70.2;70.2;;21.9
2020-2021;LILLE;59;NORD;0592611T;LYCEE PROFESSIONNEL LOUIS BLERIOT LYCEE DES METIERS DU BATIMENT ET DES ENERGIES DURABLES;59122;CAMBRAI;public;LP;;73.3;73.3;;27.0
2020-2021;LILLE;59;NORD;0592833J;LYCEE PROFESSIONNEL LES HAUTS DE FLANDRE;59560;SECLIN;public;LP;;79.2;79.2;;28.5
2020-2021;LILLE;59;NORD;0592935V;LYCEE GENERAL PRIVE LA CROIX BLANCHE;59090;BONDUES;privé sous contrat;LEGT;139.5;;139.5;29.4;
2020-2021;LILLE;59;NORD;0592969G;LYCEE POLYVALENT PRIVE DAMPIERRE;59606;VALENCIENNES;privé sous contrat;LPO;106.4;82.9;90.2;35.9;26.2
2020-2021;LILLE;59;NORD;0592976P;LYCEE POLYVALENT PRIVE HELENE BOUCHER;59574;SOMAIN;privé sous contrat;LPO;94.3;82.5;85.3;29.1;27.8
2020-2021;LILLE;59;NORD;0593020M;LYCEE PROFESSIONNEL PRIVE DE LA CHAMBRE DES METIERS ET DE L ARTISANAT (CMA) HAUTS DE FRANCE;59350;LILLE;privé sous contrat;LP;;92.0;92.0;;35.0
2020-2021;LILLE;59;NORD;0593058D;LYCEE POLYVALENT PRIVE VAUBAN LYCEE DES METIERS;59183;DUNKERQUE;privé sous contrat;LPO;97.4;88.7;91.5;30.3;30.1
2020-2021;LILLE;59;NORD;0593071T;LYCEE POLYVALENT PRIVE DEFOREST DE LEWARDE;59178;DOUAI;privé sous contrat;LPO;96.8;88.9;91.2;31.5;27.4
2020-2021;LILLE;59;NORD;0593225K;LYCEE PRIVE DE MARCQ;59378;MARCQ EN BAROEUL;privé sous contrat;LEGT;148.7;;148.7;21.0;
2020-2021;LILLE;59;NORD;0594652L;LYCEE PROFESSIONNEL DES PLAINES DU NORD;59271;GRANDE SYNTHE;public;LP;;73.9;73.9;;24.1
2020-2021;LILLE;59;NORD;0594653M;LYCEE PROFESSIONNEL ANDRE JURENIL;59172;DENAIN;public;LP;;68.7;68.7;;21.0
2020-2021;LILLE;59;NORD;0595480L;LYCEE PROFESSIONNEL ILE JEANTY;59183;DUNKERQUE;public;LP;;69.8;69.8;;23.0
2020-2021;LILLE;59;NORD;0595678B;LYCEE PROFESSIONNEL LEONARD DE VINCI;59603;TRITH SAINT LEGER;public;LP;;74.8;74.8;;26.5
2020-2021;LILLE;59;NORD;0595809U;LYCEE GENERAL ET TECHNOLOGIQUE DE L ESCAUT;59606;VALENCIENNES;public;LEGT;99.1;;99.1;37.3;
2020-2021;LILLE;59;NORD;0596335R;LYCEE GENERAL PRIVE INSTITUT D ANCHIN;59456;PECQUENCOURT;privé sous contrat;LEGT;123.2;;123.2;35.1;
2020-2021;LILLE;59;NORD;0596925G;LYCEE POLYVALENT CHARLOTTE PERRIAND;59258;GENECH;public;LPO;134.1;99.6;131.7;30.8;34.2
2020-2021;LILLE;62;PAS-DE-CALAIS;0620006V;LYCEE GENERAL ET TECHNOLOGIQUE ROBESPIERRE;62041;ARRAS;public;LEGT;119.7;;119.7;36.0;
2020-2021;LILLE;62;PAS-DE-CALAIS;0620018H;LYCEE PROFESSIONNEL FERNAND DEGRUGILLIER LYCEE DES METIERS DE L AUTOMOBILE LYCEE DES METIERS DE LA PLASTURGIE;62048;AUCHEL;public;LP;;70.9;70.9;;21.9
2020-2021;LILLE;62;PAS-DE-CALAIS;0620063G;LYCEE GENERAL ET TECHNOLOGIQUE SOPHIE BERTHELOT;62193;CALAIS;public;LEGT;103.3;;103.3;35.4;
2020-2021;LILLE;62;PAS-DE-CALAIS;0620109G;LYCEE GENERAL ET TECHNOLOGIQUE AUGUSTE BEHAL;62498;LENS;public;LEGT;81.7;;81.7;29.4;
2020-2021;LILLE;62;PAS-DE-CALAIS;0620120U;LYCEE GENERAL ET TECHNOLOGIQUE ANATOLE FRANCE;62516;LILLERS;public;LEGT;108.3;;108.3;35.5;
2020-2021;LILLE;62;PAS-DE-CALAIS;0620187S;LYCEE PROFESSIONNEL JULES VERNE LYCEE DES METIERS DU BATIMENT ET DES ENERGIES RENOUVELABLES;62318;ETAPLES;public;LP;;76.7;76.7;;22.3
2020-2021;LILLE;62;PAS-DE-CALAIS;0620258U;LYCEE PROFESSIONNEL VOLTAIRE;62895;WINGLES;public;LP;;80.1;80.1;;28.7
2020-2021;LILLE;62;PAS-DE-CALAIS;0622192W;LYCEE PROFESSIONNEL PRIVE SAINT JOSEPH LYCEE DES METIERS MANAGEMENT GESTION COMMUNICATION;62318;ETAPLES;privé sous contrat;LP;;86.8;86.8;;27.0
2020-2021;LILLE;62;PAS-DE-CALAIS;0622198C;LYCEE POLYVALENT PRIVE SAINT JOSEPH LYCEE DES METIERS DES ENERGIES DU NUMERIQUE ET DE L AUTOMATION MANAGEMENT GESTION COMMUNICATION SANTE SOCIAL;62758;SAINT MARTIN BOULOGNE;privé sous contrat;LPO;108.6;89.7;101.3;32.3;30.5
2020-2021;LILLE;62;PAS-DE-CALAIS;0622803K;LYCEE GENERAL ET TECHNOLOGIQUE BLAISE PASCAL;62525;LONGUENESSE;public;LEGT;107.8;;107.8;35.5;
2020-2021;LILLE;62;PAS-DE-CALAIS;0622949U;LYCEE GENERAL ET TECHNOLOGIQUE MARIETTE LYCEE DES METIERS DES ACTIVITES COMMERCIALES ET ADMINISTRATIVES;62160;BOULOGNE SUR MER;public;LEGT;101.8;;101.8;37.3;
2020-2021;LILLE;62;PAS-DE-CALAIS;0623328F;LYCEE PROFESSIONNEL HENRI SENEZ LYCEE DES METIERS;62427;HENIN BEAUMONT;public;LP;;72.0;72.0;;24.2
2020-2021;LILLE;62;PAS-DE-CALAIS;0623463C;LYCEE PROFESSIONNEL NORMANDIE NIEMEN LYCEE DES METIERS DU BATIMENT ET DES ENERGIES RENOUVELABLES;62193;CALAIS;public;LP;;69.0;69.0;;22.8
2020-2021;LILLE;62;PAS-DE-CALAIS;0624440P;LYCEE POLYVALENT D ARTOIS LYCEE DES METIERS DES SYSTEMES AUTOMATIQUES;62617;NOEUX LES MINES;public;LPO;97.0;71.4;87.0;34.5;23.5
2021-2022;LILLE;59;NORD;0590005K;LYCEE PROFESSIONNEL PIERRE JOSEPH FONTAINE;59014;ANZIN;public;LP;;68.7;68.7;;23.3
2021-2022;LILLE;59;NORD;0590011S;LYCEE POLYVALENT GUSTAVE EIFFEL LYCEE DES METIERS;59017;ARMENTIERES;public;LPO;118.4;89.7;112.6;36.0;30.0
2021-2022;LILLE;59;NORD;0590037V;LYCEE PROFESSIONNEL LOUISE DE BETTIGNIES;59122;CAMBRAI;public;LP;;75.5;75.5;;26.1
2021-2022;LILLE;59;NORD;0590044C;LYCEE POLYVALENT JOSEPH MARIE JACQUARD;59139;CAUDRY;public;LPO;90.1;70.0;82.6;33.8;22.4
2021-2022;LILLE;59;NORD;0590093F;LYCEE POLYVALENT BEAUPRE LYCEE DES METIERS DE LA PLASTURGIE;59286;HAUBOURDIN;public;LPO;114.4;84.2;106.3;33.9;26.9
2021-2022;LILLE;59;NORD;0590117G;LYCEE GENERAL ET TECHNOLOGIQUE LOUIS PASTEUR;59350;LILLE;public;LEGT;114.7;;114.7;41.8;
2021-2022;LILLE;59;NORD;0590122M;LYCEE POLYVALENT VALENTINE LABBE;59368;LA MADELEINE;public;LPO;91.4;75.9;86.3;33.1;27.0
2021-2022;LILLE;59;NORD;0590125R;LYCEE HOTELIER INTERNATIONAL DE LILLE;59350;LILLE;public;LPO;116.9;87.2;91.2;35.8;33.4
2021-2022;LILLE;59;NORD;0590149S;LYCEE POLYVALENT PIERRE FOREST;59392;MAUBEUGE;public;LPO;93.2;74.3;91.8;34.8;25.9
2021-2022;LILLE;59;NORD;0590184E;LYCEE GENERAL JEAN ROSTAND;59512;ROUBAIX;public;LEGT;74.9;;74.9;29.9;
2021-2022;LILLE;59;NORD;0590185F;LPO JEAN MOULIN LYCEE DES METIERS DE LA SECURITE ET DE LA PREVENTION LYCEE DES METIERS DES SERVICES ADMINISTRATIFS ET DE LA RELATION AUX CLIENTS;59512;ROUBAIX;public;LPO;67.1;69.8;68.2;24.5;26.0
2021-2022;LILLE;59;NORD;0590233H;LYCEE POLYVALENT EMILE ZOLA;59650;WATTRELOS;public;LPO;83.8;71.7;79.5;30.8;24.6
2021-2022;LILLE;59;NORD;0590252D;LYCEE PROFESSIONNEL LOUIS LEOPOLD BOILLY;59051;LA BASSEE;public;LP;;84.4;84.4;;27.8
2021-2022;LILLE;59;NORD;0590282L;LYCEE GENERAL ET TECHNOLOGIQUE JULES MOUSSERON;59172;DENAIN;public;LEGT;88.5;;88.5;32.9;
2021-2022;LILLE;59;NORD;0592913W;LYCEE GENERAL PRIVE NOTRE DAME DES ANGES;59526;SAINT AMAND LES EAUX;privé sous contrat;LEGT;129.0;;129.0;30.9;
2021-2022;LILLE;59;NORD;0592916Z;LYCEE GENERAL ET TECHNOLOGIQUE PRIVE NOTRE DAME DE GRACE;59392;MAUBEUGE;privé sous contrat;LEGT;107.4;;107.4;36.7;
2021-2022;LILLE;59;NORD;0592928M;LYCEE POLYVALENT PRIVE SAINTE JEANNE D ARC LYCEE DES METIERS DE L HOTELLERIE RESTAURATION LYCEE DES METIERS DE L ESTHETIQUE ET DE LA COIFFURE;59033;AULNOYE AYMERIES;privé sous contrat;LPO;92.4;81.9;86.9;33.1;32.4
2021-2022;LILLE;59;NORD;0592966D;LYCEE POLYVALENT PRIVE EIC JEHANNE D ARC;59599;TOURCOING;privé sous contrat;LPO;98.9;88.1;91.3;33.7;32.1
2021-2022;LILLE;59;NORD;0593006X;LYCEE POLYVALENT PRIVE NOTRE DAME D ANNAY;59350;LILLE;privé sous contrat;LPO;107.7;91.8;101.4;35.0;28.9
2021-2022;LILLE;59;NORD;0593015G;LYCEE PROFESSIONNEL PRIVE CAMILLE DE LELLIS;59328;LAMBERSART;privé sous contrat;LP;;82.8;82.8;;32.1
2021-2022;LILLE;59;NORD;0593061G;LYCEE POLYVALENT PRIVE SAINT LUC;59122;CAMBRAI;privé sous contrat;LPO;120.6;93.6;109.0;33.0;33.3
2021-2022;LILLE;59;NORD;0593106F;LYCEE GENERAL PRIVE SAINTE ODILE;59328;LAMBERSART;privé sous contrat;LEGT;126.9;;126.9;32.9;
2021-2022;LILLE;59;NORD;0593138R;LYCEE GENERAL PRIVE SAINT MICHEL;59571;SOLESMES;privé sous contrat;LEGT;116.9;;116.9;32.8;
2021-2022;LILLE;59;NORD;0593139S;LYCEE GENERAL PRIVE SACRE COEUR;59599;TOURCOING;privé sous contrat;LEGT;117.7;;117.7;35.4;
2021-2022;LILLE;59;NORD;0594391C;LYCEE TECHNOLOGIQUE ECOLE SUP ARTS APPLIQUES TEXTILE;59512;ROUBAIX;public;LEGT;130.1;;130.1;34.4;
2021-2022;LILLE;59;NORD;0594400M;LYCEE PROFESSIONNEL AUTOMOBILE ET TRANSPORTS;59271;GRANDE SYNTHE;public;LP;;73.3;73.3;;21.8
2021-2022;LILLE;59;NORD;0595657D;LYCEE POLYVALENT PRIVE INSTITUT SAINT VINCENT DE PAUL LYCEE DES METIERS DU BIEN ÊTRE DE LA SANTE ET DU SOCIAL;59360;LOOS;privé sous contrat;LPO;109.9;93.2;107.7;36.9;30.8
2021-2022;LILLE;59;NORD;0595856V;LYCEE PROFESSIONNEL DE L YSER;59663;WORMHOUT;public;LP;;73.3;73.3;;24.8
2021-2022;LILLE;59;NORD;0595867G;LYCEE GENERAL ET TECHNOLOGIQUE INTERNATIONAL MONTEBELLO;59350;LILLE;public;LEGT;103.6;;103.6;42.8;
2021-2022;LILLE;62;PAS-DE-CALAIS;0620093P;LYCEE GENERAL ET TECHNOLOGIQUE FERNAND DARCHICOURT;62427;HENIN BEAUMONT;public;LEGT;97.2;;97.2;34.4;
2021-2022;LILLE;62;PAS-DE-CALAIS;0620121V;LYCEE PROFESSIONNEL FLORA TRISTAN;62516;LILLERS;public;LP;;76.5;76.5;;26.2
2021-2022;LILLE;62;PAS-DE-CALAIS;0620189U;LYCEE PROFESSIONNEL PIERRE DE COUBERTIN;62193;CALAIS;public;LP;;77.5;77.5;;26.0
2021-2022;LILLE;62;PAS-DE-CALAIS;0622120T;LYCEE GENERAL PRIVE NOTRE DAME DE SION;62765;SAINT OMER;privé sous contrat;LEGT;123.1;;123.1;32.9;
2021-2022;LILLE;62;PAS-DE-CALAIS;0622150A;LYCEE POLYVALENT PRIVE JEAN BOSCO;62397;GUINES;privé sous contrat;LPO;95.0;78.6;80.8;33.3;29.6
2021-2022;LILLE;62;PAS-DE-CALAIS;0622192W;LYCEE PROFESSIONNEL PRIVE SAINT JOSEPH LYCEE DES METIERS MANAGEMENT GESTION COMMUNICATION;62318;ETAPLES;privé sous contrat;LP;;87.8;87.8;;25.1
2021-2022;LILLE;62;PAS-DE-CALAIS;0623981R;LYCEE POLYVALENT VAUBAN;62014;AIRE SUR LA LYS;public;LPO;110.6;75.6;102.6;35.1;24.9
2021-2022;LILLE;62;PAS-DE-CALAIS;0624430D;LYCEE GENERAL ET TECHNOLOGIQUE GAMBETTA CARNOT;62041;ARRAS;public;LEGT;111.6;;111.6;36.3;
2018-2019;LILLE;59;NORD;0590010R;LYCEE GENERAL ET TECHNOLOGIQUE PAUL HAZARD;59017;ARMENTIERES;public;LEGT;103.3;;103.3;;
2018-2019;LILLE;59;NORD;0590037V;LYCEE PROFESSIONNEL LOUISE DE BETTIGNIES;59122;CAMBRAI;public;LP;;73.4;73.4;;
2018-2019;LILLE;59;NORD;0590044C;LYCEE POLYVALENT JOSEPH MARIE JACQUARD;59139;CAUDRY;public;LPO;88.4;71.9;81.4;;
2018-2019;LILLE;59;NORD;0590060V;LYCEE GENERAL ET TECHNOLOGIQUE ALFRED KASTLER;59172;DENAIN;public;LEGT;91.2;;91.2;;
2018-2019;LILLE;59;NORD;0590101P;LYCEE GENERAL ET TECHNOLOGIQUE DES FLANDRES;59295;HAZEBROUCK;public;LEGT;114.9;;114.9;;
2018-2019;LILLE;59;NORD;0590112B;LYCEE GENERAL ET TECHNOLOGIQUE DUPLEIX;59331;LANDRECIES;public;LEGT;96.9;;96.9;;
2018-2019;LILLE;59;NORD;0590133Z;LYCEE PROFESSIONNEL MAURICE DUHAMEL;59360;LOOS;public;LP;;71.2;71.2;;
2018-2019;LILLE;59;NORD;0590185F;LPO JEAN MOULIN LYCEE DES METIERS DU WEB LYCEE DES METIERS PREVENTION ET SECURITE LYCEE DES METIERS SERVICES ADMINISTRATIFS ET RELATION CLIENT;59512;ROUBAIX;public;LPO;68.7;67.3;68.1;;
2018-2019;LILLE;59;NORD;0590187H;LYCEE PROFESSIONNEL LOUIS LOUCHEUR;59512;ROUBAIX;public;LP;;67.5;67.5;;
2018-2019;LILLE;59;NORD;0590192N;LYCEE POLYVALENT ERNEST COUTEAUX;59526;SAINT AMAND LES EAUX;public;LPO;109.5;83.2;103.7;;
2018-2019;LILLE;59;NORD;0590207E;LYCEE GENERAL ET TECHNOLOGIQUE LOUIS PASTEUR;59574;SOMAIN;public;LEGT;101.1;;101.1;;
2018-2019;LILLE;59;NORD;0590214M;LYCEE POLYVALENT COLBERT LYCEE DES METIERS DU NUMERIQUE ET DES TECHNOLOGIES INNOVANTES;59599;TOURCOING;public;LPO;98.5;80.4;93.7;;
2018-2019;LILLE;59;NORD;0590249A;LYCEE PROFESSIONNEL JACQUES YVES COUSTEAU;59646;WASQUEHAL;public;LP;;76.0;76.0;;
2018-2019;LILLE;59;NORD;0590252D;LYCEE PROFESSIONNEL LOUIS LEOPOLD BOILLY;59051;LA BASSEE;public;LP;;81.8;81.8;;
2018-2019;LILLE;59;NORD;0590263R;LYCEE PROFESSIONNEL FERNAND LEGER LYCEE DES METIERS DE L ÉNERGIE DU NUMERIQUE ET DE LA METALLURGIE;59155;COUDEKERQUE BRANCHE;public;LP;;77.8;77.8;;
2018-2019;LILLE;59;NORD;0592611T;LYCEE PROFESSIONNEL LOUIS BLERIOT LYCEE DES METIERS DU BATIMENT ET DES ENERGIES DURABLES;59122;CAMBRAI;public;LP;;74.8;74.8;;
2018-2019;LILLE;59;NORD;0592922F;LYCEE GENERAL PRIVE THERESE D AVILA;59350;LILLE;privé sous contrat;LEGT;141.9;;141.9;;
2018-2019;LILLE;59;NORD;0592926K;LYCEE GENERAL ET TECHNOLOGIQUE PRIVE SAINT JUDE;59017;ARMENTIERES;privé sous contrat;LEGT;132.6;;132.6;;
2018-2019;LILLE;59;NORD;0592929N;LYCEE GENERAL ET TECHNOLOGIQUE PRIVE SAINTE THERESE;59036;AVESNES SUR HELPE;privé sous contrat;LEGT;97.7;;97.7;;
2018-2019;LILLE;59;NORD;0592932S;LYCEE GENERAL PRIVE SAINTE MARIE;59056;BEAUCAMPS LIGNY;privé sous contrat;LEGT;135.4;;135.4;;
2018-2019;LILLE;59;NORD;0592965C;LYCEE POLYVALENT PRIVE EIC INDUSTRIEL ET COMMERCIAL LYCEE DES METIERS DU COMMERCE ET DE LA VENTE;59599;TOURCOING;privé sous contrat;LPO;101.6;84.8;96.0;;
2018-2019;LILLE;59;NORD;0592967E;LYCEE POLYVALENT PRIVE LA SAGESSE;59606;VALENCIENNES;privé sous contrat;LPO;98.2;87.3;93.3;;
2018-2019;LILLE;59;NORD;0593006X;LYCEE TECHNOLOGIQUE PRIVE NOTRE DAME D ANNAY;59350;LILLE;privé sous contrat;LPO;115.6;98.1;109.7;;
2018-2019;LILLE;59;NORD;0593007Y;LYCEE GENERAL ET TECHNOLOGIQUE PRIVE FREDERIC OZANAM LYCEE DES METIERS DE LA CONSTRUCTION DE L ENVIRONNEMENT ET DES ENERGIES;59350;LILLE;privé sous contrat;LEGT;129.2;;129.2;;
2018-2019;LILLE;59;NORD;0593036E;LYCEE POLYVALENT PRIVE NOTRE DAME DU TILLEUL;59392;MAUBEUGE;privé sous contrat;LPO;83.2;74.2;78.2;;
2018-2019;LILLE;59;NORD;0593079B;LYCEE POLYVALENT PRIVE SAINTE BERNADETTE;59324;JEUMONT;privé sous contrat;LPO;72.7;73.8;73.6;;
2018-2019;LILLE;59;NORD;0593104D;LYCEE POLYVALENT PRIVE SAINT PIERRE;59249;FOURMIES;privé sous contrat;LPO;98.7;73.6;81.1;;
2018-2019;LILLE;59;NORD;0593109J;LYCEE GENERAL PRIVE NOTRE DAME DE LA PAIX;59350;LILLE;privé sous contrat;LEGT;132.4;;132.4;;
2018-2019;LILLE;59;NORD;0593113N;LYCEE GENERAL PRIVE SAINTE CLAIRE;59350;LILLE;privé sous contrat;LEGT;127.0;;127.0;;
2018-2019;LILLE;59;NORD;0593139S;LYCEE GENERAL PRIVE SACRE COEUR;59599;TOURCOING;privé sous contrat;LEGT;118.4;;118.4;;
2018-2019;LILLE;59;NORD;0593141U;LYCEE GENERAL PRIVE NOTRE DAME;59606;VALENCIENNES;privé sous contrat;LEGT;122.6;;122.6;;
2018-2019;LILLE;59;NORD;0593225K;LYCEE PRIVE DE MARCQ;59378;MARCQ EN BAROEUL;privé sous contrat;LEGT;145.6;;145.6;;
2018-2019;LILLE;59;NORD;0594400M;LYCEE PROFESSIONNEL AUTOMOBILE ET TRANSPORTS LYCEE DES METIERS DU TRANSPORT ET DE LA LOGISTIQUE DU LITTORAL;59271;GRANDE SYNTHE;public;LP;;73.8;73.8;;
2018-2019;LILLE;59;NORD;0594532F;LYCEE PROFESSIONNEL AMBROISE CROIZAT;59028;AUBY;public;LP;;68.5;68.5;;
2018-2019;LILLE;59;NORD;0596681S;LYCEE GENERAL ET TECHNOLOGIQUE PRIVE AVERROES;59350;LILLE;privé sous contrat;LEGT;91.0;;91.0;;
2018-2019;LILLE;59;NORD;0596892W;LYCEE D EXCELLENCE EDGAR MORIN;59178;DOUAI;public;LEGT;90.8;;90.8;;
2018-2019;LILLE;59;NORD;0597005U;LYCEE POLYVALENT DU VAL DE LYS;59212;ESTAIRES;public;LPO;102.3;85.1;97.9;;
2018-2019;LILLE;62;PAS-DE-CALAIS;0620006V;LYCEE GENERAL ET TECHNOLOGIQUE ROBESPIERRE;62041;ARRAS;public;LEGT;121.1;;121.1;;
2018-2019;LILLE;62;PAS-DE-CALAIS;0620011A;LYCEE PROFESSIONNEL JACQUES LE CARON LYCEE DES METIERS DU BATIMENT;62041;ARRAS;public;LP;;76.0;76.0;;
2018-2019;LILLE;62;PAS-DE-CALAIS;0620043K;LYCEE PROFESSIONNEL SALVADOR ALLENDE LYCEE DES METIERS DE L AUTOMOBILE LYCEE DES METIERS DE LA MAINTENANCE INDUSTRIELLE;62119;BETHUNE;public;LP;;75.7;75.7;;
2018-2019;LILLE;62;PAS-DE-CALAIS;0620059C;LYCEE PROFESSIONNEL LEO LAGRANGE LYCEE DES METIERS DE LA PERSONNE SANTE SOCIAL;62186;BULLY LES MINES;public;LPO;89.4;71.4;79.2;;
2018-2019;LILLE;62;PAS-DE-CALAIS;0620113L;LYCEE GENERAL ET TECHNOLOGIQUE HENRI DARRAS LYCEE DES METIERS DE LA CHAUDRONNERIE INDUSTRIELLE;62510;LIEVIN;public;LEGT;98.2;;98.2;;
2018-2019;LILLE;62;PAS-DE-CALAIS;0620140R;LYCEE POLYVALENT EUGENE WOILLEZ;62588;MONTREUIL;public;LPO;106.9;77.1;102.5;;
2018-2019;LILLE;62;PAS-DE-CALAIS;0620162P;LYCEE PROFESSIONNEL DU PAYS DE SAINT OMER LYCEE DES METIERS DE L AUTOMOBILE LYCEE DES METIERS DE LA GESTION DE L ADMINISTRATIF ET DU COMMERCE;62765;SAINT OMER;public;LP;;73.7;73.7;;
2018-2019;LILLE;62;PAS-DE-CALAIS;0622198C;LYCEE POLYVALENT PRIVE SAINT JOSEPH LYCEE DES METIERS DES ENERGIES DU NUMERIQUE ET DE L AUTOMATION MANAGEMENT GESTION COMMUNICATION SANTE SOCIAL;62758;SAINT MARTIN BOULOGNE;privé sous contrat;LPO;103.6;86.3;96.9;;
2018-2019;LILLE;62;PAS-DE-CALAIS;0622276M;LYCEE POLYVALENT JAN LAVEZZARI;62108;BERCK;public;LPO;99.4;76.9;93.4;;
2018-2019;LILLE;62;PAS-DE-CALAIS;0623915U;LYCEE GENERAL ET TECHNOLOGIQUE VOLTAIRE;62895;WINGLES;public;LEGT;106.0;;106.0;;
2017-2018;LILLE;59;NORD;0590034S;LYCEE GENERAL ET TECHNOLOGIQUE PAUL DUEZ;59122;CAMBRAI;public;LEGT;99.8;;99.8;;
2017-2018;LILLE;59;NORD;0590042A;LYCEE POLYVALENT CAMILLE DESMOULINS;59136;LE CATEAU CAMBRESIS;public;LPO;86.8;65.8;78.0;;
2017-2018;LILLE;59;NORD;0590060V;LYCEE GENERAL ET TECHNOLOGIQUE ALFRED KASTLER;59172;DENAIN;public;LEGT;89.1;;89.1;;
2017-2018;LILLE;59;NORD;0590065A;LGT EDMOND LABBE LYCEE DES METIERS SANITAIRE SOCIAL LYCEE DES METIERS MAINTENANCE INDUSTRIELLE LYCEE DES METIERS ELECTRONIQUE ELECTROTECHNIQUE;59178;DOUAI;public;LEGT;89.3;;89.3;;
2017-2018;LILLE;59;NORD;0590072H;LYCEE GENERAL ET TECHNOLOGIQUE DE L EUROPE LYCEE DES METIERS DE L ÉNERGIE DU NUMERIQUE ET DE LA METALLURGIE;59183;DUNKERQUE;public;LEGT;89.9;;89.9;;
2017-2018;LILLE;59;NORD;0590102R;LYCEE PROFESSIONNEL DES MONTS DE FLANDRE LYCEE DES METIERS DE LA MAINTENANCE DES VEHICULES ET DES MATERIELS;59295;HAZEBROUCK;public;LP;;77.9;77.9;;
2017-2018;LILLE;59;NORD;0590122M;LYCEE POLYVALENT VALENTINE LABBE LYCEE DES METIERS DE LA BIOLOGIE DE LA BIOCHIMIE ET DES BIOTECHNOLOGIES DE LA SANTE ET DU SOCIAL;59368;LA MADELEINE;public;LPO;92.0;76.7;87.5;;
2017-2018;LILLE;59;NORD;0590168M;LYCEE POLYVALENT EUGENE THOMAS;59481;LE QUESNOY;public;LPO;115.6;84.1;109.0;;
2017-2018;LILLE;59;NORD;0590186G;LYCEE PROFESSIONNEL TURGOT LYCEE DES METIERS DES SERVICES ADMINISTRATIFS ET DE LA RELATION CLIENT;59512;ROUBAIX;public;LP;;62.5;62.5;;
2017-2018;LILLE;59;NORD;0590189K;LYCEE PROFESSIONNEL LAVOISIER;59512;ROUBAIX;public;LP;;64.4;64.4;;
2017-2018;LILLE;59;NORD;0590216P;LYCEE PROFESSIONNEL LE CORBUSIER;59599;TOURCOING;public;LP;;81.5;81.5;;
2017-2018;LILLE;59;NORD;0590252D;LYCEE PROFESSIONNEL LOUIS LEOPOLD BOILLY;59051;LA BASSEE;public;LP;;80.2;80.2;;
2017-2018;LILLE;59;NORD;0590263R;LYCEE PROFESSIONNEL FERNAND LEGER LYCEE DES METIERS DE L ÉNERGIE DU NUMERIQUE ET DE LA METALLURGIE;59155;COUDEKERQUE BRANCHE;public;LP;;73.5;73.5;;
2017-2018;LILLE;59;NORD;0590264S;LYCEE PROFESSIONNEL ALFRED KASTLER LYCEE DES METIERS DE LA CONDUITE ET DE LA MAINTENANCE DES SYSTEMES;59172;DENAIN;public;LP;;70.3;70.3;;
2017-2018;LILLE;59;NORD;0590266U;LYCEE PROFESSIONNEL CESAR BAGGIO LYCEE DES METIERS DES SCIENCES DE L INGENIEUR ET DU DEVELOPPEMENT DURABLE;59350;LILLE;public;LP;;81.2;81.2;;
2017-2018;LILLE;59;NORD;0590270Y;LYCEE PROFESSIONNEL DU HAINAUT LYCEE DES METIERS DE L AUTOMOBILE LYCEE DES METIERS DE LA CHAUDRONNERIE;59606;VALENCIENNES;public;LP;;76.1;76.1;;
2017-2018;LILLE;59;NORD;0590282L;LYCEE GENERAL ET TECHNOLOGIQUE JULES MOUSSERON LYCEE DES METIERS DU SANITAIRE ET SOCIAL;59172;DENAIN;public;LEGT;82.6;;82.6;;
2017-2018;LILLE;59;NORD;0592610S;LP PIERRE JOSEPH LAURENT LYC MET MAINTENANCE INDUSTRIELLE LYC MET ELECTRONIQUE ET ELECTROTECHNIQUE LYC MET SANITAIRE ET SOCIAL;59008;ANICHE;public;LP;;67.6;67.6;;
2017-2018;LILLE;59;NORD;0592611T;LYCEE PROFESSIONNEL LOUIS BLERIOT LYCEE DES METIERS DU BATIMENT ET DES ENERGIES DURABLES;59122;CAMBRAI;public;LP;;73.8;73.8;;
2017-2018;LILLE;59;NORD;0592833J;LYCEE PROFESSIONNEL LES HAUTS DE FLANDRE;59560;SECLIN;public;LP;;80.1;80.1;;
2017-2018;LILLE;59;NORD;0592850C;LYCEE PROFESSIONNEL ANTOINE DE SAINT EXUPERY;59279;HALLUIN;public;LP;;71.4;71.4;;
2017-2018;LILLE;59;NORD;0592926K;LYCEE GENERAL ET TECHNOLOGIQUE PRIVE SAINT JUDE;59017;ARMENTIERES;privé sous contrat;LEGT;133.5;;133.5;;
2017-2018;LILLE;59;NORD;0592944E;LYCEE GENERAL PRIVE SAINT ADRIEN LA SALLE;59009;VILLENEUVE D ASCQ;privé sous contrat;LEGT;142.2;;142.2;;
2017-2018;LILLE;59;NORD;0592963A;LYCEE POLYVALENT PRIVE SAINT MARTIN;59512;ROUBAIX;privé sous contrat;LPO;78.3;76.7;77.6;;
2017-2018;LILLE;59;NORD;0592965C;LYCEE POLYVALENT PRIVE EIC INDUSTRIEL ET COMMERCIAL LYCEE DES METIERS DU COMMERCE ET DE LA VENTE;59599;TOURCOING;privé sous contrat;LPO;99.9;85.1;94.9;;
2017-2018;LILLE;59;NORD;0592969G;LYCEE POLYVALENT PRIVE DAMPIERRE;59606;VALENCIENNES;privé sous contrat;LPO;98.3;81.6;85.5;;
2017-2018;LILLE;59;NORD;0593015G;LYCEE PROFESSIONNEL PRIVE CAMILLE DE LELLIS;59328;LAMBERSART;privé sous contrat;LP;;79.9;79.9;;
2017-2018;LILLE;59;NORD;0593102B;LYCEE GENERAL PRIVE NOTRE DAME DES DUNES;59183;DUNKERQUE;privé sous contrat;LEGT;128.2;;128.2;;
2017-2018;LILLE;59;NORD;0593106F;LYCEE GENERAL PRIVE SAINTE ODILE;59328;LAMBERSART;privé sous contrat;LEGT;121.2;;121.2;;
2017-2018;LILLE;59;NORD;0593113N;LYCEE GENERAL PRIVE SAINTE CLAIRE;59350;LILLE;privé sous contrat;LEGT;120.3;;120.3;;
2017-2018;LILLE;59;NORD;0593138R;LYCEE GENERAL PRIVE SAINT MICHEL;59571;SOLESMES;privé sous contrat;LEGT;118.1;;118.1;;
2017-2018;LILLE;59;NORD;0593495D;LYCEE PROFESSIONNEL PAUL LANGEVIN LYCEE DES METIERS DE L AUTOMOBILE LYCEE DES METIERS DE L ELECTRONIQUE ET DE L ELECTROTECHNIQUE;59654;WAZIERS;public;LP;;71.8;71.8;;
2016-2017;LILLE;62;PAS-DE-CALAIS;0622807P;LYCEE POLYVALENT HOTELIER LYCEE DES METIERS DE L HOTELLERIE RESTAURATION;62826;LE TOUQUET PARIS PLAGE;public;LPO;116.7;101.9;108.9;;
2016-2017;LILLE;62;PAS-DE-CALAIS;0623915U;LYCEE GENERAL ET TECHNOLOGIQUE VOLTAIRE;62895;WINGLES;public;LEGT;104.6;;104.6;;
2016-2017;LILLE;62;PAS-DE-CALAIS;0623981R;LYCEE POLYVALENT VAUBAN;62014;AIRE SUR LA LYS;public;LPO;104.7;74.6;95.3;;
2017-2018;LILLE;59;NORD;0594653M;LYCEE PROFESSIONNEL ANDRE JURENIL LYCEE DES METIERS DU SANITAIRE ET SOCIAL;59172;DENAIN;public;LP;;67.1;67.1;;
2017-2018;LILLE;59;NORD;0595884A;LYCEE POLYVALENT ANDRE LURCAT;59392;MAUBEUGE;public;LPO;77.2;65.6;72.7;;
2017-2018;LILLE;59;NORD;0595918M;LYCEE PROFESSIONNEL PRIVE EPID LYCEE DES METIERS DES INDUSTRIES ET DES INNOVATIONS TECHNOLOGIQUES;59183;DUNKERQUE;privé sous contrat;LP;;89.9;89.9;;
2017-2018;LILLE;62;PAS-DE-CALAIS;0620043K;LYCEE PROFESSIONNEL SALVADOR ALLENDE LYCEE DES METIERS DE L AUTOMOBILE LYCEE DES METIERS DE LA MAINTENANCE INDUSTRIELLE;62119;BETHUNE;public;LP;;75.5;75.5;;
2017-2018;LILLE;62;PAS-DE-CALAIS;0620108F;LYCEE GENERAL ET TECHNOLOGIQUE CONDORCET;62498;LENS;public;LEGT;88.6;;88.6;;
2017-2018;LILLE;62;PAS-DE-CALAIS;0620150B;LYCEE PROFESSIONNEL JOLIOT CURIE LYCEE DES METIERS DU COMMERCE;62637;OIGNIES;public;LP;;72.1;72.1;;
2017-2018;LILLE;62;PAS-DE-CALAIS;0620220C;LYCEE PROFESSIONNEL LA PEUPLERAIE LYCEE DES METIERS DU TRANSPORT ET DE LA LOGISTIQUE;62771;SALLAUMINES;public;LP;;66.3;66.3;;
2017-2018;LILLE;62;PAS-DE-CALAIS;0622116N;LYCEE GENERAL PRIVE LA MALASSISE;62525;LONGUENESSE;privé sous contrat;LEGT;130.2;;130.2;;
2017-2018;LILLE;62;PAS-DE-CALAIS;0622192W;LYCEE PROFESSIONNEL PRIVE SAINT JOSEPH LYCEE DES METIERS MANAGEMENT GESTION COMMUNICATION;62318;ETAPLES;privé sous contrat;LP;;86.3;86.3;;
2017-2018;LILLE;62;PAS-DE-CALAIS;0622195Z;LYCEE PROFESSIONNEL PRIVE SAINTE MARIE;62364;FRUGES;privé sous contrat;LP;;87.9;87.9;;
2017-2018;LILLE;62;PAS-DE-CALAIS;0622211S;LYCEE PROFESSIONNEL PRIVE SAINT PIERRE;62193;CALAIS;privé sous contrat;LP;;83.8;83.8;;
2017-2018;LILLE;62;PAS-DE-CALAIS;0622801H;LYCEE PROFESSIONNEL JEAN BERTIN LYCEE DES METIERS DES TRAVAUX PUBLICS;62178;BRUAY LA BUISSIERE;public;LP;;85.6;85.6;;
2017-2018;LILLE;62;PAS-DE-CALAIS;0622803K;LYCEE GENERAL ET TECHNOLOGIQUE BLAISE PASCAL;62525;LONGUENESSE;public;LEGT;106.5;;106.5;;
2017-2018;LILLE;62;PAS-DE-CALAIS;0623377J;LYCEE PROFESSIONNEL FRANCOIS HENNEBIQUE;62510;LIEVIN;public;LP;;72.1;72.1;;
2017-2018;LILLE;62;PAS-DE-CALAIS;0623463C;LYCEE PROFESSIONNEL NORMANDIE NIEMEN LYCEE DES METIERS DU BATIMENT ET DES ENERGIES RENOUVELABLES;62193;CALAIS;public;LP;;69.5;69.5;;
2017-2018;LILLE;62;PAS-DE-CALAIS;0623902E;LYCEE POLYVALENT MARGUERITE YOURCENAR LYCEE DES METIERS DE LA PERSONNE SANTE SOCIAL ET DE L HOTELLERIE RESTAURATION;62126;BEUVRY;public;LPO;94.8;78.3;90.3;;
2017-2018;LILLE;62;PAS-DE-CALAIS;0623915U;LYCEE GENERAL ET TECHNOLOGIQUE VOLTAIRE;62895;WINGLES;public;LEGT;104.4;;104.4;;
2017-2018;LILLE;62;PAS-DE-CALAIS;0623981R;LYCEE POLYVALENT VAUBAN;62014;AIRE SUR LA LYS;public;LPO;105.4;73.8;96.7;;
2016-2017;LILLE;59;NORD;0590018Z;LYCEE POLYVALENT JESSE DE FOREST;59036;AVESNES SUR HELPE;public;LPO;101.7;74.1;97.1;;
2016-2017;LILLE;59;NORD;0590093F;LYCEE POLYVALENT BEAUPRE LYCEE DES METIERS DE LA PLASTURGIE;59286;HAUBOURDIN;public;LPO;107.3;82.3;99.2;;
2016-2017;LILLE;59;NORD;0590110Z;LYCEE GENERAL ET TECHNOLOGIQUE JEAN PERRIN;59328;LAMBERSART;public;LEGT;120.9;;120.9;;
2016-2017;LILLE;59;NORD;0590111A;LYCEE PROFESSIONNEL SONIA DELAUNAY LYCEE DES METIERS DE LA MODE ET DES TEXTILES;59350;LILLE;public;LP;;71.7;71.7;;
2016-2017;LILLE;59;NORD;0590184E;LYCEE GENERAL ET TECHNOLOGIQUE JEAN ROSTAND;59512;ROUBAIX;public;LEGT;78.5;;78.5;;
2016-2017;LILLE;59;NORD;0590187H;LYCEE PROFESSIONNEL LOUIS LOUCHEUR;59512;ROUBAIX;public;LP;;64.7;64.7;;
2016-2017;LILLE;59;NORD;0590192N;LYCEE POLYVALENT ERNEST COUTEAUX LYCEE DES METIERS DE LA CHAUDRONNERIE;59526;SAINT AMAND LES EAUX;public;LPO;109.2;82.9;101.8;;
2016-2017;LILLE;59;NORD;0590216P;LYCEE PROFESSIONNEL LE CORBUSIER;59599;TOURCOING;public;LP;;80.3;80.3;;
2016-2017;LILLE;59;NORD;0590217R;LYCEE PROFESSIONNEL SEVIGNE LYCEE DES METIERS DE LA MODE ET DES TEXTILES;59599;TOURCOING;public;LP;;67.7;67.7;;
2016-2017;LILLE;59;NORD;0590255G;LYCEE PROFESSIONNEL GUY DEBEYRE LYCEE DES METIERS DU TRANSPORT ET DE LA LOGISTIQUE DU LITTORAL;59183;DUNKERQUE;public;LP;;75.1;75.1;;
2016-2017;LILLE;59;NORD;0590257J;LYCEE PROFESSIONNEL ILE DE FLANDRE;59017;ARMENTIERES;public;LP;;78.7;78.7;;
2016-2017;LILLE;59;NORD;0590258K;LYCEE GENERAL ET TECHNOLOGIQUE GASTON BERGER;59350;LILLE;public;LEGT;86.1;;86.1;;
2016-2017;LILLE;59;NORD;0590270Y;LYCEE PROFESSIONNEL DU HAINAUT LYCEE DES METIERS DE L AUTOMOBILE LYCEE DES METIERS DE LA CHAUDRONNERIE;59606;VALENCIENNES;public;LP;;75.8;75.8;;
2016-2017;LILLE;59;NORD;0592940A;LYCEE GENERAL PRIVE SAINT JEAN;59178;DOUAI;privé sous contrat;LEGT;128.3;;128.3;;
2016-2017;LILLE;59;NORD;0592963A;LYCEE POLYVALENT PRIVE SAINT MARTIN;59512;ROUBAIX;privé sous contrat;LPO;83.2;76.9;80.2;;
2016-2017;LILLE;59;NORD;0592965C;LYCEE POLYVALENT PRIVE EIC INDUSTRIEL ET COMMERCIAL LYCEE DES METIERS DU COMMERCE ET DE LA VENTE;59599;TOURCOING;privé sous contrat;LPO;100.8;84.6;95.1;;
2016-2017;LILLE;59;NORD;0592967E;LYCEE POLYVALENT PRIVE LA SAGESSE;59606;VALENCIENNES;privé sous contrat;LPO;100.4;87.4;94.6;;
2016-2017;LILLE;59;NORD;0593030Y;LYCEE PROFESSIONNEL PRIVE NOTRE DAME DU SACRE COEUR LYCEE DES METIERS DU BIEN ÊTRE DE LA SANTE ET DU SOCIAL;59360;LOOS;privé sous contrat;LP;;90.8;90.8;;
2016-2017;LILLE;59;NORD;0593066M;LYCEE PROFESSIONNEL PRIVE JEAN PAUL II;59172;DENAIN;privé sous contrat;LP;;62.2;62.2;;
2016-2017;LILLE;59;NORD;0593078A;LYCEE POLYVALENT PRIVE FONDATION DEPOORTER LYCEE DES METIERS DE LA SANTE ET DU SOCIAL;59295;HAZEBROUCK;privé sous contrat;LPO;102.1;89.5;95.2;;
2016-2017;LILLE;59;NORD;0593104D;LYCEE POLYVALENT PRIVE SAINT PIERRE;59249;FOURMIES;privé sous contrat;LPO;94.6;75.0;79.5;;
2016-2017;LILLE;59;NORD;0593136N;LYCEE GENERAL ET TECHNOLOGIQUE PRIVE SAINT JACQUES;59295;HAZEBROUCK;privé sous contrat;LEGT;125.1;;125.1;;
2016-2017;LILLE;59;NORD;0595616J;LYCEE GENERAL ET TECHNOLOGIQUE DU NOORDOVER;59271;GRANDE SYNTHE;public;LEGT;90.9;;90.9;;
2016-2017;LILLE;59;NORD;0595786U;LYCEE GENERAL ET TECHNOLOGIQUE JEAN PROUVE;59350;LILLE;public;LEGT;102.2;;102.2;;
2016-2017;LILLE;59;NORD;0595856V;LYCEE PROFESSIONNEL DE L YSER;59663;WORMHOUT;public;LP;;67.3;67.3;;
2016-2017;LILLE;59;NORD;0595867G;LYCEE GENERAL ET TECHNOLOGIQUE INTERNATIONAL MONTEBELLO;59350;LILLE;public;LEGT;106.7;;106.7;;
2016-2017;LILLE;59;NORD;0596122J;LYCEE GENERAL PRIVE JEANINE MANUEL;59378;MARCQ EN BAROEUL;privé sous contrat;LEGT;153.1;;153.1;;
2016-2017;LILLE;62;PAS-DE-CALAIS;0620011A;LYCEE PROFESSIONNEL JACQUES LE CARON LYCEE DES METIERS DU BATIMENT;62041;ARRAS;public;LP;;75.5;75.5;;
2016-2017;LILLE;62;PAS-DE-CALAIS;0620030W;LYCEE PROFESSIONNEL PHILIPPE AUGUSTE;62080;BAPAUME;public;LP;;74.9;74.9;;
2016-2017;LILLE;62;PAS-DE-CALAIS;0620040G;LYCEE GENERAL ET TECHNOLOGIQUE LOUIS BLARINGHEM;62119;BETHUNE;public;LEGT;117.1;;117.1;;
2016-2017;LILLE;62;PAS-DE-CALAIS;0620052V;LYCEE POLYVALENT EDOUARD BRANLY LYCEE DES METIERS DU BATIMENT;62160;BOULOGNE SUR MER;public;LPO;101.7;78.7;97.8;;
2016-2017;LILLE;62;PAS-DE-CALAIS;0620062F;LYCEE GENERAL ET TECHNOLOGIQUE PIERRE DE COUBERTIN LYCEE DES METIERS DU TRANSPORT ET DE LA LOGISTIQUE DU LITTORAL;62193;CALAIS;public;LEGT;105.5;;105.5;;
2016-2017;LILLE;62;PAS-DE-CALAIS;0620070P;LYCEE GENERAL ET TECHNOLOGIQUE DIDEROT;62215;CARVIN;public;LEGT;96.6;;96.6;;
2016-2017;LILLE;62;PAS-DE-CALAIS;0620108F;LYCEE GENERAL ET TECHNOLOGIQUE CONDORCET;62498;LENS;public;LEGT;91.2;;91.2;;
2016-2017;LILLE;62;PAS-DE-CALAIS;0620120U;LYCEE GENERAL ET TECHNOLOGIQUE ANATOLE FRANCE;62516;LILLERS;public;LEGT;105.7;;105.7;;
2016-2017;LILLE;62;PAS-DE-CALAIS;0620150B;LYCEE PROFESSIONNEL JOLIOT CURIE LYCEE DES METIERS DU COMMERCE;62637;OIGNIES;public;LP;;72.1;72.1;;
2016-2017;LILLE;62;PAS-DE-CALAIS;0620192X;LYCEE PROFESSIONNEL PIERRE MENDES FRANCE LYCEE DES METIERS DE L ELECTRONIQUE ET DE L ELECTROTECHNIQUE;62178;BRUAY LA BUISSIERE;public;LP;;67.5;67.5;;
2016-2017;LILLE;62;PAS-DE-CALAIS;0620220C;LYCEE PROFESSIONNEL LA PEUPLERAIE LYCEE DES METIERS DU TRANSPORT ET DE LA LOGISTIQUE;62771;SALLAUMINES;public;LP;;66.5;66.5;;
2016-2017;LILLE;62;PAS-DE-CALAIS;0620257T;LYCEE PROFESSIONNEL ALAIN SAVARY JULES FERRY;62041;ARRAS;public;LP;;78.1;78.1;;
2016-2017;LILLE;62;PAS-DE-CALAIS;0622116N;LYCEE GENERAL PRIVE LA MALASSISE;62525;LONGUENESSE;privé sous contrat;LEGT;134.3;;134.3;;
2016-2017;LILLE;62;PAS-DE-CALAIS;0622120T;LYCEE GENERAL PRIVE NOTRE DAME DE SION;62765;SAINT OMER;privé sous contrat;LEGT;130.7;;130.7;;
2016-2017;LILLE;62;PAS-DE-CALAIS;0622195Z;LYCEE PROFESSIONNEL PRIVE SAINTE MARIE;62364;FRUGES;privé sous contrat;LP;;86.8;86.8;;
2016-2017;LILLE;62;PAS-DE-CALAIS;0622275L;LYCEE PROFESSIONNEL JEAN CHARLES CAZIN LYCEE DES METIERS DES ACTIVITES COMMERCIALES ET ADMINISTRATIVES;62160;BOULOGNE SUR MER;public;LP;;68.9;68.9;;
2021-2022;LILLE;59;NORD;0590071G;LYCEE GENERAL ET TECHNOLOGIQUE JEAN BART;59183;DUNKERQUE;public;LEGT;108.7;;108.7;37.0;
2021-2022;LILLE;59;NORD;0590072H;LYCEE GENERAL ET TECHNOLOGIQUE DE L EUROPE;59183;DUNKERQUE;public;LPO;91.8;82.0;91.8;32.9;
2021-2022;LILLE;59;NORD;0590073J;LYCEE GENERAL ET TECHNOLOGIQUE AUGUSTE ANGELLIER;59183;DUNKERQUE;public;LEGT;114.8;;114.8;35.4;
2021-2022;LILLE;59;NORD;0590101P;LYCEE GENERAL ET TECHNOLOGIQUE DES FLANDRES;59295;HAZEBROUCK;public;LEGT;115.2;;115.2;35.2;
2021-2022;LILLE;59;NORD;0590119J;LYCEE GENERAL ET TECHNOLOGIQUE FAIDHERBE;59350;LILLE;public;LEGT;113.8;;113.8;40.1;
2021-2022;LILLE;59;NORD;0590214M;LYCEE POLYVALENT COLBERT LYCEE DES METIERS DU NUMERIQUE ET DES TECHNOLOGIES INNOVANTES;59599;TOURCOING;public;LPO;94.0;80.0;90.1;38.7;28.9
2021-2022;LILLE;59;NORD;0590217R;LYCEE PROFESSIONNEL SEVIGNE LYCEE DES METIERS;59599;TOURCOING;public;LP;;70.9;70.9;;27.9
2021-2022;LILLE;59;NORD;0590223X;LYCEE GENERAL ET TECHNOLOGIQUE DU HAINAUT;59606;VALENCIENNES;public;LEGT;95.6;;95.6;35.7;
2021-2022;LILLE;59;NORD;0590265T;LYCEE PROFESSIONNEL EDMOND LABBE;59178;DOUAI;public;LP;;83.9;83.9;;29.8
2021-2022;LILLE;59;NORD;0590266U;LYCEE PROFESSIONNEL CESAR BAGGIO;59350;LILLE;public;LP;;77.9;77.9;;27.5
2021-2022;LILLE;59;NORD;0592611T;LYCEE PROFESSIONNEL LOUIS BLERIOT;59122;CAMBRAI;public;LP;;73.1;73.1;;26.3
2021-2022;LILLE;59;NORD;0592850C;LYCEE PROFESSIONNEL ANTOINE DE SAINT EXUPERY;59279;HALLUIN;public;LP;;74.7;74.7;;23.6
2021-2022;LILLE;59;NORD;0592929N;LYCEE GENERAL ET TECHNOLOGIQUE PRIVE SAINTE THERESE;59036;AVESNES SUR HELPE;privé sous contrat;LEGT;109.9;;109.9;34.6;
2021-2022;LILLE;59;NORD;0592940A;LYCEE GENERAL PRIVE SAINT JEAN;59178;DOUAI;privé sous contrat;LEGT;128.9;;128.9;34.8;
2021-2022;LILLE;59;NORD;0592963A;LYCEE POLYVALENT PRIVE SAINT MARTIN;59512;ROUBAIX;privé sous contrat;LPO;79.6;74.1;76.8;31.7;28.8
2021-2022;LILLE;59;NORD;0592980U;LYCEE POLYVALENT PRIVE EIC MARIE NOËL;59599;TOURCOING;privé sous contrat;LPO;94.4;77.7;84.9;31.9;28.0
2021-2022;LILLE;59;NORD;0593020M;LYCEE PROFESSIONNEL PRIVE DE LA CHAMBRE DES METIERS ET DE L ARTISANAT (CMA) HAUTS DE FRANCE;59350;LILLE;privé sous contrat;LP;;102.4;102.4;;37.7
2021-2022;LILLE;59;NORD;0593027V;LYCEE PROFESSIONNEL PRIVE INDUSTRIES LILLOISES LYCEE DES METIERS DE LA CONSTRUCTION DE L ENVIRONNEMENT ET DES ÉNERGIES;59350;LILLE;privé sous contrat;LP;;112.0;112.0;;34.4
2021-2022;LILLE;59;NORD;0593034C;LYCEE POLYVALENT PRIVE THEOPHILE LEGRAND;59365;LOUVROIL;privé sous contrat;LPO;99.4;83.1;88.2;32.9;26.5
2021-2022;LILLE;59;NORD;0593040J;LYCEE POLYVALENT PRIVE NOTRE DAME DE LA PROVIDENCE;59449;ORCHIES;privé sous contrat;LPO;129.2;114.9;121.8;32.2;32.9
2021-2022;LILLE;59;NORD;0593066M;LYCEE PROFESSIONNEL PRIVE JEAN PAUL II;59172;DENAIN;privé sous contrat;LP;;77.9;77.9;;26.5
2021-2022;LILLE;59;NORD;0593077Z;LYCEE POLYVALENT PRIVE SAINT JOSEPH;59295;HAZEBROUCK;privé sous contrat;LPO;107.9;86.7;96.2;31.8;28.0
2021-2022;LILLE;59;NORD;0593102B;LYCEE GENERAL PRIVE NOTRE DAME DES DUNES;59183;DUNKERQUE;privé sous contrat;LEGT;121.3;;121.3;35.4;
2021-2022;LILLE;59;NORD;0594302F;LYCEE PROFESSIONNEL FRANCOIS MANSART LYCEE DES METIERS DU BATIMENT;59383;MARLY;public;LP;;72.4;72.4;;23.9
2021-2022;LILLE;59;NORD;0594424N;LYCEE GENERAL ET TECHNOLOGIQUE RAYMOND QUENEAU;59009;VILLENEUVE D ASCQ;public;LEGT;106.4;;106.4;40.7;
2021-2022;LILLE;59;NORD;0594653M;LYCEE PROFESSIONNEL ANDRE JURENIL;59172;DENAIN;public;LP;;68.5;68.5;;21.7
2019-2020;LILLE;59;NORD;0590005K;LYCEE PROFESSIONNEL PIERRE JOSEPH FONTAINE LYCEE DES METIERS DE LA CONDUITE ET DE LA MAINTENANCE DES SYSTEMES;59014;ANZIN;public;LP;;68.7;68.7;;22.7
2019-2020;LILLE;59;NORD;0590015W;LYCEE PROFESSIONNEL PIERRE ET MARIE CURIE;59033;AULNOYE AYMERIES;public;LP;;72.2;72.2;;25.7
2019-2020;LILLE;59;NORD;0590042A;LYCEE POLYVALENT CAMILLE DESMOULINS;59136;LE CATEAU CAMBRESIS;public;LPO;91.5;66.6;81.5;31.2;19.3
2019-2020;LILLE;59;NORD;0590072H;LYCEE GENERAL ET TECHNOLOGIQUE DE L EUROPE LYCEE DES METIERS DE L ÉNERGIE DU NUMERIQUE ET DE LA METALLURGIE;59183;DUNKERQUE;public;LPO;89.4;115.0;89.4;30.8;
2019-2020;LILLE;59;NORD;0590083V;LYCEE POLYVALENT CAMILLE CLAUDEL;59249;FOURMIES;public;LPO;96.3;72.2;85.9;36.5;24.7
2019-2020;LILLE;59;NORD;0590101P;LYCEE GENERAL ET TECHNOLOGIQUE DES FLANDRES;59295;HAZEBROUCK;public;LEGT;114.2;;114.2;35.0;
2019-2020;LILLE;59;NORD;0590110Z;LYCEE GENERAL ET TECHNOLOGIQUE JEAN PERRIN;59328;LAMBERSART;public;LEGT;119.6;;119.6;35.5;
2019-2020;LILLE;59;NORD;0590125R;LYCEE HOTELIER INTERNATIONAL DE LILLE;59350;LILLE;public;LPO;107.0;86.3;89.5;39.8;33.3
2019-2020;LILLE;59;NORD;0590133Z;LYCEE PROFESSIONNEL MAURICE DUHAMEL;59360;LOOS;public;LP;;71.4;71.4;;25.4
2019-2020;LILLE;59;NORD;0590168M;LYCEE POLYVALENT EUGENE THOMAS;59481;LE QUESNOY;public;LPO;115.5;86.0;110.3;37.8;31.0
2019-2020;LILLE;59;NORD;0590181B;LYCEE GENERAL MAXENCE VAN DER MEERSCH;59512;ROUBAIX;public;LEGT;84.5;;84.5;33.3;
2019-2020;LILLE;59;NORD;0590182C;LYCEE GENERAL BAUDELAIRE;59512;ROUBAIX;public;LEGT;92.0;;92.0;37.1;
2019-2020;LILLE;59;NORD;0590185F;LPO JEAN MOULIN LYCEE DES METIERS DU WEB LYCEE DES METIERS PREVENTION ET SECURITE LYCEE DES METIERS SERVICES ADMINISTRATIFS ET RELATION CLIENT;59512;ROUBAIX;public;LPO;66.0;67.2;66.5;23.7;24.3
2019-2020;LILLE;59;NORD;0590189K;LYCEE PROFESSIONNEL LAVOISIER;59512;ROUBAIX;public;LP;;64.1;64.1;;19.4
2019-2020;LILLE;59;NORD;0590215N;LYCEE GENERAL ET TECHNOLOGIQUE SEVIGNE;59599;TOURCOING;public;LEGT;80.0;;80.0;28.6;
2019-2020;LILLE;59;NORD;0590217R;LYCEE PROFESSIONNEL SEVIGNE LYCEE DES METIERS DE LA MODE ET DES TEXTILES;59599;TOURCOING;public;LP;;70.7;70.7;;25.5
2019-2020;LILLE;59;NORD;0590221V;LYCEE GENERAL ET TECHNOLOGIQUE HENRI WALLON;59606;VALENCIENNES;public;LEGT;108.4;;108.4;39.8;
2019-2020;LILLE;59;NORD;0590223X;LYCEE GENERAL ET TECHNOLOGIQUE DU HAINAUT;59606;VALENCIENNES;public;LEGT;95.8;;95.8;34.6;
2019-2020;LILLE;59;NORD;0590233H;LYCEE POLYVALENT EMILE ZOLA;59650;WATTRELOS;public;LPO;86.5;71.4;81.2;30.1;24.4
2019-2020;LILLE;59;NORD;0590266U;LYCEE PROFESSIONNEL CESAR BAGGIO LYCEE DES METIERS DES SCIENCES DE L INGENIEUR ET DU DEVELOPPEMENT DURABLE;59350;LILLE;public;LP;;82.2;82.2;;29.0
2019-2020;LILLE;59;NORD;0590270Y;LYCEE PROFESSIONNEL DU HAINAUT LYCEE DES METIERS DE L AUTOMOBILE LYCEE DES METIERS DE LA CHAUDRONNERIE;59606;VALENCIENNES;public;LP;;76.4;76.4;;27.1
2019-2020;LILLE;59;NORD;0592610S;LYCEE PROFESSIONNEL PIERRE JOSEPH LAURENT;59008;ANICHE;public;LP;;70.2;70.2;;22.2
2019-2020;LILLE;59;NORD;0592712C;LYCEE PROFESSIONNEL LOUIS ARMAND;59324;JEUMONT;public;LP;;64.1;64.1;;20.7
2019-2020;LILLE;59;NORD;0592916Z;LYCEE GENERAL ET TECHNOLOGIQUE PRIVE NOTRE DAME DE GRACE;59392;MAUBEUGE;privé sous contrat;LEGT;106.4;;106.4;37.1;
2019-2020;LILLE;59;NORD;0592921E;LYCEE GENERAL ET TECHNOLOGIQUE PRIVE SAINT REMI;59512;ROUBAIX;privé sous contrat;LEGT;102.4;;102.4;37.3;
2019-2020;LILLE;59;NORD;0592928M;LYCEE POLYVALENT PRIVE SAINTE JEANNE D ARC LYCEE DES METIERS DE L HOTELLERIE RESTAURATION LYCEE DES METIERS DE L ESTHETIQUE ET DE LA COIFFURE;59033;AULNOYE AYMERIES;privé sous contrat;LPO;96.1;84.9;90.6;33.3;30.5
2019-2020;LILLE;59;NORD;0592963A;LYCEE POLYVALENT PRIVE SAINT MARTIN;59512;ROUBAIX;privé sous contrat;LPO;80.1;76.9;78.5;29.7;28.9
2019-2020;LILLE;59;NORD;0592964B;LYCEE PROFESSIONNEL PRIVE LEONARD DE VINCI;59512;ROUBAIX;privé sous contrat;LP;;85.3;85.3;;32.1
2019-2020;LILLE;59;NORD;0592980U;LYCEE POLYVALENT PRIVE EIC MARIE NOEL;59599;TOURCOING;privé sous contrat;LPO;88.4;78.1;82.5;29.0;24.2
2019-2020;LILLE;59;NORD;0593027V;LYCEE PROFESSIONNEL PRIVE INDUSTRIES LILLOISES LYCEE DES METIERS DE LA CONSTRUCTION DE L ENVIRONNEMENT ET DES ÉNERGIES;59350;LILLE;privé sous contrat;LP;;106.9;106.9;;33.9
2019-2020;LILLE;59;NORD;0593060F;LYCEE POLYVALENT PRIVE INSTITUT NICOLAS BARRE LYCEE DES METIERS DE LA SECURITE PREVENTION DE L AUTOMOBILE ET DE LA MAINTENANCE DES MATERIELS;59017;ARMENTIERES;privé sous contrat;LPO;132.2;96.2;101.2;32.6;31.0
2019-2020;LILLE;59;NORD;0593061G;LYCEE POLYVALENT PRIVE SAINT LUC LYCEE DES METIERS DE L OPTIQUE DE LA SANTE ET DU SOCIAL;59122;CAMBRAI;privé sous contrat;LPO;121.5;92.1;108.2;32.6;32.7
2019-2020;LILLE;59;NORD;0593078A;LYCEE POLYVALENT PRIVE FONDATION DEPOORTER LYCEE DES METIERS DE LA SANTE ET DU SOCIAL;59295;HAZEBROUCK;privé sous contrat;LPO;99.3;89.4;94.2;31.7;33.5
2019-2020;LILLE;59;NORD;0593079B;LYCEE PROFESSIONNEL PRIVE SAINTE BERNADETTE;59324;JEUMONT;privé sous contrat;LP;;76.3;76.3;;27.0
2019-2020;LILLE;59;NORD;0593104D;LYCEE POLYVALENT PRIVE SAINT PIERRE;59249;FOURMIES;privé sous contrat;LPO;99.1;73.2;81.0;32.3;27.1
2019-2020;LILLE;59;NORD;0594400M;LYCEE PROFESSIONNEL AUTOMOBILE ET TRANSPORTS LYCEE DES METIERS DU TRANSPORT ET DE LA LOGISTIQUE DU LITTORAL;59271;GRANDE SYNTHE;public;LP;;72.3;72.3;;21.0
2019-2020;LILLE;59;NORD;0594532F;LYCEE PROFESSIONNEL AMBROISE CROIZAT;59028;AUBY;public;LP;;68.5;68.5;;23.4
2019-2020;LILLE;59;NORD;0594652L;LYCEE PROFESSIONNEL DES PLAINES DU NORD;59271;GRANDE SYNTHE;public;LP;;71.6;71.6;;26.3
2019-2020;LILLE;59;NORD;0595867G;LYCEE GENERAL ET TECHNOLOGIQUE INTERNATIONAL MONTEBELLO;59350;LILLE;public;LEGT;103.6;;103.6;42.7;
2019-2020;LILLE;59;NORD;0595918M;LYCEE PROFESSIONNEL PRIVE EPID LYCEE DES METIERS DES INDUSTRIES ET DES INNOVATIONS TECHNOLOGIQUES;59183;DUNKERQUE;privé sous contrat;LP;;96.2;96.2;;31.3
2019-2020;LILLE;59;NORD;0596681S;LYCEE GENERAL ET TECHNOLOGIQUE PRIVE AVERROES;59350;LILLE;privé sous contrat;LEGT;95.9;;95.9;36.5;
2019-2020;LILLE;62;PAS-DE-CALAIS;0620006V;LYCEE GENERAL ET TECHNOLOGIQUE ROBESPIERRE;62041;ARRAS;public;LEGT;121.7;;121.7;35.6;
2019-2020;LILLE;62;PAS-DE-CALAIS;0620027T;LYCEE POLYVALENT PABLO PICASSO;62065;AVION;public;LPO;82.6;65.3;80.5;30.7;22.2
2019-2020;LILLE;62;PAS-DE-CALAIS;0620093P;LYCEE GENERAL ET TECHNOLOGIQUE FERNAND DARCHICOURT LYCEE DES METIERS DU TRANSPORT ET DE LA LOGISTIQUE LYCEE DES METIERS DU COMMERCE;62427;HENIN BEAUMONT;public;LEGT;94.1;;94.1;33.7;
2019-2020;LILLE;62;PAS-DE-CALAIS;0620108F;LYCEE GENERAL ET TECHNOLOGIQUE CONDORCET;62498;LENS;public;LEGT;86.6;;86.6;31.7;
2019-2020;LILLE;62;PAS-DE-CALAIS;0620121V;LYCEE PROFESSIONNEL FLORA TRISTAN;62516;LILLERS;public;LP;;71.5;71.5;;19.5
2019-2020;LILLE;62;PAS-DE-CALAIS;0620166U;LYCEE GENERAL ET TECHNOLOGIQUE ALBERT CHATELET;62767;SAINT POL SUR TERNOISE;public;LEGT;104.6;;104.6;33.5;
2019-2020;LILLE;62;PAS-DE-CALAIS;0620190V;LYCEE PROFESSIONNEL HENRI DARRAS LYCEE DES METIERS DE LA CHAUDRONNERIE INDUSTRIELLE;62510;LIEVIN;public;LP;;79.3;79.3;;28.5
2019-2020;LILLE;62;PAS-DE-CALAIS;0620192X;LYCEE PROFESSIONNEL PIERRE MENDES FRANCE LYCEE DES METIERS DES SYSTEMES AUTOMATIQUES ET DE L ELECTRONIQUE COMMUNICANTE;62178;BRUAY LA BUISSIERE;public;LP;;68.2;68.2;;22.6
2019-2020;LILLE;62;PAS-DE-CALAIS;0622114L;LYCEE POLYVALENT PRIVE SAINT PAUL;62498;LENS;privé sous contrat;LPO;118.3;105.1;116.7;34.6;34.2
2019-2020;LILLE;62;PAS-DE-CALAIS;0622192W;LYCEE PROFESSIONNEL PRIVE SAINT JOSEPH LYCEE DES METIERS MANAGEMENT GESTION COMMUNICATION;62318;ETAPLES;privé sous contrat;LP;;89.9;89.9;;26.3
2019-2020;LILLE;62;PAS-DE-CALAIS;0622195Z;LYCEE PROFESSIONNEL PRIVE SAINTE MARIE;62364;FRUGES;privé sous contrat;LP;;90.6;90.6;;33.8
2019-2020;LILLE;62;PAS-DE-CALAIS;0622275L;LYCEE PROFESSIONNEL JEAN CHARLES CAZIN LYCEE DES METIERS DES ACTIVITES COMMERCIALES ET ADMINISTRATIVES;62160;BOULOGNE SUR MER;public;LP;;66.7;66.7;;21.2
2019-2020;LILLE;62;PAS-DE-CALAIS;0623902E;LYCEE POLYVALENT MARGUERITE YOURCENAR LYCEE DES METIERS DE LA PERSONNE SANTE SOCIAL ET DE L HOTELLERIE RESTAURATION;62126;BEUVRY;public;LPO;98.2;77.8;92.8;31.8;25.9
2019-2020;LILLE;62;PAS-DE-CALAIS;0623981R;LYCEE POLYVALENT VAUBAN;62014;AIRE SUR LA LYS;public;LPO;103.7;74.9;96.2;34.1;24.3
2019-2020;LILLE;62;PAS-DE-CALAIS;0624109E;LYCEE POLYVALENT GIRAUX SANNIER LYCEE DES METIERS DE L INDUSTRIE DES TERRES D OPALE;62758;SAINT MARTIN BOULOGNE;public;LPO;101.4;78.1;92.7;34.8;26.8
2019-2020;LILLE;62;PAS-DE-CALAIS;0624141P;LYCEE POLYVALENT LEONARD DE VINCI LYCEE DES METIERS DE LA MAINTENANCE INDUSTRIELLE DES TERRES D OPALE;62193;CALAIS;public;LPO;96.5;71.8;94.9;33.9;19.9
2020-2021;LILLE;59;NORD;0590060V;LYCEE GENERAL ET TECHNOLOGIQUE ALFRED KASTLER;59172;DENAIN;public;LEGT;88.1;;88.1;31.7;
2020-2021;LILLE;59;NORD;0590063Y;LYCEE GENERAL ALBERT CHATELET;59178;DOUAI;public;LEGT;118.0;;118.0;39.9;
2020-2021;LILLE;59;NORD;0590064Z;LYCEE GENERAL ET TECHNOLOGIQUE JEAN BAPTISTE COROT;59178;DOUAI;public;LEGT;100.7;;100.7;36.6;
2020-2021;LILLE;59;NORD;0590073J;LYCEE GENERAL ET TECHNOLOGIQUE AUGUSTE ANGELLIER;59183;DUNKERQUE;public;LEGT;114.1;;114.1;35.3;
2020-2021;LILLE;59;NORD;0590102R;LYCEE PROFESSIONNEL DES MONTS DE FLANDRE LYCEE DES METIERS DE LA MAINTENANCE DES VEHICULES ET DES MATERIELS;59295;HAZEBROUCK;public;LP;;78.5;78.5;;24.8
2020-2021;LILLE;59;NORD;0590110Z;LYCEE GENERAL ET TECHNOLOGIQUE JEAN PERRIN;59328;LAMBERSART;public;LEGT;119.8;;119.8;36.6;
2020-2021;LILLE;59;NORD;0590121L;LYCEE GENERAL ET TECHNOLOGIQUE CESAR BAGGIO;59350;LILLE;public;LEGT;96.4;;96.4;39.8;
2020-2021;LILLE;59;NORD;0590181B;LYCEE GENERAL MAXENCE VAN DER MEERSCH;59512;ROUBAIX;public;LEGT;84.5;;84.5;33.0;
2020-2021;LILLE;59;NORD;0590182C;LYCEE GENERAL BAUDELAIRE;59512;ROUBAIX;public;LEGT;90.0;;90.0;36.0;
2020-2021;LILLE;59;NORD;0590184E;LYCEE GENERAL ET TECHNOLOGIQUE JEAN ROSTAND;59512;ROUBAIX;public;LEGT;76.0;;76.0;29.7;
2020-2021;LILLE;59;NORD;0590212K;LYCEE GENERAL;59599;TOURCOING;public;LEGT;98.1;;98.1;37.4;
2020-2021;LILLE;59;NORD;0590217R;LYCEE PROFESSIONNEL SEVIGNE LYCEE DES METIERS DE LA MODE ET DES TEXTILES;59599;TOURCOING;public;LP;;70.5;70.5;;25.9
2020-2021;LILLE;59;NORD;0590252D;LYCEE PROFESSIONNEL LOUIS LEOPOLD BOILLY;59051;LA BASSEE;public;LP;;84.3;84.3;;27.9
2020-2021;LILLE;59;NORD;0590270Y;LYCEE PROFESSIONNEL DU HAINAUT LYCEE DES METIERS DE L AUTOMOBILE LYCEE DES METIERS DE LA CHAUDRONNERIE;59606;VALENCIENNES;public;LP;;76.2;76.2;;26.5
2020-2021;LILLE;59;NORD;0592832H;LYCEE PROFESSIONNEL VERTES FEUILLES LYCEE DES METIERS DE LA SECURITE ET DE LA PREVENTION;59527;SAINT ANDRE LEZ LILLE;public;LP;;76.2;76.2;;24.8
2020-2021;LILLE;59;NORD;0592850C;LYCEE PROFESSIONNEL ANTOINE DE SAINT EXUPERY;59279;HALLUIN;public;LP;;72.2;72.2;;24.0
2020-2021;LILLE;59;NORD;0592913W;LYCEE GENERAL PRIVE NOTRE DAME DES ANGES;59526;SAINT AMAND LES EAUX;privé sous contrat;LEGT;130.8;;130.8;29.0;
2020-2021;LILLE;59;NORD;0592916Z;LYCEE GENERAL ET TECHNOLOGIQUE PRIVE NOTRE DAME DE GRACE;59392;MAUBEUGE;privé sous contrat;LEGT;108.8;;108.8;36.7;
2020-2021;LILLE;59;NORD;0592926K;LYCEE GENERAL ET TECHNOLOGIQUE PRIVE SAINT JUDE;59017;ARMENTIERES;privé sous contrat;LEGT;133.6;;133.6;31.7;
2020-2021;LILLE;59;NORD;0592929N;LYCEE GENERAL ET TECHNOLOGIQUE PRIVE SAINTE THERESE;59036;AVESNES SUR HELPE;privé sous contrat;LEGT;103.3;;103.3;33.9;
2020-2021;LILLE;59;NORD;0592932S;LYCEE GENERAL PRIVE SAINTE MARIE;59056;BEAUCAMPS LIGNY;privé sous contrat;LEGT;138.2;;138.2;30.0;
2020-2021;LILLE;59;NORD;0592963A;LYCEE POLYVALENT PRIVE SAINT MARTIN;59512;ROUBAIX;privé sous contrat;LPO;78.5;73.5;75.9;30.8;27.9
2020-2021;LILLE;59;NORD;0592966D;LYCEE POLYVALENT PRIVE EIC JEHANNE D ARC LYCEE DES METIERS DU COMMERCE ET DE LA VENTE;59599;TOURCOING;privé sous contrat;LPO;97.4;88.4;91.1;32.4;30.6
2020-2021;LILLE;59;NORD;0593030Y;LYCEE PROFESSIONNEL PRIVE NOTRE DAME DU SACRE COEUR LYCEE DES METIERS DU BIEN ÊTRE DE LA SANTE ET DU SOCIAL;59360;LOOS;privé sous contrat;LP;;87.4;87.4;;36.1
2020-2021;LILLE;59;NORD;0593034C;LYCEE POLYVALENT PRIVE THEOPHILE LEGRAND;59365;LOUVROIL;privé sous contrat;LPO;93.5;80.4;84.7;31.8;26.7
2020-2021;LILLE;59;NORD;0593060F;LYCEE POLYVALENT PRIVE INSTITUT NICOLAS BARRE LYCEE DES METIERS DE LA SECURITE PREVENTION DE L AUTOMOBILE ET DE LA MAINTENANCE DES MATERIELS;59017;ARMENTIERES;privé sous contrat;LPO;136.8;96.0;99.9;27.8;30.8
2020-2021;LILLE;59;NORD;0593079B;LYCEE PROFESSIONNEL PRIVE SAINTE BERNADETTE;59324;JEUMONT;privé sous contrat;LP;;78.4;78.4;;28.9
2020-2021;LILLE;59;NORD;0593104D;LYCEE POLYVALENT PRIVE SAINT PIERRE;59249;FOURMIES;privé sous contrat;LPO;98.1;72.5;78.5;34.9;26.6
2020-2021;LILLE;59;NORD;0593114P;LYCEE GENERAL PRIVE SAINT PAUL;59350;LILLE;privé sous contrat;LEGT;143.1;;143.1;27.1;
2020-2021;LILLE;59;NORD;0593117T;LYCEE POLYVALENT PRIVE LA SALLE;59350;LILLE;privé sous contrat;LPO;121.6;110.3;119.0;36.0;35.9
2020-2021;LILLE;59;NORD;0594302F;LYCEE PROFESSIONNEL FRANCOIS MANSART LYCEE DES METIERS DU BATIMENT;59383;MARLY;public;LP;;70.2;70.2;;22.8
2020-2021;LILLE;59;NORD;0594375K;LYCEE PROFESSIONNEL DINAH DERYCKE;59009;VILLENEUVE D ASCQ;public;LP;;80.3;80.3;;28.9
2020-2021;LILLE;59;NORD;0595657D;LYCEE POLYVALENT PRIVE INSTITUT SAINT VINCENT DE PAUL LYCEE DES METIERS DU BIEN ÊTRE DE LA SANTE ET DU SOCIAL;59360;LOOS;privé sous contrat;LPO;108.5;92.3;106.3;35.3;33.5
2020-2021;LILLE;59;NORD;0595787V;LYCEE PROFESSIONNEL ALAIN SAVARY LYCEE DES METIERS;59650;WATTRELOS;public;LP;;67.6;67.6;;23.8
2020-2021;LILLE;59;NORD;0595884A;LYCEE POLYVALENT ANDRE LURCAT;59392;MAUBEUGE;public;LPO;73.8;69.4;72.0;29.3;27.4
2020-2021;LILLE;59;NORD;0595918M;LYCEE PROFESSIONNEL PRIVE EPID LYCEE DES METIERS DES INDUSTRIES ET DES INNOVATIONS TECHNOLOGIQUES;59183;DUNKERQUE;privé sous contrat;LP;;98.1;98.1;;29.7
2020-2021;LILLE;59;NORD;0596281G;LYCEE GENERAL PRIVE DE GENECH;59258;GENECH;privé sous contrat;LEGT;130.0;;130.0;31.2;
2020-2021;LILLE;62;PAS-DE-CALAIS;0620056Z;LYCEE POLYVALENT CARNOT LYCEE DES METIERS DES SYSTEMES AUTOMATIQUES ET DE L ELECTRONIQUE COMMUNICANTE;62178;BRUAY LA BUISSIERE;public;LPO;94.9;74.1;90.4;34.5;25.4
2020-2021;LILLE;62;PAS-DE-CALAIS;0620093P;LYCEE GENERAL ET TECHNOLOGIQUE FERNAND DARCHICOURT LYCEE DES METIERS DU TRANSPORT ET DE LA LOGISTIQUE LYCEE DES METIERS DU COMMERCE;62427;HENIN BEAUMONT;public;LEGT;96.1;;96.1;34.2;
2020-2021;LILLE;62;PAS-DE-CALAIS;0620131F;LYCEE PROFESSIONNEL DES DEUX CAPS LYCEE DES METIERS DES ACTIVITES COMMERCIALES ET ADMINISTRATIVES;62560;MARQUISE;public;LP;;72.7;72.7;;25.7
2020-2021;LILLE;62;PAS-DE-CALAIS;0620162P;LYCEE PROFESSIONNEL DU PAYS DE SAINT OMER;62765;SAINT OMER;public;LP;;74.3;74.3;;25.2
2020-2021;LILLE;62;PAS-DE-CALAIS;0620190V;LYCEE PROFESSIONNEL HENRI DARRAS LYCEE DES METIERS DE LA CHAUDRONNERIE INDUSTRIELLE;62510;LIEVIN;public;LP;;77.0;77.0;;26.2
2020-2021;LILLE;62;PAS-DE-CALAIS;0620220C;LYCEE PROFESSIONNEL LA PEUPLERAIE LYCEE DES METIERS DU TRANSPORT ET DE LA LOGISTIQUE;62771;SALLAUMINES;public;LP;;67.0;67.0;;22.7
2020-2021;LILLE;62;PAS-DE-CALAIS;0622106C;LYCEE GENERAL PRIVE SAINT VAAST SAINT DOMINIQUE;62119;BETHUNE;privé sous contrat;LEGT;129.7;;129.7;30.7;
2020-2021;LILLE;62;PAS-DE-CALAIS;0622110G;LYCEE GENERAL ET TECHNOLOGIQUE PRIVE SAINT PIERRE;62193;CALAIS;privé sous contrat;LEGT;116.2;;116.2;33.0;
2020-2021;LILLE;62;PAS-DE-CALAIS;0622116N;LYCEE GENERAL PRIVE LA MALASSISE;62525;LONGUENESSE;privé sous contrat;LEGT;133.8;;133.8;31.2;
2020-2021;LILLE;62;PAS-DE-CALAIS;0623864N;LYCEE PROFESSIONNEL MAXIMILIEN DE ROBESPIERRE;62498;LENS;public;LP;;75.1;75.1;;26.8
2020-2021;LILLE;62;PAS-DE-CALAIS;0623915U;LYCEE GENERAL ET TECHNOLOGIQUE VOLTAIRE;62895;WINGLES;public;LEGT;107.9;;107.9;35.1;
2021-2022;LILLE;59;NORD;0595616J;LYCEE GENERAL ET TECHNOLOGIQUE DU NOORDOVER;59271;GRANDE SYNTHE;public;LEGT;93.0;;93.0;33.6;
2021-2022;LILLE;59;NORD;0595787V;LYCEE PROFESSIONNEL ALAIN SAVARY LYCEE DES METIERS;59650;WATTRELOS;public;LP;;67.4;67.4;;22.8
2021-2022;LILLE;59;NORD;0595809U;LYCEE GENERAL ET TECHNOLOGIQUE DE L ESCAUT;59606;VALENCIENNES;public;LEGT;99.5;;99.5;37.0;
2021-2022;LILLE;62;PAS-DE-CALAIS;0620018H;LYCEE PROFESSIONNEL FERNAND DEGRUGILLIER;62048;AUCHEL;public;LP;;70.7;70.7;;23.0
2021-2022;LILLE;62;PAS-DE-CALAIS;0620042J;LYCEE GENERAL ET TECHNOLOGIQUE ANDRE MALRAUX;62119;BETHUNE;public;LEGT;105.0;;105.0;35.4;
2021-2022;LILLE;62;PAS-DE-CALAIS;0620052V;LYCEE POLYVALENT EDOUARD BRANLY LYCEE DES METIERS DU BATIMENT ET DES ENERGIES RENOUVELABLES DE L INDUSTRIE DES TERRES D OPALE;62160;BOULOGNE SUR MER;public;LPO;105.1;83.6;101.7;35.1;28.3
2021-2022;LILLE;62;PAS-DE-CALAIS;0620056Z;LYCEE POLYVALENT CARNOT LYCEE DES METIERS DES SYSTEMES AUTOMATIQUES ET DE L ELECTRONIQUE COMMUNICANTE;62178;BRUAY LA BUISSIERE;public;LPO;95.7;75.3;91.2;35.0;26.4
2021-2022;LILLE;62;PAS-DE-CALAIS;0620109G;LYCEE GENERAL ET TECHNOLOGIQUE AUGUSTE BEHAL;62498;LENS;public;LEGT;82.4;;82.4;30.2;
2021-2022;LILLE;62;PAS-DE-CALAIS;0620110H;LYCEE PROFESSIONNEL AUGUSTE BEHAL LYCEE DES METIERS DE LA PERSONNE SANTE SOCIAL LYCEE DES METIERS DE CONSTRUCTION BOIS ET MATERIAUX;62498;LENS;public;LP;;71.2;71.2;;25.7
2021-2022;LILLE;62;PAS-DE-CALAIS;0620113L;LYCEE GENERAL ET TECHNOLOGIQUE HENRI DARRAS;62510;LIEVIN;public;LEGT;99.5;;99.5;35.4;
2021-2022;LILLE;62;PAS-DE-CALAIS;0620131F;LYCEE PROFESSIONNEL DES DEUX CAPS;62560;MARQUISE;public;LP;;74.0;74.0;;26.2
2021-2022;LILLE;62;PAS-DE-CALAIS;0620140R;LYCEE POLYVALENT EUGENE WOILLEZ;62588;MONTREUIL;public;LPO;109.7;83.6;105.6;33.8;28.5
2021-2022;LILLE;62;PAS-DE-CALAIS;0620162P;LYCEE PROFESSIONNEL DU PAYS DE SAINT OMER;62765;SAINT OMER;public;LP;;76.1;76.1;;25.5
2021-2022;LILLE;62;PAS-DE-CALAIS;0620166U;LYCEE GENERAL ET TECHNOLOGIQUE ALBERT CHATELET;62767;SAINT POL SUR TERNOISE;public;LEGT;106.6;;106.6;33.4;
2021-2022;LILLE;62;PAS-DE-CALAIS;0620257T;LYCEE PROFESSIONNEL SAVARY FERRY;62041;ARRAS;public;LP;;80.0;80.0;;26.8
2021-2022;LILLE;62;PAS-DE-CALAIS;0620258U;LYCEE PROFESSIONNEL VOLTAIRE;62895;WINGLES;public;LP;;83.2;83.2;;29.9
2021-2022;LILLE;62;PAS-DE-CALAIS;0622089J;LYCEE PROFESSIONNEL ANDRE MALRAUX;62119;BETHUNE;public;LP;;81.2;81.2;;29.6
2021-2022;LILLE;62;PAS-DE-CALAIS;0622106C;LYCEE GENERAL PRIVE SAINT VAAST SAINT DOMINIQUE;62119;BETHUNE;privé sous contrat;LEGT;129.0;;129.0;31.0;
2021-2022;LILLE;62;PAS-DE-CALAIS;0622114L;LYCEE POLYVALENT PRIVE SAINT PAUL;62498;LENS;privé sous contrat;LPO;116.0;104.4;114.7;33.9;33.9
2021-2022;LILLE;62;PAS-DE-CALAIS;0622211S;LYCEE PROFESSIONNEL PRIVE SAINT PIERRE;62193;CALAIS;privé sous contrat;LP;;93.8;93.8;;30.4
2021-2022;LILLE;62;PAS-DE-CALAIS;0622803K;LYCEE GENERAL ET TECHNOLOGIQUE BLAISE PASCAL;62525;LONGUENESSE;public;LEGT;107.9;;107.9;35.8;
2017-2018;LILLE;59;NORD;0594400M;LYCEE PROFESSIONNEL AUTOMOBILE ET TRANSPORTS LYCEE DES METIERS DU TRANSPORT ET DE LA LOGISTIQUE DU LITTORAL;59271;GRANDE SYNTHE;public;LP;;73.4;73.4;;
2017-2018;LILLE;59;NORD;0594404S;LYCEE PROFESSIONNEL RENE CASSIN LYCEE DES METIERS DE L ELECTRONIQUE ET DE L ELECTROTECHNIQUE;59414;MONTIGNY EN OSTREVENT;public;LP;;65.6;65.6;;
2017-2018;LILLE;59;NORD;0595657D;LYCEE POLYVALENT PRIVE INSTITUT SAINT VINCENT DE PAUL LYCEE DES METIERS DU BIEN ÊTRE DE LA SANTE ET DU SOCIAL;59360;LOOS;privé sous contrat;LPO;110.4;94.9;108.0;;
2017-2018;LILLE;59;NORD;0595786U;LYCEE GENERAL ET TECHNOLOGIQUE JEAN PROUVE;59350;LILLE;public;LEGT;106.3;;106.3;;
2017-2018;LILLE;59;NORD;0595809U;LYCEE GENERAL ET TECHNOLOGIQUE DE L ESCAUT;59606;VALENCIENNES;public;LEGT;99.0;;99.0;;
2017-2018;LILLE;59;NORD;0596335R;LYCEE GENERAL PRIVE INSTITUT D ANCHIN;59456;PECQUENCOURT;privé sous contrat;LEGT;123.0;;123.0;;
2017-2018;LILLE;59;NORD;0596892W;LYCEE D EXCELLENCE EDGAR MORIN;59178;DOUAI;public;LEGT;93.7;;93.7;;
2017-2018;LILLE;59;NORD;0597005U;LYCEE POLYVALENT DU VAL DE LYS;59212;ESTAIRES;public;LPO;100.7;81.5;95.5;;
2017-2018;LILLE;62;PAS-DE-CALAIS;0620062F;LYCEE GENERAL ET TECHNOLOGIQUE PIERRE DE COUBERTIN LYCEE DES METIERS DU TRANSPORT ET DE LA LOGISTIQUE DU LITTORAL;62193;CALAIS;public;LEGT;104.3;;104.3;;
2017-2018;LILLE;62;PAS-DE-CALAIS;0620109G;LYCEE GENERAL ET TECHNOLOGIQUE AUGUSTE BEHAL LYCEE DES METIERS DE LA MAINTENANCE INDUSTRIELLE LYCEE DES METIERS DE CONSTRUCTION BOIS ET MATERIAUX;62498;LENS;public;LEGT;77.6;;77.6;;
2017-2018;LILLE;62;PAS-DE-CALAIS;0620162P;LYCEE PROFESSIONNEL DU PAYS DE SAINT OMER LYCEE DES METIERS DE L AUTOMOBILE LYCEE DES METIERS DE LA GESTION DE L ADMINISTRATIF ET DU COMMERCE;62765;SAINT OMER;public;LP;;73.3;73.3;;
2017-2018;LILLE;62;PAS-DE-CALAIS;0620190V;LYCEE PROFESSIONNEL HENRI DARRAS LYCEE DES METIERS DE LA CHAUDRONNERIE INDUSTRIELLE;62510;LIEVIN;public;LP;;78.2;78.2;;
2017-2018;LILLE;62;PAS-DE-CALAIS;0620192X;LYCEE PROFESSIONNEL PIERRE MENDES FRANCE LYCEE DES METIERS DES SYSTEMES AUTOMATIQUES ET DE L ELECTRONIQUE COMMUNICANTE;62178;BRUAY LA BUISSIERE;public;LP;;67.9;67.9;;
2017-2018;LILLE;62;PAS-DE-CALAIS;0620258U;LYCEE PROFESSIONNEL VOLTAIRE;62895;WINGLES;public;LP;;77.6;77.6;;
2017-2018;LILLE;62;PAS-DE-CALAIS;0622150A;LYCEE POLYVALENT PRIVE JEAN BOSCO;62397;GUINES;privé sous contrat;LPO;88.4;84.7;85.3;;
2017-2018;LILLE;62;PAS-DE-CALAIS;0622198C;LYCEE POLYVALENT PRIVE SAINT JOSEPH LYCEE DES METIERS DES ENERGIES DU NUMERIQUE ET DE L AUTOMATION MANAGEMENT GESTION COMMUNICATION SANTE SOCIAL;62758;SAINT MARTIN BOULOGNE;privé sous contrat;LPO;104.9;85.5;97.8;;
2017-2018;LILLE;62;PAS-DE-CALAIS;0624109E;LYCEE POLYVALENT GIRAUX SANNIER LYCEE DES METIERS DE L INDUSTRIE DES TERRES D OPALE;62758;SAINT MARTIN BOULOGNE;public;LPO;99.7;75.8;90.9;;
2017-2018;LILLE;62;PAS-DE-CALAIS;0624141P;LYCEE POLYVALENT LEONARD DE VINCI LYCEE DES METIERS DE LA MAINTENANCE INDUSTRIELLE DES TERRES D OPALE;62193;CALAIS;public;LPO;97.3;76.8;96.3;;
2017-2018;LILLE;62;PAS-DE-CALAIS;0624430D;LYCEE GENERAL ET TECHNOLOGIQUE GAMBETTA CARNOT;62041;ARRAS;public;LEGT;108.3;;108.3;;
2018-2019;LILLE;59;NORD;0590018Z;LYCEE POLYVALENT JESSE DE FOREST;59036;AVESNES SUR HELPE;public;LPO;101.0;68.2;96.4;;
2018-2019;LILLE;59;NORD;0590024F;LYCEE GENERAL DES NERVIENS;59053;BAVAY;public;LEGT;113.5;;113.5;;
2018-2019;LILLE;59;NORD;0590063Y;LYCEE GENERAL ALBERT CHATELET;59178;DOUAI;public;LEGT;117.4;;117.4;;
2018-2019;LILLE;59;NORD;0590086Y;LYCEE GENERAL ET TECHNOLOGIQUE MARGUERITE DE FLANDRE;59266;GONDECOURT;public;LEGT;122.2;;122.2;;
2018-2019;LILLE;59;NORD;0590098L;LYCEE PROFESSIONNEL PLACIDE COURTOY;59291;HAUTMONT;public;LP;;66.8;66.8;;
2018-2019;LILLE;59;NORD;0590117G;LYCEE GENERAL ET TECHNOLOGIQUE LOUIS PASTEUR;59350;LILLE;public;LEGT;112.6;;112.6;;
2018-2019;LILLE;59;NORD;0590125R;LYCEE HOTELIER INTERNATIONAL DE LILLE;59350;LILLE;public;LPO;103.8;86.3;89.3;;
2018-2019;LILLE;59;NORD;0590186G;LYCEE PROFESSIONNEL TURGOT LYCEE DES METIERS DES SERVICES ADMINISTRATIFS ET DE LA RELATION CLIENT;59512;ROUBAIX;public;LP;;64.2;64.2;;
2018-2019;LILLE;59;NORD;0590189K;LYCEE PROFESSIONNEL LAVOISIER;59512;ROUBAIX;public;LP;;63.7;63.7;;
2018-2019;LILLE;59;NORD;0590216P;LYCEE PROFESSIONNEL LE CORBUSIER;59599;TOURCOING;public;LP;;80.9;80.9;;
2018-2019;LILLE;59;NORD;0592833J;LYCEE PROFESSIONNEL LES HAUTS DE FLANDRE;59560;SECLIN;public;LP;;79.1;79.1;;
2018-2019;LILLE;59;NORD;0592921E;LYCEE GENERAL ET TECHNOLOGIQUE PRIVE SAINT REMI;59512;ROUBAIX;privé sous contrat;LEGT;99.0;;99.0;;
2018-2019;LILLE;59;NORD;0592944E;LYCEE GENERAL PRIVE SAINT ADRIEN LA SALLE;59009;VILLENEUVE D ASCQ;privé sous contrat;LEGT;141.9;;141.9;;
2018-2019;LILLE;59;NORD;0592976P;LYCEE POLYVALENT PRIVE HELENE BOUCHER;59574;SOMAIN;privé sous contrat;LPO;97.1;83.6;86.9;;
2018-2019;LILLE;59;NORD;0592980U;LYCEE POLYVALENT PRIVE EIC MARIE NOEL;59599;TOURCOING;privé sous contrat;LPO;87.9;79.5;83.0;;
2018-2019;LILLE;59;NORD;0593030Y;LYCEE PROFESSIONNEL PRIVE NOTRE DAME DU SACRE COEUR LYCEE DES METIERS DU BIEN ÊTRE DE LA SANTE ET DU SOCIAL;59360;LOOS;privé sous contrat;LP;;88.9;88.9;;
2018-2019;LILLE;59;NORD;0593066M;LYCEE PROFESSIONNEL PRIVE JEAN PAUL II;59172;DENAIN;privé sous contrat;LP;;67.6;67.6;;
2018-2019;LILLE;59;NORD;0593071T;LYCEE POLYVALENT PRIVE DEFOREST DE LEWARDE;59178;DOUAI;privé sous contrat;LPO;99.1;88.9;91.7;;
2018-2019;LILLE;59;NORD;0593078A;LYCEE POLYVALENT PRIVE FONDATION DEPOORTER LYCEE DES METIERS DE LA SANTE ET DU SOCIAL;59295;HAZEBROUCK;privé sous contrat;LPO;99.4;91.3;94.6;;
2018-2019;LILLE;59;NORD;0593102B;LYCEE GENERAL PRIVE NOTRE DAME DES DUNES;59183;DUNKERQUE;privé sous contrat;LEGT;126.5;;126.5;;
2018-2019;LILLE;59;NORD;0594652L;LYCEE PROFESSIONNEL DES PLAINES DU NORD;59271;GRANDE SYNTHE;public;LP;;71.3;71.3;;
2018-2019;LILLE;59;NORD;0595885B;LYCEE GENERAL ET TECHNOLOGIQUE ARTHUR RIMBAUD;59569;SIN LE NOBLE;public;LEGT;103.2;;103.2;;
2018-2019;LILLE;59;NORD;0596957S;LYCEE PROFESSIONNEL AIME CESAIRE;59350;LILLE;public;LP;;70.0;70.0;;
2018-2019;LILLE;62;PAS-DE-CALAIS;0620018H;LYCEE PROFESSIONNEL FERNAND DEGRUGILLIER LYCEE DES METIERS DE L AUTOMOBILE LYCEE DES METIERS DE LA PLASTURGIE;62048;AUCHEL;public;LP;;70.6;70.6;;
2018-2019;LILLE;62;PAS-DE-CALAIS;0620027T;LYCEE POLYVALENT PABLO PICASSO;62065;AVION;public;LPO;83.1;69.4;81.0;;
2018-2019;LILLE;62;PAS-DE-CALAIS;0620056Z;LYCEE POLYVALENT CARNOT LYCEE DES METIERS DES SYSTEMES AUTOMATIQUES ET DE L ELECTRONIQUE COMMUNICANTE;62178;BRUAY LA BUISSIERE;public;LPO;93.8;73.7;89.5;;
2018-2019;LILLE;62;PAS-DE-CALAIS;0620062F;LYCEE GENERAL ET TECHNOLOGIQUE PIERRE DE COUBERTIN LYCEE DES METIERS DU TRANSPORT ET DE LA LOGISTIQUE DU LITTORAL;62193;CALAIS;public;LEGT;102.5;;102.5;;
2018-2019;LILLE;62;PAS-DE-CALAIS;0620063G;LYCEE GENERAL ET TECHNOLOGIQUE SOPHIE BERTHELOT LYCEE DES METIERS DE L HOTELLERIE RESTAURATION;62193;CALAIS;public;LEGT;100.7;;100.7;;
2018-2019;LILLE;62;PAS-DE-CALAIS;0620070P;LYCEE GENERAL ET TECHNOLOGIQUE DIDEROT;62215;CARVIN;public;LEGT;96.6;;96.6;;
2018-2019;LILLE;62;PAS-DE-CALAIS;0620109G;LYCEE GENERAL ET TECHNOLOGIQUE AUGUSTE BEHAL;62498;LENS;public;LEGT;78.7;;78.7;;
2018-2019;LILLE;62;PAS-DE-CALAIS;0620120U;LYCEE GENERAL ET TECHNOLOGIQUE ANATOLE FRANCE;62516;LILLERS;public;LEGT;104.0;;104.0;;
2018-2019;LILLE;62;PAS-DE-CALAIS;0620190V;LYCEE PROFESSIONNEL HENRI DARRAS LYCEE DES METIERS DE LA CHAUDRONNERIE INDUSTRIELLE;62510;LIEVIN;public;LP;;78.1;78.1;;
2018-2019;LILLE;62;PAS-DE-CALAIS;0620192X;LYCEE PROFESSIONNEL PIERRE MENDES FRANCE LYCEE DES METIERS DES SYSTEMES AUTOMATIQUES ET DE L ELECTRONIQUE COMMUNICANTE;62178;BRUAY LA BUISSIERE;public;LP;;68.8;68.8;;
2018-2019;LILLE;62;PAS-DE-CALAIS;0620221D;LYCEE PROFESSIONNEL PROFESSEUR CLERC LYCEE DES METIERS DE L INDUSTRIE DES TERRES D OPALE;62643;OUTREAU;public;LP;;74.0;74.0;;
2018-2019;LILLE;62;PAS-DE-CALAIS;0622150A;LYCEE POLYVALENT PRIVE JEAN BOSCO;62397;GUINES;privé sous contrat;LPO;91.0;83.1;84.3;;
2018-2019;LILLE;62;PAS-DE-CALAIS;0622275L;LYCEE PROFESSIONNEL JEAN CHARLES CAZIN LYCEE DES METIERS DES ACTIVITES COMMERCIALES ET ADMINISTRATIVES;62160;BOULOGNE SUR MER;public;LP;;67.2;67.2;;
2018-2019;LILLE;62;PAS-DE-CALAIS;0622807P;LYCEE POLYVALENT HOTELIER LYCEE DES METIERS DE L HOTELLERIE RESTAURATION;62826;LE TOUQUET PARIS PLAGE;public;LPO;118.0;99.8;108.5;;
2018-2019;LILLE;62;PAS-DE-CALAIS;0623328F;LYCEE PROFESSIONNEL HENRI SENEZ LYCEE DES METIERS DE LA CHAUDRONNERIE INDUSTRIELLE;62427;HENIN BEAUMONT;public;LP;;70.6;70.6;;
2018-2019;LILLE;62;PAS-DE-CALAIS;0623463C;LYCEE PROFESSIONNEL NORMANDIE NIEMEN LYCEE DES METIERS DU BATIMENT ET DES ENERGIES RENOUVELABLES;62193;CALAIS;public;LP;;71.4;71.4;;
2018-2019;LILLE;62;PAS-DE-CALAIS;0623864N;LYCEE PROFESSIONNEL MAXIMILIEN DE ROBESPIERRE LYCEE DES METIERS DE L AUTOMOBILE;62498;LENS;public;LP;;72.8;72.8;;
2018-2019;LILLE;62;PAS-DE-CALAIS;0624109E;LYCEE POLYVALENT GIRAUX SANNIER LYCEE DES METIERS DE L INDUSTRIE DES TERRES D OPALE;62758;SAINT MARTIN BOULOGNE;public;LPO;101.3;76.9;92.0;;
2016-2017;LILLE;59;NORD;0590011S;LYCEE POLYVALENT GUSTAVE EIFFEL;59017;ARMENTIERES;public;LPO;114.5;88.0;109.3;;
2016-2017;LILLE;59;NORD;0590024F;LYCEE GENERAL DES NERVIENS;59053;BAVAY;public;LEGT;107.4;;107.4;;
2016-2017;LILLE;59;NORD;0590060V;LYCEE GENERAL ET TECHNOLOGIQUE ALFRED KASTLER;59172;DENAIN;public;LEGT;87.3;;87.3;;
2016-2017;LILLE;59;NORD;0590065A;LGT EDMOND LABBE LYCEE DES METIERS SANITAIRE SOCIAL LYCEE DES METIERS MAINTENANCE INDUSTRIELLE LYCEE DES METIERS ELECTRONIQUE ELECTROTECHNIQUE;59178;DOUAI;public;LEGT;87.5;;87.5;;
2016-2017;LILLE;59;NORD;0590071G;LYCEE GENERAL ET TECHNOLOGIQUE JEAN BART;59183;DUNKERQUE;public;LEGT;107.8;;107.8;;
2016-2017;LILLE;59;NORD;0590073J;LYCEE GENERAL ET TECHNOLOGIQUE AUGUSTE ANGELLIER;59183;DUNKERQUE;public;LEGT;112.9;;112.9;;
2016-2017;LILLE;59;NORD;0590083V;LYCEE POLYVALENT CAMILLE CLAUDEL;59249;FOURMIES;public;LPO;96.6;71.4;85.8;;
2016-2017;LILLE;59;NORD;0590112B;LYCEE GENERAL ET TECHNOLOGIQUE DUPLEIX;59331;LANDRECIES;public;LEGT;94.3;;94.3;;
2016-2017;LILLE;59;NORD;0590121L;LYCEE GENERAL ET TECHNOLOGIQUE CESAR BAGGIO LYCEE DES METIERS DES SCIENCES DE L INGENIEUR;59350;LILLE;public;LEGT;99.4;;99.4;;
2016-2017;LILLE;59;NORD;0590149S;LYCEE POLYVALENT PIERRE FOREST;59392;MAUBEUGE;public;LPO;93.9;67.8;90.8;;
2016-2017;LILLE;59;NORD;0590168M;LYCEE POLYVALENT EUGENE THOMAS;59481;LE QUESNOY;public;LPO;112.6;80.9;104.5;;
2016-2017;LILLE;59;NORD;0590181B;LYCEE GENERAL MAXENCE VAN DER MEERSCH;59512;ROUBAIX;public;LEGT;86.0;;86.0;;
2016-2017;LILLE;59;NORD;0590198V;LYCEE PROFESSIONNEL GEORGES GUYNEMER;59183;DUNKERQUE;public;LP;;70.9;70.9;;
2016-2017;LILLE;59;NORD;0590233H;LYCEE POLYVALENT EMILE ZOLA;59650;WATTRELOS;public;LPO;88.1;69.3;81.6;;
2016-2017;LILLE;59;NORD;0590263R;LYCEE PROFESSIONNEL FERNAND LEGER LYCEE DES METIERS DE L ÉNERGIE DU NUMERIQUE ET DE LA METALLURGIE;59155;COUDEKERQUE BRANCHE;public;LP;;71.6;71.6;;
2016-2017;LILLE;59;NORD;0592610S;LP PIERRE JOSEPH LAURENT LYC MET MAINTENANCE INDUSTRIELLE LYC MET ELECTRONIQUE ET ELECTROTECHNIQUE LYC MET SANITAIRE ET SOCIAL;59008;ANICHE;public;LP;;68.9;68.9;;
2016-2017;LILLE;59;NORD;0592712C;LYCEE PROFESSIONNEL LOUIS ARMAND;59324;JEUMONT;public;LP;;65.6;65.6;;
2016-2017;LILLE;59;NORD;0592832H;LYCEE PROFESSIONNEL VERTES FEUILLES LYCEE DES METIERS DE LA PREVENTION ET DE LA SECURITE;59527;SAINT ANDRE LEZ LILLE;public;LP;;79.8;79.8;;
2016-2017;LILLE;59;NORD;0592928M;LYCEE POLYVALENT PRIVE SAINTE JEANNE D ARC LYCEE DES METIERS DE L HOTELLERIE RESTAURATION LYCEE DES METIERS DE L ESTHETIQUE ET DE LA COIFFURE;59033;AULNOYE AYMERIES;privé sous contrat;LPO;97.6;75.1;84.1;;
2016-2017;LILLE;59;NORD;0592929N;LYCEE GENERAL ET TECHNOLOGIQUE PRIVE SAINTE THERESE;59036;AVESNES SUR HELPE;privé sous contrat;LEGT;103.4;;103.4;;
2016-2017;LILLE;59;NORD;0592935V;LYCEE GENERAL PRIVE LA CROIX BLANCHE;59090;BONDUES;privé sous contrat;LEGT;137.9;;137.9;;
2016-2017;LILLE;59;NORD;0592944E;LYCEE GENERAL PRIVE SAINT ADRIEN LA SALLE;59009;VILLENEUVE D ASCQ;privé sous contrat;LEGT;140.9;;140.9;;
2016-2017;LILLE;59;NORD;0592969G;LYCEE POLYVALENT PRIVE DAMPIERRE;59606;VALENCIENNES;privé sous contrat;LPO;98.0;82.5;85.3;;
2016-2017;LILLE;59;NORD;0592976P;LYCEE POLYVALENT PRIVE HELENE BOUCHER;59574;SOMAIN;privé sous contrat;LPO;93.6;81.4;84.9;;
2016-2017;LILLE;59;NORD;0593020M;LYCEE PROFESSIONNEL PRIVE DE LA COIFFURE;59350;LILLE;privé sous contrat;LP;;91.8;91.8;;
2016-2017;LILLE;59;NORD;0593060F;LYCEE POLYVALENT PRIVE INSTITUT NICOLAS BARRE LYCEE DES METIERS DE L AUTOMOBILE;59017;ARMENTIERES;privé sous contrat;LPO;121.7;90.3;95.2;;
2016-2017;LILLE;59;NORD;0593061G;LYCEE POLYVALENT SAINT LUC LYCEE DES METIERS DE L OPTIQUE DE LA SANTE ET DU SOCIAL;59122;CAMBRAI;privé sous contrat;LPO;121.2;90.3;106.6;;
2016-2017;LILLE;59;NORD;0593071T;LYCEE POLYVALENT PRIVE DEFOREST DE LEWARDE;59178;DOUAI;privé sous contrat;LPO;101.6;83.5;88.5;;
2016-2017;LILLE;59;NORD;0593106F;LYCEE GENERAL PRIVE SAINTE ODILE;59328;LAMBERSART;privé sous contrat;LEGT;118.7;;118.7;;
2016-2017;LILLE;59;NORD;0593117T;LYCEE GENERAL PRIVE SAINT PIERRE LA SALLE;59350;LILLE;privé sous contrat;LEGT;109.6;;109.6;;
2016-2017;LILLE;59;NORD;0593139S;LYCEE GENERAL PRIVE SACRE COEUR;59599;TOURCOING;privé sous contrat;LEGT;116.0;;116.0;;
2016-2017;LILLE;59;NORD;0593225K;LYCEE PRIVE DE MARCQ;59378;MARCQ EN BAROEUL;privé sous contrat;LEGT;146.0;;146.0;;
2016-2017;LILLE;59;NORD;0593495D;LYCEE PROFESSIONNEL PAUL LANGEVIN LYCEE DES METIERS DE L AUTOMOBILE LYCEE DES METIERS DE L ELECTRONIQUE ET DE L ELECTROTECHNIQUE;59654;WAZIERS;public;LP;;69.4;69.4;;
2016-2017;LILLE;59;NORD;0594391C;LYCEE TECHNOLOGIQUE ECOLE SUP ARTS APPLIQUES TEXTILE;59512;ROUBAIX;public;LEGT;123.0;;123.0;;
2016-2017;LILLE;59;NORD;0594652L;LYCEE PROFESSIONNEL DES PLAINES DU NORD;59271;GRANDE SYNTHE;public;LP;;74.2;74.2;;
2016-2017;LILLE;59;NORD;0595885B;LYCEE GENERAL ET TECHNOLOGIQUE ARTHUR RIMBAUD;59170;DECHY;public;LEGT;101.6;;101.6;;
2016-2017;LILLE;59;NORD;0595918M;LYCEE PROFESSIONNEL PRIVE EPID;59183;DUNKERQUE;privé sous contrat;LP;;86.7;86.7;;
2016-2017;LILLE;59;NORD;0596335R;LYCEE GENERAL PRIVE INSTITUT D ANCHIN;59456;PECQUENCOURT;privé sous contrat;LEGT;124.0;;124.0;;
2016-2017;LILLE;59;NORD;0596854E;LYCEE POLYVALENT DU PAYS DE CONDE LYCEE DES METIERS DE LA CONDUITE ET DE LA MAINTENANCE DES SYSTEMES;59153;CONDE SUR L ESCAUT;public;LPO;84.6;70.4;77.0;;
2016-2017;LILLE;59;NORD;0596925G;LYCEE POLYVALENT CHARLOTTE PERRIAND;59258;GENECH;public;LPO;130.6;93.1;126.3;;
2016-2017;LILLE;59;NORD;0596957S;LYCEE PROFESSIONNEL AIME CESAIRE;59350;LILLE;public;LP;;70.7;70.7;;
2016-2017;LILLE;62;PAS-DE-CALAIS;0620027T;LYCEE POLYVALENT PABLO PICASSO;62065;AVION;public;LPO;81.5;69.4;78.7;;
2016-2017;LILLE;62;PAS-DE-CALAIS;0620043K;LYCEE PROFESSIONNEL SALVADOR ALLENDE LYCEE DES METIERS DE L AUTOMOBILE LYCEE DES METIERS DE LA MAINTENANCE INDUSTRIELLE;62119;BETHUNE;public;LP;;76.4;76.4;;
2016-2017;LILLE;62;PAS-DE-CALAIS;0620113L;LYCEE GENERAL ET TECHNOLOGIQUE HENRI DARRAS LYCEE DES METIERS DE LA CHAUDRONNERIE INDUSTRIELLE;62510;LIEVIN;public;LEGT;97.3;;97.3;;
2016-2017;LILLE;62;PAS-DE-CALAIS;0620124Y;LYCEE PROFESSIONNEL BERNARD CHOCHOY;62534;LUMBRES;public;LP;;74.1;74.1;;
2016-2017;LILLE;62;PAS-DE-CALAIS;0620131F;LYCEE PROFESSIONNEL DES DEUX CAPS LYCEE DES METIERS DES ACTIVITES COMMERCIALES ET ADMINISTRATIVES;62560;MARQUISE;public;LP;;70.8;70.8;;
2016-2017;LILLE;62;PAS-DE-CALAIS;0620140R;LYCEE POLYVALENT EUGENE WOILLEZ;62588;MONTREUIL;public;LPO;106.8;77.3;102.0;;
2016-2017;LILLE;62;PAS-DE-CALAIS;0620162P;LYCEE PROFESSIONNEL DU PAYS DE SAINT OMER LYCEE DES METIERS DE L AUTOMOBILE LYCEE DES METIERS DE LA GESTION DE L ADMINISTRATIF ET DU COMMERCE;62765;SAINT OMER;public;LP;;72.0;72.0;;
2016-2017;LILLE;62;PAS-DE-CALAIS;0620167V;LYCEE PROFESSIONNEL PIERRE MENDES FRANCE;62767;SAINT POL SUR TERNOISE;public;LP;;73.8;73.8;;
2016-2017;LILLE;62;PAS-DE-CALAIS;0620221D;LYCEE PROFESSIONNEL PROFESSEUR CLERC LYCEE DES METIERS DE L INDUSTRIE DES TERRES D OPALE;62643;OUTREAU;public;LP;;73.6;73.6;;
2016-2017;LILLE;62;PAS-DE-CALAIS;0620256S;LYCEE POLYVALENT GUY MOLLET;62041;ARRAS;public;LPO;100.0;78.6;96.7;;
2016-2017;LILLE;62;PAS-DE-CALAIS;0622150A;LYCEE POLYVALENT PRIVE JEAN BOSCO;62397;GUINES;privé sous contrat;LPO;88.4;84.7;85.3;;
2016-2017;LILLE;62;PAS-DE-CALAIS;0622192W;LYCEE PROFESSIONNEL PRIVE SAINT JOSEPH;62318;ETAPLES;privé sous contrat;LP;;87.7;87.7;;
2016-2017;LILLE;62;PAS-DE-CALAIS;0622196A;LYCEE POLYVALENT PRIVE BAUDIMONT SAINT CHARLES LYCEE DES METIERS DU TERTIAIRE COMMERCIAL ET DU MANAGEMENT;62041;ARRAS;privé sous contrat;LPO;125.7;99.3;118.0;;
2016-2017;LILLE;62;PAS-DE-CALAIS;0622198C;LYCEE POLYVALENT PRIVE SAINT JOSEPH LYCEE DES METIERS DES ENERGIES DU NUMERIQUE ET DE L AUTOMATION;62758;SAINT MARTIN BOULOGNE;privé sous contrat;LPO;106.1;86.6;99.3;;
2016-2017;LILLE;62;PAS-DE-CALAIS;0622276M;LYCEE POLYVALENT JAN LAVEZZARI;62108;BERCK;public;LPO;101.9;74.6;93.8;;
2016-2017;LILLE;62;PAS-DE-CALAIS;0622803K;LYCEE GENERAL ET TECHNOLOGIQUE BLAISE PASCAL;62525;LONGUENESSE;public;LEGT;103.6;;103.6;;
2016-2017;LILLE;62;PAS-DE-CALAIS;0623328F;LYCEE PROFESSIONNEL HENRI SENEZ LYCEE DES METIERS DE LA CHAUDRONNERIE INDUSTRIELLE;62427;HENIN BEAUMONT;public;LP;;69.4;69.4;;
2016-2017;LILLE;62;PAS-DE-CALAIS;0623377J;LYCEE PROFESSIONNEL FRANCOIS HENNEBIQUE;62510;LIEVIN;public;LP;;68.3;68.3;;
2016-2017;LILLE;62;PAS-DE-CALAIS;0623864N;LYCEE PROFESSIONNEL MAXIMILIEN DE ROBESPIERRE LYCEE DES METIERS DE L AUTOMOBILE;62498;LENS;public;LP;;72.7;72.7;;
2016-2017;LILLE;62;PAS-DE-CALAIS;0624109E;LYCEE POLYVALENT GIRAUX SANNIER LYCEE DES METIERS DE L INDUSTRIE DES TERRES D OPALE;62758;SAINT MARTIN BOULOGNE;public;LPO;99.0;76.5;90.1;;
2016-2017;LILLE;62;PAS-DE-CALAIS;0624141P;LYCEE POLYVALENT LEONARD DE VINCI LYCEE DES METIERS DE LA MAINTENANCE INDUSTRIELLE DES TERRES D OPALE;62193;CALAIS;public;LPO;98.1;76.8;96.8;;
2017-2018;LILLE;59;NORD;0590015W;LYCEE PROFESSIONNEL PIERRE ET MARIE CURIE;59033;AULNOYE AYMERIES;public;LP;;70.6;70.6;;
2017-2018;LILLE;59;NORD;0590044C;LYCEE POLYVALENT JOSEPH MARIE JACQUARD;59139;CAUDRY;public;LPO;88.8;71.5;81.0;;
2017-2018;LILLE;59;NORD;0590093F;LYCEE POLYVALENT BEAUPRE LYCEE DES METIERS DE LA PLASTURGIE;59286;HAUBOURDIN;public;LPO;107.8;84.1;100.7;;
2017-2018;LILLE;59;NORD;0590110Z;LYCEE GENERAL ET TECHNOLOGIQUE JEAN PERRIN;59328;LAMBERSART;public;LEGT;119.4;;119.4;;
2017-2018;LILLE;59;NORD;0590116F;LYCEE GENERAL FENELON;59350;LILLE;public;LEGT;120.9;;120.9;;
2017-2018;LILLE;59;NORD;0590121L;LYCEE GENERAL ET TECHNOLOGIQUE CESAR BAGGIO LYCEE DES METIERS DES SCIENCES DE L INGENIEUR;59350;LILLE;public;LEGT;97.0;;97.0;;
2017-2018;LILLE;59;NORD;0590125R;LYCEE HOTELIER INTERNATIONAL DE LILLE;59350;LILLE;public;LPO;100.9;86.4;88.9;;
2017-2018;LILLE;59;NORD;0590149S;LYCEE POLYVALENT PIERRE FOREST;59392;MAUBEUGE;public;LPO;93.1;69.6;90.5;;
2017-2018;LILLE;59;NORD;0590222W;LYCEE GENERAL ET TECHNOLOGIQUE WATTEAU;59606;VALENCIENNES;public;LEGT;116.4;;116.4;;
2017-2018;LILLE;59;NORD;0592916Z;LYCEE GENERAL ET TECHNOLOGIQUE PRIVE NOTRE DAME DE GRACE;59392;MAUBEUGE;privé sous contrat;LEGT;104.6;;104.6;;
2017-2018;LILLE;59;NORD;0592921E;LYCEE GENERAL ET TECHNOLOGIQUE PRIVE SAINT REMI;59512;ROUBAIX;privé sous contrat;LEGT;101.2;;101.2;;
2017-2018;LILLE;59;NORD;0592964B;LYCEE PROFESSIONNEL PRIVE LEONARD DE VINCI;59512;ROUBAIX;privé sous contrat;LP;;81.6;81.6;;
2017-2018;LILLE;59;NORD;0593006X;LYCEE TECHNOLOGIQUE PRIVE NOTRE DAME D ANNAY;59350;LILLE;privé sous contrat;LPO;117.3;97.1;110.0;;
2017-2018;LILLE;59;NORD;0593036E;LYCEE POLYVALENT PRIVE NOTRE DAME DU TILLEUL;59392;MAUBEUGE;privé sous contrat;LPO;81.2;70.0;75.0;;
2017-2018;LILLE;59;NORD;0593079B;LYCEE POLYVALENT PRIVE SAINTE BERNADETTE;59324;JEUMONT;privé sous contrat;LPO;81.9;73.2;74.8;;
2017-2018;LILLE;59;NORD;0593136N;LYCEE GENERAL ET TECHNOLOGIQUE PRIVE SAINT JACQUES;59295;HAZEBROUCK;privé sous contrat;LEGT;125.4;;125.4;;
2017-2018;LILLE;59;NORD;0594278E;LYCEE TECHNOLOGIQUE PRIVE EPID;59183;DUNKERQUE;privé sous contrat;LEGT;103.3;;103.3;;
2017-2018;LILLE;59;NORD;0594391C;LYCEE TECHNOLOGIQUE ECOLE SUP ARTS APPLIQUES TEXTILE;59512;ROUBAIX;public;LEGT;124.2;;124.2;;
2019-2020;LILLE;59;NORD;0590018Z;LYCEE POLYVALENT JESSE DE FOREST;59036;AVESNES SUR HELPE;public;LPO;101.1;70.4;96.3;36.4;25.0
2019-2020;LILLE;59;NORD;0590035T;LYCEE GENERAL ET TECHNOLOGIQUE FENELON;59122;CAMBRAI;public;LEGT;110.7;;110.7;35.0;
2019-2020;LILLE;59;NORD;0590060V;LYCEE GENERAL ET TECHNOLOGIQUE ALFRED KASTLER;59172;DENAIN;public;LEGT;88.8;;88.8;32.0;
2019-2020;LILLE;59;NORD;0590064Z;LYCEE GENERAL ET TECHNOLOGIQUE JEAN BAPTISTE COROT;59178;DOUAI;public;LEGT;99.2;;99.2;35.8;
2019-2020;LILLE;59;NORD;0590112B;LYCEE GENERAL ET TECHNOLOGIQUE DUPLEIX;59331;LANDRECIES;public;LEGT;97.7;;97.7;34.8;
2019-2020;LILLE;59;NORD;0590116F;LYCEE GENERAL FENELON;59350;LILLE;public;LEGT;118.1;;118.1;39.4;
2019-2020;LILLE;59;NORD;0590119J;LYCEE GENERAL ET TECHNOLOGIQUE FAIDHERBE;59350;LILLE;public;LEGT;114.4;;114.4;39.0;
2019-2020;LILLE;59;NORD;0590143K;LYCEE GENERAL YVES KERNANEC;59378;MARCQ EN BAROEUL;public;LEGT;124.1;;124.1;36.3;
2019-2020;LILLE;59;NORD;0590144L;LYCEE PROFESSIONNEL AUTOMOBILE ALFRED MONGY LYCEE DES METIERS DE LA MAINTENANCE DES VEHICULES;59378;MARCQ EN BAROEUL;public;LP;;83.2;83.2;;28.2
2019-2020;LILLE;59;NORD;0590184E;LYCEE GENERAL ET TECHNOLOGIQUE JEAN ROSTAND;59512;ROUBAIX;public;LEGT;77.5;;77.5;32.4;
2019-2020;LILLE;59;NORD;0590198V;LYCEE PROFESSIONNEL GEORGES GUYNEMER;59183;DUNKERQUE;public;LP;;70.9;70.9;;23.1
2019-2020;LILLE;59;NORD;0590216P;LYCEE PROFESSIONNEL LE CORBUSIER;59599;TOURCOING;public;LP;;81.1;81.1;;29.2
2019-2020;LILLE;59;NORD;0590249A;LYCEE PROFESSIONNEL JACQUES YVES COUSTEAU;59646;WASQUEHAL;public;LP;;74.1;74.1;;27.1
2019-2020;LILLE;59;NORD;0590255G;LYCEE PROFESSIONNEL GUY DEBEYRE LYCEE DES METIERS DU TRANSPORT ET DE LA LOGISTIQUE DU LITTORAL;59183;DUNKERQUE;public;LP;;76.3;76.3;;25.2
2019-2020;LILLE;59;NORD;0590263R;LYCEE PROFESSIONNEL FERNAND LEGER LYCEE DES METIERS DE L ÉNERGIE DU NUMERIQUE ET DE LA METALLURGIE;59155;COUDEKERQUE BRANCHE;public;LP;;74.5;74.5;;23.1
2019-2020;LILLE;59;NORD;0590282L;LYCEE GENERAL ET TECHNOLOGIQUE JULES MOUSSERON;59172;DENAIN;public;LEGT;83.5;;83.5;30.2;
2019-2020;LILLE;59;NORD;0592929N;LYCEE GENERAL ET TECHNOLOGIQUE PRIVE SAINTE THERESE;59036;AVESNES SUR HELPE;privé sous contrat;LEGT;100.8;;100.8;30.8;
2019-2020;LILLE;59;NORD;0592973L;LYCEE PROFESSIONNEL PRIVE SAINT FRANCOIS D ASSISE;59512;ROUBAIX;privé sous contrat;LP;;81.0;81.0;;29.9
2019-2020;LILLE;59;NORD;0593007Y;LYCEE GENERAL ET TECHNOLOGIQUE PRIVE FREDERIC OZANAM LYCEE DES METIERS DE LA CONSTRUCTION DE L ENVIRONNEMENT ET DES ENERGIES;59350;LILLE;privé sous contrat;LEGT;132.7;;132.7;32.7;
2019-2020;LILLE;59;NORD;0593030Y;LYCEE PROFESSIONNEL PRIVE NOTRE DAME DU SACRE COEUR LYCEE DES METIERS DU BIEN ÊTRE DE LA SANTE ET DU SOCIAL;59360;LOOS;privé sous contrat;LP;;89.1;89.1;;35.3
2019-2020;LILLE;59;NORD;0593063J;LYCEE PROFESSIONNEL PRIVE SAINTE MARIE;59043;BAILLEUL;privé sous contrat;LP;;93.3;93.3;;33.6
2019-2020;LILLE;59;NORD;0593066M;LYCEE PROFESSIONNEL PRIVE JEAN PAUL II;59172;DENAIN;privé sous contrat;LP;;71.4;71.4;;21.8
2019-2020;LILLE;59;NORD;0593077Z;LYCEE POLYVALENT PRIVE SAINT JOSEPH;59295;HAZEBROUCK;privé sous contrat;LPO;102.4;88.3;94.7;33.2;27.0
2019-2020;LILLE;59;NORD;0593109J;LYCEE GENERAL PRIVE NOTRE DAME DE LA PAIX;59350;LILLE;privé sous contrat;LEGT;133.8;;133.8;32.5;
2019-2020;LILLE;59;NORD;0593114P;LYCEE GENERAL PRIVE SAINT PAUL;59350;LILLE;privé sous contrat;LEGT;141.5;;141.5;27.8;
2019-2020;LILLE;59;NORD;0593495D;LYCEE PROFESSIONNEL PAUL LANGEVIN LYCEE DES METIERS DE L AUTOMOBILE LYCEE DES METIERS DE L ELECTRONIQUE ET DE L ELECTROTECHNIQUE;59654;WAZIERS;public;LP;;73.9;73.9;;25.8
2019-2020;LILLE;59;NORD;0594375K;LYCEE PROFESSIONNEL DINAH DERYCKE;59009;VILLENEUVE D ASCQ;public;LP;;79.4;79.4;;28.7
2019-2020;LILLE;59;NORD;0594404S;LYCEE PROFESSIONNEL RENE CASSIN;59414;MONTIGNY EN OSTREVENT;public;LP;;69.0;69.0;;21.6
2019-2020;LILLE;59;NORD;0594653M;LYCEE PROFESSIONNEL ANDRE JURENIL;59172;DENAIN;public;LP;;68.2;68.2;;21.4
2019-2020;LILLE;59;NORD;0595809U;LYCEE GENERAL ET TECHNOLOGIQUE DE L ESCAUT;59606;VALENCIENNES;public;LEGT;100.7;;100.7;36.5;
2019-2020;LILLE;59;NORD;0595856V;LYCEE PROFESSIONNEL DE L YSER;59663;WORMHOUT;public;LP;;71.9;71.9;;23.4
2019-2020;LILLE;59;NORD;0596335R;LYCEE GENERAL PRIVE INSTITUT D ANCHIN;59456;PECQUENCOURT;privé sous contrat;LEGT;124.1;;124.1;33.0;
2019-2020;LILLE;59;NORD;0596854E;LYCEE POLYVALENT DU PAYS DE CONDE LYCEE DES METIERS DE LA CONDUITE ET DE LA MAINTENANCE DES SYSTEMES;59153;CONDE SUR L ESCAUT;public;LPO;85.6;69.0;78.3;32.0;22.6
2019-2020;LILLE;62;PAS-DE-CALAIS;0620018H;LYCEE PROFESSIONNEL FERNAND DEGRUGILLIER LYCEE DES METIERS DE L AUTOMOBILE LYCEE DES METIERS DE LA PLASTURGIE;62048;AUCHEL;public;LP;;69.5;69.5;;20.6
2019-2020;LILLE;62;PAS-DE-CALAIS;0620052V;LYCEE POLYVALENT EDOUARD BRANLY LYCEE DES METIERS DU BATIMENT ET DES ENERGIES RENOUVELABLES DE L INDUSTRIE DES TERRES D OPALE;62160;BOULOGNE SUR MER;public;LPO;104.5;82.7;101.1;36.3;25.8
2019-2020;LILLE;62;PAS-DE-CALAIS;0620109G;LYCEE GENERAL ET TECHNOLOGIQUE AUGUSTE BEHAL;62498;LENS;public;LEGT;80.7;;80.7;28.7;
2019-2020;LILLE;62;PAS-DE-CALAIS;0620120U;LYCEE GENERAL ET TECHNOLOGIQUE ANATOLE FRANCE;62516;LILLERS;public;LEGT;106.9;;106.9;34.9;
2019-2020;LILLE;62;PAS-DE-CALAIS;0620124Y;LYCEE PROFESSIONNEL BERNARD CHOCHOY;62534;LUMBRES;public;LP;;71.5;71.5;;22.7
2019-2020;LILLE;62;PAS-DE-CALAIS;0620131F;LYCEE PROFESSIONNEL DES DEUX CAPS LYCEE DES METIERS DES ACTIVITES COMMERCIALES ET ADMINISTRATIVES;62560;MARQUISE;public;LP;;71.4;71.4;;24.5
2019-2020;LILLE;62;PAS-DE-CALAIS;0620162P;LYCEE PROFESSIONNEL DU PAYS DE SAINT OMER LYCEE DES METIERS DE L AUTOMOBILE LYCEE DES METIERS DE LA GESTION DE L ADMINISTRATIF ET DU COMMERCE;62765;SAINT OMER;public;LP;;73.6;73.6;;24.5
2019-2020;LILLE;62;PAS-DE-CALAIS;0620187S;LYCEE PROFESSIONNEL JULES VERNE LYCEE DES METIERS DU BATIMENT ET DES ENERGIES RENOUVELABLES;62318;ETAPLES;public;LP;;76.9;76.9;;22.8
2019-2020;LILLE;62;PAS-DE-CALAIS;0620220C;LYCEE PROFESSIONNEL LA PEUPLERAIE LYCEE DES METIERS DU TRANSPORT ET DE LA LOGISTIQUE;62771;SALLAUMINES;public;LP;;68.2;68.2;;22.4
2019-2020;LILLE;62;PAS-DE-CALAIS;0622198C;LYCEE POLYVALENT PRIVE SAINT JOSEPH LYCEE DES METIERS DES ENERGIES DU NUMERIQUE ET DE L AUTOMATION MANAGEMENT GESTION COMMUNICATION SANTE SOCIAL;62758;SAINT MARTIN BOULOGNE;privé sous contrat;LPO;106.6;88.6;99.2;33.3;30.0
2019-2020;LILLE;62;PAS-DE-CALAIS;0622807P;LYCEE POLYVALENT HOTELIER LYCEE DES METIERS DE L HOTELLERIE RESTAURATION;62826;LE TOUQUET PARIS PLAGE;public;LPO;116.2;104.3;109.8;33.6;34.0
2019-2020;LILLE;62;PAS-DE-CALAIS;0622949U;LYCEE GENERAL ET TECHNOLOGIQUE MARIETTE LYCEE DES METIERS DES ACTIVITES COMMERCIALES ET ADMINISTRATIVES;62160;BOULOGNE SUR MER;public;LEGT;100.3;;100.3;36.8;
2019-2020;LILLE;62;PAS-DE-CALAIS;0623915U;LYCEE GENERAL ET TECHNOLOGIQUE VOLTAIRE;62895;WINGLES;public;LEGT;106.6;;106.6;34.9;
2019-2020;LILLE;62;PAS-DE-CALAIS;0624430D;LYCEE GENERAL ET TECHNOLOGIQUE GAMBETTA CARNOT;62041;ARRAS;public;LEGT;111.4;;111.4;36.3;
2020-2021;LILLE;59;NORD;0590035T;LYCEE GENERAL ET TECHNOLOGIQUE FENELON;59122;CAMBRAI;public;LEGT;108.7;;108.7;35.3;
2020-2021;LILLE;59;NORD;0590065A;LYCEE GENERAL ET TECHNOLOGIQUE EDMOND LABBE;59178;DOUAI;public;LEGT;89.4;;89.4;31.8;
2020-2021;LILLE;59;NORD;0590071G;LYCEE GENERAL ET TECHNOLOGIQUE JEAN BART;59183;DUNKERQUE;public;LEGT;108.0;;108.0;36.7;
2020-2021;LILLE;59;NORD;0590072H;LYCEE GENERAL ET TECHNOLOGIQUE DE L EUROPE LYCEE DES METIERS DE L ÉNERGIE DU NUMERIQUE ET DE LA METALLURGIE;59183;DUNKERQUE;public;LPO;89.7;53.5;89.5;31.2;6.6
2020-2021;LILLE;59;NORD;0590098L;LYCEE PROFESSIONNEL PLACIDE COURTOY;59291;HAUTMONT;public;LP;;67.2;67.2;;24.1
2020-2021;LILLE;59;NORD;0590116F;LYCEE GENERAL FENELON;59350;LILLE;public;LEGT;115.4;;115.4;40.3;
2020-2021;LILLE;59;NORD;0590144L;LYCEE PROFESSIONNEL AUTOMOBILE ALFRED MONGY LYCEE DES METIERS DE LA MAINTENANCE DES VEHICULES;59378;MARCQ EN BAROEUL;public;LP;;84.3;84.3;;28.2
2020-2021;LILLE;59;NORD;0590187H;LYCEE PROFESSIONNEL LOUIS LOUCHEUR;59512;ROUBAIX;public;LP;;65.3;65.3;;20.6
2020-2021;LILLE;59;NORD;0590198V;LYCEE PROFESSIONNEL GEORGES GUYNEMER;59183;DUNKERQUE;public;LP;;69.9;69.9;;23.4
2020-2021;LILLE;59;NORD;0590216P;LYCEE PROFESSIONNEL LE CORBUSIER;59599;TOURCOING;public;LP;;81.8;81.8;;30.5
2020-2021;LILLE;59;NORD;0590223X;LYCEE GENERAL ET TECHNOLOGIQUE DU HAINAUT;59606;VALENCIENNES;public;LEGT;95.2;;95.2;35.3;
2020-2021;LILLE;59;NORD;0590233H;LYCEE POLYVALENT EMILE ZOLA;59650;WATTRELOS;public;LPO;87.8;70.6;81.5;31.2;24.9
2020-2021;LILLE;59;NORD;0590255G;LYCEE PROFESSIONNEL GUY DEBEYRE LYCEE DES METIERS DU TRANSPORT ET DE LA LOGISTIQUE DU LITTORAL;59183;DUNKERQUE;public;LP;;75.3;75.3;;24.0
2020-2021;LILLE;59;NORD;0590263R;LYCEE PROFESSIONNEL FERNAND LEGER LYCEE DES METIERS DE L ÉNERGIE DU NUMERIQUE ET DE LA METALLURGIE;59155;COUDEKERQUE BRANCHE;public;LP;;74.4;74.4;;23.6
2020-2021;LILLE;59;NORD;0590265T;LYCEE PROFESSIONNEL EDMOND LABBE;59178;DOUAI;public;LP;;81.7;81.7;;28.6
2020-2021;LILLE;59;NORD;0592610S;LYCEE PROFESSIONNEL PIERRE JOSEPH LAURENT;59008;ANICHE;public;LP;;73.3;73.3;;25.8
2020-2021;LILLE;59;NORD;0592712C;LYCEE PROFESSIONNEL LOUIS ARMAND;59324;JEUMONT;public;LP;;66.0;66.0;;22.4
2020-2021;LILLE;59;NORD;0592922F;LYCEE GENERAL PRIVE THERESE D AVILA;59350;LILLE;privé sous contrat;LEGT;143.9;;143.9;26.7;
2020-2021;LILLE;59;NORD;0592940A;LYCEE GENERAL PRIVE SAINT JEAN;59178;DOUAI;privé sous contrat;LEGT;129.2;;129.2;34.9;
2020-2021;LILLE;59;NORD;0592944E;LYCEE GENERAL PRIVE SAINT ADRIEN LA SALLE;59009;VILLENEUVE D ASCQ;privé sous contrat;LEGT;142.5;;142.5;29.5;
2020-2021;LILLE;59;NORD;0592964B;LYCEE PROFESSIONNEL PRIVE LEONARD DE VINCI;59512;ROUBAIX;privé sous contrat;LP;;86.6;86.6;;32.7
2020-2021;LILLE;59;NORD;0592965C;LYCEE POLYVALENT PRIVE EIC INDUSTRIEL ET COMMERCIAL LYCEE DES METIERS DU COMMERCE ET DE LA VENTE;59599;TOURCOING;privé sous contrat;LPO;103.6;87.2;98.5;33.5;32.0
2020-2021;LILLE;59;NORD;0593007Y;LYCEE GENERAL ET TECHNOLOGIQUE PRIVE FREDERIC OZANAM LYCEE DES METIERS DE LA CONSTRUCTION DE L ENVIRONNEMENT ET DES ENERGIES;59350;LILLE;privé sous contrat;LEGT;132.5;;132.5;33.0;
2020-2021;LILLE;59;NORD;0593040J;LYCEE POLYVALENT PRIVE NOTRE DAME DE LA PROVIDENCE;59449;ORCHIES;privé sous contrat;LPO;127.4;113.2;119.4;31.3;31.8
2020-2021;LILLE;59;NORD;0593063J;LYCEE PROFESSIONNEL PRIVE SAINTE MARIE;59043;BAILLEUL;privé sous contrat;LP;;93.2;93.2;;33.4
2020-2021;LILLE;59;NORD;0593136N;LYCEE GENERAL ET TECHNOLOGIQUE PRIVE SAINT JACQUES;59295;HAZEBROUCK;privé sous contrat;LEGT;124.8;;124.8;32.4;
2020-2021;LILLE;59;NORD;0593138R;LYCEE GENERAL PRIVE SAINT MICHEL;59571;SOLESMES;privé sous contrat;LEGT;118.8;;118.8;33.0;
2020-2021;LILLE;59;NORD;0594391C;LYCEE TECHNOLOGIQUE ECOLE SUP ARTS APPLIQUES TEXTILE;59512;ROUBAIX;public;LEGT;129.6;;129.6;32.4;
2020-2021;LILLE;59;NORD;0594400M;LYCEE PROFESSIONNEL AUTOMOBILE ET TRANSPORTS LYCEE DES METIERS DU TRANSPORT ET DE LA LOGISTIQUE DU LITTORAL;59271;GRANDE SYNTHE;public;LP;;74.2;74.2;;21.5
2020-2021;LILLE;59;NORD;0594532F;LYCEE PROFESSIONNEL AMBROISE CROIZAT;59028;AUBY;public;LP;;68.1;68.1;;24.9
2020-2021;LILLE;59;NORD;0595786U;LYCEE GENERAL ET TECHNOLOGIQUE JEAN PROUVE;59350;LILLE;public;LEGT;107.3;;107.3;36.9;
2020-2021;LILLE;59;NORD;0596957S;LYCEE PROFESSIONNEL AIME CESAIRE;59350;LILLE;public;LP;;69.0;69.0;;22.7
2020-2021;LILLE;59;NORD;0597005U;LYCEE POLYVALENT DU VAL DE LYS;59212;ESTAIRES;public;LPO;106.1;85.4;101.0;32.8;28.3
2020-2021;LILLE;62;PAS-DE-CALAIS;0620027T;LYCEE POLYVALENT PABLO PICASSO;62065;AVION;public;LPO;82.9;66.8;81.4;30.5;30.3
2020-2021;LILLE;62;PAS-DE-CALAIS;0620040G;LYCEE GENERAL ET TECHNOLOGIQUE LOUIS BLARINGHEM;62119;BETHUNE;public;LEGT;118.2;;118.2;34.7;
2020-2021;LILLE;62;PAS-DE-CALAIS;0620062F;LYCEE GENERAL ET TECHNOLOGIQUE PIERRE DE COUBERTIN LYCEE DES METIERS DU TRANSPORT ET DE LA LOGISTIQUE DU LITTORAL;62193;CALAIS;public;LEGT;104.0;;104.0;35.7;
2020-2021;LILLE;62;PAS-DE-CALAIS;0620095S;LYCEE POLYVALENT LOUIS PASTEUR;62427;HENIN BEAUMONT;public;LPO;94.3;77.4;89.5;31.8;27.8
2020-2021;LILLE;62;PAS-DE-CALAIS;0620108F;LYCEE GENERAL ET TECHNOLOGIQUE CONDORCET;62498;LENS;public;LEGT;85.5;;85.5;31.4;
2020-2021;LILLE;62;PAS-DE-CALAIS;0620110H;LYCEE PROFESSIONNEL AUGUSTE BEHAL LYCEE DES METIERS DE LA PERSONNE SANTE SOCIAL LYCEE DES METIERS DE CONSTRUCTION BOIS ET MATERIAUX;62498;LENS;public;LP;;70.3;70.3;;24.4
2020-2021;LILLE;62;PAS-DE-CALAIS;0620124Y;LYCEE PROFESSIONNEL BERNARD CHOCHOY;62534;LUMBRES;public;LP;;69.0;69.0;;18.9
2020-2021;LILLE;62;PAS-DE-CALAIS;0620256S;LYCEE POLYVALENT GUY MOLLET;62041;ARRAS;public;LPO;104.8;93.2;104.5;34.2;26.2
2020-2021;LILLE;62;PAS-DE-CALAIS;0622107D;LYCEE GENERAL PRIVE NAZARETH HAFFREINGUE;62160;BOULOGNE SUR MER;privé sous contrat;LEGT;125.1;;125.1;34.8;
2020-2021;LILLE;62;PAS-DE-CALAIS;0622120T;LYCEE GENERAL PRIVE NOTRE DAME DE SION;62765;SAINT OMER;privé sous contrat;LEGT;128.6;;128.6;29.3;
2020-2021;LILLE;62;PAS-DE-CALAIS;0622150A;LYCEE POLYVALENT PRIVE JEAN BOSCO;62397;GUINES;privé sous contrat;LPO;108.6;85.7;88.2;36.5;31.6
2020-2021;LILLE;62;PAS-DE-CALAIS;0622199D;LYCEE POLYVALENT PRIVE SAINT DENIS;62765;SAINT OMER;privé sous contrat;LPO;114.9;93.3;111.8;31.4;34.6
2020-2021;LILLE;62;PAS-DE-CALAIS;0622801H;LYCEE PROFESSIONNEL JEAN BERTIN LYCEE DES METIERS DES TRAVAUX PUBLICS;62178;BRUAY LA BUISSIERE;public;LP;;90.6;90.6;;28.5
2020-2021;LILLE;62;PAS-DE-CALAIS;0623377J;LYCEE PROFESSIONNEL DU BATIMENT FRANCOIS HENNEBIQUE;62510;LIEVIN;public;LP;;70.3;70.3;;21.4
2020-2021;LILLE;62;PAS-DE-CALAIS;0624141P;LYCEE POLYVALENT LEONARD DE VINCI LYCEE DES METIERS DE LA MAINTENANCE INDUSTRIELLE DES TERRES D OPALE;62193;CALAIS;public;LPO;97.3;80.2;95.9;34.4;28.4
2020-2021;LILLE;62;PAS-DE-CALAIS;0624430D;LYCEE GENERAL ET TECHNOLOGIQUE GAMBETTA CARNOT;62041;ARRAS;public;LEGT;112.6;;112.6;36.6;
2019-2020;LILLE;59;NORD;0593034C;LYCEE POLYVALENT PRIVE THEOPHILE LEGRAND (A ABSORBE L'UAI 0593036E EN 2019);59365;LOUVROIL;privé sous contrat;LPO;91.9;78.2;83.6;31.6;26.8
2019-2020;LILLE;59;NORD;0593058D;LYCEE POLYVALENT PRIVE VAUBAN LYCEE DES METIERS;59183;DUNKERQUE;privé sous contrat;LPO;97.4;86.1;89.6;32.0;28.1
2019-2020;LILLE;59;NORD;0596122J;LYCEE GENERAL PRIVE JEANNINE MANUEL;59378;MARCQ EN BAROEUL;privé sous contrat;LEGT;154.1;;154.1;9.9;
2019-2020;LILLE;59;NORD;0596925G;LYCEE POLYVALENT CHARLOTTE PERRIAND;59258;GENECH;public;LPO;133.1;99.6;130.5;31.8;32.0
2019-2020;LILLE;62;PAS-DE-CALAIS;0620140R;LYCEE POLYVALENT EUGENE WOILLEZ;62588;MONTREUIL;public;LPO;106.1;77.4;101.9;34.2;25.3
2021-2022;LILLE;59;NORD;0590063Y;LYCEE GENERAL ALBERT CHATELET;59178;DOUAI;public;LEGT;119.7;;119.7;39.3;
2021-2022;LILLE;59;NORD;0590111A;LYCEE PROFESSIONNEL SONIA DELAUNAY;59350;LILLE;public;LP;;73.6;73.6;;26.8
2021-2022;LILLE;59;NORD;0590112B;LYCEE GENERAL ET TECHNOLOGIQUE DUPLEIX;59331;LANDRECIES;public;LEGT;102.6;;102.6;35.3;
2021-2022;LILLE;59;NORD;0590121L;LYCEE GENERAL ET TECHNOLOGIQUE CESAR BAGGIO;59350;LILLE;public;LEGT;96.1;;96.1;39.4;
2021-2022;LILLE;59;NORD;0590168M;LYCEE POLYVALENT EUGENE THOMAS;59481;LE QUESNOY;public;LPO;118.7;79.5;112.5;36.1;25.2
2021-2022;LILLE;59;NORD;0590181B;LYCEE GENERAL ET TECHNOLOGIQUE MAXENCE VAN DER MEERSCH;59512;ROUBAIX;public;LEGT;88.2;;88.2;34.5;
2021-2022;LILLE;59;NORD;0590212K;LYCEE GENERAL;59599;TOURCOING;public;LEGT;98.3;;98.3;37.9;
2021-2022;LILLE;59;NORD;0590255G;LYCEE PROFESSIONNEL GUY DEBEYRE;59183;DUNKERQUE;public;LP;;76.3;76.3;;24.3
2021-2022;LILLE;59;NORD;0590257J;LYCEE PROFESSIONNEL ILE DE FLANDRE;59017;ARMENTIERES;public;LP;;76.7;76.7;;25.3
2021-2022;LILLE;59;NORD;0592712C;LYCEE PROFESSIONNEL LOUIS ARMAND;59324;JEUMONT;public;LP;;64.7;64.7;;19.5
2021-2022;LILLE;59;NORD;0592832H;LYCEE PROFESSIONNEL VERTES FEUILLES LYCEE DES METIERS DE LA SECURITE ET DE LA PREVENTION;59527;SAINT ANDRE LEZ LILLE;public;LP;;75.4;75.4;;24.9
2021-2022;LILLE;59;NORD;0592833J;LYCEE PROFESSIONNEL LES HAUTS DE FLANDRE;59560;SECLIN;public;LPO;101.3;78.9;80.4;37.7;28.6
2021-2022;LILLE;59;NORD;0592932S;LYCEE GENERAL PRIVE SAINTE MARIE;59056;BEAUCAMPS LIGNY;privé sous contrat;LEGT;140.4;;140.4;30.1;
2021-2022;LILLE;59;NORD;0592976P;LYCEE POLYVALENT PRIVE HELENE BOUCHER;59574;SOMAIN;privé sous contrat;LPO;94.9;82.2;85.0;29.9;27.5
2021-2022;LILLE;59;NORD;0593079B;LYCEE PROFESSIONNEL PRIVE SAINTE BERNADETTE;59324;JEUMONT;privé sous contrat;LP;;76.5;76.5;;25.2
2021-2022;LILLE;59;NORD;0593114P;LYCEE GENERAL PRIVE SAINT PAUL;59350;LILLE;privé sous contrat;LEGT;149.0;;149.0;23.4;
2021-2022;LILLE;59;NORD;0593117T;LYCEE POLYVALENT PRIVE LA SALLE;59350;LILLE;privé sous contrat;LPO;124.2;112.6;122.1;36.5;37.0
2021-2022;LILLE;59;NORD;0593136N;LYCEE GENERAL ET TECHNOLOGIQUE PRIVE SAINT JACQUES;59295;HAZEBROUCK;privé sous contrat;LEGT;125.7;;125.7;32.4;
2021-2022;LILLE;59;NORD;0595480L;LYCEE PROFESSIONNEL ILE JEANTY;59183;DUNKERQUE;public;LP;;69.4;69.4;;23.3
2021-2022;LILLE;59;NORD;0595786U;LYCEE GENERAL ET TECHNOLOGIQUE JEAN PROUVE;59350;LILLE;public;LEGT;101.9;;101.9;35.2;
2021-2022;LILLE;59;NORD;0596122J;LYCEE GENERAL PRIVE JEANNINE MANUEL;59378;MARCQ EN BAROEUL;privé sous contrat;LEGT;155.3;;155.3;3.6;
2021-2022;LILLE;59;NORD;0596281G;LYCEE GENERAL PRIVE DE GENECH;59258;GENECH;privé sous contrat;LEGT;129.5;;129.5;31.1;
2021-2022;LILLE;59;NORD;0596854E;LYCEE POLYVALENT DU PAYS DE CONDE;59153;CONDE SUR L ESCAUT;public;LPO;84.1;67.1;76.4;31.3;21.6
2021-2022;LILLE;59;NORD;0596892W;LYCEE D EXCELLENCE EDGAR MORIN;59178;DOUAI;public;LEGT;89.6;;89.6;34.4;
2021-2022;LILLE;62;PAS-DE-CALAIS;0620011A;LYCEE PROFESSIONNEL JACQUES LE CARON;62041;ARRAS;public;LP;;76.3;76.3;;28.7
2021-2022;LILLE;62;PAS-DE-CALAIS;0620017G;LYCEE GENERAL ET TECHNOLOGIQUE LAVOISIER;62048;AUCHEL;public;LEGT;86.8;;86.8;30.5;
2021-2022;LILLE;62;PAS-DE-CALAIS;0620063G;LYCEE GENERAL ET TECHNOLOGIQUE SOPHIE BERTHELOT;62193;CALAIS;public;LEGT;103.2;;103.2;35.8;
2021-2022;LILLE;62;PAS-DE-CALAIS;0620070P;LYCEE GENERAL ET TECHNOLOGIQUE DIDEROT;62215;CARVIN;public;LEGT;100.0;;100.0;34.3;
2021-2022;LILLE;62;PAS-DE-CALAIS;0620161N;LYCEE GENERAL ET TECHNOLOGIQUE ALEXANDRE RIBOT;62765;SAINT OMER;public;LEGT;106.1;;106.1;36.7;
2021-2022;LILLE;62;PAS-DE-CALAIS;0620190V;LYCEE PROFESSIONNEL HENRI DARRAS;62510;LIEVIN;public;LP;;77.4;77.4;;26.1
2021-2022;LILLE;62;PAS-DE-CALAIS;0620221D;LYCEE PROFESSIONNEL PROFESSEUR CLERC;62643;OUTREAU;public;LP;;75.7;75.7;;23.8
2021-2022;LILLE;62;PAS-DE-CALAIS;0622801H;LYCEE PROFESSIONNEL JEAN BERTIN LYCEE DES METIERS DES TRAVAUX PUBLICS;62178;BRUAY LA BUISSIERE;public;LP;;92.3;92.3;;28.9
2021-2022;LILLE;62;PAS-DE-CALAIS;0623463C;LYCEE PROFESSIONNEL NORMANDIE NIEMEN LYCEE DES METIERS DU BATIMENT ET DES ENERGIES RENOUVELABLES;62193;CALAIS;public;LP;;69.4;69.4;;22.8
2021-2022;LILLE;62;PAS-DE-CALAIS;0623902E;LYCEE POLYVALENT MARGUERITE YOURCENAR LYCEE DES METIERS DE LA PERSONNE SANTE SOCIAL ET DE L HOTELLERIE RESTAURATION;62126;BEUVRY;public;LPO;97.2;78.7;91.7;31.2;26.2
2016-2017;LILLE;59;NORD;0590035T;LYCEE GENERAL ET TECHNOLOGIQUE FENELON;59122;CAMBRAI;public;LEGT;106.8;;106.8;;
2016-2017;LILLE;59;NORD;0590042A;LYCEE POLYVALENT CAMILLE DESMOULINS;59136;LE CATEAU CAMBRESIS;public;LPO;84.4;67.8;77.2;;
2016-2017;LILLE;59;NORD;0590064Z;LYCEE GENERAL ET TECHNOLOGIQUE JEAN BAPTISTE COROT;59178;DOUAI;public;LEGT;99.3;;99.3;;
2016-2017;LILLE;59;NORD;0590072H;LYCEE GENERAL ET TECHNOLOGIQUE DE L EUROPE LYCEE DES METIERS DE L ÉNERGIE DU NUMERIQUE ET DE LA METALLURGIE;59183;DUNKERQUE;public;LEGT;89.8;;89.8;;
2016-2017;LILLE;59;NORD;0590086Y;LYCEE GENERAL ET TECHNOLOGIQUE MARGUERITE DE FLANDRE;59266;GONDECOURT;public;LEGT;120.4;;120.4;;
2016-2017;LILLE;59;NORD;0590117G;LYCEE GENERAL ET TECHNOLOGIQUE LOUIS PASTEUR;59350;LILLE;public;LEGT;114.8;;114.8;;
2016-2017;LILLE;59;NORD;0590119J;LYCEE GENERAL ET TECHNOLOGIQUE FAIDHERBE;59350;LILLE;public;LEGT;116.1;;116.1;;
2016-2017;LILLE;59;NORD;0590186G;LYCEE PROFESSIONNEL TURGOT LYCEE DES METIERS DES SERVICES ADMINISTRATIFS ET DE LA RELATION CLIENT;59512;ROUBAIX;public;LP;;62.4;62.4;;
2016-2017;LILLE;59;NORD;0590214M;LYCEE POLYVALENT COLBERT LYCEE DES METIERS DU WEB;59599;TOURCOING;public;LPO;96.0;82.6;91.6;;
2016-2017;LILLE;59;NORD;0590223X;LYCEE TECHNOLOGIQUE DU HAINAUT LYCEE DES METIERS DE LA CHAUDRONNERIE;59606;VALENCIENNES;public;LEGT;101.4;;101.4;;
2016-2017;LILLE;59;NORD;0590249A;LYCEE PROFESSIONNEL JACQUES YVES COUSTEAU;59646;WASQUEHAL;public;LP;;74.1;74.1;;
2016-2017;LILLE;59;NORD;0590252D;LYCEE PROFESSIONNEL LOUIS LEOPOLD BOILLY;59051;LA BASSEE;public;LP;;78.6;78.6;;
2016-2017;LILLE;59;NORD;0592913W;LYCEE GENERAL PRIVE NOTRE DAME DES ANGES;59526;SAINT AMAND LES EAUX;privé sous contrat;LEGT;126.9;;126.9;;
2016-2017;LILLE;59;NORD;0592921E;LYCEE GENERAL ET TECHNOLOGIQUE PRIVE SAINT REMI;59512;ROUBAIX;privé sous contrat;LEGT;102.4;;102.4;;
2016-2017;LILLE;59;NORD;0592922F;LYCEE GENERAL PRIVE THERESE D AVILA;59350;LILLE;privé sous contrat;LEGT;141.3;;141.3;;
2016-2017;LILLE;59;NORD;0592926K;LYCEE GENERAL ET TECHNOLOGIQUE PRIVE SAINT JUDE;59017;ARMENTIERES;privé sous contrat;LEGT;133.3;;133.3;;
2016-2017;LILLE;59;NORD;0592966D;LYCEE POLYVALENT PRIVE EIC JEHANNE D ARC LYCEE DES METIERS DU COMMERCE ET DE LA VENTE;59599;TOURCOING;privé sous contrat;LPO;90.1;82.1;84.3;;
2016-2017;LILLE;59;NORD;0592973L;LYCEE PROFESSIONNEL PRIVE SAINT FRANCOIS D ASSISE;59512;ROUBAIX;privé sous contrat;LP;;77.6;77.6;;
2016-2017;LILLE;59;NORD;0593007Y;LYCEE GENERAL ET TECHNOLOGIQUE PRIVE FREDERIC OZANAM LYCEE DES METIERS DE LA CONSTRUCTION DE L ENVIRONNEMENT ET DES ENERGIES;59350;LILLE;privé sous contrat;LEGT;128.0;;128.0;;
2016-2017;LILLE;59;NORD;0593058D;LYCEE POLYVALENT PRIVE VAUBAN;59183;DUNKERQUE;privé sous contrat;LPO;93.7;83.8;86.8;;
2016-2017;LILLE;59;NORD;0593077Z;LYCEE POLYVALENT PRIVE SAINT JOSEPH;59295;HAZEBROUCK;privé sous contrat;LPO;107.8;91.3;98.7;;
2016-2017;LILLE;59;NORD;0593109J;LYCEE GENERAL PRIVE NOTRE DAME DE LA PAIX;59350;LILLE;privé sous contrat;LEGT;134.7;;134.7;;
2016-2017;LILLE;59;NORD;0593113N;LYCEE GENERAL PRIVE SAINTE CLAIRE;59350;LILLE;privé sous contrat;LEGT;120.2;;120.2;;
2016-2017;LILLE;59;NORD;0593141U;LYCEE GENERAL PRIVE NOTRE DAME;59606;VALENCIENNES;privé sous contrat;LEGT;128.1;;128.1;;
2016-2017;LILLE;59;NORD;0594302F;LYCEE PROFESSIONNEL FRANCOIS MANSART LYCEE DES METIERS DU BATIMENT;59383;MARLY;public;LP;;70.4;70.4;;
2016-2017;LILLE;59;NORD;0594404S;LYCEE PROFESSIONNEL RENE CASSIN LYCEE DES METIERS DE L ELECTRONIQUE ET DE L ELECTROTECHNIQUE;59414;MONTIGNY EN OSTREVENT;public;LP;;66.4;66.4;;
2016-2017;LILLE;59;NORD;0594424N;LYCEE GENERAL ET TECHNOLOGIQUE RAYMOND QUENEAU;59009;VILLENEUVE D ASCQ;public;LEGT;111.2;;111.2;;
2016-2017;LILLE;59;NORD;0595787V;LYCEE PROFESSIONNEL ALAIN SAVARY;59650;WATTRELOS;public;LP;;67.9;67.9;;
2016-2017;LILLE;59;NORD;0595884A;LYCEE POLYVALENT ANDRE LURCAT;59392;MAUBEUGE;public;LPO;78.5;66.4;73.7;;
2016-2017;LILLE;59;NORD;0596681S;LYCEE GENERAL ET TECHNOLOGIQUE PRIVE AVERROES;59350;LILLE;privé sous contrat;LEGT;93.9;;93.9;;
2016-2017;LILLE;59;NORD;0597005U;LYCEE POLYVALENT DU VAL DE LYS;59212;ESTAIRES;public;LPO;100.3;78.6;94.9;;
2016-2017;LILLE;62;PAS-DE-CALAIS;0620006V;LYCEE GENERAL ET TECHNOLOGIQUE ROBESPIERRE;62041;ARRAS;public;LEGT;122.8;;122.8;;
2016-2017;LILLE;62;PAS-DE-CALAIS;0620059C;LYCEE PROFESSIONNEL LEO LAGRANGE;62186;BULLY LES MINES;public;LPO;83.5;69.8;75.5;;
2016-2017;LILLE;62;PAS-DE-CALAIS;0620095S;LYCEE POLYVALENT LOUIS PASTEUR LYCEE DES METIERS DES TRAVAUX PUBLICS;62427;HENIN BEAUMONT;public;LPO;92.7;80.9;88.9;;
2016-2017;LILLE;62;PAS-DE-CALAIS;0620110H;LYCEE PROFESSIONNEL AUGUSTE BEHAL LYCEE DES METIERS DE LA MAINTENANCE INDUSTRIELLE LYCEE DES METIERS DE CONSTRUCTION BOIS ET MATERIAUX;62498;LENS;public;LP;;68.2;68.2;;
2016-2017;LILLE;62;PAS-DE-CALAIS;0620189U;LYCEE PROFESSIONNEL PIERRE DE COUBERTIN LYCEE DES METIERS DU TRANSPORT ET DE LA LOGISTIQUE;62193;CALAIS;public;LP;;74.1;74.1;;
2016-2017;LILLE;62;PAS-DE-CALAIS;0620258U;LYCEE PROFESSIONNEL VOLTAIRE;62895;WINGLES;public;LP;;76.5;76.5;;
2016-2017;LILLE;62;PAS-DE-CALAIS;0622089J;LYCEE PROFESSIONNEL ANDRE MALRAUX LYCEE DES METIERS DE LA MAINTENANCE INDUSTRIELLE;62119;BETHUNE;public;LP;;75.9;75.9;;
2016-2017;LILLE;62;PAS-DE-CALAIS;0622949U;LYCEE GENERAL ET TECHNOLOGIQUE MARIETTE LYCEE DES METIERS DES ACTIVITES COMMERCIALES ET ADMINISTRATIVES;62160;BOULOGNE SUR MER;public;LEGT;99.5;;99.5;;
2016-2017;LILLE;62;PAS-DE-CALAIS;0623463C;LYCEE PROFESSIONNEL NORMANDIE NIEMEN LYCEE DES METIERS DU BATIMENT;62193;CALAIS;public;LP;;67.7;67.7;;
2016-2017;LILLE;62;PAS-DE-CALAIS;0623902E;LYCEE POLYVALENT MARGUERITE YOURCENAR LYCEE DES METIERS DE L HOTELLERIE RESTAURATION;62126;BEUVRY;public;LPO;93.7;78.4;89.4;;
2016-2017;LILLE;62;PAS-DE-CALAIS;0624430D;LYCEE GENERAL ET TECHNOLOGIQUE GAMBETTA CARNOT;62041;ARRAS;public;LEGT;108.3;;108.3;;
2016-2017;LILLE;62;PAS-DE-CALAIS;0624440P;LYCEE POLYVALENT D ARTOIS LYCEE DES METIERS DE LA CHAUDRONNERIE INDUSTRIELLE;62617;NOEUX LES MINES;public;LPO;95.0;70.4;84.9;;
2017-2018;LILLE;59;NORD;0595678B;LYCEE PROFESSIONNEL LEONARD DE VINCI;59603;TRITH SAINT LEGER;public;LP;;72.6;72.6;;
2017-2018;LILLE;62;PAS-DE-CALAIS;0620027T;LYCEE POLYVALENT PABLO PICASSO;62065;AVION;public;LPO;82.5;69.9;80.0;;
2017-2018;LILLE;62;PAS-DE-CALAIS;0620056Z;LYCEE POLYVALENT CARNOT LYCEE DES METIERS DES SYSTEMES AUTOMATIQUES ET DE L ELECTRONIQUE COMMUNICANTE;62178;BRUAY LA BUISSIERE;public;LPO;94.3;71.6;89.4;;
2017-2018;LILLE;62;PAS-DE-CALAIS;0620059C;LYCEE PROFESSIONNEL LEO LAGRANGE LYCEE DES METIERS DE LA PERSONNE SANTE SOCIAL;62186;BULLY LES MINES;public;LPO;83.9;70.1;75.7;;
2017-2018;LILLE;62;PAS-DE-CALAIS;0620063G;LYCEE GENERAL ET TECHNOLOGIQUE SOPHIE BERTHELOT LYCEE DES METIERS DE L HOTELLERIE RESTAURATION;62193;CALAIS;public;LEGT;100.0;;100.0;;
2017-2018;LILLE;62;PAS-DE-CALAIS;0620113L;LYCEE GENERAL ET TECHNOLOGIQUE HENRI DARRAS LYCEE DES METIERS DE LA CHAUDRONNERIE INDUSTRIELLE;62510;LIEVIN;public;LEGT;98.8;;98.8;;
2017-2018;LILLE;62;PAS-DE-CALAIS;0620131F;LYCEE PROFESSIONNEL DES DEUX CAPS LYCEE DES METIERS DES ACTIVITES COMMERCIALES ET ADMINISTRATIVES;62560;MARQUISE;public;LP;;70.9;70.9;;
2017-2018;LILLE;62;PAS-DE-CALAIS;0620167V;LYCEE PROFESSIONNEL PIERRE MENDES FRANCE;62767;SAINT POL SUR TERNOISE;public;LP;;73.4;73.4;;
2017-2018;LILLE;62;PAS-DE-CALAIS;0620187S;LYCEE PROFESSIONNEL JULES VERNE LYCEE DES METIERS DU BATIMENT ET DES ENERGIES RENOUVELABLES;62318;ETAPLES;public;LP;;73.4;73.4;;
2017-2018;LILLE;62;PAS-DE-CALAIS;0620188T;LYCEE PROFESSIONNEL DU DETROIT LYCEE DES METIERS DE LA MODE ET DES TEXTILES LYCEE DES METIERS DE LA MAINTENANCE INDUSTRIELLE DES TERRES D OPALE;62193;CALAIS;public;LP;;71.5;71.5;;
2017-2018;LILLE;62;PAS-DE-CALAIS;0620221D;LYCEE PROFESSIONNEL PROFESSEUR CLERC LYCEE DES METIERS DE L INDUSTRIE DES TERRES D OPALE;62643;OUTREAU;public;LP;;74.7;74.7;;
2017-2018;LILLE;62;PAS-DE-CALAIS;0620256S;LYCEE POLYVALENT GUY MOLLET;62041;ARRAS;public;LPO;100.9;79.1;98.2;;
2017-2018;LILLE;62;PAS-DE-CALAIS;0622120T;LYCEE GENERAL PRIVE NOTRE DAME DE SION;62765;SAINT OMER;privé sous contrat;LEGT;128.0;;128.0;;
2017-2018;LILLE;62;PAS-DE-CALAIS;0622196A;LYCEE POLYVALENT PRIVE BAUDIMONT SAINT CHARLES LYCEE DES METIERS DU TERTIAIRE COMMERCIAL ET DU MANAGEMENT;62041;ARRAS;privé sous contrat;LPO;129.4;103.9;122.3;;
2017-2018;LILLE;62;PAS-DE-CALAIS;0622199D;LYCEE POLYVALENT PRIVE SAINT DENIS;62765;SAINT OMER;privé sous contrat;LPO;114.0;90.8;110.8;;
2017-2018;LILLE;62;PAS-DE-CALAIS;0623864N;LYCEE PROFESSIONNEL MAXIMILIEN DE ROBESPIERRE LYCEE DES METIERS DE L AUTOMOBILE;62498;LENS;public;LP;;72.4;72.4;;
2017-2018;LILLE;62;PAS-DE-CALAIS;0624440P;LYCEE POLYVALENT D ARTOIS LYCEE DES METIERS DES SYSTEMES AUTOMATIQUES;62617;NOEUX LES MINES;public;LPO;94.2;70.1;84.7;;
2017-2018;LILLE;59;NORD;0590005K;LYCEE PROFESSIONNEL PIERRE JOSEPH FONTAINE LYCEE DES METIERS DE LA CONDUITE ET DE LA MAINTENANCE DES SYSTEMES;59014;ANZIN;public;LP;;68.1;68.1;;
2017-2018;LILLE;59;NORD;0590018Z;LYCEE POLYVALENT JESSE DE FOREST;59036;AVESNES SUR HELPE;public;LPO;101.1;72.9;97.1;;
2017-2018;LILLE;59;NORD;0590024F;LYCEE GENERAL DES NERVIENS;59053;BAVAY;public;LEGT;112.3;;112.3;;
2017-2018;LILLE;59;NORD;0590071G;LYCEE GENERAL ET TECHNOLOGIQUE JEAN BART;59183;DUNKERQUE;public;LEGT;108.5;;108.5;;
2017-2018;LILLE;59;NORD;0590073J;LYCEE GENERAL ET TECHNOLOGIQUE AUGUSTE ANGELLIER;59183;DUNKERQUE;public;LEGT;112.2;;112.2;;
2017-2018;LILLE;59;NORD;0590086Y;LYCEE GENERAL ET TECHNOLOGIQUE MARGUERITE DE FLANDRE;59266;GONDECOURT;public;LEGT;119.7;;119.7;;
2017-2018;LILLE;59;NORD;0590098L;LYCEE PROFESSIONNEL PLACIDE COURTOY;59291;HAUTMONT;public;LP;;66.0;66.0;;
2017-2018;LILLE;59;NORD;0590101P;LYCEE GENERAL ET TECHNOLOGIQUE DES FLANDRES;59295;HAZEBROUCK;public;LEGT;113.8;;113.8;;
2017-2018;LILLE;59;NORD;0590119J;LYCEE GENERAL ET TECHNOLOGIQUE FAIDHERBE;59350;LILLE;public;LEGT;115.3;;115.3;;
2017-2018;LILLE;59;NORD;0590133Z;LYCEE PROFESSIONNEL MAURICE DUHAMEL;59360;LOOS;public;LP;;71.8;71.8;;
2017-2018;LILLE;59;NORD;0590143K;LYCEE GENERAL YVES KERNANEC;59378;MARCQ EN BAROEUL;public;LEGT;124.0;;124.0;;
2017-2018;LILLE;59;NORD;0590181B;LYCEE GENERAL MAXENCE VAN DER MEERSCH;59512;ROUBAIX;public;LEGT;86.2;;86.2;;
2017-2018;LILLE;59;NORD;0590184E;LYCEE GENERAL ET TECHNOLOGIQUE JEAN ROSTAND;59512;ROUBAIX;public;LEGT;82.0;;82.0;;
2017-2018;LILLE;59;NORD;0590185F;LPO JEAN MOULIN LYCEE DES METIERS DU WEB LYCEE DES METIERS PREVENTION ET SECURITE LYCEE DES METIERS SERVICES ADMINISTRATIFS ET RELATION CLIENT;59512;ROUBAIX;public;LPO;68.3;67.4;67.9;;
2017-2018;LILLE;59;NORD;0590187H;LYCEE PROFESSIONNEL LOUIS LOUCHEUR;59512;ROUBAIX;public;LP;;68.3;68.3;;
2017-2018;LILLE;59;NORD;0590192N;LYCEE POLYVALENT ERNEST COUTEAUX LYCEE DES METIERS DE LA CHAUDRONNERIE;59526;SAINT AMAND LES EAUX;public;LPO;108.6;81.8;102.2;;
2017-2018;LILLE;59;NORD;0590198V;LYCEE PROFESSIONNEL GEORGES GUYNEMER;59183;DUNKERQUE;public;LP;;69.7;69.7;;
2017-2018;LILLE;59;NORD;0590212K;LYCEE GENERAL;59599;TOURCOING;public;LEGT;101.1;;101.1;;
2017-2018;LILLE;59;NORD;0590214M;LYCEE POLYVALENT COLBERT LYCEE DES METIERS DU WEB;59599;TOURCOING;public;LPO;98.0;81.6;93.7;;
2017-2018;LILLE;59;NORD;0590217R;LYCEE PROFESSIONNEL SEVIGNE LYCEE DES METIERS DE LA MODE ET DES TEXTILES;59599;TOURCOING;public;LP;;69.1;69.1;;
2017-2018;LILLE;59;NORD;0590221V;LYCEE GENERAL ET TECHNOLOGIQUE HENRI WALLON;59606;VALENCIENNES;public;LEGT;107.4;;107.4;;
2017-2018;LILLE;59;NORD;0590258K;LYCEE GENERAL ET TECHNOLOGIQUE GASTON BERGER;59350;LILLE;public;LEGT;85.7;;85.7;;
2017-2018;LILLE;59;NORD;0592832H;LYCEE PROFESSIONNEL VERTES FEUILLES LYCEE DES METIERS DE LA PREVENTION ET DE LA SECURITE;59527;SAINT ANDRE LEZ LILLE;public;LP;;76.9;76.9;;
2017-2018;LILLE;59;NORD;0592932S;LYCEE GENERAL PRIVE SAINTE MARIE;59056;BEAUCAMPS LIGNY;privé sous contrat;LEGT;134.7;;134.7;;
2017-2018;LILLE;59;NORD;0592935V;LYCEE GENERAL PRIVE LA CROIX BLANCHE;59090;BONDUES;privé sous contrat;LEGT;138.4;;138.4;;
2017-2018;LILLE;59;NORD;0592940A;LYCEE GENERAL PRIVE SAINT JEAN;59178;DOUAI;privé sous contrat;LEGT;129.4;;129.4;;
2017-2018;LILLE;59;NORD;0592967E;LYCEE POLYVALENT PRIVE LA SAGESSE;59606;VALENCIENNES;privé sous contrat;LPO;99.3;87.7;94.2;;
2017-2018;LILLE;59;NORD;0593027V;LYCEE PROFESSIONNEL PRIVE INDUSTRIES LILLOISES LYCEE DES METIERS DE LA CONSTRUCTION DE L ENVIRONNEMENT ET DES ÉNERGIES;59350;LILLE;privé sous contrat;LP;;99.4;99.4;;
2017-2018;LILLE;59;NORD;0593030Y;LYCEE PROFESSIONNEL PRIVE NOTRE DAME DU SACRE COEUR LYCEE DES METIERS DU BIEN ÊTRE DE LA SANTE ET DU SOCIAL;59360;LOOS;privé sous contrat;LP;;91.3;91.3;;
2017-2018;LILLE;59;NORD;0593061G;LYCEE POLYVALENT SAINT LUC LYCEE DES METIERS DE L OPTIQUE DE LA SANTE ET DU SOCIAL;59122;CAMBRAI;privé sous contrat;LPO;121.0;93.6;108.2;;
2017-2018;LILLE;59;NORD;0593071T;LYCEE POLYVALENT PRIVE DEFOREST DE LEWARDE;59178;DOUAI;privé sous contrat;LPO;100.6;86.7;90.9;;
2017-2018;LILLE;59;NORD;0593109J;LYCEE GENERAL PRIVE NOTRE DAME DE LA PAIX;59350;LILLE;privé sous contrat;LEGT;134.9;;134.9;;
2017-2018;LILLE;59;NORD;0593114P;LYCEE GENERAL PRIVE SAINT PAUL;59350;LILLE;privé sous contrat;LEGT;141.8;;141.8;;
2017-2018;LILLE;59;NORD;0593117T;LYCEE POLYVALENT PRIVE LA SALLE (A ABSORBE L'UAI 0593005W EN 2017);59350;LILLE;privé sous contrat;LPO;116.4;106.7;114.0;;
2017-2018;LILLE;59;NORD;0593139S;LYCEE GENERAL PRIVE SACRE COEUR;59599;TOURCOING;privé sous contrat;LEGT;117.3;;117.3;;
2017-2018;LILLE;59;NORD;0593225K;LYCEE PRIVE DE MARCQ;59378;MARCQ EN BAROEUL;privé sous contrat;LEGT;146.4;;146.4;;
2017-2018;LILLE;59;NORD;0594375K;LYCEE PROFESSIONNEL DINAH DERYCKE;59009;VILLENEUVE D ASCQ;public;LP;;81.8;81.8;;
2018-2019;LILLE;59;NORD;0590093F;LYCEE POLYVALENT BEAUPRE LYCEE DES METIERS DE LA PLASTURGIE;59286;HAUBOURDIN;public;LPO;109.7;83.2;101.8;;
2018-2019;LILLE;59;NORD;0590121L;LYCEE GENERAL ET TECHNOLOGIQUE CESAR BAGGIO LYCEE DES METIERS DES SCIENCES DE L INGENIEUR;59350;LILLE;public;LEGT;94.7;;94.7;;
2018-2019;LILLE;59;NORD;0590122M;LYCEE POLYVALENT VALENTINE LABBE LYCEE DES METIERS DE LA BIOLOGIE DE LA BIOCHIMIE ET DES BIOTECHNOLOGIES DE LA SANTE ET DU SOCIAL;59368;LA MADELEINE;public;LPO;92.6;74.6;86.9;;
2018-2019;LILLE;59;NORD;0590143K;LYCEE GENERAL YVES KERNANEC;59378;MARCQ EN BAROEUL;public;LEGT;125.2;;125.2;;
2018-2019;LILLE;59;NORD;0590149S;LYCEE POLYVALENT PIERRE FOREST;59392;MAUBEUGE;public;LPO;92.7;73.8;90.9;;
2018-2019;LILLE;59;NORD;0590184E;LYCEE GENERAL ET TECHNOLOGIQUE JEAN ROSTAND;59512;ROUBAIX;public;LEGT;84.1;;84.1;;
2018-2019;LILLE;59;NORD;0590198V;LYCEE PROFESSIONNEL GEORGES GUYNEMER;59183;DUNKERQUE;public;LP;;70.3;70.3;;
2018-2019;LILLE;59;NORD;0590215N;LYCEE GENERAL ET TECHNOLOGIQUE SEVIGNE;59599;TOURCOING;public;LEGT;79.8;;79.8;;
2018-2019;LILLE;59;NORD;0590217R;LYCEE PROFESSIONNEL SEVIGNE LYCEE DES METIERS DE LA MODE ET DES TEXTILES;59599;TOURCOING;public;LP;;69.6;69.6;;
2018-2019;LILLE;59;NORD;0590221V;LYCEE GENERAL ET TECHNOLOGIQUE HENRI WALLON;59606;VALENCIENNES;public;LEGT;105.4;;105.4;;
2018-2019;LILLE;59;NORD;0590222W;LYCEE GENERAL ET TECHNOLOGIQUE WATTEAU;59606;VALENCIENNES;public;LEGT;117.3;;117.3;;
2018-2019;LILLE;59;NORD;0590233H;LYCEE POLYVALENT EMILE ZOLA;59650;WATTRELOS;public;LPO;86.5;68.9;80.4;;
2018-2019;LILLE;59;NORD;0590255G;LYCEE PROFESSIONNEL GUY DEBEYRE LYCEE DES METIERS DU TRANSPORT ET DE LA LOGISTIQUE DU LITTORAL;59183;DUNKERQUE;public;LP;;75.2;75.2;;
2018-2019;LILLE;59;NORD;0590264S;LYCEE PROFESSIONNEL ALFRED KASTLER LYCEE DES METIERS DE LA CONDUITE ET DE LA MAINTENANCE DES SYSTEMES;59172;DENAIN;public;LP;;70.0;70.0;;
2018-2019;LILLE;59;NORD;0590265T;LYCEE PROFESSIONNEL EDMOND LABBE;59178;DOUAI;public;LP;;79.7;79.7;;
2018-2019;LILLE;59;NORD;0590266U;LYCEE PROFESSIONNEL CESAR BAGGIO LYCEE DES METIERS DES SCIENCES DE L INGENIEUR ET DU DEVELOPPEMENT DURABLE;59350;LILLE;public;LP;;80.5;80.5;;
2018-2019;LILLE;59;NORD;0592832H;LYCEE PROFESSIONNEL VERTES FEUILLES LYCEE DES METIERS DE LA PREVENTION ET DE LA SECURITE;59527;SAINT ANDRE LEZ LILLE;public;LP;;76.0;76.0;;
2018-2019;LILLE;59;NORD;0592964B;LYCEE PROFESSIONNEL PRIVE LEONARD DE VINCI;59512;ROUBAIX;privé sous contrat;LP;;85.1;85.1;;
2018-2019;LILLE;59;NORD;0592969G;LYCEE POLYVALENT PRIVE DAMPIERRE;59606;VALENCIENNES;privé sous contrat;LPO;99.1;83.3;86.8;;
2018-2019;LILLE;59;NORD;0593015G;LYCEE PROFESSIONNEL PRIVE CAMILLE DE LELLIS;59328;LAMBERSART;privé sous contrat;LP;;83.9;83.9;;
2018-2019;LILLE;59;NORD;0593058D;LYCEE POLYVALENT PRIVE VAUBAN LYCEE DES METIERS;59183;DUNKERQUE;privé sous contrat;LPO;92.1;86.2;87.9;;
2018-2019;LILLE;59;NORD;0593063J;LYCEE PROFESSIONNEL PRIVE SAINTE MARIE;59043;BAILLEUL;privé sous contrat;LP;;92.8;92.8;;
2018-2019;LILLE;59;NORD;0593117T;LYCEE POLYVALENT PRIVE LA SALLE;59350;LILLE;privé sous contrat;LPO;119.0;110.6;116.9;;
2018-2019;LILLE;59;NORD;0593136N;LYCEE GENERAL ET TECHNOLOGIQUE PRIVE SAINT JACQUES;59295;HAZEBROUCK;privé sous contrat;LEGT;123.6;;123.6;;
2018-2019;LILLE;59;NORD;0593495D;LYCEE PROFESSIONNEL PAUL LANGEVIN LYCEE DES METIERS DE L AUTOMOBILE LYCEE DES METIERS DE L ELECTRONIQUE ET DE L ELECTROTECHNIQUE;59654;WAZIERS;public;LP;;73.1;73.1;;
2018-2019;LILLE;59;NORD;0594302F;LYCEE PROFESSIONNEL FRANCOIS MANSART LYCEE DES METIERS DU BATIMENT;59383;MARLY;public;LP;;71.3;71.3;;
2018-2019;LILLE;59;NORD;0594653M;LYCEE PROFESSIONNEL ANDRE JURENIL;59172;DENAIN;public;LP;;68.4;68.4;;
2018-2019;LILLE;59;NORD;0595678B;LYCEE PROFESSIONNEL LEONARD DE VINCI;59603;TRITH SAINT LEGER;public;LP;;71.4;71.4;;
2018-2019;LILLE;59;NORD;0595786U;LYCEE GENERAL ET TECHNOLOGIQUE JEAN PROUVE;59350;LILLE;public;LEGT;105.7;;105.7;;
2018-2019;LILLE;59;NORD;0595809U;LYCEE GENERAL ET TECHNOLOGIQUE DE L ESCAUT;59606;VALENCIENNES;public;LEGT;101.6;;101.6;;
2018-2019;LILLE;59;NORD;0595894L;LYCEE PROFESSIONNEL FRANCOIS RABELAIS;59178;DOUAI;public;LP;;72.6;72.6;;
2018-2019;LILLE;59;NORD;0596122J;LYCEE GENERAL PRIVE JEANNINE MANUEL;59378;MARCQ EN BAROEUL;privé sous contrat;LEGT;153.6;;153.6;;
2018-2019;LILLE;59;NORD;0596854E;LYCEE POLYVALENT DU PAYS DE CONDE LYCEE DES METIERS DE LA CONDUITE ET DE LA MAINTENANCE DES SYSTEMES;59153;CONDE SUR L ESCAUT;public;LPO;86.3;70.6;78.9;;
2018-2019;LILLE;62;PAS-DE-CALAIS;0620017G;LYCEE GENERAL LAVOISIER;62048;AUCHEL;public;LEGT;84.1;;84.1;;
2018-2019;LILLE;62;PAS-DE-CALAIS;0620042J;LYCEE GENERAL ET TECHNOLOGIQUE ANDRE MALRAUX;62119;BETHUNE;public;LEGT;101.0;;101.0;;
2018-2019;LILLE;62;PAS-DE-CALAIS;0620108F;LYCEE GENERAL ET TECHNOLOGIQUE CONDORCET;62498;LENS;public;LEGT;86.1;;86.1;;
2018-2019;LILLE;62;PAS-DE-CALAIS;0620131F;LYCEE PROFESSIONNEL DES DEUX CAPS LYCEE DES METIERS DES ACTIVITES COMMERCIALES ET ADMINISTRATIVES;62560;MARQUISE;public;LP;;70.5;70.5;;
2018-2019;LILLE;62;PAS-DE-CALAIS;0620257T;LYCEE PROFESSIONNEL ALAIN SAVARY JULES FERRY;62041;ARRAS;public;LP;;77.0;77.0;;
2018-2019;LILLE;62;PAS-DE-CALAIS;0620258U;LYCEE PROFESSIONNEL VOLTAIRE;62895;WINGLES;public;LP;;76.9;76.9;;
2018-2019;LILLE;62;PAS-DE-CALAIS;0622106C;LYCEE GENERAL PRIVE SAINT VAAST SAINT DOMINIQUE;62119;BETHUNE;privé sous contrat;LEGT;127.0;;127.0;;
2018-2019;LILLE;62;PAS-DE-CALAIS;0622107D;LYCEE GENERAL PRIVE NAZARETH HAFFREINGUE;62160;BOULOGNE SUR MER;privé sous contrat;LEGT;126.5;;126.5;;
2018-2019;LILLE;62;PAS-DE-CALAIS;0622120T;LYCEE GENERAL PRIVE NOTRE DAME DE SION;62765;SAINT OMER;privé sous contrat;LEGT;129.2;;129.2;;
2018-2019;LILLE;62;PAS-DE-CALAIS;0622196A;LYCEE POLYVALENT PRIVE BAUDIMONT LYCEE DES METIERS DU TERTIAIRE COMMERCIAL ET DU MANAGEMENT;62041;ARRAS;privé sous contrat;LPO;129.6;104.8;123.2;;
2018-2019;LILLE;62;PAS-DE-CALAIS;0622801H;LYCEE PROFESSIONNEL JEAN BERTIN LYCEE DES METIERS DES TRAVAUX PUBLICS;62178;BRUAY LA BUISSIERE;public;LP;;85.6;85.6;;
2018-2019;LILLE;62;PAS-DE-CALAIS;0622803K;LYCEE GENERAL ET TECHNOLOGIQUE BLAISE PASCAL;62525;LONGUENESSE;public;LEGT;109.0;;109.0;;
2018-2019;LILLE;62;PAS-DE-CALAIS;0622949U;LYCEE GENERAL ET TECHNOLOGIQUE MARIETTE LYCEE DES METIERS DES ACTIVITES COMMERCIALES ET ADMINISTRATIVES;62160;BOULOGNE SUR MER;public;LEGT;99.7;;99.7;;
2018-2019;LILLE;62;PAS-DE-CALAIS;0623981R;LYCEE POLYVALENT VAUBAN;62014;AIRE SUR LA LYS;public;LPO;103.7;74.2;95.9;;
2021-2022;LILLE;59;NORD;0595678B;LYCEE PROFESSIONNEL LEONARD DE VINCI;59603;TRITH SAINT LEGER;public;LP;;73.9;73.9;;24.9
2021-2022;LILLE;59;NORD;0595894L;LYCEE PROFESSIONNEL FRANCOIS RABELAIS;59178;DOUAI;public;LP;;71.3;71.3;;24.1
2021-2022;LILLE;59;NORD;0595918M;LYCEE PROFESSIONNEL PRIVE EPID LYCEE DES METIERS DES INDUSTRIES ET DES INNOVATIONS TECHNOLOGIQUES;59183;DUNKERQUE;privé sous contrat;LP;;99.5;99.5;;27.9
2021-2022;LILLE;59;NORD;0596681S;LYCEE GENERAL ET TECHNOLOGIQUE PRIVE AVERROES;59350;LILLE;privé sous contrat;LEGT;102.0;;102.0;38.6;
2021-2022;LILLE;59;NORD;0596957S;LYCEE PROFESSIONNEL AIME CESAIRE;59350;LILLE;public;LP;;70.5;70.5;;24.9
2021-2022;LILLE;59;NORD;0597005U;LYCEE POLYVALENT DU VAL DE LYS;59212;ESTAIRES;public;LPO;105.7;84.0;100.3;33.9;27.7
2021-2022;LILLE;62;PAS-DE-CALAIS;0620030W;LYCEE PROFESSIONNEL PHILIPPE AUGUSTE;62080;BAPAUME;public;LP;;80.1;80.1;;27.2
2021-2022;LILLE;62;PAS-DE-CALAIS;0620043K;LYCEE PROFESSIONNEL SALVADOR ALLENDE;62119;BETHUNE;public;LP;;75.3;75.3;;24.8
2021-2022;LILLE;62;PAS-DE-CALAIS;0620059C;LYCEE PROFESSIONNEL LEO LAGRANGE LYCEE DES METIERS DE LA PERSONNE SANTE SOCIAL;62186;BULLY LES MINES;public;LPO;92.4;69.7;79.1;33.2;22.4
2021-2022;LILLE;62;PAS-DE-CALAIS;0620124Y;LYCEE PROFESSIONNEL BERNARD CHOCHOY;62534;LUMBRES;public;LP;;69.6;69.6;;20.2
2021-2022;LILLE;62;PAS-DE-CALAIS;0620150B;LYCEE PROFESSIONNEL IRENE JOLIOT CURIE;62637;OIGNIES;public;LP;;71.0;71.0;;25.6
2021-2022;LILLE;62;PAS-DE-CALAIS;0620167V;LYCEE PROFESSIONNEL PIERRE MENDES FRANCE;62767;SAINT POL SUR TERNOISE;public;LP;;73.9;73.9;;22.8
2021-2022;LILLE;62;PAS-DE-CALAIS;0622107D;LYCEE GENERAL PRIVE NAZARETH HAFFREINGUE;62160;BOULOGNE SUR MER;privé sous contrat;LEGT;125.7;;125.7;34.1;
2021-2022;LILLE;62;PAS-DE-CALAIS;0622110G;LYCEE GENERAL ET TECHNOLOGIQUE PRIVE SAINT PIERRE;62193;CALAIS;privé sous contrat;LEGT;122.9;;122.9;32.1;
2021-2022;LILLE;62;PAS-DE-CALAIS;0622116N;LYCEE GENERAL PRIVE LA MALASSISE;62525;LONGUENESSE;privé sous contrat;LEGT;133.2;;133.2;31.0;
2021-2022;LILLE;62;PAS-DE-CALAIS;0622196A;LYCEE POLYVALENT PRIVE BAUDIMONT LYCEE DES METIERS DU TERTIAIRE COMMERCIAL ET DU MANAGEMENT;62041;ARRAS;privé sous contrat;LPO;129.2;105.5;124.6;33.3;35.1
2021-2022;LILLE;62;PAS-DE-CALAIS;0622198C;LYCEE POLYVALENT PRIVE SAINT JOSEPH LYCEE DES METIERS DES ENERGIES DU NUMERIQUE ET DE L AUTOMATION MANAGEMENT GESTION COMMUNICATION SANTE SOCIAL;62758;SAINT MARTIN BOULOGNE;privé sous contrat;LPO;109.9;92.5;104.1;31.7;29.3
2021-2022;LILLE;62;PAS-DE-CALAIS;0622275L;LYCEE PROFESSIONNEL JEAN CHARLES CAZIN;62160;BOULOGNE SUR MER;public;LP;;68.5;68.5;;21.3
2021-2022;LILLE;62;PAS-DE-CALAIS;0622807P;LYCEE POLYVALENT HOTELIER;62826;LE TOUQUET PARIS PLAGE;public;LPO;120.1;109.1;114.0;32.1;35.3
2021-2022;LILLE;62;PAS-DE-CALAIS;0622949U;LYCEE GENERAL ET TECHNOLOGIQUE MARIETTE;62160;BOULOGNE SUR MER;public;LEGT;103.0;;103.0;37.6;
2021-2022;LILLE;62;PAS-DE-CALAIS;0623328F;LYCEE PROFESSIONNEL HENRI SENEZ LYCEE DES METIERS;62427;HENIN BEAUMONT;public;LP;;72.5;72.5;;24.5
2021-2022;LILLE;62;PAS-DE-CALAIS;0623377J;LYCEE PROFESSIONNEL DU BATIMENT FRANCOIS HENNEBIQUE;62510;LIEVIN;public;LP;;70.0;70.0;;21.3
2021-2022;LILLE;62;PAS-DE-CALAIS;0623915U;LYCEE GENERAL ET TECHNOLOGIQUE VOLTAIRE;62895;WINGLES;public;LEGT;109.4;;109.4;34.7;
2021-2022;LILLE;62;PAS-DE-CALAIS;0624109E;LYCEE POLYVALENT GIRAUX SANNIER;62758;SAINT MARTIN BOULOGNE;public;LPO;105.6;76.4;96.2;35.1;26.4
2021-2022;LILLE;62;PAS-DE-CALAIS;0624141P;LYCEE POLYVALENT LEONARD DE VINCI;62193;CALAIS;public;LPO;99.1;79.4;97.8;34.2;29.4
2021-2022;LILLE;62;PAS-DE-CALAIS;0624440P;LYCEE POLYVALENT D ARTOIS LYCEE DES METIERS DES SYSTEMES AUTOMATIQUES;62617;NOEUX LES MINES;public;LPO;97.8;73.8;88.7;34.2;25.0
2019-2020;LILLE;59;NORD;0590024F;LYCEE GENERAL DES NERVIENS;59053;BAVAY;public;LEGT;112.6;;112.6;34.2;
2019-2020;LILLE;59;NORD;0590034S;LYCEE GENERAL ET TECHNOLOGIQUE PAUL DUEZ;59122;CAMBRAI;public;LEGT;99.2;;99.2;34.0;
2019-2020;LILLE;59;NORD;0590111A;LYCEE PROFESSIONNEL SONIA DELAUNAY LYCEE DES METIERS DE LA MODE ET DES TEXTILES;59350;LILLE;public;LP;;71.2;71.2;;24.2
2019-2020;LILLE;59;NORD;0590117G;LYCEE GENERAL ET TECHNOLOGIQUE LOUIS PASTEUR;59350;LILLE;public;LEGT;114.2;;114.2;41.0;
2019-2020;LILLE;59;NORD;0590207E;LYCEE GENERAL ET TECHNOLOGIQUE LOUIS PASTEUR;59574;SOMAIN;public;LEGT;102.6;;102.6;36.0;
2019-2020;LILLE;59;NORD;0590212K;LYCEE GENERAL;59599;TOURCOING;public;LEGT;98.3;;98.3;37.3;
2019-2020;LILLE;59;NORD;0590214M;LYCEE POLYVALENT COLBERT LYCEE DES METIERS DU NUMERIQUE ET DES TECHNOLOGIES INNOVANTES;59599;TOURCOING;public;LPO;97.1;79.3;92.3;39.1;29.9
2019-2020;LILLE;59;NORD;0592913W;LYCEE GENERAL PRIVE NOTRE DAME DES ANGES;59526;SAINT AMAND LES EAUX;privé sous contrat;LEGT;127.6;;127.6;30.0;
2019-2020;LILLE;59;NORD;0592935V;LYCEE GENERAL PRIVE LA CROIX BLANCHE;59090;BONDUES;privé sous contrat;LEGT;139.7;;139.7;30.4;
2019-2020;LILLE;59;NORD;0592965C;LYCEE POLYVALENT PRIVE EIC INDUSTRIEL ET COMMERCIAL LYCEE DES METIERS DU COMMERCE ET DE LA VENTE;59599;TOURCOING;privé sous contrat;LPO;102.4;86.3;97.3;34.0;30.9
2019-2020;LILLE;59;NORD;0592969G;LYCEE POLYVALENT PRIVE DAMPIERRE;59606;VALENCIENNES;privé sous contrat;LPO;101.1;82.8;88.3;28.9;24.8
2019-2020;LILLE;59;NORD;0593102B;LYCEE GENERAL PRIVE NOTRE DAME DES DUNES;59183;DUNKERQUE;privé sous contrat;LEGT;124.4;;124.4;35.6;
2019-2020;LILLE;59;NORD;0593113N;LYCEE GENERAL PRIVE SAINTE CLAIRE;59350;LILLE;privé sous contrat;LEGT;128.2;;128.2;34.8;
2019-2020;LILLE;59;NORD;0593136N;LYCEE GENERAL ET TECHNOLOGIQUE PRIVE SAINT JACQUES;59295;HAZEBROUCK;privé sous contrat;LEGT;125.8;;125.8;33.2;
2019-2020;LILLE;59;NORD;0593141U;LYCEE GENERAL PRIVE NOTRE DAME;59606;VALENCIENNES;privé sous contrat;LEGT;124.2;;124.2;35.5;
2019-2020;LILLE;59;NORD;0594302F;LYCEE PROFESSIONNEL FRANCOIS MANSART LYCEE DES METIERS DU BATIMENT;59383;MARLY;public;LP;;70.1;70.1;;23.6
2019-2020;LILLE;59;NORD;0594424N;LYCEE GENERAL ET TECHNOLOGIQUE RAYMOND QUENEAU;59009;VILLENEUVE D ASCQ;public;LEGT;109.6;;109.6;41.3;
2019-2020;LILLE;59;NORD;0595480L;LYCEE PROFESSIONNEL ILE JEANTY;59183;DUNKERQUE;public;LP;;70.6;70.6;;24.3
2019-2020;LILLE;59;NORD;0595616J;LYCEE GENERAL ET TECHNOLOGIQUE DU NOORDOVER;59271;GRANDE SYNTHE;public;LEGT;92.7;;92.7;34.2;
2019-2020;LILLE;59;NORD;0595786U;LYCEE GENERAL ET TECHNOLOGIQUE JEAN PROUVE;59350;LILLE;public;LEGT;106.4;;106.4;36.7;
2019-2020;LILLE;59;NORD;0595787V;LYCEE PROFESSIONNEL ALAIN SAVARY LYCEE DES METIERS;59650;WATTRELOS;public;LP;;65.6;65.6;;20.2
2019-2020;LILLE;59;NORD;0595885B;LYCEE GENERAL ET TECHNOLOGIQUE ARTHUR RIMBAUD;59569;SIN LE NOBLE;public;LEGT;104.4;;104.4;36.7;
2019-2020;LILLE;62;PAS-DE-CALAIS;0620017G;LYCEE GENERAL LAVOISIER;62048;AUCHEL;public;LEGT;84.4;;84.4;28.2;
2019-2020;LILLE;62;PAS-DE-CALAIS;0620043K;LYCEE PROFESSIONNEL SALVADOR ALLENDE LYCEE DES METIERS DE L AUTOMOBILE LYCEE DES METIERS DE LA MAINTENANCE INDUSTRIELLE;62119;BETHUNE;public;LP;;76.5;76.5;;25.7
2019-2020;LILLE;62;PAS-DE-CALAIS;0620056Z;LYCEE POLYVALENT CARNOT LYCEE DES METIERS DES SYSTEMES AUTOMATIQUES ET DE L ELECTRONIQUE COMMUNICANTE;62178;BRUAY LA BUISSIERE;public;LPO;95.3;74.2;90.7;34.6;26.5
2019-2020;LILLE;62;PAS-DE-CALAIS;0620062F;LYCEE GENERAL ET TECHNOLOGIQUE PIERRE DE COUBERTIN LYCEE DES METIERS DU TRANSPORT ET DE LA LOGISTIQUE DU LITTORAL;62193;CALAIS;public;LEGT;102.3;;102.3;36.4;
2019-2020;LILLE;62;PAS-DE-CALAIS;0620113L;LYCEE GENERAL ET TECHNOLOGIQUE HENRI DARRAS LYCEE DES METIERS DE LA CHAUDRONNERIE INDUSTRIELLE;62510;LIEVIN;public;LEGT;99.7;;99.7;33.7;
2019-2020;LILLE;62;PAS-DE-CALAIS;0620150B;LYCEE PROFESSIONNEL JOLIOT CURIE LYCEE DES METIERS DU COMMERCE;62637;OIGNIES;public;LP;;71.9;71.9;;25.9
2019-2020;LILLE;62;PAS-DE-CALAIS;0620221D;LYCEE PROFESSIONNEL PROFESSEUR CLERC LYCEE DES METIERS DE L INDUSTRIE DES TERRES D OPALE;62643;OUTREAU;public;LP;;72.7;72.7;;22.6
2019-2020;LILLE;62;PAS-DE-CALAIS;0620257T;LYCEE PROFESSIONNEL ALAIN SAVARY JULES FERRY;62041;ARRAS;public;LP;;78.5;78.5;;25.8
2019-2020;LILLE;62;PAS-DE-CALAIS;0622110G;LYCEE GENERAL ET TECHNOLOGIQUE PRIVE SAINT PIERRE;62193;CALAIS;privé sous contrat;LEGT;111.9;;111.9;33.6;
2019-2020;LILLE;62;PAS-DE-CALAIS;0622150A;LYCEE POLYVALENT PRIVE JEAN BOSCO;62397;GUINES;privé sous contrat;LPO;92.3;85.2;86.1;33.2;30.3
2019-2020;LILLE;62;PAS-DE-CALAIS;0622196A;LYCEE POLYVALENT PRIVE BAUDIMONT LYCEE DES METIERS DU TERTIAIRE COMMERCIAL ET DU MANAGEMENT;62041;ARRAS;privé sous contrat;LPO;130.4;107.3;124.7;33.1;34.6
2019-2020;LILLE;62;PAS-DE-CALAIS;0622803K;LYCEE GENERAL ET TECHNOLOGIQUE BLAISE PASCAL;62525;LONGUENESSE;public;LEGT;108.9;;108.9;36.2;
2019-2020;LILLE;62;PAS-DE-CALAIS;0624440P;LYCEE POLYVALENT D ARTOIS LYCEE DES METIERS DES SYSTEMES AUTOMATIQUES;62617;NOEUX LES MINES;public;LPO;94.8;71.2;85.7;33.0;23.2
2020-2021;LILLE;59;NORD;0590015W;LYCEE PROFESSIONNEL PIERRE ET MARIE CURIE;59033;AULNOYE AYMERIES;public;LP;;72.2;72.2;;24.8
2020-2021;LILLE;59;NORD;0590034S;LYCEE GENERAL ET TECHNOLOGIQUE PAUL DUEZ;59122;CAMBRAI;public;LEGT;101.4;;101.4;34.0;
2020-2021;LILLE;59;NORD;0590042A;LYCEE POLYVALENT CAMILLE DESMOULINS;59136;LE CATEAU CAMBRESIS;public;LPO;92.0;66.7;82.1;30.7;20.2
2020-2021;LILLE;59;NORD;0590083V;LYCEE POLYVALENT CAMILLE CLAUDEL;59249;FOURMIES;public;LPO;93.4;71.1;84.7;35.7;25.8
2020-2021;LILLE;59;NORD;0590086Y;LYCEE GENERAL ET TECHNOLOGIQUE MARGUERITE DE FLANDRE;59266;GONDECOURT;public;LEGT;125.1;;125.1;34.8;
2020-2021;LILLE;59;NORD;0590093F;LYCEE POLYVALENT BEAUPRE LYCEE DES METIERS DE LA PLASTURGIE;59286;HAUBOURDIN;public;LPO;113.3;84.6;105.5;35.4;29.2
2020-2021;LILLE;59;NORD;0590125R;LYCEE HOTELIER INTERNATIONAL DE LILLE;59350;LILLE;public;LPO;122.2;90.4;94.9;37.8;35.4
2020-2021;LILLE;59;NORD;0590133Z;LYCEE PROFESSIONNEL MAURICE DUHAMEL;59360;LOOS;public;LP;;68.8;68.8;;23.2
2020-2021;LILLE;59;NORD;0590185F;LPO JEAN MOULIN LYCEE DES METIERS DE LA SECURITE ET DE LA PREVENTION LYCEE DES METIERS DES SERVICES ADMINISTRATIFS ET DE LA RELATION AUX CLIENTS;59512;ROUBAIX;public;LPO;65.3;67.1;66.1;23.2;22.2
2020-2021;LILLE;59;NORD;0590215N;LYCEE GENERAL ET TECHNOLOGIQUE SEVIGNE;59599;TOURCOING;public;LEGT;77.5;;77.5;26.4;
2020-2021;LILLE;59;NORD;0590249A;LYCEE PROFESSIONNEL JACQUES YVES COUSTEAU;59646;WASQUEHAL;public;LP;;68.7;68.7;;26.6
2020-2021;LILLE;59;NORD;0592921E;LYCEE GENERAL ET TECHNOLOGIQUE PRIVE SAINT REMI;59512;ROUBAIX;privé sous contrat;LEGT;102.6;;102.6;37.2;
2020-2021;LILLE;59;NORD;0592928M;LYCEE POLYVALENT PRIVE SAINTE JEANNE D ARC LYCEE DES METIERS DE L HOTELLERIE RESTAURATION LYCEE DES METIERS DE L ESTHETIQUE ET DE LA COIFFURE;59033;AULNOYE AYMERIES;privé sous contrat;LPO;94.0;84.0;89.0;33.7;31.6
2020-2021;LILLE;59;NORD;0592967E;LYCEE POLYVALENT PRIVE LA SAGESSE;59606;VALENCIENNES;privé sous contrat;LPO;90.3;82.2;86.5;31.5;29.2
2020-2021;LILLE;59;NORD;0592973L;LYCEE PROFESSIONNEL PRIVE SAINT FRANCOIS D ASSISE;59512;ROUBAIX;privé sous contrat;LP;;82.3;82.3;;31.4
2020-2021;LILLE;59;NORD;0592980U;LYCEE POLYVALENT PRIVE EIC MARIE NOEL;59599;TOURCOING;privé sous contrat;LPO;92.2;79.6;84.9;31.7;27.1
2020-2021;LILLE;59;NORD;0593061G;LYCEE POLYVALENT PRIVE SAINT LUC LYCEE DES METIERS DE L OPTIQUE DE LA SANTE ET DU SOCIAL;59122;CAMBRAI;privé sous contrat;LPO;120.1;92.2;107.8;32.5;32.9
2020-2021;LILLE;59;NORD;0593077Z;LYCEE POLYVALENT PRIVE SAINT JOSEPH;59295;HAZEBROUCK;privé sous contrat;LPO;106.0;87.6;95.8;34.0;27.7
2020-2021;LILLE;59;NORD;0593113N;LYCEE GENERAL PRIVE SAINTE CLAIRE;59350;LILLE;privé sous contrat;LEGT;128.7;;128.7;33.4;
2020-2021;LILLE;59;NORD;0593141U;LYCEE GENERAL PRIVE NOTRE DAME;59606;VALENCIENNES;privé sous contrat;LEGT;125.1;;125.1;35.0;
2020-2021;LILLE;59;NORD;0594278E;LYCEE TECHNOLOGIQUE PRIVE EPID;59183;DUNKERQUE;privé sous contrat;LEGT;109.2;;109.2;31.1;
2020-2021;LILLE;59;NORD;0595867G;LYCEE GENERAL ET TECHNOLOGIQUE INTERNATIONAL MONTEBELLO;59350;LILLE;public;LEGT;104.0;;104.0;42.3;
2020-2021;LILLE;59;NORD;0595894L;LYCEE PROFESSIONNEL FRANCOIS RABELAIS;59178;DOUAI;public;LP;;72.3;72.3;;24.3
2020-2021;LILLE;59;NORD;0596122J;LYCEE GENERAL PRIVE JEANNINE MANUEL;59378;MARCQ EN BAROEUL;privé sous contrat;LEGT;154.7;;154.7;8.5;
2020-2021;LILLE;59;NORD;0596681S;LYCEE GENERAL ET TECHNOLOGIQUE PRIVE AVERROES;59350;LILLE;privé sous contrat;LEGT;97.7;;97.7;36.7;
2020-2021;LILLE;59;NORD;0596854E;LYCEE POLYVALENT DU PAYS DE CONDE LYCEE DES METIERS DE LA CONDUITE ET DE LA MAINTENANCE DES SYSTEMES;59153;CONDE SUR L ESCAUT;public;LPO;84.7;67.7;77.1;31.7;21.3
2020-2021;LILLE;62;PAS-DE-CALAIS;0620011A;LYCEE PROFESSIONNEL JACQUES LE CARON;62041;ARRAS;public;LP;;74.0;74.0;;26.4
2020-2021;LILLE;62;PAS-DE-CALAIS;0620030W;LYCEE PROFESSIONNEL PHILIPPE AUGUSTE;62080;BAPAUME;public;LP;;77.8;77.8;;25.1
2020-2021;LILLE;62;PAS-DE-CALAIS;0620042J;LYCEE GENERAL ET TECHNOLOGIQUE ANDRE MALRAUX;62119;BETHUNE;public;LEGT;104.5;;104.5;33.9;
2020-2021;LILLE;62;PAS-DE-CALAIS;0620043K;LYCEE PROFESSIONNEL SALVADOR ALLENDE LYCEE DES METIERS DE L AUTOMOBILE LYCEE DES METIERS DE LA MAINTENANCE INDUSTRIELLE;62119;BETHUNE;public;LP;;76.8;76.8;;25.3
2020-2021;LILLE;62;PAS-DE-CALAIS;0620052V;LYCEE POLYVALENT EDOUARD BRANLY LYCEE DES METIERS DU BATIMENT ET DES ENERGIES RENOUVELABLES DE L INDUSTRIE DES TERRES D OPALE;62160;BOULOGNE SUR MER;public;LPO;103.2;82.6;100.0;35.7;27.1
2020-2021;LILLE;62;PAS-DE-CALAIS;0620070P;LYCEE GENERAL ET TECHNOLOGIQUE DIDEROT;62215;CARVIN;public;LEGT;99.2;;99.2;34.9;
2020-2021;LILLE;62;PAS-DE-CALAIS;0620113L;LYCEE GENERAL ET TECHNOLOGIQUE HENRI DARRAS LYCEE DES METIERS DE LA CHAUDRONNERIE INDUSTRIELLE;62510;LIEVIN;public;LEGT;99.2;;99.2;35.7;
2020-2021;LILLE;62;PAS-DE-CALAIS;0620150B;LYCEE PROFESSIONNEL JOLIOT CURIE LYCEE DES METIERS DU COMMERCE;62637;OIGNIES;public;LP;;72.0;72.0;;25.4
2020-2021;LILLE;62;PAS-DE-CALAIS;0620161N;LYCEE GENERAL ET TECHNOLOGIQUE ALEXANDRE RIBOT LYCEE DES METIERS DE LA GESTION DE L ADMINISTRATIF ET DU COMMERCE;62765;SAINT OMER;public;LEGT;103.5;;103.5;36.6;
2020-2021;LILLE;62;PAS-DE-CALAIS;0620167V;LYCEE PROFESSIONNEL PIERRE MENDES FRANCE;62767;SAINT POL SUR TERNOISE;public;LP;;73.1;73.1;;24.2
2020-2021;LILLE;62;PAS-DE-CALAIS;0620192X;LYCEE PROFESSIONNEL PIERRE MENDES FRANCE LYCEE DES METIERS DES SYSTEMES AUTOMATIQUES ET DE L ELECTRONIQUE COMMUNICANTE;62178;BRUAY LA BUISSIERE;public;LP;;68.6;68.6;;23.0
2020-2021;LILLE;62;PAS-DE-CALAIS;0620221D;LYCEE PROFESSIONNEL PROFESSEUR CLERC;62643;OUTREAU;public;LP;;74.1;74.1;;24.6
2020-2021;LILLE;62;PAS-DE-CALAIS;0622114L;LYCEE POLYVALENT PRIVE SAINT PAUL;62498;LENS;privé sous contrat;LPO;116.1;104.8;114.8;34.6;32.3
2020-2021;LILLE;62;PAS-DE-CALAIS;0622196A;LYCEE POLYVALENT PRIVE BAUDIMONT LYCEE DES METIERS DU TERTIAIRE COMMERCIAL ET DU MANAGEMENT;62041;ARRAS;privé sous contrat;LPO;130.1;108.6;125.2;33.2;34.7
2020-2021;LILLE;62;PAS-DE-CALAIS;0622211S;LYCEE PROFESSIONNEL PRIVE SAINT PIERRE;62193;CALAIS;privé sous contrat;LP;;90.9;90.9;;28.7
2020-2021;LILLE;62;PAS-DE-CALAIS;0622276M;LYCEE POLYVALENT JAN LAVEZZARI;62108;BERCK;public;LPO;108.9;80.5;100.7;34.7;27.5
2020-2021;LILLE;62;PAS-DE-CALAIS;0622807P;LYCEE POLYVALENT HOTELIER;62826;LE TOUQUET PARIS PLAGE;public;LPO;119.9;109.1;113.9;34.8;34.8
2020-2021;LILLE;62;PAS-DE-CALAIS;0623902E;LYCEE POLYVALENT MARGUERITE YOURCENAR LYCEE DES METIERS DE LA PERSONNE SANTE SOCIAL ET DE L HOTELLERIE RESTAURATION;62126;BEUVRY;public;LPO;97.1;79.2;92.1;31.5;27.4
2020-2021;LILLE;62;PAS-DE-CALAIS;0624109E;LYCEE POLYVALENT GIRAUX SANNIER LYCEE DES METIERS DE L INDUSTRIE DES TERRES D OPALE;62758;SAINT MARTIN BOULOGNE;public;LPO;103.4;76.9;94.4;33.2;26.8
2021-2022;LILLE;59;NORD;0590010R;LYCEE GENERAL ET TECHNOLOGIQUE PAUL HAZARD;59017;ARMENTIERES;public;LEGT;108.5;;108.5;36.7;
2021-2022;LILLE;59;NORD;0590015W;LYCEE PROFESSIONNEL PIERRE ET MARIE CURIE;59033;AULNOYE AYMERIES;public;LP;;71.4;71.4;;24.2
2021-2022;LILLE;59;NORD;0590034S;LYCEE GENERAL ET TECHNOLOGIQUE PAUL DUEZ;59122;CAMBRAI;public;LEGT;103.9;;103.9;34.8;
2021-2022;LILLE;59;NORD;0590042A;LYCEE POLYVALENT CAMILLE DESMOULINS;59136;LE CATEAU CAMBRESIS;public;LPO;89.4;68.8;80.7;30.8;22.9
2021-2022;LILLE;59;NORD;0590060V;LYCEE GENERAL ET TECHNOLOGIQUE ALFRED KASTLER;59172;DENAIN;public;LEGT;86.8;;86.8;31.2;
2021-2022;LILLE;59;NORD;0590064Z;LYCEE GENERAL ET TECHNOLOGIQUE JEAN BAPTISTE COROT;59178;DOUAI;public;LEGT;100.8;;100.8;36.5;
2021-2022;LILLE;59;NORD;0590065A;LYCEE GENERAL ET TECHNOLOGIQUE EDMOND LABBE;59178;DOUAI;public;LEGT;88.5;;88.5;31.6;
2021-2022;LILLE;59;NORD;0590083V;LYCEE POLYVALENT CAMILLE CLAUDEL;59249;FOURMIES;public;LPO;94.6;72.2;86.1;35.7;27.1
2021-2022;LILLE;59;NORD;0590086Y;LYCEE GENERAL ET TECHNOLOGIQUE MARGUERITE DE FLANDRE;59266;GONDECOURT;public;LEGT;125.9;;125.9;34.4;
2021-2022;LILLE;59;NORD;0590110Z;LYCEE GENERAL ET TECHNOLOGIQUE JEAN PERRIN;59328;LAMBERSART;public;LEGT;121.3;;121.3;38.4;
2021-2022;LILLE;59;NORD;0590143K;LYCEE GENERAL YVES KERNANEC;59378;MARCQ EN BAROEUL;public;LEGT;127.1;;127.1;35.8;
2021-2022;LILLE;59;NORD;0590144L;LYCEE PROFESSIONNEL AUTOMOBILE ALFRED MONGY LYCEE DES METIERS DE LA MAINTENANCE DES VEHICULES;59378;MARCQ EN BAROEUL;public;LP;;84.1;84.1;;28.6
2021-2022;LILLE;59;NORD;0590186G;LYCEE PROFESSIONNEL TURGOT LYCEE DES METIERS DES SERVICES ADMINISTRATIFS ET DE LA RELATION CLIENT;59512;ROUBAIX;public;LP;;63.4;63.4;;19.6
2021-2022;LILLE;59;NORD;0590192N;LYCEE POLYVALENT ERNEST COUTEAUX;59526;SAINT AMAND LES EAUX;public;LPO;111.2;78.7;105.3;35.1;27.2
2021-2022;LILLE;59;NORD;0590216P;LYCEE PROFESSIONNEL LE CORBUSIER;59599;TOURCOING;public;LP;;78.8;78.8;;30.7
2021-2022;LILLE;59;NORD;0590221V;LYCEE GENERAL ET TECHNOLOGIQUE HENRI WALLON;59606;VALENCIENNES;public;LEGT;104.9;;104.9;40.3;
2021-2022;LILLE;59;NORD;0590264S;LYCEE PROFESSIONNEL ALFRED KASTLER;59172;DENAIN;public;LP;;70.2;70.2;;21.4
2021-2022;LILLE;59;NORD;0590270Y;LYCEE PROFESSIONNEL DU HAINAUT LYCEE DES METIERS DE L AUTOMOBILE LYCEE DES METIERS DE LA CHAUDRONNERIE;59606;VALENCIENNES;public;LP;;76.1;76.1;;27.1
2021-2022;LILLE;59;NORD;0592610S;LYCEE PROFESSIONNEL PIERRE JOSEPH LAURENT;59008;ANICHE;public;LP;;74.1;74.1;;25.2
2021-2022;LILLE;59;NORD;0592922F;LYCEE GENERAL PRIVE THERESE D AVILA;59350;LILLE;privé sous contrat;LEGT;144.5;;144.5;26.4;
2021-2022;LILLE;59;NORD;0592935V;LYCEE GENERAL PRIVE LA CROIX BLANCHE;59090;BONDUES;privé sous contrat;LEGT;141.7;;141.7;28.3;
2021-2022;LILLE;59;NORD;0592944E;LYCEE GENERAL PRIVE SAINT ADRIEN LA SALLE;59009;VILLENEUVE D ASCQ;privé sous contrat;LEGT;142.1;;142.1;29.6;
2021-2022;LILLE;59;NORD;0592965C;LYCEE POLYVALENT PRIVE EIC INDUSTRIEL ET COMMERCIAL;59599;TOURCOING;privé sous contrat;LPO;106.2;90.6;101.5;34.3;33.4
2021-2022;LILLE;59;NORD;0592967E;LYCEE POLYVALENT PRIVE LA SAGESSE;59606;VALENCIENNES;privé sous contrat;LPO;93.9;85.6;90.0;32.7;29.9
2021-2022;LILLE;59;NORD;0592969G;LYCEE POLYVALENT PRIVE DAMPIERRE;59606;VALENCIENNES;privé sous contrat;LPO;103.6;85.2;91.7;35.0;28.5
2021-2022;LILLE;59;NORD;0592973L;LYCEE PROFESSIONNEL PRIVE SAINT FRANCOIS D ASSISE;59512;ROUBAIX;privé sous contrat;LP;;83.1;83.1;;31.6
2021-2022;LILLE;59;NORD;0593060F;LYCEE POLYVALENT PRIVE INSTITUT NICOLAS BARRE LYCEE DES METIERS DE LA SECURITE PREVENTION DE L AUTOMOBILE ET DE LA MAINTENANCE DES MATERIELS;59017;ARMENTIERES;privé sous contrat;LP;;96.0;96.0;;32.0
2021-2022;LILLE;59;NORD;0593071T;LYCEE POLYVALENT PRIVE DEFOREST DE LEWARDE;59178;DOUAI;privé sous contrat;LPO;101.0;86.9;91.6;33.9;26.9
2021-2022;LILLE;59;NORD;0593104D;LYCEE POLYVALENT PRIVE SAINT PIERRE;59249;FOURMIES;privé sous contrat;LPO;100.3;72.4;78.2;36.1;28.1
2021-2022;LILLE;59;NORD;0593141U;LYCEE GENERAL PRIVE NOTRE DAME;59606;VALENCIENNES;privé sous contrat;LEGT;125.5;;125.5;35.1;
2021-2022;LILLE;59;NORD;0594278E;LYCEE TECHNOLOGIQUE PRIVE EPID;59183;DUNKERQUE;privé sous contrat;LEGT;111.7;;111.7;29.8;
2021-2022;LILLE;59;NORD;0594404S;LYCEE PROFESSIONNEL RENE CASSIN;59414;MONTIGNY EN OSTREVENT;public;LP;;67.6;67.6;;23.4
2021-2022;LILLE;59;NORD;0594532F;LYCEE PROFESSIONNEL AMBROISE CROIZAT;59028;AUBY;public;LP;;70.1;70.1;;25.2
2021-2022;LILLE;59;NORD;0594652L;LYCEE PROFESSIONNEL DES PLAINES DU NORD;59271;GRANDE SYNTHE;public;LP;;71.7;71.7;;24.5
