rentree_scolaire;code_region;code_region_insee;region_academique;code_academie;academie;code_du_departement;departement;code_insee_de_la_commune;nom_de_la_commune;uai;nom_de_l_etablissement;secteur;type_de_lycee;ips_voie_gt;ips_voie_pro;ips_post_bac;ips_etab;ecart_type_voie_gt;ecart_type_voie_pro;ecart_type_etablissement;ips_national_legt;ips_national_lpo;ips_national_lp;ips_national_legt_prive;ips_national_legt_public;ips_national_lpo_prive;ips_national_lpo_public;ips_national_lp_prive;ips_national_lp_public;ips_academique_legt;ips_academique_lpo;ips_academique_lp;ips_academique_legt_prive;ips_academique_legt_public;ips_academique_lpo_prive;ips_academique_lpo_public;ips_academique_lp_prive;ips_academique_lp_public;ips_departemental_legt;ips_departemental_lpo;ips_departemental_lp;ips_departemental_legt_prive;ips_departemental_legt_public;ips_departemental_lpo_prive;ips_departemental_lpo_public;ips_departemental_lp_prive;ips_departemental_lp_public
2023-2024;09;32;HAUTS-DE-FRANCE;09;LILLE;59;NORD;59033;AULNOYE AYMERIES;0590015W;LYCEE PROFESSIONNEL PIERRE ET MARIE CURIE;public;LP;;79.6;;79.5;;24.1;23.9;118.5;103.5;88.9;132.4;113.9;116.2;101.1;103.8;85.3;112.4;99.8;80.3;131.3;105.8;108.5;94.4;96.6;78.5;115.0;98.5;81.1;131.4;107.4;106.2;92.6;97.1;78.3
2023-2024;09;32;HAUTS-DE-FRANCE;09;LILLE;59;NORD;59036;AVESNES SUR HELPE;0590018Z;LYCEE POLYVALENT JESSE DE FOREST;public;LPO;101;76;87.8;96.8;31.6;25.2;31.7;118.5;103.5;88.9;132.4;113.9;116.2;101.1;103.8;85.3;112.4;99.8;80.3;131.3;105.8;108.5;94.4;96.6;78.5;115.0;98.5;81.1;131.4;107.4;106.2;92.6;97.1;78.3
2023-2024;09;32;HAUTS-DE-FRANCE;09;LILLE;59;NORD;59139;CAUDRY;0590044C;LYCEE POLYVALENT JOSEPH MARIE JACQUARD;public;LPO;87.4;71.8;76.2;81.5;30;22;28.4;118.5;103.5;88.9;132.4;113.9;116.2;101.1;103.8;85.3;112.4;99.8;80.3;131.3;105.8;108.5;94.4;96.6;78.5;115.0;98.5;81.1;131.4;107.4;106.2;92.6;97.1;78.3
2023-2024;09;32;HAUTS-DE-FRANCE;09;LILLE;59;NORD;59183;DUNKERQUE;0590071G;LYCEE GENERAL ET TECHNOLOGIQUE JEAN BART;public;LEGT;106.7;;106.1;106.6;35;;35.2;118.5;103.5;88.9;132.4;113.9;116.2;101.1;103.8;85.3;112.4;99.8;80.3;131.3;105.8;108.5;94.4;96.6;78.5;115.0;98.5;81.1;131.4;107.4;106.2;92.6;97.1;78.3
2023-2024;09;32;HAUTS-DE-FRANCE;09;LILLE;59;NORD;59295;HAZEBROUCK;0590102R;LYCEE PROFESSIONNEL DES MONTS DE FLANDRE;public;LP;;83.3;79.4;82.9;;24.1;23.8;118.5;103.5;88.9;132.4;113.9;116.2;101.1;103.8;85.3;112.4;99.8;80.3;131.3;105.8;108.5;94.4;96.6;78.5;115.0;98.5;81.1;131.4;107.4;106.2;92.6;97.1;78.3
2023-2024;09;32;HAUTS-DE-FRANCE;09;LILLE;59;NORD;59350;LILLE;0590116F;LYCEE GENERAL FENELON;public;LEGT;117;;;117;39.9;;39.9;118.5;103.5;88.9;132.4;113.9;116.2;101.1;103.8;85.3;112.4;99.8;80.3;131.3;105.8;108.5;94.4;96.6;78.5;115.0;98.5;81.1;131.4;107.4;106.2;92.6;97.1;78.3
2023-2024;09;32;HAUTS-DE-FRANCE;09;LILLE;59;NORD;59481;LE QUESNOY;0590168M;LYCEE POLYVALENT EUGENE THOMAS;public;LPO;118.8;88.3;;114.4;35.2;24.6;35.5;118.5;103.5;88.9;132.4;113.9;116.2;101.1;103.8;85.3;112.4;99.8;80.3;131.3;105.8;108.5;94.4;96.6;78.5;115.0;98.5;81.1;131.4;107.4;106.2;92.6;97.1;78.3
2023-2024;09;32;HAUTS-DE-FRANCE;09;LILLE;59;NORD;59512;ROUBAIX;0590181B;LYCEE GENERAL ET TECHNOLOGIQUE MAXENCE VAN DER MEERSCH;public;LEGT;95.4;;;95.4;36;;36;118.5;103.5;88.9;132.4;113.9;116.2;101.1;103.8;85.3;112.4;99.8;80.3;131.3;105.8;108.5;94.4;96.6;78.5;115.0;98.5;81.1;131.4;107.4;106.2;92.6;97.1;78.3
2023-2024;09;32;HAUTS-DE-FRANCE;09;LILLE;59;NORD;59512;ROUBAIX;0590182C;LYCEE GENERAL BAUDELAIRE;public;LEGT;86.2;;;86.2;31.6;;31.6;118.5;103.5;88.9;132.4;113.9;116.2;101.1;103.8;85.3;112.4;99.8;80.3;131.3;105.8;108.5;94.4;96.6;78.5;115.0;98.5;81.1;131.4;107.4;106.2;92.6;97.1;78.3
2023-2024;09;32;HAUTS-DE-FRANCE;09;LILLE;59;NORD;59512;ROUBAIX;0590184E;LYCEE GENERAL JEAN ROSTAND;public;LEGT;85.9;;97.1;92.3;33.7;;34.3;118.5;103.5;88.9;132.4;113.9;116.2;101.1;103.8;85.3;112.4;99.8;80.3;131.3;105.8;108.5;94.4;96.6;78.5;115.0;98.5;81.1;131.4;107.4;106.2;92.6;97.1;78.3
2023-2024;09;32;HAUTS-DE-FRANCE;09;LILLE;59;NORD;59512;ROUBAIX;0590187H;LYCEE PROFESSIONNEL LOUIS LOUCHEUR;public;LP;;71.5;;71.2;;21.2;20.8;118.5;103.5;88.9;132.4;113.9;116.2;101.1;103.8;85.3;112.4;99.8;80.3;131.3;105.8;108.5;94.4;96.6;78.5;115.0;98.5;81.1;131.4;107.4;106.2;92.6;97.1;78.3
2023-2024;09;32;HAUTS-DE-FRANCE;09;LILLE;59;NORD;59512;ROUBAIX;0590189K;LYCEE PROFESSIONNEL LAVOISIER;public;LP;;71.6;;71.8;;19.5;19.9;118.5;103.5;88.9;132.4;113.9;116.2;101.1;103.8;85.3;112.4;99.8;80.3;131.3;105.8;108.5;94.4;96.6;78.5;115.0;98.5;81.1;131.4;107.4;106.2;92.6;97.1;78.3
2023-2024;09;32;HAUTS-DE-FRANCE;09;LILLE;59;NORD;59526;SAINT AMAND LES EAUX;0590192N;LYCEE POLYVALENT ERNEST COUTEAUX;public;LPO;108;83.1;94.2;102.3;33.6;24.5;33.4;118.5;103.5;88.9;132.4;113.9;116.2;101.1;103.8;85.3;112.4;99.8;80.3;131.3;105.8;108.5;94.4;96.6;78.5;115.0;98.5;81.1;131.4;107.4;106.2;92.6;97.1;78.3
2023-2024;09;32;HAUTS-DE-FRANCE;09;LILLE;59;NORD;59183;DUNKERQUE;0590198V;LYCEE PROFESSIONNEL GEORGES GUYNEMER;public;LP;;76.9;;76.9;;21.3;21.3;118.5;103.5;88.9;132.4;113.9;116.2;101.1;103.8;85.3;112.4;99.8;80.3;131.3;105.8;108.5;94.4;96.6;78.5;115.0;98.5;81.1;131.4;107.4;106.2;92.6;97.1;78.3
2023-2024;09;32;HAUTS-DE-FRANCE;09;LILLE;59;NORD;59606;VALENCIENNES;0590221V;LYCEE GENERAL ET TECHNOLOGIQUE HENRI WALLON;public;LEGT;103.6;;118.1;109.7;37.4;;39.8;118.5;103.5;88.9;132.4;113.9;116.2;101.1;103.8;85.3;112.4;99.8;80.3;131.3;105.8;108.5;94.4;96.6;78.5;115.0;98.5;81.1;131.4;107.4;106.2;92.6;97.1;78.3
2023-2024;09;32;HAUTS-DE-FRANCE;09;LILLE;59;NORD;59650;WATTRELOS;0590233H;LYCEE POLYVALENT EMILE ZOLA;public;LPO;85.5;75.9;81.4;82;26.6;22.8;25.9;118.5;103.5;88.9;132.4;113.9;116.2;101.1;103.8;85.3;112.4;99.8;80.3;131.3;105.8;108.5;94.4;96.6;78.5;115.0;98.5;81.1;131.4;107.4;106.2;92.6;97.1;78.3
2023-2024;09;32;HAUTS-DE-FRANCE;09;LILLE;59;NORD;59646;WASQUEHAL;0590249A;LYCEE PROFESSIONNEL JACQUES YVES COUSTEAU;public;LP;;77.6;93.7;80.4;;23.1;24.5;118.5;103.5;88.9;132.4;113.9;116.2;101.1;103.8;85.3;112.4;99.8;80.3;131.3;105.8;108.5;94.4;96.6;78.5;115.0;98.5;81.1;131.4;107.4;106.2;92.6;97.1;78.3
2023-2024;09;32;HAUTS-DE-FRANCE;09;LILLE;59;NORD;59172;DENAIN;0590264S;LYCEE PROFESSIONNEL ALFRED KASTLER;public;LP;;74.7;;74.5;;21.9;21.9;118.5;103.5;88.9;132.4;113.9;116.2;101.1;103.8;85.3;112.4;99.8;80.3;131.3;105.8;108.5;94.4;96.6;78.5;115.0;98.5;81.1;131.4;107.4;106.2;92.6;97.1;78.3
2023-2024;09;32;HAUTS-DE-FRANCE;09;LILLE;59;NORD;59606;VALENCIENNES;0590270Y;LYCEE PROFESSIONNEL DU HAINAUT LYCEE DES METIERS DE L AUTOMOBILE LYCEE DES METIERS DE LA CHAUDRONNERIE;public;LP;;79.7;;79.5;;25.5;25.4;118.5;103.5;88.9;132.4;113.9;116.2;101.1;103.8;85.3;112.4;99.8;80.3;131.3;105.8;108.5;94.4;96.6;78.5;115.0;98.5;81.1;131.4;107.4;106.2;92.6;97.1;78.3
2023-2024;09;32;HAUTS-DE-FRANCE;09;LILLE;59;NORD;59527;SAINT ANDRE LEZ LILLE;0592832H;LYCEE PROFESSIONNEL VERTES FEUILLES LYCEE DES METIERS DE LA SECURITE ET DE LA PREVENTION;public;LP;;82.3;;82.8;;26.2;26.1;118.5;103.5;88.9;132.4;113.9;116.2;101.1;103.8;85.3;112.4;99.8;80.3;131.3;105.8;108.5;94.4;96.6;78.5;115.0;98.5;81.1;131.4;107.4;106.2;92.6;97.1;78.3
2023-2024;09;32;HAUTS-DE-FRANCE;09;LILLE;59;NORD;59560;SECLIN;0592833J;LYCEE PROFESSIONNEL LES HAUTS DE FLANDRE;public;LP;98.8;83;;85.1;33.2;26.5;27.5;118.5;103.5;88.9;132.4;113.9;116.2;101.1;103.8;85.3;112.4;99.8;80.3;131.3;105.8;108.5;94.4;96.6;78.5;115.0;98.5;81.1;131.4;107.4;106.2;92.6;97.1;78.3
2023-2024;09;32;HAUTS-DE-FRANCE;09;LILLE;59;NORD;59036;AVESNES SUR HELPE;0592929N;LYCEE GENERAL ET TECHNOLOGIQUE PRIVE SAINTE THERESE;privé sous contrat;LEGT;114.9;;;114.9;33.1;;33.1;118.5;103.5;88.9;132.4;113.9;116.2;101.1;103.8;85.3;112.4;99.8;80.3;131.3;105.8;108.5;94.4;96.6;78.5;115.0;98.5;81.1;131.4;107.4;106.2;92.6;97.1;78.3
2023-2024;09;32;HAUTS-DE-FRANCE;09;LILLE;59;NORD;59056;BEAUCAMPS LIGNY;0592932S;LYCEE GENERAL PRIVE SAINTE MARIE;privé sous contrat;LEGT;141.7;;123.3;141.4;28.2;;28.4;118.5;103.5;88.9;132.4;113.9;116.2;101.1;103.8;85.3;112.4;99.8;80.3;131.3;105.8;108.5;94.4;96.6;78.5;115.0;98.5;81.1;131.4;107.4;106.2;92.6;97.1;78.3
2023-2024;09;32;HAUTS-DE-FRANCE;09;LILLE;59;NORD;59178;DOUAI;0592940A;LYCEE GENERAL PRIVE SAINT JEAN;privé sous contrat;LEGT;131.6;;143.6;136.3;28.8;;26.7;118.5;103.5;88.9;132.4;113.9;116.2;101.1;103.8;85.3;112.4;99.8;80.3;131.3;105.8;108.5;94.4;96.6;78.5;115.0;98.5;81.1;131.4;107.4;106.2;92.6;97.1;78.3
2023-2024;09;32;HAUTS-DE-FRANCE;09;LILLE;59;NORD;59599;TOURCOING;0592965C;LYCEE POLYVALENT PRIVE EIC INDUSTRIEL ET COMMERCIAL;privé sous contrat;LPO;108.8;93.8;84.7;101.1;32.7;28.4;32.8;118.5;103.5;88.9;132.4;113.9;116.2;101.1;103.8;85.3;112.4;99.8;80.3;131.3;105.8;108.5;94.4;96.6;78.5;115.0;98.5;81.1;131.4;107.4;106.2;92.6;97.1;78.3
2023-2024;09;32;HAUTS-DE-FRANCE;09;LILLE;59;NORD;59360;LOOS;0593030Y;LYCEE PROFESSIONNEL PRIVE NOTRE DAME DU SACRE COEUR LYCEE DES METIERS DU BIEN ETRE DE LA SANTE ET DU SOCIAL;privé sous contrat;LP;;99.3;98.6;99.2;;30.1;30;118.5;103.5;88.9;132.4;113.9;116.2;101.1;103.8;85.3;112.4;99.8;80.3;131.3;105.8;108.5;94.4;96.6;78.5;115.0;98.5;81.1;131.4;107.4;106.2;92.6;97.1;78.3
2023-2024;09;32;HAUTS-DE-FRANCE;09;LILLE;59;NORD;59178;DOUAI;0593071T;LYCEE POLYVALENT PRIVE DEFOREST DE LEWARDE;privé sous contrat;LPO;103.9;91.9;91.5;94.7;31.3;25.9;28.2;118.5;103.5;88.9;132.4;113.9;116.2;101.1;103.8;85.3;112.4;99.8;80.3;131.3;105.8;108.5;94.4;96.6;78.5;115.0;98.5;81.1;131.4;107.4;106.2;92.6;97.1;78.3
2023-2024;09;32;HAUTS-DE-FRANCE;09;LILLE;59;NORD;59350;LILLE;0593109J;LYCEE GENERAL PRIVE NOTRE DAME DE LA PAIX;privé sous contrat;LEGT;137.7;;144.8;139.1;28.5;;27.9;118.5;103.5;88.9;132.4;113.9;116.2;101.1;103.8;85.3;112.4;99.8;80.3;131.3;105.8;108.5;94.4;96.6;78.5;115.0;98.5;81.1;131.4;107.4;106.2;92.6;97.1;78.3
2023-2024;09;32;HAUTS-DE-FRANCE;09;LILLE;59;NORD;59295;HAZEBROUCK;0593136N;LYCEE GENERAL ET TECHNOLOGIQUE PRIVE SAINT JACQUES;privé sous contrat;LEGT;129.6;;76.4;128.7;30.9;;31.4;118.5;103.5;88.9;132.4;113.9;116.2;101.1;103.8;85.3;112.4;99.8;80.3;131.3;105.8;108.5;94.4;96.6;78.5;115.0;98.5;81.1;131.4;107.4;106.2;92.6;97.1;78.3
2023-2024;09;32;HAUTS-DE-FRANCE;09;LILLE;59;NORD;59571;SOLESMES;0593138R;LYCEE GENERAL PRIVE SAINT MICHEL;privé sous contrat;LEGT;127.7;;;127.7;31.1;;31.1;118.5;103.5;88.9;132.4;113.9;116.2;101.1;103.8;85.3;112.4;99.8;80.3;131.3;105.8;108.5;94.4;96.6;78.5;115.0;98.5;81.1;131.4;107.4;106.2;92.6;97.1;78.3
2023-2024;09;32;HAUTS-DE-FRANCE;09;LILLE;59;NORD;59606;VALENCIENNES;0593141U;LYCEE GENERAL PRIVE NOTRE DAME;privé sous contrat;LEGT;131;;;131;31.7;;31.7;118.5;103.5;88.9;132.4;113.9;116.2;101.1;103.8;85.3;112.4;99.8;80.3;131.3;105.8;108.5;94.4;96.6;78.5;115.0;98.5;81.1;131.4;107.4;106.2;92.6;97.1;78.3
2023-2024;09;32;HAUTS-DE-FRANCE;09;LILLE;59;NORD;59271;GRANDE SYNTHE;0594652L;LYCEE PROFESSIONNEL DES PLAINES DU NORD;public;LP;;72.7;72.5;72.3;;19.1;18.6;118.5;103.5;88.9;132.4;113.9;116.2;101.1;103.8;85.3;112.4;99.8;80.3;131.3;105.8;108.5;94.4;96.6;78.5;115.0;98.5;81.1;131.4;107.4;106.2;92.6;97.1;78.3
2023-2024;09;32;HAUTS-DE-FRANCE;09;LILLE;59;NORD;59183;DUNKERQUE;0595480L;LYCEE PROFESSIONNEL ILE JEANTY;public;LP;;73.9;;73.9;;21.7;21.7;118.5;103.5;88.9;132.4;113.9;116.2;101.1;103.8;85.3;112.4;99.8;80.3;131.3;105.8;108.5;94.4;96.6;78.5;115.0;98.5;81.1;131.4;107.4;106.2;92.6;97.1;78.3
2023-2024;09;32;HAUTS-DE-FRANCE;09;LILLE;59;NORD;59603;TRITH SAINT LEGER;0595678B;LYCEE PROFESSIONNEL LEONARD DE VINCI;public;LP;;75.1;;75.1;;23.5;23.5;118.5;103.5;88.9;132.4;113.9;116.2;101.1;103.8;85.3;112.4;99.8;80.3;131.3;105.8;108.5;94.4;96.6;78.5;115.0;98.5;81.1;131.4;107.4;106.2;92.6;97.1;78.3
2023-2024;09;32;HAUTS-DE-FRANCE;09;LILLE;59;NORD;59350;LILLE;0595786U;LYCEE GENERAL ET TECHNOLOGIQUE JEAN PROUVE;public;LEGT;100.6;;106.9;103.5;33.6;;34.9;118.5;103.5;88.9;132.4;113.9;116.2;101.1;103.8;85.3;112.4;99.8;80.3;131.3;105.8;108.5;94.4;96.6;78.5;115.0;98.5;81.1;131.4;107.4;106.2;92.6;97.1;78.3
2023-2024;09;32;HAUTS-DE-FRANCE;09;LILLE;59;NORD;59350;LILLE;0596681S;LYCEE GENERAL ET TECHNOLOGIQUE PRIVE AVERROES;privé sous contrat;LEGT;110.2;;;110.2;33.8;;33.8;118.5;103.5;88.9;132.4;113.9;116.2;101.1;103.8;85.3;112.4;99.8;80.3;131.3;105.8;108.5;94.4;96.6;78.5;115.0;98.5;81.1;131.4;107.4;106.2;92.6;97.1;78.3
2023-2024;09;32;HAUTS-DE-FRANCE;09;LILLE;62;PAS-DE-CALAIS;62119;BETHUNE;0620042J;LYCEE GENERAL ET TECHNOLOGIQUE ANDRE MALRAUX;public;LEGT;104.2;;94.3;99.8;33.4;;33.1;118.5;103.5;88.9;132.4;113.9;116.2;101.1;103.8;85.3;112.4;99.8;80.3;131.3;105.8;108.5;94.4;96.6;78.5;105.9;102.1;79.4;130.5;102.7;115.4;97.1;94.2;78.7
2023-2024;09;32;HAUTS-DE-FRANCE;09;LILLE;62;PAS-DE-CALAIS;62178;BRUAY LA BUISSIERE;0620056Z;LYCEE POLYVALENT CARNOT;public;LPO;96.7;75.4;82.2;90.9;32;20.9;30.8;118.5;103.5;88.9;132.4;113.9;116.2;101.1;103.8;85.3;112.4;99.8;80.3;131.3;105.8;108.5;94.4;96.6;78.5;105.9;102.1;79.4;130.5;102.7;115.4;97.1;94.2;78.7
2023-2024;09;32;HAUTS-DE-FRANCE;09;LILLE;62;PAS-DE-CALAIS;62186;BULLY LES MINES;0620059C;LYCEE PROFESSIONNEL LEO LAGRANGE;public;LP;91.2;76.2;;82.5;28.9;22.3;26.3;118.5;103.5;88.9;132.4;113.9;116.2;101.1;103.8;85.3;112.4;99.8;80.3;131.3;105.8;108.5;94.4;96.6;78.5;105.9;102.1;79.4;130.5;102.7;115.4;97.1;94.2;78.7
2023-2024;09;32;HAUTS-DE-FRANCE;09;LILLE;62;PAS-DE-CALAIS;62637;OIGNIES;0620150B;LYCEE PROFESSIONNEL IRENE JOLIOT CURIE;public;LP;;75.3;86.3;75.6;;22.6;22.7;118.5;103.5;88.9;132.4;113.9;116.2;101.1;103.8;85.3;112.4;99.8;80.3;131.3;105.8;108.5;94.4;96.6;78.5;105.9;102.1;79.4;130.5;102.7;115.4;97.1;94.2;78.7
2023-2024;09;32;HAUTS-DE-FRANCE;09;LILLE;62;PAS-DE-CALAIS;62765;SAINT OMER;0620162P;LYCEE PROFESSIONNEL DU PAYS DE SAINT OMER;public;LP;;78.7;;78.6;;22.9;22.8;118.5;103.5;88.9;132.4;113.9;116.2;101.1;103.8;85.3;112.4;99.8;80.3;131.3;105.8;108.5;94.4;96.6;78.5;105.9;102.1;79.4;130.5;102.7;115.4;97.1;94.2;78.7
2023-2024;09;32;HAUTS-DE-FRANCE;09;LILLE;62;PAS-DE-CALAIS;62318;ETAPLES;0620187S;LYCEE PROFESSIONNEL JULES VERNE;public;LP;;77.3;;77.5;;22.4;21.6;118.5;103.5;88.9;132.4;113.9;116.2;101.1;103.8;85.3;112.4;99.8;80.3;131.3;105.8;108.5;94.4;96.6;78.5;105.9;102.1;79.4;130.5;102.7;115.4;97.1;94.2;78.7
2023-2024;09;32;HAUTS-DE-FRANCE;09;LILLE;62;PAS-DE-CALAIS;62510;LIEVIN;0620190V;LYCEE PROFESSIONNEL HENRI DARRAS LYCEE DES METIERS DE LA CHAUDRONNERIE INDUSTRIELLE;public;LP;;79.5;;78.9;;25.2;25;118.5;103.5;88.9;132.4;113.9;116.2;101.1;103.8;85.3;112.4;99.8;80.3;131.3;105.8;108.5;94.4;96.6;78.5;105.9;102.1;79.4;130.5;102.7;115.4;97.1;94.2;78.7
2023-2024;09;32;HAUTS-DE-FRANCE;09;LILLE;62;PAS-DE-CALAIS;62895;WINGLES;0620258U;LYCEE PROFESSIONNEL VOLTAIRE;public;LP;;85.9;;85.6;;26.7;26.5;118.5;103.5;88.9;132.4;113.9;116.2;101.1;103.8;85.3;112.4;99.8;80.3;131.3;105.8;108.5;94.4;96.6;78.5;105.9;102.1;79.4;130.5;102.7;115.4;97.1;94.2;78.7
2023-2024;09;32;HAUTS-DE-FRANCE;09;LILLE;62;PAS-DE-CALAIS;62765;SAINT OMER;0622120T;LYCEE GENERAL PRIVE NOTRE DAME DE SION;privé sous contrat;LEGT;119.7;;;119.7;31.5;;31.5;118.5;103.5;88.9;132.4;113.9;116.2;101.1;103.8;85.3;112.4;99.8;80.3;131.3;105.8;108.5;94.4;96.6;78.5;105.9;102.1;79.4;130.5;102.7;115.4;97.1;94.2;78.7
2023-2024;09;32;HAUTS-DE-FRANCE;09;LILLE;62;PAS-DE-CALAIS;62318;ETAPLES;0622192W;LYCEE PROFESSIONNEL PRIVE SAINT JOSEPH;privé sous contrat;LP;;86.5;;87.6;;23.2;24;118.5;103.5;88.9;132.4;113.9;116.2;101.1;103.8;85.3;112.4;99.8;80.3;131.3;105.8;108.5;94.4;96.6;78.5;105.9;102.1;79.4;130.5;102.7;115.4;97.1;94.2;78.7
2023-2024;09;32;HAUTS-DE-FRANCE;09;LILLE;62;PAS-DE-CALAIS;62765;SAINT OMER;0622199D;LYCEE POLYVALENT PRIVE SAINT DENIS;privé sous contrat;LPO;115;105.3;108.9;111.5;31.3;36.3;31.7;118.5;103.5;88.9;132.4;113.9;116.2;101.1;103.8;85.3;112.4;99.8;80.3;131.3;105.8;108.5;94.4;96.6;78.5;105.9;102.1;79.4;130.5;102.7;115.4;97.1;94.2;78.7
2023-2024;09;32;HAUTS-DE-FRANCE;09;LILLE;62;PAS-DE-CALAIS;62193;CALAIS;0622211S;LYCEE PROFESSIONNEL PRIVE SAINT PIERRE;privé sous contrat;LP;;96;;96;;27.8;27.6;118.5;103.5;88.9;132.4;113.9;116.2;101.1;103.8;85.3;112.4;99.8;80.3;131.3;105.8;108.5;94.4;96.6;78.5;105.9;102.1;79.4;130.5;102.7;115.4;97.1;94.2;78.7
2023-2024;09;32;HAUTS-DE-FRANCE;09;LILLE;62;PAS-DE-CALAIS;62178;BRUAY LA BUISSIERE;0622801H;LYCEE PROFESSIONNEL JEAN BERTIN LYCEE DES METIERS DES TRAVAUX PUBLICS;public;LP;;89.6;84.9;89.5;;26.2;26.1;118.5;103.5;88.9;132.4;113.9;116.2;101.1;103.8;85.3;112.4;99.8;80.3;131.3;105.8;108.5;94.4;96.6;78.5;105.9;102.1;79.4;130.5;102.7;115.4;97.1;94.2;78.7
2023-2024;09;32;HAUTS-DE-FRANCE;09;LILLE;62;PAS-DE-CALAIS;62826;LE TOUQUET PARIS PLAGE;0622807P;LYCEE POLYVALENT HOTELIER;public;LPO;120.4;106.8;117.4;114.4;31.7;30;32.3;118.5;103.5;88.9;132.4;113.9;116.2;101.1;103.8;85.3;112.4;99.8;80.3;131.3;105.8;108.5;94.4;96.6;78.5;105.9;102.1;79.4;130.5;102.7;115.4;97.1;94.2;78.7
2023-2024;09;32;HAUTS-DE-FRANCE;09;LILLE;62;PAS-DE-CALAIS;62427;HENIN BEAUMONT;0623328F;LYCEE PROFESSIONNEL HENRI SENEZ LYCEE DES METIERS;public;LP;;76.5;;76.5;;22.1;22.1;118.5;103.5;88.9;132.4;113.9;116.2;101.1;103.8;85.3;112.4;99.8;80.3;131.3;105.8;108.5;94.4;96.6;78.5;105.9;102.1;79.4;130.5;102.7;115.4;97.1;94.2;78.7
2023-2024;09;32;HAUTS-DE-FRANCE;09;LILLE;62;PAS-DE-CALAIS;62758;SAINT MARTIN BOULOGNE;0624109E;LYCEE POLYVALENT GIRAUX SANNIER;public;LPO;105;80.5;99.9;97.9;32.3;24.5;32.1;118.5;103.5;88.9;132.4;113.9;116.2;101.1;103.8;85.3;112.4;99.8;80.3;131.3;105.8;108.5;94.4;96.6;78.5;105.9;102.1;79.4;130.5;102.7;115.4;97.1;94.2;78.7
2024-2025;09;32;HAUTS-DE-FRANCE;09;LILLE;59;NORD;59017;ARMENTIERES;0590010R;LYCEE GENERAL ET TECHNOLOGIQUE PAUL HAZARD;public;LEGT;110.4;;87.2;107.7;34;;34.1;119.6;104.2;89.5;134.0;114.7;117.4;101.7;104.7;85.9;113.4;100.9;81.1;133.3;106.6;109.3;95.7;97.0;79.2;116.0;99.5;81.8;133.6;108.0;106.6;94.1;97.5;79.0
2024-2025;09;32;HAUTS-DE-FRANCE;09;LILLE;59;NORD;59017;ARMENTIERES;0590011S;LYCEE POLYVALENT GUSTAVE EIFFEL LYCEE DES METIERS;public;LPO;117.3;89.6;114.2;112;36.2;29.3;36.5;119.6;104.2;89.5;134.0;114.7;117.4;101.7;104.7;85.9;113.4;100.9;81.1;133.3;106.6;109.3;95.7;97.0;79.2;116.0;99.5;81.8;133.6;108.0;106.6;94.1;97.5;79.0
2024-2025;09;32;HAUTS-DE-FRANCE;09;LILLE;59;NORD;59183;DUNKERQUE;0590071G;LYCEE GENERAL ET TECHNOLOGIQUE JEAN BART;public;LEGT;106.5;;110.9;107.2;33.4;;34.1;119.6;104.2;89.5;134.0;114.7;117.4;101.7;104.7;85.9;113.4;100.9;81.1;133.3;106.6;109.3;95.7;97.0;79.2;116.0;99.5;81.8;133.6;108.0;106.6;94.1;97.5;79.0
2024-2025;09;32;HAUTS-DE-FRANCE;09;LILLE;59;NORD;59286;HAUBOURDIN;0590093F;LYCEE POLYVALENT BEAUPRE LYCEE DES METIERS DE LA PLASTURGIE;public;LPO;116.5;89.4;101.9;109.1;33.8;26;34.1;119.6;104.2;89.5;134.0;114.7;117.4;101.7;104.7;85.9;113.4;100.9;81.1;133.3;106.6;109.3;95.7;97.0;79.2;116.0;99.5;81.8;133.6;108.0;106.6;94.1;97.5;79.0
2024-2025;09;32;HAUTS-DE-FRANCE;09;LILLE;59;NORD;59350;LILLE;0590116F;LYCEE GENERAL FENELON;public;LEGT;114.3;;;114.3;39.9;;39.9;119.6;104.2;89.5;134.0;114.7;117.4;101.7;104.7;85.9;113.4;100.9;81.1;133.3;106.6;109.3;95.7;97.0;79.2;116.0;99.5;81.8;133.6;108.0;106.6;94.1;97.5;79.0
2024-2025;09;32;HAUTS-DE-FRANCE;09;LILLE;59;NORD;59350;LILLE;0590119J;LYCEE GENERAL ET TECHNOLOGIQUE FAIDHERBE;public;LEGT;118.1;;140.5;128.7;39.5;;38.6;119.6;104.2;89.5;134.0;114.7;117.4;101.7;104.7;85.9;113.4;100.9;81.1;133.3;106.6;109.3;95.7;97.0;79.2;116.0;99.5;81.8;133.6;108.0;106.6;94.1;97.5;79.0
2024-2025;09;32;HAUTS-DE-FRANCE;09;LILLE;59;NORD;59368;LA MADELEINE;0590122M;LYCEE POLYVALENT VALENTINE LABBE;public;LPO;92.1;85.7;98.1;91.5;30.8;25.5;29.8;119.6;104.2;89.5;134.0;114.7;117.4;101.7;104.7;85.9;113.4;100.9;81.1;133.3;106.6;109.3;95.7;97.0;79.2;116.0;99.5;81.8;133.6;108.0;106.6;94.1;97.5;79.0
2024-2025;09;32;HAUTS-DE-FRANCE;09;LILLE;59;NORD;59183;DUNKERQUE;0590198V;LYCEE PROFESSIONNEL GEORGES GUYNEMER;public;LP;;76.6;;76.6;;22.4;22.4;119.6;104.2;89.5;134.0;114.7;117.4;101.7;104.7;85.9;113.4;100.9;81.1;133.3;106.6;109.3;95.7;97.0;79.2;116.0;99.5;81.8;133.6;108.0;106.6;94.1;97.5;79.0
2024-2025;09;32;HAUTS-DE-FRANCE;09;LILLE;59;NORD;59599;TOURCOING;0590215N;LYCEE GENERAL ET TECHNOLOGIQUE SEVIGNE;public;LEGT;77.8;;92.9;87.6;23.4;;30;119.6;104.2;89.5;134.0;114.7;117.4;101.7;104.7;85.9;113.4;100.9;81.1;133.3;106.6;109.3;95.7;97.0;79.2;116.0;99.5;81.8;133.6;108.0;106.6;94.1;97.5;79.0
2024-2025;09;32;HAUTS-DE-FRANCE;09;LILLE;59;NORD;59606;VALENCIENNES;0590223X;LYCEE GENERAL ET TECHNOLOGIQUE DU HAINAUT;public;LEGT;95.8;;94.3;95.2;34.3;;32.5;119.6;104.2;89.5;134.0;114.7;117.4;101.7;104.7;85.9;113.4;100.9;81.1;133.3;106.6;109.3;95.7;97.0;79.2;116.0;99.5;81.8;133.6;108.0;106.6;94.1;97.5;79.0
2024-2025;09;32;HAUTS-DE-FRANCE;09;LILLE;59;NORD;59122;CAMBRAI;0592611T;LYCEE PROFESSIONNEL LOUIS BLERIOT;public;LP;;77.3;91.5;78;;22.9;23;119.6;104.2;89.5;134.0;114.7;117.4;101.7;104.7;85.9;113.4;100.9;81.1;133.3;106.6;109.3;95.7;97.0;79.2;116.0;99.5;81.8;133.6;108.0;106.6;94.1;97.5;79.0
2024-2025;09;32;HAUTS-DE-FRANCE;09;LILLE;59;NORD;59526;SAINT AMAND LES EAUX;0592913W;LYCEE GENERAL PRIVE NOTRE DAME DES ANGES;privé sous contrat;LEGT;134.6;;;134.6;29;;29;119.6;104.2;89.5;134.0;114.7;117.4;101.7;104.7;85.9;113.4;100.9;81.1;133.3;106.6;109.3;95.7;97.0;79.2;116.0;99.5;81.8;133.6;108.0;106.6;94.1;97.5;79.0
2024-2025;09;32;HAUTS-DE-FRANCE;09;LILLE;59;NORD;59090;BONDUES;0592935V;LYCEE GENERAL PRIVE LA CROIX BLANCHE;privé sous contrat;LEGT;141.9;;;141.9;29.1;;29.1;119.6;104.2;89.5;134.0;114.7;117.4;101.7;104.7;85.9;113.4;100.9;81.1;133.3;106.6;109.3;95.7;97.0;79.2;116.0;99.5;81.8;133.6;108.0;106.6;94.1;97.5;79.0
2024-2025;09;32;HAUTS-DE-FRANCE;09;LILLE;59;NORD;59512;ROUBAIX;0592963A;LYCEE POLYVALENT PRIVE SAINT MARTIN;privé sous contrat;LPO;95.3;89.8;102.5;92.4;31.2;30.3;30.7;119.6;104.2;89.5;134.0;114.7;117.4;101.7;104.7;85.9;113.4;100.9;81.1;133.3;106.6;109.3;95.7;97.0;79.2;116.0;99.5;81.8;133.6;108.0;106.6;94.1;97.5;79.0
2024-2025;09;32;HAUTS-DE-FRANCE;09;LILLE;59;NORD;59599;TOURCOING;0592965C;LYCEE POLYVALENT PRIVE EIC INDUSTRIEL ET COMMERCIAL;privé sous contrat;LPO;109.7;94.5;88.3;102.2;33.2;28.8;33.3;119.6;104.2;89.5;134.0;114.7;117.4;101.7;104.7;85.9;113.4;100.9;81.1;133.3;106.6;109.3;95.7;97.0;79.2;116.0;99.5;81.8;133.6;108.0;106.6;94.1;97.5;79.0
2024-2025;09;32;HAUTS-DE-FRANCE;09;LILLE;59;NORD;59599;TOURCOING;0592980U;LYCEE POLYVALENT PRIVE EIC MARIE NOEL;privé sous contrat;LPO;97.4;91.3;;93.4;28;24.9;26.6;119.6;104.2;89.5;134.0;114.7;117.4;101.7;104.7;85.9;113.4;100.9;81.1;133.3;106.6;109.3;95.7;97.0;79.2;116.0;99.5;81.8;133.6;108.0;106.6;94.1;97.5;79.0
2024-2025;09;32;HAUTS-DE-FRANCE;09;LILLE;59;NORD;59350;LILLE;0593006X;LYCEE POLYVALENT PRIVE NOTRE DAME D ANNAY;privé sous contrat;LPO;127.3;110.8;113.8;120.9;28.9;29.6;30.3;119.6;104.2;89.5;134.0;114.7;117.4;101.7;104.7;85.9;113.4;100.9;81.1;133.3;106.6;109.3;95.7;97.0;79.2;116.0;99.5;81.8;133.6;108.0;106.6;94.1;97.5;79.0
2024-2025;09;32;HAUTS-DE-FRANCE;09;LILLE;59;NORD;59360;LOOS;0593030Y;LYCEE PROFESSIONNEL PRIVE NOTRE DAME DU SACRE COEUR LYCEE DES METIERS DU BIEN ETRE DE LA SANTE ET DU SOCIAL;privé sous contrat;LP;;102.3;103.5;102.9;;29.2;30;119.6;104.2;89.5;134.0;114.7;117.4;101.7;104.7;85.9;113.4;100.9;81.1;133.3;106.6;109.3;95.7;97.0;79.2;116.0;99.5;81.8;133.6;108.0;106.6;94.1;97.5;79.0
2024-2025;09;32;HAUTS-DE-FRANCE;09;LILLE;59;NORD;59328;LAMBERSART;0593106F;LYCEE GENERAL PRIVE SAINTE ODILE;privé sous contrat;LEGT;135.3;;;135.4;31.9;;31.8;119.6;104.2;89.5;134.0;114.7;117.4;101.7;104.7;85.9;113.4;100.9;81.1;133.3;106.6;109.3;95.7;97.0;79.2;116.0;99.5;81.8;133.6;108.0;106.6;94.1;97.5;79.0
2024-2025;09;32;HAUTS-DE-FRANCE;09;LILLE;59;NORD;59378;MARCQ EN BAROEUL;0593225K;LYCEE PRIVE DE MARCQ;privé sous contrat;LEGT;152.6;;150.6;152.6;22.2;;22.3;119.6;104.2;89.5;134.0;114.7;117.4;101.7;104.7;85.9;113.4;100.9;81.1;133.3;106.6;109.3;95.7;97.0;79.2;116.0;99.5;81.8;133.6;108.0;106.6;94.1;97.5;79.0
2024-2025;09;32;HAUTS-DE-FRANCE;09;LILLE;59;NORD;59183;DUNKERQUE;0594278E;LYCEE TECHNOLOGIQUE PRIVE EPID;privé sous contrat;LEGT;118.8;;104.1;114.7;25.8;;27.8;119.6;104.2;89.5;134.0;114.7;117.4;101.7;104.7;85.9;113.4;100.9;81.1;133.3;106.6;109.3;95.7;97.0;79.2;116.0;99.5;81.8;133.6;108.0;106.6;94.1;97.5;79.0
2024-2025;09;32;HAUTS-DE-FRANCE;09;LILLE;59;NORD;59383;MARLY;0594302F;LYCEE PROFESSIONNEL FRANCOIS MANSART LYCEE DES METIERS DU BATIMENT;public;LP;;74.2;;74.1;;24.6;24.1;119.6;104.2;89.5;134.0;114.7;117.4;101.7;104.7;85.9;113.4;100.9;81.1;133.3;106.6;109.3;95.7;97.0;79.2;116.0;99.5;81.8;133.6;108.0;106.6;94.1;97.5;79.0
2024-2025;09;32;HAUTS-DE-FRANCE;09;LILLE;59;NORD;59009;VILLENEUVE D ASCQ;0594375K;LYCEE PROFESSIONNEL DINAH DERYCKE;public;LP;;79.5;;79.5;;25.5;25.5;119.6;104.2;89.5;134.0;114.7;117.4;101.7;104.7;85.9;113.4;100.9;81.1;133.3;106.6;109.3;95.7;97.0;79.2;116.0;99.5;81.8;133.6;108.0;106.6;94.1;97.5;79.0
2024-2025;09;32;HAUTS-DE-FRANCE;09;LILLE;59;NORD;59603;TRITH SAINT LEGER;0595678B;LYCEE PROFESSIONNEL LEONARD DE VINCI;public;LP;;76;;76;;23.4;23.4;119.6;104.2;89.5;134.0;114.7;117.4;101.7;104.7;85.9;113.4;100.9;81.1;133.3;106.6;109.3;95.7;97.0;79.2;116.0;99.5;81.8;133.6;108.0;106.6;94.1;97.5;79.0
2024-2025;09;32;HAUTS-DE-FRANCE;09;LILLE;59;NORD;59606;VALENCIENNES;0595809U;LYCEE GENERAL ET TECHNOLOGIQUE DE L ESCAUT;public;LEGT;102.2;;103.1;102.3;35.1;;34.6;119.6;104.2;89.5;134.0;114.7;117.4;101.7;104.7;85.9;113.4;100.9;81.1;133.3;106.6;109.3;95.7;97.0;79.2;116.0;99.5;81.8;133.6;108.0;106.6;94.1;97.5;79.0
2024-2025;09;32;HAUTS-DE-FRANCE;09;LILLE;59;NORD;59392;MAUBEUGE;0595884A;LYCEE POLYVALENT ANDRE LURCAT;public;LPO;76.2;74.4;77;75.6;25.4;23.1;24.6;119.6;104.2;89.5;134.0;114.7;117.4;101.7;104.7;85.9;113.4;100.9;81.1;133.3;106.6;109.3;95.7;97.0;79.2;116.0;99.5;81.8;133.6;108.0;106.6;94.1;97.5;79.0
2024-2025;09;32;HAUTS-DE-FRANCE;09;LILLE;59;NORD;59569;SIN LE NOBLE;0595885B;LYCEE GENERAL ET TECHNOLOGIQUE ARTHUR RIMBAUD;public;LEGT;103.3;;88.1;101.3;33.2;;32.8;119.6;104.2;89.5;134.0;114.7;117.4;101.7;104.7;85.9;113.4;100.9;81.1;133.3;106.6;109.3;95.7;97.0;79.2;116.0;99.5;81.8;133.6;108.0;106.6;94.1;97.5;79.0
2024-2025;09;32;HAUTS-DE-FRANCE;09;LILLE;59;NORD;59378;MARCQ EN BAROEUL;0596122J;LYCEE GENERAL PRIVE JEANNINE MANUEL;privé sous contrat;LEGT;156.4;;;156.4;21;;21;119.6;104.2;89.5;134.0;114.7;117.4;101.7;104.7;85.9;113.4;100.9;81.1;133.3;106.6;109.3;95.7;97.0;79.2;116.0;99.5;81.8;133.6;108.0;106.6;94.1;97.5;79.0
2024-2025;09;32;HAUTS-DE-FRANCE;09;LILLE;62;PAS-DE-CALAIS;62041;ARRAS;0620006V;LYCEE GENERAL ET TECHNOLOGIQUE ROBESPIERRE;public;LEGT;122;;122.5;122.1;35.8;;35.7;119.6;104.2;89.5;134.0;114.7;117.4;101.7;104.7;85.9;113.4;100.9;81.1;133.3;106.6;109.3;95.7;97.0;79.2;107.0;103.4;80.2;131.1;103.8;117.5;98.1;95.0;79.5
2024-2025;09;32;HAUTS-DE-FRANCE;09;LILLE;62;PAS-DE-CALAIS;62193;CALAIS;0620062F;LYCEE GENERAL ET TECHNOLOGIQUE PIERRE DE COUBERTIN;public;LEGT;109;;87.4;105.3;34.1;;33.7;119.6;104.2;89.5;134.0;114.7;117.4;101.7;104.7;85.9;113.4;100.9;81.1;133.3;106.6;109.3;95.7;97.0;79.2;107.0;103.4;80.2;131.1;103.8;117.5;98.1;95.0;79.5
2024-2025;09;32;HAUTS-DE-FRANCE;09;LILLE;62;PAS-DE-CALAIS;62516;LILLERS;0620120U;LYCEE GENERAL ET TECHNOLOGIQUE ANATOLE FRANCE;public;LEGT;107.7;;85.7;105.4;32.9;;32.6;119.6;104.2;89.5;134.0;114.7;117.4;101.7;104.7;85.9;113.4;100.9;81.1;133.3;106.6;109.3;95.7;97.0;79.2;107.0;103.4;80.2;131.1;103.8;117.5;98.1;95.0;79.5
2024-2025;09;32;HAUTS-DE-FRANCE;09;LILLE;62;PAS-DE-CALAIS;62516;LILLERS;0620121V;LYCEE PROFESSIONNEL FLORA TRISTAN;public;LP;;80.8;;80.1;;24.8;24.2;119.6;104.2;89.5;134.0;114.7;117.4;101.7;104.7;85.9;113.4;100.9;81.1;133.3;106.6;109.3;95.7;97.0;79.2;107.0;103.4;80.2;131.1;103.8;117.5;98.1;95.0;79.5
2024-2025;09;32;HAUTS-DE-FRANCE;09;LILLE;62;PAS-DE-CALAIS;62560;MARQUISE;0620131F;LYCEE PROFESSIONNEL DES DEUX CAPS;public;LP;;80.4;;79.6;;24.1;23.7;119.6;104.2;89.5;134.0;114.7;117.4;101.7;104.7;85.9;113.4;100.9;81.1;133.3;106.6;109.3;95.7;97.0;79.2;107.0;103.4;80.2;131.1;103.8;117.5;98.1;95.0;79.5
2024-2025;09;32;HAUTS-DE-FRANCE;09;LILLE;62;PAS-DE-CALAIS;62318;ETAPLES;0620187S;LYCEE PROFESSIONNEL JULES VERNE;public;LP;;80;;79.5;;23.8;23.5;119.6;104.2;89.5;134.0;114.7;117.4;101.7;104.7;85.9;113.4;100.9;81.1;133.3;106.6;109.3;95.7;97.0;79.2;107.0;103.4;80.2;131.1;103.8;117.5;98.1;95.0;79.5
2024-2025;09;32;HAUTS-DE-FRANCE;09;LILLE;62;PAS-DE-CALAIS;62193;CALAIS;0620188T;LYCEE PROFESSIONNEL DU DETROIT LYCEE DES METIERS DE LA MODE ET DES TEXTILES LYCEE DES METIERS DE LA MAINTENANCE INDUSTRIELLE DES TERRES D OPALE;public;LP;;74.3;;74.4;;22.1;22.2;119.6;104.2;89.5;134.0;114.7;117.4;101.7;104.7;85.9;113.4;100.9;81.1;133.3;106.6;109.3;95.7;97.0;79.2;107.0;103.4;80.2;131.1;103.8;117.5;98.1;95.0;79.5
2024-2025;09;32;HAUTS-DE-FRANCE;09;LILLE;62;PAS-DE-CALAIS;62510;LIEVIN;0620190V;LYCEE PROFESSIONNEL HENRI DARRAS LYCEE DES METIERS DE LA CHAUDRONNERIE INDUSTRIELLE;public;LP;;80.1;;80.3;;25.6;25.5;119.6;104.2;89.5;134.0;114.7;117.4;101.7;104.7;85.9;113.4;100.9;81.1;133.3;106.6;109.3;95.7;97.0;79.2;107.0;103.4;80.2;131.1;103.8;117.5;98.1;95.0;79.5
2024-2025;09;32;HAUTS-DE-FRANCE;09;LILLE;62;PAS-DE-CALAIS;62041;ARRAS;0620257T;LYCEE PROFESSIONNEL SAVARY FERRY;public;LP;;83.7;90;84.2;;25.5;25.8;119.6;104.2;89.5;134.0;114.7;117.4;101.7;104.7;85.9;113.4;100.9;81.1;133.3;106.6;109.3;95.7;97.0;79.2;107.0;103.4;80.2;131.1;103.8;117.5;98.1;95.0;79.5
2024-2025;09;32;HAUTS-DE-FRANCE;09;LILLE;62;PAS-DE-CALAIS;62525;LONGUENESSE;0622116N;LYCEE GENERAL PRIVE LA MALASSISE;privé sous contrat;LEGT;140.5;;;140.5;27.9;;27.9;119.6;104.2;89.5;134.0;114.7;117.4;101.7;104.7;85.9;113.4;100.9;81.1;133.3;106.6;109.3;95.7;97.0;79.2;107.0;103.4;80.2;131.1;103.8;117.5;98.1;95.0;79.5
2024-2025;09;32;HAUTS-DE-FRANCE;09;LILLE;62;PAS-DE-CALAIS;62765;SAINT OMER;0622199D;LYCEE POLYVALENT PRIVE SAINT DENIS;privé sous contrat;LPO;113.4;101.2;111.1;111;29.2;31.3;29.5;119.6;104.2;89.5;134.0;114.7;117.4;101.7;104.7;85.9;113.4;100.9;81.1;133.3;106.6;109.3;95.7;97.0;79.2;107.0;103.4;80.2;131.1;103.8;117.5;98.1;95.0;79.5
2024-2025;09;32;HAUTS-DE-FRANCE;09;LILLE;62;PAS-DE-CALAIS;62510;LIEVIN;0623377J;LYCEE PROFESSIONNEL DU BATIMENT FRANCOIS HENNEBIQUE;public;LP;;77.3;;76.9;;24.4;24;119.6;104.2;89.5;134.0;114.7;117.4;101.7;104.7;85.9;113.4;100.9;81.1;133.3;106.6;109.3;95.7;97.0;79.2;107.0;103.4;80.2;131.1;103.8;117.5;98.1;95.0;79.5
2024-2025;09;32;HAUTS-DE-FRANCE;09;LILLE;62;PAS-DE-CALAIS;62498;LENS;0623864N;LYCEE PROFESSIONNEL MAXIMILIEN DE ROBESPIERRE;public;LP;;79;90.9;79.2;;23.6;23.9;119.6;104.2;89.5;134.0;114.7;117.4;101.7;104.7;85.9;113.4;100.9;81.1;133.3;106.6;109.3;95.7;97.0;79.2;107.0;103.4;80.2;131.1;103.8;117.5;98.1;95.0;79.5
2025-2026;09;32;HAUTS-DE-FRANCE;09;LILLE;59;NORD;59017;ARMENTIERES;0590011S;LYCEE POLYVALENT GUSTAVE EIFFEL LYCEE DES METIERS;public;LPO;117.2;89.8;114.4;111.8;36.7;26.5;36.6;120.2;104.4;89.9;134.7;115.2;117.7;102.0;105.5;86.3;114.2;101.4;81.6;133.8;107.4;109.9;96.2;98.4;79.6;116.7;100.2;82.3;134.1;108.8;107.3;94.7;98.7;79.3
2025-2026;09;32;HAUTS-DE-FRANCE;09;LILLE;59;NORD;59178;DOUAI;0590063Y;LYCEE GENERAL ALBERT CHATELET;public;LEGT;117.8;;130;121.8;38.9;;38.3;120.2;104.4;89.9;134.7;115.2;117.7;102.0;105.5;86.3;114.2;101.4;81.6;133.8;107.4;109.9;96.2;98.4;79.6;116.7;100.2;82.3;134.1;108.8;107.3;94.7;98.7;79.3
2025-2026;09;32;HAUTS-DE-FRANCE;09;LILLE;59;NORD;59183;DUNKERQUE;0590073J;LYCEE GENERAL ET TECHNOLOGIQUE AUGUSTE ANGELLIER;public;LEGT;114.4;;95.6;112.7;33.9;;34.1;120.2;104.4;89.9;134.7;115.2;117.7;102.0;105.5;86.3;114.2;101.4;81.6;133.8;107.4;109.9;96.2;98.4;79.6;116.7;100.2;82.3;134.1;108.8;107.3;94.7;98.7;79.3
2025-2026;09;32;HAUTS-DE-FRANCE;09;LILLE;59;NORD;59266;GONDECOURT;0590086Y;LYCEE GENERAL ET TECHNOLOGIQUE MARGUERITE DE FLANDRE;public;LEGT;127;;;127;34.5;;34.5;120.2;104.4;89.9;134.7;115.2;117.7;102.0;105.5;86.3;114.2;101.4;81.6;133.8;107.4;109.9;96.2;98.4;79.6;116.7;100.2;82.3;134.1;108.8;107.3;94.7;98.7;79.3
2025-2026;09;32;HAUTS-DE-FRANCE;09;LILLE;59;NORD;59291;HAUTMONT;0590098L;LYCEE PROFESSIONNEL PLACIDE COURTOY;public;LP;;73.9;79.8;73.6;;23.6;23.6;120.2;104.4;89.9;134.7;115.2;117.7;102.0;105.5;86.3;114.2;101.4;81.6;133.8;107.4;109.9;96.2;98.4;79.6;116.7;100.2;82.3;134.1;108.8;107.3;94.7;98.7;79.3
2025-2026;09;32;HAUTS-DE-FRANCE;09;LILLE;59;NORD;59331;LANDRECIES;0590112B;LYCEE GENERAL ET TECHNOLOGIQUE DUPLEIX;public;LEGT;104.8;;88.3;102.9;30.8;;30.7;120.2;104.4;89.9;134.7;115.2;117.7;102.0;105.5;86.3;114.2;101.4;81.6;133.8;107.4;109.9;96.2;98.4;79.6;116.7;100.2;82.3;134.1;108.8;107.3;94.7;98.7;79.3
2025-2026;09;32;HAUTS-DE-FRANCE;09;LILLE;59;NORD;59360;LOOS;0590133Z;LYCEE PROFESSIONNEL MAURICE DUHAMEL;public;LP;;80;;80.1;;24.4;24.3;120.2;104.4;89.9;134.7;115.2;117.7;102.0;105.5;86.3;114.2;101.4;81.6;133.8;107.4;109.9;96.2;98.4;79.6;116.7;100.2;82.3;134.1;108.8;107.3;94.7;98.7;79.3
2025-2026;09;32;HAUTS-DE-FRANCE;09;LILLE;59;NORD;59512;ROUBAIX;0590186G;LYCEE PROFESSIONNEL TURGOT LYCEE DES METIERS DES SERVICES ADMINISTRATIFS ET DE LA RELATION CLIENT;public;LP;;69.4;;69.4;;19.7;19.7;120.2;104.4;89.9;134.7;115.2;117.7;102.0;105.5;86.3;114.2;101.4;81.6;133.8;107.4;109.9;96.2;98.4;79.6;116.7;100.2;82.3;134.1;108.8;107.3;94.7;98.7;79.3
2025-2026;09;32;HAUTS-DE-FRANCE;09;LILLE;59;NORD;59512;ROUBAIX;0590187H;LYCEE PROFESSIONNEL LOUIS LOUCHEUR;public;LP;;74.6;;74.2;;24.4;23.8;120.2;104.4;89.9;134.7;115.2;117.7;102.0;105.5;86.3;114.2;101.4;81.6;133.8;107.4;109.9;96.2;98.4;79.6;116.7;100.2;82.3;134.1;108.8;107.3;94.7;98.7;79.3
2025-2026;09;32;HAUTS-DE-FRANCE;09;LILLE;59;NORD;59172;DENAIN;0590282L;LYCEE GENERAL ET TECHNOLOGIQUE JULES MOUSSERON;public;LEGT;91.3;;86.5;90.8;30.5;;30.4;120.2;104.4;89.9;134.7;115.2;117.7;102.0;105.5;86.3;114.2;101.4;81.6;133.8;107.4;109.9;96.2;98.4;79.6;116.7;100.2;82.3;134.1;108.8;107.3;94.7;98.7;79.3
2025-2026;09;32;HAUTS-DE-FRANCE;09;LILLE;59;NORD;59527;SAINT ANDRE LEZ LILLE;0592832H;LYCEE PROFESSIONNEL VERTES FEUILLES LYCEE DES METIERS DE LA SECURITE ET DE LA PREVENTION;public;LP;;85.2;;84.9;;22.6;22.5;120.2;104.4;89.9;134.7;115.2;117.7;102.0;105.5;86.3;114.2;101.4;81.6;133.8;107.4;109.9;96.2;98.4;79.6;116.7;100.2;82.3;134.1;108.8;107.3;94.7;98.7;79.3
2025-2026;09;32;HAUTS-DE-FRANCE;09;LILLE;59;NORD;59279;HALLUIN;0592850C;LYCEE PROFESSIONNEL ANTOINE DE SAINT EXUPERY;public;LP;;79;;79;;22.4;22.5;120.2;104.4;89.9;134.7;115.2;117.7;102.0;105.5;86.3;114.2;101.4;81.6;133.8;107.4;109.9;96.2;98.4;79.6;116.7;100.2;82.3;134.1;108.8;107.3;94.7;98.7;79.3
2025-2026;09;32;HAUTS-DE-FRANCE;09;LILLE;59;NORD;59009;VILLENEUVE D ASCQ;0592944E;LYCEE GENERAL PRIVE SAINT ADRIEN LA SALLE;privé sous contrat;LEGT;147.8;;;147.8;28.2;;28.2;120.2;104.4;89.9;134.7;115.2;117.7;102.0;105.5;86.3;114.2;101.4;81.6;133.8;107.4;109.9;96.2;98.4;79.6;116.7;100.2;82.3;134.1;108.8;107.3;94.7;98.7;79.3
2025-2026;09;32;HAUTS-DE-FRANCE;09;LILLE;59;NORD;59512;ROUBAIX;0592964B;LYCEE PROFESSIONNEL PRIVE LEONARD DE VINCI;privé sous contrat;LP;;90.5;;89.8;;30.5;29.9;120.2;104.4;89.9;134.7;115.2;117.7;102.0;105.5;86.3;114.2;101.4;81.6;133.8;107.4;109.9;96.2;98.4;79.6;116.7;100.2;82.3;134.1;108.8;107.3;94.7;98.7;79.3
2025-2026;09;32;HAUTS-DE-FRANCE;09;LILLE;59;NORD;59350;LILLE;0593007Y;LYCEE GENERAL ET TECHNOLOGIQUE PRIVE FREDERIC OZANAM LYCEE DES METIERS DE LA CONSTRUCTION DE L ENVIRONNEMENT ET DES ENERGIES;privé sous contrat;LEGT;137.1;;141.8;138.9;32.9;;31.9;120.2;104.4;89.9;134.7;115.2;117.7;102.0;105.5;86.3;114.2;101.4;81.6;133.8;107.4;109.9;96.2;98.4;79.6;116.7;100.2;82.3;134.1;108.8;107.3;94.7;98.7;79.3
2025-2026;09;32;HAUTS-DE-FRANCE;09;LILLE;59;NORD;59365;LOUVROIL;0593034C;LYCEE POLYVALENT PRIVE THEOPHILE LEGRAND;privé sous contrat;LPO;114;97.4;101.4;102.1;31.2;28.7;29.6;120.2;104.4;89.9;134.7;115.2;117.7;102.0;105.5;86.3;114.2;101.4;81.6;133.8;107.4;109.9;96.2;98.4;79.6;116.7;100.2;82.3;134.1;108.8;107.3;94.7;98.7;79.3
2025-2026;09;32;HAUTS-DE-FRANCE;09;LILLE;59;NORD;59449;ORCHIES;0593040J;LYCEE POLYVALENT PRIVE NOTRE DAME DE LA PROVIDENCE;privé sous contrat;LPO;131;118.4;123.6;123.9;27.7;32.4;30.9;120.2;104.4;89.9;134.7;115.2;117.7;102.0;105.5;86.3;114.2;101.4;81.6;133.8;107.4;109.9;96.2;98.4;79.6;116.7;100.2;82.3;134.1;108.8;107.3;94.7;98.7;79.3
2025-2026;09;32;HAUTS-DE-FRANCE;09;LILLE;59;NORD;59183;DUNKERQUE;0593058D;LYCEE POLYVALENT PRIVE VAUBAN LYCEE DES METIERS;privé sous contrat;LPO;106.6;93.4;96.8;97.4;27.9;27.2;28.3;120.2;104.4;89.9;134.7;115.2;117.7;102.0;105.5;86.3;114.2;101.4;81.6;133.8;107.4;109.9;96.2;98.4;79.6;116.7;100.2;82.3;134.1;108.8;107.3;94.7;98.7;79.3
2025-2026;09;32;HAUTS-DE-FRANCE;09;LILLE;59;NORD;59122;CAMBRAI;0593061G;LYCEE POLYVALENT PRIVE SAINT LUC;privé sous contrat;LPO;125.2;102;111.8;113.7;31.2;28.6;31.9;120.2;104.4;89.9;134.7;115.2;117.7;102.0;105.5;86.3;114.2;101.4;81.6;133.8;107.4;109.9;96.2;98.4;79.6;116.7;100.2;82.3;134.1;108.8;107.3;94.7;98.7;79.3
2025-2026;09;32;HAUTS-DE-FRANCE;09;LILLE;59;NORD;59324;JEUMONT;0593079B;LYCEE PROFESSIONNEL PRIVE SAINTE BERNADETTE;privé sous contrat;LP;;86.6;;86.6;;21.6;21.6;120.2;104.4;89.9;134.7;115.2;117.7;102.0;105.5;86.3;114.2;101.4;81.6;133.8;107.4;109.9;96.2;98.4;79.6;116.7;100.2;82.3;134.1;108.8;107.3;94.7;98.7;79.3
2025-2026;09;32;HAUTS-DE-FRANCE;09;LILLE;59;NORD;59328;LAMBERSART;0593106F;LYCEE GENERAL PRIVE SAINTE ODILE;privé sous contrat;LEGT;138.1;;;138.1;31.5;;31.5;120.2;104.4;89.9;134.7;115.2;117.7;102.0;105.5;86.3;114.2;101.4;81.6;133.8;107.4;109.9;96.2;98.4;79.6;116.7;100.2;82.3;134.1;108.8;107.3;94.7;98.7;79.3
2025-2026;09;32;HAUTS-DE-FRANCE;09;LILLE;59;NORD;59350;LILLE;0593109J;LYCEE GENERAL PRIVE NOTRE DAME DE LA PAIX (A ABSORBE L'UAI 0593113N EN 2025);privé sous contrat;LEGT;134.9;;146.1;136.5;32.2;;32.4;120.2;104.4;89.9;134.7;115.2;117.7;102.0;105.5;86.3;114.2;101.4;81.6;133.8;107.4;109.9;96.2;98.4;79.6;116.7;100.2;82.3;134.1;108.8;107.3;94.7;98.7;79.3
2025-2026;09;32;HAUTS-DE-FRANCE;09;LILLE;59;NORD;59350;LILLE;0593114P;LYCEE GENERAL PRIVE SAINT PAUL;privé sous contrat;LEGT;153.1;;153.5;153.2;24.7;;24.4;120.2;104.4;89.9;134.7;115.2;117.7;102.0;105.5;86.3;114.2;101.4;81.6;133.8;107.4;109.9;96.2;98.4;79.6;116.7;100.2;82.3;134.1;108.8;107.3;94.7;98.7;79.3
2025-2026;09;32;HAUTS-DE-FRANCE;09;LILLE;59;NORD;59571;SOLESMES;0593138R;LYCEE GENERAL PRIVE SAINT MICHEL;privé sous contrat;LEGT;132.3;;;132.3;34.1;;34.1;120.2;104.4;89.9;134.7;115.2;117.7;102.0;105.5;86.3;114.2;101.4;81.6;133.8;107.4;109.9;96.2;98.4;79.6;116.7;100.2;82.3;134.1;108.8;107.3;94.7;98.7;79.3
2025-2026;09;32;HAUTS-DE-FRANCE;09;LILLE;59;NORD;59383;MARLY;0594302F;LYCEE PROFESSIONNEL FRANCOIS MANSART LYCEE DES METIERS DU BATIMENT;public;LP;;73.2;;73.1;;22;21.6;120.2;104.4;89.9;134.7;115.2;117.7;102.0;105.5;86.3;114.2;101.4;81.6;133.8;107.4;109.9;96.2;98.4;79.6;116.7;100.2;82.3;134.1;108.8;107.3;94.7;98.7;79.3
2025-2026;09;32;HAUTS-DE-FRANCE;09;LILLE;59;NORD;59512;ROUBAIX;0594391C;LYCEE TECHNOLOGIQUE ECOLE SUP ARTS APPLIQUES TEXTILE;public;LEGT;128.2;;127.5;127.7;36.9;;35.9;120.2;104.4;89.9;134.7;115.2;117.7;102.0;105.5;86.3;114.2;101.4;81.6;133.8;107.4;109.9;96.2;98.4;79.6;116.7;100.2;82.3;134.1;108.8;107.3;94.7;98.7;79.3
2025-2026;09;32;HAUTS-DE-FRANCE;09;LILLE;59;NORD;59271;GRANDE SYNTHE;0594652L;LYCEE PROFESSIONNEL DES PLAINES DU NORD;public;LP;;72.9;72.4;72.5;;17.5;16.4;120.2;104.4;89.9;134.7;115.2;117.7;102.0;105.5;86.3;114.2;101.4;81.6;133.8;107.4;109.9;96.2;98.4;79.6;116.7;100.2;82.3;134.1;108.8;107.3;94.7;98.7;79.3
2025-2026;09;32;HAUTS-DE-FRANCE;09;LILLE;59;NORD;59271;GRANDE SYNTHE;0595616J;LYCEE GENERAL ET TECHNOLOGIQUE DU NOORDOVER;public;LEGT;92.3;;84.7;91.2;30.2;;29.9;120.2;104.4;89.9;134.7;115.2;117.7;102.0;105.5;86.3;114.2;101.4;81.6;133.8;107.4;109.9;96.2;98.4;79.6;116.7;100.2;82.3;134.1;108.8;107.3;94.7;98.7;79.3
2025-2026;09;32;HAUTS-DE-FRANCE;09;LILLE;59;NORD;59603;TRITH SAINT LEGER;0595678B;LYCEE PROFESSIONNEL LEONARD DE VINCI;public;LP;;76.3;;76.3;;24.6;24.6;120.2;104.4;89.9;134.7;115.2;117.7;102.0;105.5;86.3;114.2;101.4;81.6;133.8;107.4;109.9;96.2;98.4;79.6;116.7;100.2;82.3;134.1;108.8;107.3;94.7;98.7;79.3
2025-2026;09;32;HAUTS-DE-FRANCE;09;LILLE;59;NORD;59178;DOUAI;0596892W;LYCEE D EXCELLENCE EDGAR MORIN;public;LEGT;96.6;;;96.6;32.4;;32.4;120.2;104.4;89.9;134.7;115.2;117.7;102.0;105.5;86.3;114.2;101.4;81.6;133.8;107.4;109.9;96.2;98.4;79.6;116.7;100.2;82.3;134.1;108.8;107.3;94.7;98.7;79.3
2025-2026;09;32;HAUTS-DE-FRANCE;09;LILLE;59;NORD;59378;MARCQ EN BAROEUL;0597115N;ECOLE EUROPEENNE LILLE METROPOLE JACQUES DELORS NIVEAU COLLEGE ET LYCEE;public;LEGT;144.8;;;146.2;31.5;;30.9;120.2;104.4;89.9;134.7;115.2;117.7;102.0;105.5;86.3;114.2;101.4;81.6;133.8;107.4;109.9;96.2;98.4;79.6;116.7;100.2;82.3;134.1;108.8;107.3;94.7;98.7;79.3
2025-2026;09;32;HAUTS-DE-FRANCE;09;LILLE;62;PAS-DE-CALAIS;62041;ARRAS;0620006V;LYCEE GENERAL ET TECHNOLOGIQUE ROBESPIERRE;public;LEGT;120.5;;124.3;121.2;36.8;;36.7;120.2;104.4;89.9;134.7;115.2;117.7;102.0;105.5;86.3;114.2;101.4;81.6;133.8;107.4;109.9;96.2;98.4;79.6;107.8;103.7;80.6;132.1;104.7;117.8;98.5;97.1;79.9
2025-2026;09;32;HAUTS-DE-FRANCE;09;LILLE;62;PAS-DE-CALAIS;62041;ARRAS;0620011A;LYCEE PROFESSIONNEL JACQUES LE CARON;public;LP;;83.4;79.9;83.3;;25.9;25.8;120.2;104.4;89.9;134.7;115.2;117.7;102.0;105.5;86.3;114.2;101.4;81.6;133.8;107.4;109.9;96.2;98.4;79.6;107.8;103.7;80.6;132.1;104.7;117.8;98.5;97.1;79.9
2025-2026;09;32;HAUTS-DE-FRANCE;09;LILLE;62;PAS-DE-CALAIS;62065;AVION;0620027T;LYCEE POLYVALENT PABLO PICASSO;public;LPO;88.5;71;79.1;84.9;28.9;19.6;27.8;120.2;104.4;89.9;134.7;115.2;117.7;102.0;105.5;86.3;114.2;101.4;81.6;133.8;107.4;109.9;96.2;98.4;79.6;107.8;103.7;80.6;132.1;104.7;117.8;98.5;97.1;79.9
2025-2026;09;32;HAUTS-DE-FRANCE;09;LILLE;62;PAS-DE-CALAIS;62119;BETHUNE;0620040G;LYCEE GENERAL ET TECHNOLOGIQUE LOUIS BLARINGHEM;public;LEGT;119.8;;94.4;116.9;33.9;;34.2;120.2;104.4;89.9;134.7;115.2;117.7;102.0;105.5;86.3;114.2;101.4;81.6;133.8;107.4;109.9;96.2;98.4;79.6;107.8;103.7;80.6;132.1;104.7;117.8;98.5;97.1;79.9
2025-2026;09;32;HAUTS-DE-FRANCE;09;LILLE;62;PAS-DE-CALAIS;62119;BETHUNE;0620043K;LYCEE PROFESSIONNEL SALVADOR ALLENDE;public;LP;;81.3;;81.3;;26.5;26.5;120.2;104.4;89.9;134.7;115.2;117.7;102.0;105.5;86.3;114.2;101.4;81.6;133.8;107.4;109.9;96.2;98.4;79.6;107.8;103.7;80.6;132.1;104.7;117.8;98.5;97.1;79.9
2025-2026;09;32;HAUTS-DE-FRANCE;09;LILLE;62;PAS-DE-CALAIS;62215;CARVIN;0620070P;LYCEE GENERAL ET TECHNOLOGIQUE DIDEROT;public;LEGT;100.2;;86.5;99.3;33.9;;33.7;120.2;104.4;89.9;134.7;115.2;117.7;102.0;105.5;86.3;114.2;101.4;81.6;133.8;107.4;109.9;96.2;98.4;79.6;107.8;103.7;80.6;132.1;104.7;117.8;98.5;97.1;79.9
2025-2026;09;32;HAUTS-DE-FRANCE;09;LILLE;62;PAS-DE-CALAIS;62516;LILLERS;0620121V;LYCEE PROFESSIONNEL FLORA TRISTAN;public;LP;;80.7;;79.5;;24.1;24.7;120.2;104.4;89.9;134.7;115.2;117.7;102.0;105.5;86.3;114.2;101.4;81.6;133.8;107.4;109.9;96.2;98.4;79.6;107.8;103.7;80.6;132.1;104.7;117.8;98.5;97.1;79.9
2025-2026;09;32;HAUTS-DE-FRANCE;09;LILLE;62;PAS-DE-CALAIS;62637;OIGNIES;0620150B;LYCEE PROFESSIONNEL IRENE JOLIOT CURIE;public;LP;;76.4;86.2;77;;21;21.5;120.2;104.4;89.9;134.7;115.2;117.7;102.0;105.5;86.3;114.2;101.4;81.6;133.8;107.4;109.9;96.2;98.4;79.6;107.8;103.7;80.6;132.1;104.7;117.8;98.5;97.1;79.9
2025-2026;09;32;HAUTS-DE-FRANCE;09;LILLE;62;PAS-DE-CALAIS;62193;CALAIS;0620189U;LYCEE PROFESSIONNEL PIERRE DE COUBERTIN;public;LP;;81.7;;81.5;;22.7;22.7;120.2;104.4;89.9;134.7;115.2;117.7;102.0;105.5;86.3;114.2;101.4;81.6;133.8;107.4;109.9;96.2;98.4;79.6;107.8;103.7;80.6;132.1;104.7;117.8;98.5;97.1;79.9
2025-2026;09;32;HAUTS-DE-FRANCE;09;LILLE;62;PAS-DE-CALAIS;62119;BETHUNE;0622106C;LYCEE GENERAL PRIVE SAINT VAAST SAINT DOMINIQUE;privé sous contrat;LEGT;130.9;;;130.9;29.8;;29.8;120.2;104.4;89.9;134.7;115.2;117.7;102.0;105.5;86.3;114.2;101.4;81.6;133.8;107.4;109.9;96.2;98.4;79.6;107.8;103.7;80.6;132.1;104.7;117.8;98.5;97.1;79.9
2025-2026;09;32;HAUTS-DE-FRANCE;09;LILLE;62;PAS-DE-CALAIS;62193;CALAIS;0622110G;LYCEE GENERAL ET TECHNOLOGIQUE PRIVE SAINT PIERRE;privé sous contrat;LEGT;125.9;;115.9;125.5;32.3;;32.3;120.2;104.4;89.9;134.7;115.2;117.7;102.0;105.5;86.3;114.2;101.4;81.6;133.8;107.4;109.9;96.2;98.4;79.6;107.8;103.7;80.6;132.1;104.7;117.8;98.5;97.1;79.9
2025-2026;09;32;HAUTS-DE-FRANCE;09;LILLE;62;PAS-DE-CALAIS;62895;WINGLES;0623915U;LYCEE GENERAL ET TECHNOLOGIQUE VOLTAIRE;public;LEGT;109;;92.4;106.9;32.1;;32.1;120.2;104.4;89.9;134.7;115.2;117.7;102.0;105.5;86.3;114.2;101.4;81.6;133.8;107.4;109.9;96.2;98.4;79.6;107.8;103.7;80.6;132.1;104.7;117.8;98.5;97.1;79.9
2023-2024;09;32;HAUTS-DE-FRANCE;09;LILLE;59;NORD;59053;BAVAY;0590024F;LYCEE GENERAL DES NERVIENS;public;LEGT;111.3;;;111.3;33.2;;33.2;118.5;103.5;88.9;132.4;113.9;116.2;101.1;103.8;85.3;112.4;99.8;80.3;131.3;105.8;108.5;94.4;96.6;78.5;115.0;98.5;81.1;131.4;107.4;106.2;92.6;97.1;78.3
2023-2024;09;32;HAUTS-DE-FRANCE;09;LILLE;59;NORD;59122;CAMBRAI;0590034S;LYCEE GENERAL ET TECHNOLOGIQUE PAUL DUEZ;public;LEGT;102;;85.2;100.1;33.2;;32.8;118.5;103.5;88.9;132.4;113.9;116.2;101.1;103.8;85.3;112.4;99.8;80.3;131.3;105.8;108.5;94.4;96.6;78.5;115.0;98.5;81.1;131.4;107.4;106.2;92.6;97.1;78.3
2023-2024;09;32;HAUTS-DE-FRANCE;09;LILLE;59;NORD;59178;DOUAI;0590065A;LYCEE POLYVALENT ELISA LEMONNIER (A ABSORBE LES UAI 0590265T ET 0595894L EN 2023);public;LPO;90.4;77.7;78.5;81.6;28.8;23.1;25.6;118.5;103.5;88.9;132.4;113.9;116.2;101.1;103.8;85.3;112.4;99.8;80.3;131.3;105.8;108.5;94.4;96.6;78.5;115.0;98.5;81.1;131.4;107.4;106.2;92.6;97.1;78.3
2023-2024;09;32;HAUTS-DE-FRANCE;09;LILLE;59;NORD;59183;DUNKERQUE;0590072H;LYCEE GENERAL ET TECHNOLOGIQUE DE L EUROPE;public;LEGT;93;;92.1;92.8;30.2;;30.2;118.5;103.5;88.9;132.4;113.9;116.2;101.1;103.8;85.3;112.4;99.8;80.3;131.3;105.8;108.5;94.4;96.6;78.5;115.0;98.5;81.1;131.4;107.4;106.2;92.6;97.1;78.3
2023-2024;09;32;HAUTS-DE-FRANCE;09;LILLE;59;NORD;59183;DUNKERQUE;0590073J;LYCEE GENERAL ET TECHNOLOGIQUE AUGUSTE ANGELLIER;public;LEGT;112.8;;91.8;110.6;33.5;;33.6;118.5;103.5;88.9;132.4;113.9;116.2;101.1;103.8;85.3;112.4;99.8;80.3;131.3;105.8;108.5;94.4;96.6;78.5;115.0;98.5;81.1;131.4;107.4;106.2;92.6;97.1;78.3
2023-2024;09;32;HAUTS-DE-FRANCE;09;LILLE;59;NORD;59368;LA MADELEINE;0590122M;LYCEE POLYVALENT VALENTINE LABBE;public;LPO;93.5;83.1;79.6;85.9;30.2;23.9;27.2;118.5;103.5;88.9;132.4;113.9;116.2;101.1;103.8;85.3;112.4;99.8;80.3;131.3;105.8;108.5;94.4;96.6;78.5;115.0;98.5;81.1;131.4;107.4;106.2;92.6;97.1;78.3
2023-2024;09;32;HAUTS-DE-FRANCE;09;LILLE;59;NORD;59512;ROUBAIX;0590185F;LPO JEAN MOULIN LYCEE DES METIERS DE LA SECURITE ET DE LA PREVENTION LYCEE DES METIERS DES SERVICES ADMINISTRATIFS ET DE LA RELATION AUX CLIENTS;public;LPO;72.7;73.7;79.8;74.7;21.2;22.9;23.1;118.5;103.5;88.9;132.4;113.9;116.2;101.1;103.8;85.3;112.4;99.8;80.3;131.3;105.8;108.5;94.4;96.6;78.5;115.0;98.5;81.1;131.4;107.4;106.2;92.6;97.1;78.3
2023-2024;09;32;HAUTS-DE-FRANCE;09;LILLE;59;NORD;59599;TOURCOING;0590212K;LYCEE GENERAL;public;LEGT;98.2;;;98.2;35.5;;35.5;118.5;103.5;88.9;132.4;113.9;116.2;101.1;103.8;85.3;112.4;99.8;80.3;131.3;105.8;108.5;94.4;96.6;78.5;115.0;98.5;81.1;131.4;107.4;106.2;92.6;97.1;78.3
2023-2024;09;32;HAUTS-DE-FRANCE;09;LILLE;59;NORD;59183;DUNKERQUE;0590255G;LYCEE PROFESSIONNEL GUY DEBEYRE;public;LP;;81.8;90.6;82.8;;24;24.6;118.5;103.5;88.9;132.4;113.9;116.2;101.1;103.8;85.3;112.4;99.8;80.3;131.3;105.8;108.5;94.4;96.6;78.5;115.0;98.5;81.1;131.4;107.4;106.2;92.6;97.1;78.3
2023-2024;09;32;HAUTS-DE-FRANCE;09;LILLE;59;NORD;59155;COUDEKERQUE BRANCHE;0590263R;LYCEE PROFESSIONNEL FERNAND LEGER;public;LP;;79.1;;79.2;;23.4;23;118.5;103.5;88.9;132.4;113.9;116.2;101.1;103.8;85.3;112.4;99.8;80.3;131.3;105.8;108.5;94.4;96.6;78.5;115.0;98.5;81.1;131.4;107.4;106.2;92.6;97.1;78.3
2023-2024;09;32;HAUTS-DE-FRANCE;09;LILLE;59;NORD;59017;ARMENTIERES;0592926K;LYCEE GENERAL ET TECHNOLOGIQUE PRIVE SAINT JUDE;privé sous contrat;LEGT;132.2;;112.8;130.4;32.5;;33;118.5;103.5;88.9;132.4;113.9;116.2;101.1;103.8;85.3;112.4;99.8;80.3;131.3;105.8;108.5;94.4;96.6;78.5;115.0;98.5;81.1;131.4;107.4;106.2;92.6;97.1;78.3
2023-2024;09;32;HAUTS-DE-FRANCE;09;LILLE;59;NORD;59350;LILLE;0593007Y;LYCEE GENERAL ET TECHNOLOGIQUE PRIVE FREDERIC OZANAM LYCEE DES METIERS DE LA CONSTRUCTION DE L ENVIRONNEMENT ET DES ENERGIES;privé sous contrat;LEGT;138.4;;137.8;138.2;31.3;;31.7;118.5;103.5;88.9;132.4;113.9;116.2;101.1;103.8;85.3;112.4;99.8;80.3;131.3;105.8;108.5;94.4;96.6;78.5;115.0;98.5;81.1;131.4;107.4;106.2;92.6;97.1;78.3
2023-2024;09;32;HAUTS-DE-FRANCE;09;LILLE;59;NORD;59350;LILLE;0593027V;LYCEE PROFESSIONNEL PRIVE NUMERIQUE DES METIERS EPIL GROUPE OEC LYCEE DES METIERS DE LA CONSTRUCTION DE L ENVIRONNEMENT ET DES ENERGIES;privé sous contrat;LP;;115.8;112.4;115.2;;31.7;31.5;118.5;103.5;88.9;132.4;113.9;116.2;101.1;103.8;85.3;112.4;99.8;80.3;131.3;105.8;108.5;94.4;96.6;78.5;115.0;98.5;81.1;131.4;107.4;106.2;92.6;97.1;78.3
2023-2024;09;32;HAUTS-DE-FRANCE;09;LILLE;59;NORD;59295;HAZEBROUCK;0593077Z;LYCEE POLYVALENT PRIVE SAINT JOSEPH;privé sous contrat;LPO;112.4;99.5;91.3;102.8;28.8;26;27.7;118.5;103.5;88.9;132.4;113.9;116.2;101.1;103.8;85.3;112.4;99.8;80.3;131.3;105.8;108.5;94.4;96.6;78.5;115.0;98.5;81.1;131.4;107.4;106.2;92.6;97.1;78.3
2023-2024;09;32;HAUTS-DE-FRANCE;09;LILLE;59;NORD;59295;HAZEBROUCK;0593078A;LYCEE POLYVALENT PRIVE FONDATION DEPOORTER LYCEE DES METIERS DE LA SANTE ET DU SOCIAL;privé sous contrat;LPO;107.2;91.6;90.3;96.9;29;24.2;26.9;118.5;103.5;88.9;132.4;113.9;116.2;101.1;103.8;85.3;112.4;99.8;80.3;131.3;105.8;108.5;94.4;96.6;78.5;115.0;98.5;81.1;131.4;107.4;106.2;92.6;97.1;78.3
2023-2024;09;32;HAUTS-DE-FRANCE;09;LILLE;59;NORD;59350;LILLE;0593113N;LYCEE GENERAL PRIVE SAINTE CLAIRE;privé sous contrat;LEGT;125.1;;;125.1;34.1;;34.1;118.5;103.5;88.9;132.4;113.9;116.2;101.1;103.8;85.3;112.4;99.8;80.3;131.3;105.8;108.5;94.4;96.6;78.5;115.0;98.5;81.1;131.4;107.4;106.2;92.6;97.1;78.3
2023-2024;09;32;HAUTS-DE-FRANCE;09;LILLE;59;NORD;59350;LILLE;0593117T;LYCEE POLYVALENT PRIVE LA SALLE;privé sous contrat;LPO;136;124.7;135;134.4;32.3;31.9;31.3;118.5;103.5;88.9;132.4;113.9;116.2;101.1;103.8;85.3;112.4;99.8;80.3;131.3;105.8;108.5;94.4;96.6;78.5;115.0;98.5;81.1;131.4;107.4;106.2;92.6;97.1;78.3
2023-2024;09;32;HAUTS-DE-FRANCE;09;LILLE;59;NORD;59414;MONTIGNY EN OSTREVENT;0594404S;LYCEE PROFESSIONNEL RENE CASSIN;public;LP;;72.4;;72.4;;21.2;21.2;118.5;103.5;88.9;132.4;113.9;116.2;101.1;103.8;85.3;112.4;99.8;80.3;131.3;105.8;108.5;94.4;96.6;78.5;115.0;98.5;81.1;131.4;107.4;106.2;92.6;97.1;78.3
2023-2024;09;32;HAUTS-DE-FRANCE;09;LILLE;59;NORD;59028;AUBY;0594532F;LYCEE PROFESSIONNEL AMBROISE CROIZAT;public;LP;;73.1;;72.7;;19.9;19.6;118.5;103.5;88.9;132.4;113.9;116.2;101.1;103.8;85.3;112.4;99.8;80.3;131.3;105.8;108.5;94.4;96.6;78.5;115.0;98.5;81.1;131.4;107.4;106.2;92.6;97.1;78.3
2023-2024;09;32;HAUTS-DE-FRANCE;09;LILLE;59;NORD;59650;WATTRELOS;0595787V;LYCEE PROFESSIONNEL ALAIN SAVARY;public;LP;;71.5;;71.5;;19.2;19.2;118.5;103.5;88.9;132.4;113.9;116.2;101.1;103.8;85.3;112.4;99.8;80.3;131.3;105.8;108.5;94.4;96.6;78.5;115.0;98.5;81.1;131.4;107.4;106.2;92.6;97.1;78.3
2023-2024;09;32;HAUTS-DE-FRANCE;09;LILLE;59;NORD;59392;MAUBEUGE;0595884A;LYCEE POLYVALENT ANDRE LURCAT;public;LPO;76;74.3;76.5;75.4;25.3;23.7;24.5;118.5;103.5;88.9;132.4;113.9;116.2;101.1;103.8;85.3;112.4;99.8;80.3;131.3;105.8;108.5;94.4;96.6;78.5;115.0;98.5;81.1;131.4;107.4;106.2;92.6;97.1;78.3
2023-2024;09;32;HAUTS-DE-FRANCE;09;LILLE;59;NORD;59378;MARCQ EN BAROEUL;0596122J;LYCEE GENERAL PRIVE JEANNINE MANUEL;privé sous contrat;LEGT;155.6;;;155.6;13.4;;13.4;118.5;103.5;88.9;132.4;113.9;116.2;101.1;103.8;85.3;112.4;99.8;80.3;131.3;105.8;108.5;94.4;96.6;78.5;115.0;98.5;81.1;131.4;107.4;106.2;92.6;97.1;78.3
2023-2024;09;32;HAUTS-DE-FRANCE;09;LILLE;59;NORD;59350;LILLE;0596957S;LYCEE PROFESSIONNEL AIME CESAIRE;public;LP;;73.5;;73.6;;21.9;21.7;118.5;103.5;88.9;132.4;113.9;116.2;101.1;103.8;85.3;112.4;99.8;80.3;131.3;105.8;108.5;94.4;96.6;78.5;115.0;98.5;81.1;131.4;107.4;106.2;92.6;97.1;78.3
2023-2024;09;32;HAUTS-DE-FRANCE;09;LILLE;62;PAS-DE-CALAIS;62041;ARRAS;0620006V;LYCEE GENERAL ET TECHNOLOGIQUE ROBESPIERRE;public;LEGT;120.5;;122.6;120.9;36.3;;36.2;118.5;103.5;88.9;132.4;113.9;116.2;101.1;103.8;85.3;112.4;99.8;80.3;131.3;105.8;108.5;94.4;96.6;78.5;105.9;102.1;79.4;130.5;102.7;115.4;97.1;94.2;78.7
2023-2024;09;32;HAUTS-DE-FRANCE;09;LILLE;62;PAS-DE-CALAIS;62041;ARRAS;0620011A;LYCEE PROFESSIONNEL JACQUES LE CARON;public;LP;;79.3;79.2;79.5;;26.6;26.4;118.5;103.5;88.9;132.4;113.9;116.2;101.1;103.8;85.3;112.4;99.8;80.3;131.3;105.8;108.5;94.4;96.6;78.5;105.9;102.1;79.4;130.5;102.7;115.4;97.1;94.2;78.7
2023-2024;09;32;HAUTS-DE-FRANCE;09;LILLE;62;PAS-DE-CALAIS;62160;BOULOGNE SUR MER;0620052V;LYCEE POLYVALENT EDOUARD BRANLY LYCEE DES METIERS DU BATIMENT ET DES ENERGIES RENOUVELABLES DE L INDUSTRIE DES TERRES D OPALE;public;LPO;102.4;85;93.6;99;32.6;26.5;32;118.5;103.5;88.9;132.4;113.9;116.2;101.1;103.8;85.3;112.4;99.8;80.3;131.3;105.8;108.5;94.4;96.6;78.5;105.9;102.1;79.4;130.5;102.7;115.4;97.1;94.2;78.7
2023-2024;09;32;HAUTS-DE-FRANCE;09;LILLE;62;PAS-DE-CALAIS;62215;CARVIN;0620070P;LYCEE GENERAL ET TECHNOLOGIQUE DIDEROT;public;LEGT;97.9;;83.8;97.3;31.4;;31.1;118.5;103.5;88.9;132.4;113.9;116.2;101.1;103.8;85.3;112.4;99.8;80.3;131.3;105.8;108.5;94.4;96.6;78.5;105.9;102.1;79.4;130.5;102.7;115.4;97.1;94.2;78.7
2023-2024;09;32;HAUTS-DE-FRANCE;09;LILLE;62;PAS-DE-CALAIS;62427;HENIN BEAUMONT;0620093P;LYCEE GENERAL ET TECHNOLOGIQUE FERNAND DARCHICOURT;public;LEGT;96.9;;83.4;95.9;30.9;;30.7;118.5;103.5;88.9;132.4;113.9;116.2;101.1;103.8;85.3;112.4;99.8;80.3;131.3;105.8;108.5;94.4;96.6;78.5;105.9;102.1;79.4;130.5;102.7;115.4;97.1;94.2;78.7
2023-2024;09;32;HAUTS-DE-FRANCE;09;LILLE;62;PAS-DE-CALAIS;62498;LENS;0620109G;LYCEE GENERAL ET TECHNOLOGIQUE AUGUSTE BEHAL;public;LEGT;86.5;;81.3;85.3;27.2;;27.1;118.5;103.5;88.9;132.4;113.9;116.2;101.1;103.8;85.3;112.4;99.8;80.3;131.3;105.8;108.5;94.4;96.6;78.5;105.9;102.1;79.4;130.5;102.7;115.4;97.1;94.2;78.7
2023-2024;09;32;HAUTS-DE-FRANCE;09;LILLE;62;PAS-DE-CALAIS;62498;LENS;0620110H;LYCEE PROFESSIONNEL AUGUSTE BEHAL LYCEE DES METIERS DE LA PERSONNE SANTE SOCIAL LYCEE DES METIERS DE CONSTRUCTION BOIS ET MATERIAUX;public;LP;;74.8;;74.8;;22.7;22.7;118.5;103.5;88.9;132.4;113.9;116.2;101.1;103.8;85.3;112.4;99.8;80.3;131.3;105.8;108.5;94.4;96.6;78.5;105.9;102.1;79.4;130.5;102.7;115.4;97.1;94.2;78.7
2023-2024;09;32;HAUTS-DE-FRANCE;09;LILLE;62;PAS-DE-CALAIS;62516;LILLERS;0620120U;LYCEE GENERAL ET TECHNOLOGIQUE ANATOLE FRANCE;public;LEGT;107.7;;86.7;105.1;32.6;;32.3;118.5;103.5;88.9;132.4;113.9;116.2;101.1;103.8;85.3;112.4;99.8;80.3;131.3;105.8;108.5;94.4;96.6;78.5;105.9;102.1;79.4;130.5;102.7;115.4;97.1;94.2;78.7
2023-2024;09;32;HAUTS-DE-FRANCE;09;LILLE;62;PAS-DE-CALAIS;62534;LUMBRES;0620124Y;LYCEE PROFESSIONNEL BERNARD CHOCHOY;public;LP;;74.8;;74.5;;19.6;19.4;118.5;103.5;88.9;132.4;113.9;116.2;101.1;103.8;85.3;112.4;99.8;80.3;131.3;105.8;108.5;94.4;96.6;78.5;105.9;102.1;79.4;130.5;102.7;115.4;97.1;94.2;78.7
2023-2024;09;32;HAUTS-DE-FRANCE;09;LILLE;62;PAS-DE-CALAIS;62588;MONTREUIL SUR MER;0620140R;LYCEE POLYVALENT EUGENE WOILLEZ;public;LPO;108.1;82.4;88.5;102.9;32.4;23.1;32.5;118.5;103.5;88.9;132.4;113.9;116.2;101.1;103.8;85.3;112.4;99.8;80.3;131.3;105.8;108.5;94.4;96.6;78.5;105.9;102.1;79.4;130.5;102.7;115.4;97.1;94.2;78.7
2023-2024;09;32;HAUTS-DE-FRANCE;09;LILLE;62;PAS-DE-CALAIS;62643;OUTREAU;0620221D;LYCEE PROFESSIONNEL PROFESSEUR CLERC;public;LP;;78.5;;78.3;;24.3;24.1;118.5;103.5;88.9;132.4;113.9;116.2;101.1;103.8;85.3;112.4;99.8;80.3;131.3;105.8;108.5;94.4;96.6;78.5;105.9;102.1;79.4;130.5;102.7;115.4;97.1;94.2;78.7
2023-2024;09;32;HAUTS-DE-FRANCE;09;LILLE;62;PAS-DE-CALAIS;62041;ARRAS;0620257T;LYCEE PROFESSIONNEL SAVARY FERRY;public;LP;;83;96.6;84.1;;25.2;25.7;118.5;103.5;88.9;132.4;113.9;116.2;101.1;103.8;85.3;112.4;99.8;80.3;131.3;105.8;108.5;94.4;96.6;78.5;105.9;102.1;79.4;130.5;102.7;115.4;97.1;94.2;78.7
2023-2024;09;32;HAUTS-DE-FRANCE;09;LILLE;62;PAS-DE-CALAIS;62160;BOULOGNE SUR MER;0622107D;LYCEE GENERAL PRIVE NAZARETH HAFFREINGUE;privé sous contrat;LEGT;130.1;;;130.1;30.4;;30.4;118.5;103.5;88.9;132.4;113.9;116.2;101.1;103.8;85.3;112.4;99.8;80.3;131.3;105.8;108.5;94.4;96.6;78.5;105.9;102.1;79.4;130.5;102.7;115.4;97.1;94.2;78.7
2023-2024;09;32;HAUTS-DE-FRANCE;09;LILLE;62;PAS-DE-CALAIS;62498;LENS;0622114L;LYCEE POLYVALENT PRIVE SAINT PAUL;privé sous contrat;LPO;123.2;112.3;105.7;120.8;29.2;28.3;29.6;118.5;103.5;88.9;132.4;113.9;116.2;101.1;103.8;85.3;112.4;99.8;80.3;131.3;105.8;108.5;94.4;96.6;78.5;105.9;102.1;79.4;130.5;102.7;115.4;97.1;94.2;78.7
2023-2024;09;32;HAUTS-DE-FRANCE;09;LILLE;62;PAS-DE-CALAIS;62041;ARRAS;0622196A;LYCEE POLYVALENT PRIVE BAUDIMONT LYCEE DES METIERS DU TERTIAIRE COMMERCIAL ET DU MANAGEMENT;privé sous contrat;LPO;131.9;112.6;108.8;124.1;29.3;30.7;32.2;118.5;103.5;88.9;132.4;113.9;116.2;101.1;103.8;85.3;112.4;99.8;80.3;131.3;105.8;108.5;94.4;96.6;78.5;105.9;102.1;79.4;130.5;102.7;115.4;97.1;94.2;78.7
2023-2024;09;32;HAUTS-DE-FRANCE;09;LILLE;62;PAS-DE-CALAIS;62525;LONGUENESSE;0622803K;LYCEE GENERAL ET TECHNOLOGIQUE BLAISE PASCAL;public;LEGT;105.2;;94.1;104.1;33;;32.8;118.5;103.5;88.9;132.4;113.9;116.2;101.1;103.8;85.3;112.4;99.8;80.3;131.3;105.8;108.5;94.4;96.6;78.5;105.9;102.1;79.4;130.5;102.7;115.4;97.1;94.2;78.7
2023-2024;09;32;HAUTS-DE-FRANCE;09;LILLE;62;PAS-DE-CALAIS;62193;CALAIS;0623463C;LYCEE PROFESSIONNEL NORMANDIE NIEMEN;public;LP;;76.6;;76.6;;21.7;21.6;118.5;103.5;88.9;132.4;113.9;116.2;101.1;103.8;85.3;112.4;99.8;80.3;131.3;105.8;108.5;94.4;96.6;78.5;105.9;102.1;79.4;130.5;102.7;115.4;97.1;94.2;78.7
2024-2025;09;32;HAUTS-DE-FRANCE;09;LILLE;59;NORD;59036;AVESNES SUR HELPE;0590018Z;LYCEE POLYVALENT JESSE DE FOREST;public;LPO;99.8;76.7;87.1;95.5;32;26.2;32.2;119.6;104.2;89.5;134.0;114.7;117.4;101.7;104.7;85.9;113.4;100.9;81.1;133.3;106.6;109.3;95.7;97.0;79.2;116.0;99.5;81.8;133.6;108.0;106.6;94.1;97.5;79.0
2024-2025;09;32;HAUTS-DE-FRANCE;09;LILLE;59;NORD;59122;CAMBRAI;0590034S;LYCEE GENERAL ET TECHNOLOGIQUE PAUL DUEZ;public;LEGT;103.7;;86.2;101.7;33.2;;32.8;119.6;104.2;89.5;134.0;114.7;117.4;101.7;104.7;85.9;113.4;100.9;81.1;133.3;106.6;109.3;95.7;97.0;79.2;116.0;99.5;81.8;133.6;108.0;106.6;94.1;97.5;79.0
2024-2025;09;32;HAUTS-DE-FRANCE;09;LILLE;59;NORD;59139;CAUDRY;0590044C;LYCEE POLYVALENT JOSEPH MARIE JACQUARD;public;LPO;94.6;76.6;83;87.5;32.7;23.7;30.6;119.6;104.2;89.5;134.0;114.7;117.4;101.7;104.7;85.9;113.4;100.9;81.1;133.3;106.6;109.3;95.7;97.0;79.2;116.0;99.5;81.8;133.6;108.0;106.6;94.1;97.5;79.0
2024-2025;09;32;HAUTS-DE-FRANCE;09;LILLE;59;NORD;59183;DUNKERQUE;0590072H;LYCEE GENERAL ET TECHNOLOGIQUE DE L EUROPE;public;LEGT;91.6;;90.6;91.5;29.7;;29.6;119.6;104.2;89.5;134.0;114.7;117.4;101.7;104.7;85.9;113.4;100.9;81.1;133.3;106.6;109.3;95.7;97.0;79.2;116.0;99.5;81.8;133.6;108.0;106.6;94.1;97.5;79.0
2024-2025;09;32;HAUTS-DE-FRANCE;09;LILLE;59;NORD;59295;HAZEBROUCK;0590101P;LYCEE GENERAL ET TECHNOLOGIQUE DES FLANDRES;public;LEGT;113.6;;93.9;112;33.4;;33.4;119.6;104.2;89.5;134.0;114.7;117.4;101.7;104.7;85.9;113.4;100.9;81.1;133.3;106.6;109.3;95.7;97.0;79.2;116.0;99.5;81.8;133.6;108.0;106.6;94.1;97.5;79.0
2024-2025;09;32;HAUTS-DE-FRANCE;09;LILLE;59;NORD;59350;LILLE;0590121L;LYCEE GENERAL ET TECHNOLOGIQUE CESAR BAGGIO;public;LEGT;90.1;;104;95.8;33.7;;36;119.6;104.2;89.5;134.0;114.7;117.4;101.7;104.7;85.9;113.4;100.9;81.1;133.3;106.6;109.3;95.7;97.0;79.2;116.0;99.5;81.8;133.6;108.0;106.6;94.1;97.5;79.0
2024-2025;09;32;HAUTS-DE-FRANCE;09;LILLE;59;NORD;59350;LILLE;0590125R;LYCEE HOTELIER INTERNATIONAL DE LILLE;public;LP;120.7;96.6;106.4;100;37.4;33.8;34.9;119.6;104.2;89.5;134.0;114.7;117.4;101.7;104.7;85.9;113.4;100.9;81.1;133.3;106.6;109.3;95.7;97.0;79.2;116.0;99.5;81.8;133.6;108.0;106.6;94.1;97.5;79.0
2024-2025;09;32;HAUTS-DE-FRANCE;09;LILLE;59;NORD;59378;MARCQ EN BAROEUL;0590144L;LYCEE PROFESSIONNEL AUTOMOBILE ALFRED MONGY;public;LP;;85.6;;85.6;;27.1;27.1;119.6;104.2;89.5;134.0;114.7;117.4;101.7;104.7;85.9;113.4;100.9;81.1;133.3;106.6;109.3;95.7;97.0;79.2;116.0;99.5;81.8;133.6;108.0;106.6;94.1;97.5;79.0
2024-2025;09;32;HAUTS-DE-FRANCE;09;LILLE;59;NORD;59481;LE QUESNOY;0590168M;LYCEE POLYVALENT EUGENE THOMAS;public;LPO;114.6;82.1;;109;36.6;25.4;37;119.6;104.2;89.5;134.0;114.7;117.4;101.7;104.7;85.9;113.4;100.9;81.1;133.3;106.6;109.3;95.7;97.0;79.2;116.0;99.5;81.8;133.6;108.0;106.6;94.1;97.5;79.0
2024-2025;09;32;HAUTS-DE-FRANCE;09;LILLE;59;NORD;59512;ROUBAIX;0590186G;LYCEE PROFESSIONNEL TURGOT LYCEE DES METIERS DES SERVICES ADMINISTRATIFS ET DE LA RELATION CLIENT;public;LP;;69;;69;;18.3;18.3;119.6;104.2;89.5;134.0;114.7;117.4;101.7;104.7;85.9;113.4;100.9;81.1;133.3;106.6;109.3;95.7;97.0;79.2;116.0;99.5;81.8;133.6;108.0;106.6;94.1;97.5;79.0
2024-2025;09;32;HAUTS-DE-FRANCE;09;LILLE;59;NORD;59599;TOURCOING;0590212K;LYCEE GENERAL;public;LEGT;99.8;;;99.8;34.6;;34.6;119.6;104.2;89.5;134.0;114.7;117.4;101.7;104.7;85.9;113.4;100.9;81.1;133.3;106.6;109.3;95.7;97.0;79.2;116.0;99.5;81.8;133.6;108.0;106.6;94.1;97.5;79.0
2024-2025;09;32;HAUTS-DE-FRANCE;09;LILLE;59;NORD;59350;LILLE;0590258K;LYCEE GENERAL ET TECHNOLOGIQUE GASTON BERGER;public;LEGT;87.6;;106.1;103.1;31.6;;36;119.6;104.2;89.5;134.0;114.7;117.4;101.7;104.7;85.9;113.4;100.9;81.1;133.3;106.6;109.3;95.7;97.0;79.2;116.0;99.5;81.8;133.6;108.0;106.6;94.1;97.5;79.0
2024-2025;09;32;HAUTS-DE-FRANCE;09;LILLE;59;NORD;59350;LILLE;0590266U;LYCEE PROFESSIONNEL CESAR BAGGIO;public;LP;;83.3;;82.7;;27.2;27;119.6;104.2;89.5;134.0;114.7;117.4;101.7;104.7;85.9;113.4;100.9;81.1;133.3;106.6;109.3;95.7;97.0;79.2;116.0;99.5;81.8;133.6;108.0;106.6;94.1;97.5;79.0
2024-2025;09;32;HAUTS-DE-FRANCE;09;LILLE;59;NORD;59512;ROUBAIX;0592921E;LYCEE GENERAL ET TECHNOLOGIQUE PRIVE SAINT REMI;privé sous contrat;LEGT;100.5;;103.5;101;35.7;;35.7;119.6;104.2;89.5;134.0;114.7;117.4;101.7;104.7;85.9;113.4;100.9;81.1;133.3;106.6;109.3;95.7;97.0;79.2;116.0;99.5;81.8;133.6;108.0;106.6;94.1;97.5;79.0
2024-2025;09;32;HAUTS-DE-FRANCE;09;LILLE;59;NORD;59033;AULNOYE AYMERIES;0592928M;LYCEE POLYVALENT PRIVE SAINTE JEANNE D ARC LYCEE DES METIERS DE L HOTELLERIE RESTAURATION LYCEE DES METIERS DE L ESTHETIQUE ET DE LA COIFFURE;privé sous contrat;LPO;110.3;95.5;101.8;103;31;26.9;30.3;119.6;104.2;89.5;134.0;114.7;117.4;101.7;104.7;85.9;113.4;100.9;81.1;133.3;106.6;109.3;95.7;97.0;79.2;116.0;99.5;81.8;133.6;108.0;106.6;94.1;97.5;79.0
2024-2025;09;32;HAUTS-DE-FRANCE;09;LILLE;59;NORD;59350;LILLE;0593007Y;LYCEE GENERAL ET TECHNOLOGIQUE PRIVE FREDERIC OZANAM LYCEE DES METIERS DE LA CONSTRUCTION DE L ENVIRONNEMENT ET DES ENERGIES;privé sous contrat;LEGT;138.1;;141.1;139.3;32.4;;31.8;119.6;104.2;89.5;134.0;114.7;117.4;101.7;104.7;85.9;113.4;100.9;81.1;133.3;106.6;109.3;95.7;97.0;79.2;116.0;99.5;81.8;133.6;108.0;106.6;94.1;97.5;79.0
2024-2025;09;32;HAUTS-DE-FRANCE;09;LILLE;59;NORD;59365;LOUVROIL;0593034C;LYCEE POLYVALENT PRIVE THEOPHILE LEGRAND;privé sous contrat;LPO;107;93.1;103.4;98.4;34;26.8;29.6;119.6;104.2;89.5;134.0;114.7;117.4;101.7;104.7;85.9;113.4;100.9;81.1;133.3;106.6;109.3;95.7;97.0;79.2;116.0;99.5;81.8;133.6;108.0;106.6;94.1;97.5;79.0
2024-2025;09;32;HAUTS-DE-FRANCE;09;LILLE;59;NORD;59449;ORCHIES;0593040J;LYCEE POLYVALENT PRIVE NOTRE DAME DE LA PROVIDENCE;privé sous contrat;LPO;131.2;116.9;118.9;123.6;28.9;31.7;31.1;119.6;104.2;89.5;134.0;114.7;117.4;101.7;104.7;85.9;113.4;100.9;81.1;133.3;106.6;109.3;95.7;97.0;79.2;116.0;99.5;81.8;133.6;108.0;106.6;94.1;97.5;79.0
2024-2025;09;32;HAUTS-DE-FRANCE;09;LILLE;59;NORD;59183;DUNKERQUE;0593058D;LYCEE POLYVALENT PRIVE VAUBAN LYCEE DES METIERS;privé sous contrat;LPO;103.1;90.8;98.8;95;25.3;25.4;26.6;119.6;104.2;89.5;134.0;114.7;117.4;101.7;104.7;85.9;113.4;100.9;81.1;133.3;106.6;109.3;95.7;97.0;79.2;116.0;99.5;81.8;133.6;108.0;106.6;94.1;97.5;79.0
2024-2025;09;32;HAUTS-DE-FRANCE;09;LILLE;59;NORD;59017;ARMENTIERES;0593060F;LYCEE POLYVALENT PRIVE INSTITUT NICOLAS BARRE LYCEE DES METIERS DE LA SECURITE PREVENTION DE L AUTOMOBILE ET DE LA MAINTENANCE DES MATERIELS;privé sous contrat;LPO;;96.2;104.4;96.6;;27.7;27.6;119.6;104.2;89.5;134.0;114.7;117.4;101.7;104.7;85.9;113.4;100.9;81.1;133.3;106.6;109.3;95.7;97.0;79.2;116.0;99.5;81.8;133.6;108.0;106.6;94.1;97.5;79.0
2024-2025;09;32;HAUTS-DE-FRANCE;09;LILLE;59;NORD;59122;CAMBRAI;0593061G;LYCEE POLYVALENT PRIVE SAINT LUC;privé sous contrat;LPO;125.4;99;109;112.2;30.3;29.2;32.2;119.6;104.2;89.5;134.0;114.7;117.4;101.7;104.7;85.9;113.4;100.9;81.1;133.3;106.6;109.3;95.7;97.0;79.2;116.0;99.5;81.8;133.6;108.0;106.6;94.1;97.5;79.0
2024-2025;09;32;HAUTS-DE-FRANCE;09;LILLE;59;NORD;59295;HAZEBROUCK;0593078A;LYCEE POLYVALENT PRIVE FONDATION DEPOORTER LYCEE DES METIERS DE LA SANTE ET DU SOCIAL;privé sous contrat;LPO;106.3;94.2;93.5;98.6;26.5;25.8;26.9;119.6;104.2;89.5;134.0;114.7;117.4;101.7;104.7;85.9;113.4;100.9;81.1;133.3;106.6;109.3;95.7;97.0;79.2;116.0;99.5;81.8;133.6;108.0;106.6;94.1;97.5;79.0
2024-2025;09;32;HAUTS-DE-FRANCE;09;LILLE;59;NORD;59295;HAZEBROUCK;0593136N;LYCEE GENERAL ET TECHNOLOGIQUE PRIVE SAINT JACQUES;privé sous contrat;LEGT;127.7;;;127.4;30.6;;30.5;119.6;104.2;89.5;134.0;114.7;117.4;101.7;104.7;85.9;113.4;100.9;81.1;133.3;106.6;109.3;95.7;97.0;79.2;116.0;99.5;81.8;133.6;108.0;106.6;94.1;97.5;79.0
2024-2025;09;32;HAUTS-DE-FRANCE;09;LILLE;59;NORD;59571;SOLESMES;0593138R;LYCEE GENERAL PRIVE SAINT MICHEL;privé sous contrat;LEGT;128.8;;;128.8;32.5;;32.5;119.6;104.2;89.5;134.0;114.7;117.4;101.7;104.7;85.9;113.4;100.9;81.1;133.3;106.6;109.3;95.7;97.0;79.2;116.0;99.5;81.8;133.6;108.0;106.6;94.1;97.5;79.0
2024-2025;09;32;HAUTS-DE-FRANCE;09;LILLE;59;NORD;59271;GRANDE SYNTHE;0594652L;LYCEE PROFESSIONNEL DES PLAINES DU NORD;public;LP;;73.9;75;74.4;;20.3;20.2;119.6;104.2;89.5;134.0;114.7;117.4;101.7;104.7;85.9;113.4;100.9;81.1;133.3;106.6;109.3;95.7;97.0;79.2;116.0;99.5;81.8;133.6;108.0;106.6;94.1;97.5;79.0
2024-2025;09;32;HAUTS-DE-FRANCE;09;LILLE;59;NORD;59271;GRANDE SYNTHE;0595616J;LYCEE GENERAL ET TECHNOLOGIQUE DU NOORDOVER;public;LEGT;93.3;;86;92.4;30.5;;30.3;119.6;104.2;89.5;134.0;114.7;117.4;101.7;104.7;85.9;113.4;100.9;81.1;133.3;106.6;109.3;95.7;97.0;79.2;116.0;99.5;81.8;133.6;108.0;106.6;94.1;97.5;79.0
2024-2025;09;32;HAUTS-DE-FRANCE;09;LILLE;59;NORD;59350;LILLE;0595786U;LYCEE GENERAL ET TECHNOLOGIQUE JEAN PROUVE;public;LEGT;100.7;;112.3;105.6;34.9;;35.4;119.6;104.2;89.5;134.0;114.7;117.4;101.7;104.7;85.9;113.4;100.9;81.1;133.3;106.6;109.3;95.7;97.0;79.2;116.0;99.5;81.8;133.6;108.0;106.6;94.1;97.5;79.0
2024-2025;09;32;HAUTS-DE-FRANCE;09;LILLE;59;NORD;59183;DUNKERQUE;0595918M;LYCEE PROFESSIONNEL PRIVE EPID LYCEE DES METIERS DES INDUSTRIES ET DES INNOVATIONS TECHNOLOGIQUES;privé sous contrat;LP;;104.2;;103;;26.2;26.3;119.6;104.2;89.5;134.0;114.7;117.4;101.7;104.7;85.9;113.4;100.9;81.1;133.3;106.6;109.3;95.7;97.0;79.2;116.0;99.5;81.8;133.6;108.0;106.6;94.1;97.5;79.0
2024-2025;09;32;HAUTS-DE-FRANCE;09;LILLE;59;NORD;59456;PECQUENCOURT;0596335R;LYCEE GENERAL PRIVE INSTITUT D ANCHIN;privé sous contrat;LEGT;132.3;;;132.3;30.9;;30.9;119.6;104.2;89.5;134.0;114.7;117.4;101.7;104.7;85.9;113.4;100.9;81.1;133.3;106.6;109.3;95.7;97.0;79.2;116.0;99.5;81.8;133.6;108.0;106.6;94.1;97.5;79.0
2024-2025;09;32;HAUTS-DE-FRANCE;09;LILLE;59;NORD;59378;MARCQ EN BAROEUL;0597115N;ECOLE EUROPEENNE LILLE METROPOLE JACQUES DELORS NIVEAU COLLEGE ET LYCEE;public;LEGT;141.3;;;146;33.1;;31.5;119.6;104.2;89.5;134.0;114.7;117.4;101.7;104.7;85.9;113.4;100.9;81.1;133.3;106.6;109.3;95.7;97.0;79.2;116.0;99.5;81.8;133.6;108.0;106.6;94.1;97.5;79.0
2024-2025;09;32;HAUTS-DE-FRANCE;09;LILLE;62;PAS-DE-CALAIS;62048;AUCHEL;0620018H;LYCEE PROFESSIONNEL FERNAND DEGRUGILLIER;public;LP;;74.5;;74.5;;22.2;22.2;119.6;104.2;89.5;134.0;114.7;117.4;101.7;104.7;85.9;113.4;100.9;81.1;133.3;106.6;109.3;95.7;97.0;79.2;107.0;103.4;80.2;131.1;103.8;117.5;98.1;95.0;79.5
2024-2025;09;32;HAUTS-DE-FRANCE;09;LILLE;62;PAS-DE-CALAIS;62065;AVION;0620027T;LYCEE POLYVALENT PABLO PICASSO;public;LPO;86;70.7;74.5;82.9;27.9;23.4;27.4;119.6;104.2;89.5;134.0;114.7;117.4;101.7;104.7;85.9;113.4;100.9;81.1;133.3;106.6;109.3;95.7;97.0;79.2;107.0;103.4;80.2;131.1;103.8;117.5;98.1;95.0;79.5
2024-2025;09;32;HAUTS-DE-FRANCE;09;LILLE;62;PAS-DE-CALAIS;62119;BETHUNE;0620042J;LYCEE GENERAL ET TECHNOLOGIQUE ANDRE MALRAUX;public;LEGT;103.1;;94.9;99.4;32.8;;32.3;119.6;104.2;89.5;134.0;114.7;117.4;101.7;104.7;85.9;113.4;100.9;81.1;133.3;106.6;109.3;95.7;97.0;79.2;107.0;103.4;80.2;131.1;103.8;117.5;98.1;95.0;79.5
2024-2025;09;32;HAUTS-DE-FRANCE;09;LILLE;62;PAS-DE-CALAIS;62498;LENS;0620110H;LYCEE PROFESSIONNEL AUGUSTE BEHAL LYCEE DES METIERS DE LA PERSONNE SANTE SOCIAL LYCEE DES METIERS DE CONSTRUCTION BOIS ET MATERIAUX;public;LP;;74.9;;74.9;;22;22;119.6;104.2;89.5;134.0;114.7;117.4;101.7;104.7;85.9;113.4;100.9;81.1;133.3;106.6;109.3;95.7;97.0;79.2;107.0;103.4;80.2;131.1;103.8;117.5;98.1;95.0;79.5
2024-2025;09;32;HAUTS-DE-FRANCE;09;LILLE;62;PAS-DE-CALAIS;62510;LIEVIN;0620113L;LYCEE GENERAL ET TECHNOLOGIQUE HENRI DARRAS;public;LEGT;98.3;;85.5;96.8;33.5;;33.2;119.6;104.2;89.5;134.0;114.7;117.4;101.7;104.7;85.9;113.4;100.9;81.1;133.3;106.6;109.3;95.7;97.0;79.2;107.0;103.4;80.2;131.1;103.8;117.5;98.1;95.0;79.5
2024-2025;09;32;HAUTS-DE-FRANCE;09;LILLE;62;PAS-DE-CALAIS;62637;OIGNIES;0620150B;LYCEE PROFESSIONNEL IRENE JOLIOT CURIE;public;LP;;76.7;83.4;77.2;;22.2;23;119.6;104.2;89.5;134.0;114.7;117.4;101.7;104.7;85.9;113.4;100.9;81.1;133.3;106.6;109.3;95.7;97.0;79.2;107.0;103.4;80.2;131.1;103.8;117.5;98.1;95.0;79.5
2024-2025;09;32;HAUTS-DE-FRANCE;09;LILLE;62;PAS-DE-CALAIS;62765;SAINT OMER;0620161N;LYCEE GENERAL ET TECHNOLOGIQUE ALEXANDRE RIBOT;public;LEGT;108;;86.5;104.7;34;;33.9;119.6;104.2;89.5;134.0;114.7;117.4;101.7;104.7;85.9;113.4;100.9;81.1;133.3;106.6;109.3;95.7;97.0;79.2;107.0;103.4;80.2;131.1;103.8;117.5;98.1;95.0;79.5
2024-2025;09;32;HAUTS-DE-FRANCE;09;LILLE;62;PAS-DE-CALAIS;62767;SAINT POL SUR TERNOISE;0620166U;LYCEE GENERAL ET TECHNOLOGIQUE ALBERT CHATELET;public;LEGT;108.1;;88.5;105.8;33.5;;33.6;119.6;104.2;89.5;134.0;114.7;117.4;101.7;104.7;85.9;113.4;100.9;81.1;133.3;106.6;109.3;95.7;97.0;79.2;107.0;103.4;80.2;131.1;103.8;117.5;98.1;95.0;79.5
2024-2025;09;32;HAUTS-DE-FRANCE;09;LILLE;62;PAS-DE-CALAIS;62178;BRUAY LA BUISSIERE;0620192X;LYCEE PROFESSIONNEL PIERRE MENDES FRANCE;public;LP;;71.8;;71.7;;22.7;22.5;119.6;104.2;89.5;134.0;114.7;117.4;101.7;104.7;85.9;113.4;100.9;81.1;133.3;106.6;109.3;95.7;97.0;79.2;107.0;103.4;80.2;131.1;103.8;117.5;98.1;95.0;79.5
2024-2025;09;32;HAUTS-DE-FRANCE;09;LILLE;62;PAS-DE-CALAIS;62193;CALAIS;0622110G;LYCEE GENERAL ET TECHNOLOGIQUE PRIVE SAINT PIERRE;privé sous contrat;LEGT;122.9;;108.8;122.3;31;;30.8;119.6;104.2;89.5;134.0;114.7;117.4;101.7;104.7;85.9;113.4;100.9;81.1;133.3;106.6;109.3;95.7;97.0;79.2;107.0;103.4;80.2;131.1;103.8;117.5;98.1;95.0;79.5
2024-2025;09;32;HAUTS-DE-FRANCE;09;LILLE;62;PAS-DE-CALAIS;62498;LENS;0622114L;LYCEE POLYVALENT PRIVE SAINT PAUL;privé sous contrat;LPO;126.2;115.2;111.5;123.9;29.9;28.7;30.2;119.6;104.2;89.5;134.0;114.7;117.4;101.7;104.7;85.9;113.4;100.9;81.1;133.3;106.6;109.3;95.7;97.0;79.2;107.0;103.4;80.2;131.1;103.8;117.5;98.1;95.0;79.5
2024-2025;09;32;HAUTS-DE-FRANCE;09;LILLE;62;PAS-DE-CALAIS;62318;ETAPLES;0622192W;LYCEE PROFESSIONNEL PRIVE SAINT JOSEPH;privé sous contrat;LP;;87.1;;86.7;;23.6;23;119.6;104.2;89.5;134.0;114.7;117.4;101.7;104.7;85.9;113.4;100.9;81.1;133.3;106.6;109.3;95.7;97.0;79.2;107.0;103.4;80.2;131.1;103.8;117.5;98.1;95.0;79.5
2024-2025;09;32;HAUTS-DE-FRANCE;09;LILLE;62;PAS-DE-CALAIS;62364;FRUGES;0622195Z;LYCEE PROFESSIONNEL PRIVE SAINTE MARIE;privé sous contrat;LP;;98.2;;97.8;;23.3;23.8;119.6;104.2;89.5;134.0;114.7;117.4;101.7;104.7;85.9;113.4;100.9;81.1;133.3;106.6;109.3;95.7;97.0;79.2;107.0;103.4;80.2;131.1;103.8;117.5;98.1;95.0;79.5
2024-2025;09;32;HAUTS-DE-FRANCE;09;LILLE;62;PAS-DE-CALAIS;62758;SAINT MARTIN BOULOGNE;0624109E;LYCEE POLYVALENT GIRAUX SANNIER;public;LPO;105.2;81.7;104.2;98.6;32.5;24;32.2;119.6;104.2;89.5;134.0;114.7;117.4;101.7;104.7;85.9;113.4;100.9;81.1;133.3;106.6;109.3;95.7;97.0;79.2;107.0;103.4;80.2;131.1;103.8;117.5;98.1;95.0;79.5
2024-2025;09;32;HAUTS-DE-FRANCE;09;LILLE;62;PAS-DE-CALAIS;62193;CALAIS;0624141P;LYCEE POLYVALENT LEONARD DE VINCI LYCEE DES METIERS DE LA MAINTENANCE INDUSTRIELLE DES TERRES D OPALE;public;LPO;104.2;81.5;92.3;101.4;32.3;22.1;31.8;119.6;104.2;89.5;134.0;114.7;117.4;101.7;104.7;85.9;113.4;100.9;81.1;133.3;106.6;109.3;95.7;97.0;79.2;107.0;103.4;80.2;131.1;103.8;117.5;98.1;95.0;79.5
2024-2025;09;32;HAUTS-DE-FRANCE;09;LILLE;62;PAS-DE-CALAIS;62041;ARRAS;0624430D;LYCEE GENERAL ET TECHNOLOGIQUE GAMBETTA CARNOT;public;LEGT;112.2;;108;111.4;34.1;;34.2;119.6;104.2;89.5;134.0;114.7;117.4;101.7;104.7;85.9;113.4;100.9;81.1;133.3;106.6;109.3;95.7;97.0;79.2;107.0;103.4;80.2;131.1;103.8;117.5;98.1;95.0;79.5
2025-2026;09;32;HAUTS-DE-FRANCE;09;LILLE;59;NORD;59036;AVESNES SUR HELPE;0590018Z;LYCEE POLYVALENT JESSE DE FOREST;public;LPO;100.7;78.3;91.1;96.1;32.6;27.7;32.8;120.2;104.4;89.9;134.7;115.2;117.7;102.0;105.5;86.3;114.2;101.4;81.6;133.8;107.4;109.9;96.2;98.4;79.6;116.7;100.2;82.3;134.1;108.8;107.3;94.7;98.7;79.3
2025-2026;09;32;HAUTS-DE-FRANCE;09;LILLE;59;NORD;59136;LE CATEAU CAMBRESIS;0590042A;LYCEE POLYVALENT CAMILLE DESMOULINS;public;LPO;89.2;70.9;73;79.7;28.7;18.6;25.5;120.2;104.4;89.9;134.7;115.2;117.7;102.0;105.5;86.3;114.2;101.4;81.6;133.8;107.4;109.9;96.2;98.4;79.6;116.7;100.2;82.3;134.1;108.8;107.3;94.7;98.7;79.3
2025-2026;09;32;HAUTS-DE-FRANCE;09;LILLE;59;NORD;59178;DOUAI;0590065A;LYCEE POLYVALENT ELISA LEMONNIER;public;LPO;90;78.4;84.8;82.3;30.2;24.2;26.6;120.2;104.4;89.9;134.7;115.2;117.7;102.0;105.5;86.3;114.2;101.4;81.6;133.8;107.4;109.9;96.2;98.4;79.6;116.7;100.2;82.3;134.1;108.8;107.3;94.7;98.7;79.3
2025-2026;09;32;HAUTS-DE-FRANCE;09;LILLE;59;NORD;59183;DUNKERQUE;0590071G;LYCEE GENERAL ET TECHNOLOGIQUE JEAN BART;public;LEGT;107.7;;118.4;109.2;33.3;;34;120.2;104.4;89.9;134.7;115.2;117.7;102.0;105.5;86.3;114.2;101.4;81.6;133.8;107.4;109.9;96.2;98.4;79.6;116.7;100.2;82.3;134.1;108.8;107.3;94.7;98.7;79.3
2025-2026;09;32;HAUTS-DE-FRANCE;09;LILLE;59;NORD;59286;HAUBOURDIN;0590093F;LYCEE POLYVALENT BEAUPRE LYCEE DES METIERS DE LA PLASTURGIE;public;LPO;116.9;89.3;94.4;109;34.5;26.5;34.8;120.2;104.4;89.9;134.7;115.2;117.7;102.0;105.5;86.3;114.2;101.4;81.6;133.8;107.4;109.9;96.2;98.4;79.6;116.7;100.2;82.3;134.1;108.8;107.3;94.7;98.7;79.3
2025-2026;09;32;HAUTS-DE-FRANCE;09;LILLE;59;NORD;59295;HAZEBROUCK;0590101P;LYCEE GENERAL ET TECHNOLOGIQUE DES FLANDRES;public;LEGT;113.5;;94.3;112;33.9;;34;120.2;104.4;89.9;134.7;115.2;117.7;102.0;105.5;86.3;114.2;101.4;81.6;133.8;107.4;109.9;96.2;98.4;79.6;116.7;100.2;82.3;134.1;108.8;107.3;94.7;98.7;79.3
2025-2026;09;32;HAUTS-DE-FRANCE;09;LILLE;59;NORD;59350;LILLE;0590116F;LYCEE GENERAL FENELON;public;LEGT;114.1;;;114.1;39.9;;39.9;120.2;104.4;89.9;134.7;115.2;117.7;102.0;105.5;86.3;114.2;101.4;81.6;133.8;107.4;109.9;96.2;98.4;79.6;116.7;100.2;82.3;134.1;108.8;107.3;94.7;98.7;79.3
2025-2026;09;32;HAUTS-DE-FRANCE;09;LILLE;59;NORD;59350;LILLE;0590119J;LYCEE GENERAL ET TECHNOLOGIQUE FAIDHERBE;public;LEGT;116.2;;141.9;128.4;39.6;;38.8;120.2;104.4;89.9;134.7;115.2;117.7;102.0;105.5;86.3;114.2;101.4;81.6;133.8;107.4;109.9;96.2;98.4;79.6;116.7;100.2;82.3;134.1;108.8;107.3;94.7;98.7;79.3
2025-2026;09;32;HAUTS-DE-FRANCE;09;LILLE;59;NORD;59350;LILLE;0590121L;LYCEE GENERAL ET TECHNOLOGIQUE CESAR BAGGIO;public;LEGT;89.8;;108.7;97.5;33.1;;35.9;120.2;104.4;89.9;134.7;115.2;117.7;102.0;105.5;86.3;114.2;101.4;81.6;133.8;107.4;109.9;96.2;98.4;79.6;116.7;100.2;82.3;134.1;108.8;107.3;94.7;98.7;79.3
2025-2026;09;32;HAUTS-DE-FRANCE;09;LILLE;59;NORD;59378;MARCQ EN BAROEUL;0590144L;LYCEE PROFESSIONNEL AUTOMOBILE ALFRED MONGY;public;LP;;85.3;;85.3;;27.4;27.4;120.2;104.4;89.9;134.7;115.2;117.7;102.0;105.5;86.3;114.2;101.4;81.6;133.8;107.4;109.9;96.2;98.4;79.6;116.7;100.2;82.3;134.1;108.8;107.3;94.7;98.7;79.3
2025-2026;09;32;HAUTS-DE-FRANCE;09;LILLE;59;NORD;59512;ROUBAIX;0590184E;LYCEE GENERAL JEAN ROSTAND;public;LEGT;80.7;;123.2;101.5;27.7;;36.2;120.2;104.4;89.9;134.7;115.2;117.7;102.0;105.5;86.3;114.2;101.4;81.6;133.8;107.4;109.9;96.2;98.4;79.6;116.7;100.2;82.3;134.1;108.8;107.3;94.7;98.7;79.3
2025-2026;09;32;HAUTS-DE-FRANCE;09;LILLE;59;NORD;59512;ROUBAIX;0590189K;LYCEE PROFESSIONNEL LAVOISIER;public;LP;;73.2;;73.2;;22.7;22.6;120.2;104.4;89.9;134.7;115.2;117.7;102.0;105.5;86.3;114.2;101.4;81.6;133.8;107.4;109.9;96.2;98.4;79.6;116.7;100.2;82.3;134.1;108.8;107.3;94.7;98.7;79.3
2025-2026;09;32;HAUTS-DE-FRANCE;09;LILLE;59;NORD;59599;TOURCOING;0590217R;LYCEE PROFESSIONNEL SEVIGNE LYCEE DES METIERS;public;LP;;78.4;;78.2;;24.3;24.1;120.2;104.4;89.9;134.7;115.2;117.7;102.0;105.5;86.3;114.2;101.4;81.6;133.8;107.4;109.9;96.2;98.4;79.6;116.7;100.2;82.3;134.1;108.8;107.3;94.7;98.7;79.3
2025-2026;09;32;HAUTS-DE-FRANCE;09;LILLE;59;NORD;59606;VALENCIENNES;0590222W;LYCEE GENERAL ET TECHNOLOGIQUE WATTEAU;public;LEGT;116.3;;106.9;115.5;36.9;;36.9;120.2;104.4;89.9;134.7;115.2;117.7;102.0;105.5;86.3;114.2;101.4;81.6;133.8;107.4;109.9;96.2;98.4;79.6;116.7;100.2;82.3;134.1;108.8;107.3;94.7;98.7;79.3
2025-2026;09;32;HAUTS-DE-FRANCE;09;LILLE;59;NORD;59606;VALENCIENNES;0590223X;LYCEE GENERAL ET TECHNOLOGIQUE DU HAINAUT;public;LEGT;97;;97.2;97.1;34;;33.4;120.2;104.4;89.9;134.7;115.2;117.7;102.0;105.5;86.3;114.2;101.4;81.6;133.8;107.4;109.9;96.2;98.4;79.6;116.7;100.2;82.3;134.1;108.8;107.3;94.7;98.7;79.3
2025-2026;09;32;HAUTS-DE-FRANCE;09;LILLE;59;NORD;59051;LA BASSEE;0590252D;LYCEE PROFESSIONNEL LOUIS LEOPOLD BOILLY;public;LP;;84.3;;84.4;;23;22.9;120.2;104.4;89.9;134.7;115.2;117.7;102.0;105.5;86.3;114.2;101.4;81.6;133.8;107.4;109.9;96.2;98.4;79.6;116.7;100.2;82.3;134.1;108.8;107.3;94.7;98.7;79.3
2025-2026;09;32;HAUTS-DE-FRANCE;09;LILLE;59;NORD;59350;LILLE;0590266U;LYCEE PROFESSIONNEL CESAR BAGGIO;public;LP;;80.4;;80.2;;25.5;25.4;120.2;104.4;89.9;134.7;115.2;117.7;102.0;105.5;86.3;114.2;101.4;81.6;133.8;107.4;109.9;96.2;98.4;79.6;116.7;100.2;82.3;134.1;108.8;107.3;94.7;98.7;79.3
2025-2026;09;32;HAUTS-DE-FRANCE;09;LILLE;59;NORD;59122;CAMBRAI;0592611T;LYCEE PROFESSIONNEL LOUIS BLERIOT;public;LP;;80.2;100.4;80.7;;24.6;25;120.2;104.4;89.9;134.7;115.2;117.7;102.0;105.5;86.3;114.2;101.4;81.6;133.8;107.4;109.9;96.2;98.4;79.6;116.7;100.2;82.3;134.1;108.8;107.3;94.7;98.7;79.3
2025-2026;09;32;HAUTS-DE-FRANCE;09;LILLE;59;NORD;59392;MAUBEUGE;0592916Z;LYCEE GENERAL ET TECHNOLOGIQUE PRIVE NOTRE DAME DE GRACE;privé sous contrat;LEGT;111.2;;107;110.6;34.6;;34.2;120.2;104.4;89.9;134.7;115.2;117.7;102.0;105.5;86.3;114.2;101.4;81.6;133.8;107.4;109.9;96.2;98.4;79.6;116.7;100.2;82.3;134.1;108.8;107.3;94.7;98.7;79.3
2025-2026;09;32;HAUTS-DE-FRANCE;09;LILLE;59;NORD;59056;BEAUCAMPS LIGNY;0592932S;LYCEE GENERAL PRIVE SAINTE MARIE;privé sous contrat;LEGT;143.2;;;143.2;27.8;;27.8;120.2;104.4;89.9;134.7;115.2;117.7;102.0;105.5;86.3;114.2;101.4;81.6;133.8;107.4;109.9;96.2;98.4;79.6;116.7;100.2;82.3;134.1;108.8;107.3;94.7;98.7;79.3
2025-2026;09;32;HAUTS-DE-FRANCE;09;LILLE;59;NORD;59090;BONDUES;0592935V;LYCEE GENERAL PRIVE LA CROIX BLANCHE;privé sous contrat;LEGT;144.2;;;144.2;27.6;;27.6;120.2;104.4;89.9;134.7;115.2;117.7;102.0;105.5;86.3;114.2;101.4;81.6;133.8;107.4;109.9;96.2;98.4;79.6;116.7;100.2;82.3;134.1;108.8;107.3;94.7;98.7;79.3
2025-2026;09;32;HAUTS-DE-FRANCE;09;LILLE;59;NORD;59178;DOUAI;0592940A;LYCEE GENERAL PRIVE SAINT JEAN;privé sous contrat;LEGT;134.9;;154;141.6;31.3;;29.7;120.2;104.4;89.9;134.7;115.2;117.7;102.0;105.5;86.3;114.2;101.4;81.6;133.8;107.4;109.9;96.2;98.4;79.6;116.7;100.2;82.3;134.1;108.8;107.3;94.7;98.7;79.3
2025-2026;09;32;HAUTS-DE-FRANCE;09;LILLE;59;NORD;59606;VALENCIENNES;0592967E;LYCEE POLYVALENT PRIVE LA SAGESSE;privé sous contrat;LPO;106.9;98;105.7;102.7;30.4;28;29.5;120.2;104.4;89.9;134.7;115.2;117.7;102.0;105.5;86.3;114.2;101.4;81.6;133.8;107.4;109.9;96.2;98.4;79.6;116.7;100.2;82.3;134.1;108.8;107.3;94.7;98.7;79.3
2025-2026;09;32;HAUTS-DE-FRANCE;09;LILLE;59;NORD;59350;LILLE;0593006X;LYCEE POLYVALENT PRIVE NOTRE DAME D ANNAY;privé sous contrat;LPO;127.4;111.2;112.6;120.5;29.8;27.5;30.8;120.2;104.4;89.9;134.7;115.2;117.7;102.0;105.5;86.3;114.2;101.4;81.6;133.8;107.4;109.9;96.2;98.4;79.6;116.7;100.2;82.3;134.1;108.8;107.3;94.7;98.7;79.3
2025-2026;09;32;HAUTS-DE-FRANCE;09;LILLE;59;NORD;59350;LILLE;0593027V;LYCEE PROFESSIONNEL PRIVE NUMERIQUE DES METIERS EPIL GROUPE OEC LYCEE DES METIERS DE LA CONSTRUCTION DE L ENVIRONNEMENT ET DES ENERGIES;privé sous contrat;LP;;116.5;135.3;119.1;;33.1;33.3;120.2;104.4;89.9;134.7;115.2;117.7;102.0;105.5;86.3;114.2;101.4;81.6;133.8;107.4;109.9;96.2;98.4;79.6;116.7;100.2;82.3;134.1;108.8;107.3;94.7;98.7;79.3
2025-2026;09;32;HAUTS-DE-FRANCE;09;LILLE;59;NORD;59017;ARMENTIERES;0593060F;LYCEE POLYVALENT PRIVE INSTITUT NICOLAS BARRE LYCEE DES METIERS DE LA SECURITE PREVENTION DE L AUTOMOBILE ET DE LA MAINTENANCE DES MATERIELS;privé sous contrat;LPO;;98.2;113.1;99.2;;26.5;27.1;120.2;104.4;89.9;134.7;115.2;117.7;102.0;105.5;86.3;114.2;101.4;81.6;133.8;107.4;109.9;96.2;98.4;79.6;116.7;100.2;82.3;134.1;108.8;107.3;94.7;98.7;79.3
2025-2026;09;32;HAUTS-DE-FRANCE;09;LILLE;59;NORD;59009;VILLENEUVE D ASCQ;0594424N;LYCEE GENERAL ET TECHNOLOGIQUE RAYMOND QUENEAU;public;LEGT;109.3;;96.9;108.4;40.1;;39.9;120.2;104.4;89.9;134.7;115.2;117.7;102.0;105.5;86.3;114.2;101.4;81.6;133.8;107.4;109.9;96.2;98.4;79.6;116.7;100.2;82.3;134.1;108.8;107.3;94.7;98.7;79.3
2025-2026;09;32;HAUTS-DE-FRANCE;09;LILLE;59;NORD;59360;LOOS;0595657D;LYCEE POLYVALENT PRIVE INSTITUT SAINT VINCENT DE PAUL LYCEE DES METIERS DU BIEN ETRE DE LA SANTE ET DU SOCIAL;privé sous contrat;LPO;118.5;103.6;109.8;114.6;32.9;30.7;33.2;120.2;104.4;89.9;134.7;115.2;117.7;102.0;105.5;86.3;114.2;101.4;81.6;133.8;107.4;109.9;96.2;98.4;79.6;116.7;100.2;82.3;134.1;108.8;107.3;94.7;98.7;79.3
2025-2026;09;32;HAUTS-DE-FRANCE;09;LILLE;59;NORD;59350;LILLE;0595867G;LYCEE GENERAL ET TECHNOLOGIQUE INTERNATIONAL MONTEBELLO;public;LEGT;108.6;;93.3;107.6;41.6;;41;120.2;104.4;89.9;134.7;115.2;117.7;102.0;105.5;86.3;114.2;101.4;81.6;133.8;107.4;109.9;96.2;98.4;79.6;116.7;100.2;82.3;134.1;108.8;107.3;94.7;98.7;79.3
2025-2026;09;32;HAUTS-DE-FRANCE;09;LILLE;59;NORD;59378;MARCQ EN BAROEUL;0596122J;LYCEE GENERAL PRIVE JEANNINE MANUEL;privé sous contrat;LEGT;155.9;;;155.9;24.4;;24.4;120.2;104.4;89.9;134.7;115.2;117.7;102.0;105.5;86.3;114.2;101.4;81.6;133.8;107.4;109.9;96.2;98.4;79.6;116.7;100.2;82.3;134.1;108.8;107.3;94.7;98.7;79.3
2025-2026;09;32;HAUTS-DE-FRANCE;09;LILLE;59;NORD;59350;LILLE;0596681S;LYCEE GENERAL ET TECHNOLOGIQUE PRIVE AVERROES;privé sous contrat;LEGT;111.6;;;111.6;34.5;;34.5;120.2;104.4;89.9;134.7;115.2;117.7;102.0;105.5;86.3;114.2;101.4;81.6;133.8;107.4;109.9;96.2;98.4;79.6;116.7;100.2;82.3;134.1;108.8;107.3;94.7;98.7;79.3
2025-2026;09;32;HAUTS-DE-FRANCE;09;LILLE;59;NORD;59258;GENECH;0596925G;LYCEE POLYVALENT CHARLOTTE PERRIAND;public;LPO;134.5;106.1;;132.2;32.1;32.8;33.1;120.2;104.4;89.9;134.7;115.2;117.7;102.0;105.5;86.3;114.2;101.4;81.6;133.8;107.4;109.9;96.2;98.4;79.6;116.7;100.2;82.3;134.1;108.8;107.3;94.7;98.7;79.3
2025-2026;09;32;HAUTS-DE-FRANCE;09;LILLE;59;NORD;59350;LILLE;0596957S;LYCEE PROFESSIONNEL AIME CESAIRE;public;LP;;74.8;;75.1;;25.2;25.2;120.2;104.4;89.9;134.7;115.2;117.7;102.0;105.5;86.3;114.2;101.4;81.6;133.8;107.4;109.9;96.2;98.4;79.6;116.7;100.2;82.3;134.1;108.8;107.3;94.7;98.7;79.3
2025-2026;09;32;HAUTS-DE-FRANCE;09;LILLE;62;PAS-DE-CALAIS;62048;AUCHEL;0620017G;LYCEE GENERAL ET TECHNOLOGIQUE LAVOISIER;public;LEGT;89.4;;;89.4;27.7;;27.7;120.2;104.4;89.9;134.7;115.2;117.7;102.0;105.5;86.3;114.2;101.4;81.6;133.8;107.4;109.9;96.2;98.4;79.6;107.8;103.7;80.6;132.1;104.7;117.8;98.5;97.1;79.9
2025-2026;09;32;HAUTS-DE-FRANCE;09;LILLE;62;PAS-DE-CALAIS;62080;BAPAUME;0620030W;LYCEE PROFESSIONNEL PHILIPPE AUGUSTE;public;LP;;82.2;;82;;21.3;21.6;120.2;104.4;89.9;134.7;115.2;117.7;102.0;105.5;86.3;114.2;101.4;81.6;133.8;107.4;109.9;96.2;98.4;79.6;107.8;103.7;80.6;132.1;104.7;117.8;98.5;97.1;79.9
2025-2026;09;32;HAUTS-DE-FRANCE;09;LILLE;62;PAS-DE-CALAIS;62160;BOULOGNE SUR MER;0620052V;LYCEE POLYVALENT EDOUARD BRANLY;public;LPO;102.9;84.1;95.9;99.2;34;26.7;32.8;120.2;104.4;89.9;134.7;115.2;117.7;102.0;105.5;86.3;114.2;101.4;81.6;133.8;107.4;109.9;96.2;98.4;79.6;107.8;103.7;80.6;132.1;104.7;117.8;98.5;97.1;79.9
2025-2026;09;32;HAUTS-DE-FRANCE;09;LILLE;62;PAS-DE-CALAIS;62178;BRUAY LA BUISSIERE;0620056Z;LYCEE POLYVALENT CARNOT;public;LPO;98;78.7;86.5;92.9;31.8;22.9;30.6;120.2;104.4;89.9;134.7;115.2;117.7;102.0;105.5;86.3;114.2;101.4;81.6;133.8;107.4;109.9;96.2;98.4;79.6;107.8;103.7;80.6;132.1;104.7;117.8;98.5;97.1;79.9
2025-2026;09;32;HAUTS-DE-FRANCE;09;LILLE;62;PAS-DE-CALAIS;62193;CALAIS;0620062F;LYCEE GENERAL ET TECHNOLOGIQUE PIERRE DE COUBERTIN;public;LEGT;109.7;;89.9;106.4;34.8;;34.3;120.2;104.4;89.9;134.7;115.2;117.7;102.0;105.5;86.3;114.2;101.4;81.6;133.8;107.4;109.9;96.2;98.4;79.6;107.8;103.7;80.6;132.1;104.7;117.8;98.5;97.1;79.9
2025-2026;09;32;HAUTS-DE-FRANCE;09;LILLE;62;PAS-DE-CALAIS;62193;CALAIS;0620063G;LYCEE GENERAL ET TECHNOLOGIQUE SOPHIE BERTHELOT;public;LEGT;105;;98.1;103.9;33.3;;32.8;120.2;104.4;89.9;134.7;115.2;117.7;102.0;105.5;86.3;114.2;101.4;81.6;133.8;107.4;109.9;96.2;98.4;79.6;107.8;103.7;80.6;132.1;104.7;117.8;98.5;97.1;79.9
2025-2026;09;32;HAUTS-DE-FRANCE;09;LILLE;62;PAS-DE-CALAIS;62498;LENS;0620109G;LYCEE GENERAL ET TECHNOLOGIQUE AUGUSTE BEHAL;public;LEGT;89.4;;84;87.9;29.1;;28.3;120.2;104.4;89.9;134.7;115.2;117.7;102.0;105.5;86.3;114.2;101.4;81.6;133.8;107.4;109.9;96.2;98.4;79.6;107.8;103.7;80.6;132.1;104.7;117.8;98.5;97.1;79.9
2025-2026;09;32;HAUTS-DE-FRANCE;09;LILLE;62;PAS-DE-CALAIS;62767;SAINT POL SUR TERNOISE;0620166U;LYCEE GENERAL ET TECHNOLOGIQUE ALBERT CHATELET;public;LEGT;105.7;;90.4;103.8;34.1;;33.7;120.2;104.4;89.9;134.7;115.2;117.7;102.0;105.5;86.3;114.2;101.4;81.6;133.8;107.4;109.9;96.2;98.4;79.6;107.8;103.7;80.6;132.1;104.7;117.8;98.5;97.1;79.9
2025-2026;09;32;HAUTS-DE-FRANCE;09;LILLE;62;PAS-DE-CALAIS;62771;SALLAUMINES;0620220C;LYCEE PROFESSIONNEL LA PEUPLERAIE;public;LP;;73.7;;73.6;;21.4;21.1;120.2;104.4;89.9;134.7;115.2;117.7;102.0;105.5;86.3;114.2;101.4;81.6;133.8;107.4;109.9;96.2;98.4;79.6;107.8;103.7;80.6;132.1;104.7;117.8;98.5;97.1;79.9
2025-2026;09;32;HAUTS-DE-FRANCE;09;LILLE;62;PAS-DE-CALAIS;62041;ARRAS;0620256S;LYCEE POLYVALENT GUY MOLLET;public;LPO;107.6;79.7;98.9;104.3;32.7;24.4;32.6;120.2;104.4;89.9;134.7;115.2;117.7;102.0;105.5;86.3;114.2;101.4;81.6;133.8;107.4;109.9;96.2;98.4;79.6;107.8;103.7;80.6;132.1;104.7;117.8;98.5;97.1;79.9
2025-2026;09;32;HAUTS-DE-FRANCE;09;LILLE;62;PAS-DE-CALAIS;62498;LENS;0622114L;LYCEE POLYVALENT PRIVE SAINT PAUL;privé sous contrat;LPO;127.3;113.3;117.3;125;30.7;29.2;30.8;120.2;104.4;89.9;134.7;115.2;117.7;102.0;105.5;86.3;114.2;101.4;81.6;133.8;107.4;109.9;96.2;98.4;79.6;107.8;103.7;80.6;132.1;104.7;117.8;98.5;97.1;79.9
2025-2026;09;32;HAUTS-DE-FRANCE;09;LILLE;62;PAS-DE-CALAIS;62397;GUINES;0622150A;LYCEE POLYVALENT PRIVE JEAN BOSCO;privé sous contrat;LPO;101.8;92.9;;94.2;33.6;30.3;30.6;120.2;104.4;89.9;134.7;115.2;117.7;102.0;105.5;86.3;114.2;101.4;81.6;133.8;107.4;109.9;96.2;98.4;79.6;107.8;103.7;80.6;132.1;104.7;117.8;98.5;97.1;79.9
2025-2026;09;32;HAUTS-DE-FRANCE;09;LILLE;62;PAS-DE-CALAIS;62041;ARRAS;0622196A;LYCEE POLYVALENT PRIVE BAUDIMONT;privé sous contrat;LPO;135.6;115.4;115.8;128.2;29;29.7;31;120.2;104.4;89.9;134.7;115.2;117.7;102.0;105.5;86.3;114.2;101.4;81.6;133.8;107.4;109.9;96.2;98.4;79.6;107.8;103.7;80.6;132.1;104.7;117.8;98.5;97.1;79.9
2025-2026;09;32;HAUTS-DE-FRANCE;09;LILLE;62;PAS-DE-CALAIS;62160;BOULOGNE SUR MER;0622949U;LYCEE GENERAL ET TECHNOLOGIQUE MARIETTE;public;LEGT;107.8;;98.1;105.6;35.1;;34.7;120.2;104.4;89.9;134.7;115.2;117.7;102.0;105.5;86.3;114.2;101.4;81.6;133.8;107.4;109.9;96.2;98.4;79.6;107.8;103.7;80.6;132.1;104.7;117.8;98.5;97.1;79.9
2025-2026;09;32;HAUTS-DE-FRANCE;09;LILLE;62;PAS-DE-CALAIS;62498;LENS;0623864N;LYCEE PROFESSIONNEL MAXIMILIEN DE ROBESPIERRE;public;LP;;78.7;103.4;79.6;;23;23.7;120.2;104.4;89.9;134.7;115.2;117.7;102.0;105.5;86.3;114.2;101.4;81.6;133.8;107.4;109.9;96.2;98.4;79.6;107.8;103.7;80.6;132.1;104.7;117.8;98.5;97.1;79.9
2025-2026;09;32;HAUTS-DE-FRANCE;09;LILLE;62;PAS-DE-CALAIS;62014;AIRE SUR LA LYS;0623981R;LYCEE POLYVALENT VAUBAN;public;LPO;108.9;82.8;92.7;102.1;33;26.9;33.3;120.2;104.4;89.9;134.7;115.2;117.7;102.0;105.5;86.3;114.2;101.4;81.6;133.8;107.4;109.9;96.2;98.4;79.6;107.8;103.7;80.6;132.1;104.7;117.8;98.5;97.1;79.9
2025-2026;09;32;HAUTS-DE-FRANCE;09;LILLE;62;PAS-DE-CALAIS;62588;MONTREUIL SUR MER;0624531N;LYCEE GENERAL ET TECHNOLOGIQUE PRIVE SAINTE AUSTREBERTHE;privé sous contrat;LEGT;131.9;;;131.9;28.9;;28.9;120.2;104.4;89.9;134.7;115.2;117.7;102.0;105.5;86.3;114.2;101.4;81.6;133.8;107.4;109.9;96.2;98.4;79.6;107.8;103.7;80.6;132.1;104.7;117.8;98.5;97.1;79.9
2023-2024;09;32;HAUTS-DE-FRANCE;09;LILLE;59;NORD;59014;ANZIN;0590005K;LYCEE PROFESSIONNEL PIERRE JOSEPH FONTAINE;public;LP;;73;;73;;22.1;22.1;118.5;103.5;88.9;132.4;113.9;116.2;101.1;103.8;85.3;112.4;99.8;80.3;131.3;105.8;108.5;94.4;96.6;78.5;115.0;98.5;81.1;131.4;107.4;106.2;92.6;97.1;78.3
2023-2024;09;32;HAUTS-DE-FRANCE;09;LILLE;59;NORD;59122;CAMBRAI;0590035T;LYCEE GENERAL ET TECHNOLOGIQUE FENELON;public;LEGT;109;;105.4;108.4;33.7;;33.8;118.5;103.5;88.9;132.4;113.9;116.2;101.1;103.8;85.3;112.4;99.8;80.3;131.3;105.8;108.5;94.4;96.6;78.5;115.0;98.5;81.1;131.4;107.4;106.2;92.6;97.1;78.3
2023-2024;09;32;HAUTS-DE-FRANCE;09;LILLE;59;NORD;59286;HAUBOURDIN;0590093F;LYCEE POLYVALENT BEAUPRE LYCEE DES METIERS DE LA PLASTURGIE;public;LPO;113.8;89.8;85.7;106.7;33.1;24.7;32.9;118.5;103.5;88.9;132.4;113.9;116.2;101.1;103.8;85.3;112.4;99.8;80.3;131.3;105.8;108.5;94.4;96.6;78.5;115.0;98.5;81.1;131.4;107.4;106.2;92.6;97.1;78.3
2023-2024;09;32;HAUTS-DE-FRANCE;09;LILLE;59;NORD;59291;HAUTMONT;0590098L;LYCEE PROFESSIONNEL PLACIDE COURTOY;public;LP;;71.1;77.1;71.5;;20.8;20.7;118.5;103.5;88.9;132.4;113.9;116.2;101.1;103.8;85.3;112.4;99.8;80.3;131.3;105.8;108.5;94.4;96.6;78.5;115.0;98.5;81.1;131.4;107.4;106.2;92.6;97.1;78.3
2023-2024;09;32;HAUTS-DE-FRANCE;09;LILLE;59;NORD;59350;LILLE;0590119J;LYCEE GENERAL ET TECHNOLOGIQUE FAIDHERBE;public;LEGT;116.1;;143.1;128.8;39.8;;38.9;118.5;103.5;88.9;132.4;113.9;116.2;101.1;103.8;85.3;112.4;99.8;80.3;131.3;105.8;108.5;94.4;96.6;78.5;115.0;98.5;81.1;131.4;107.4;106.2;92.6;97.1;78.3
2023-2024;09;32;HAUTS-DE-FRANCE;09;LILLE;59;NORD;59350;LILLE;0590121L;LYCEE GENERAL ET TECHNOLOGIQUE CESAR BAGGIO;public;LEGT;91.5;;105;97.2;32.8;;35;118.5;103.5;88.9;132.4;113.9;116.2;101.1;103.8;85.3;112.4;99.8;80.3;131.3;105.8;108.5;94.4;96.6;78.5;115.0;98.5;81.1;131.4;107.4;106.2;92.6;97.1;78.3
2023-2024;09;32;HAUTS-DE-FRANCE;09;LILLE;59;NORD;59350;LILLE;0590125R;LYCEE HOTELIER INTERNATIONAL DE LILLE;public;LP;112.3;93.4;113;97.3;35.1;31.3;33.1;118.5;103.5;88.9;132.4;113.9;116.2;101.1;103.8;85.3;112.4;99.8;80.3;131.3;105.8;108.5;94.4;96.6;78.5;115.0;98.5;81.1;131.4;107.4;106.2;92.6;97.1;78.3
2023-2024;09;32;HAUTS-DE-FRANCE;09;LILLE;59;NORD;59599;TOURCOING;0590214M;LYCEE POLYVALENT COLBERT LYCEE DES METIERS DU NUMERIQUE ET DES TECHNOLOGIES INNOVANTES;public;LPO;91.7;83.8;76.1;86;33.7;26.1;31.2;118.5;103.5;88.9;132.4;113.9;116.2;101.1;103.8;85.3;112.4;99.8;80.3;131.3;105.8;108.5;94.4;96.6;78.5;115.0;98.5;81.1;131.4;107.4;106.2;92.6;97.1;78.3
2023-2024;09;32;HAUTS-DE-FRANCE;09;LILLE;59;NORD;59606;VALENCIENNES;0590222W;LYCEE GENERAL ET TECHNOLOGIQUE WATTEAU;public;LEGT;117.9;;104.1;116.8;37.4;;37.5;118.5;103.5;88.9;132.4;113.9;116.2;101.1;103.8;85.3;112.4;99.8;80.3;131.3;105.8;108.5;94.4;96.6;78.5;115.0;98.5;81.1;131.4;107.4;106.2;92.6;97.1;78.3
2023-2024;09;32;HAUTS-DE-FRANCE;09;LILLE;59;NORD;59606;VALENCIENNES;0590223X;LYCEE GENERAL ET TECHNOLOGIQUE DU HAINAUT;public;LEGT;95.6;;95.9;95.7;31.8;;31.4;118.5;103.5;88.9;132.4;113.9;116.2;101.1;103.8;85.3;112.4;99.8;80.3;131.3;105.8;108.5;94.4;96.6;78.5;115.0;98.5;81.1;131.4;107.4;106.2;92.6;97.1;78.3
2023-2024;09;32;HAUTS-DE-FRANCE;09;LILLE;59;NORD;59008;ANICHE;0592610S;LYCEE PROFESSIONNEL PIERRE JOSEPH LAURENT;public;LP;;74.2;83.7;74.6;;21.8;21.7;118.5;103.5;88.9;132.4;113.9;116.2;101.1;103.8;85.3;112.4;99.8;80.3;131.3;105.8;108.5;94.4;96.6;78.5;115.0;98.5;81.1;131.4;107.4;106.2;92.6;97.1;78.3
2023-2024;09;32;HAUTS-DE-FRANCE;09;LILLE;59;NORD;59122;CAMBRAI;0592611T;LYCEE PROFESSIONNEL LOUIS BLERIOT;public;LP;;76.7;87;77.1;;22.5;22.7;118.5;103.5;88.9;132.4;113.9;116.2;101.1;103.8;85.3;112.4;99.8;80.3;131.3;105.8;108.5;94.4;96.6;78.5;115.0;98.5;81.1;131.4;107.4;106.2;92.6;97.1;78.3
2023-2024;09;32;HAUTS-DE-FRANCE;09;LILLE;59;NORD;59090;BONDUES;0592935V;LYCEE GENERAL PRIVE LA CROIX BLANCHE;privé sous contrat;LEGT;141.8;;;141.8;28.9;;28.9;118.5;103.5;88.9;132.4;113.9;116.2;101.1;103.8;85.3;112.4;99.8;80.3;131.3;105.8;108.5;94.4;96.6;78.5;115.0;98.5;81.1;131.4;107.4;106.2;92.6;97.1;78.3
2023-2024;09;32;HAUTS-DE-FRANCE;09;LILLE;59;NORD;59328;LAMBERSART;0593015G;LYCEE PROFESSIONNEL PRIVE CAMILLE DE LELLIS;privé sous contrat;LP;;92.3;;92.6;;28.3;28.3;118.5;103.5;88.9;132.4;113.9;116.2;101.1;103.8;85.3;112.4;99.8;80.3;131.3;105.8;108.5;94.4;96.6;78.5;115.0;98.5;81.1;131.4;107.4;106.2;92.6;97.1;78.3
2023-2024;09;32;HAUTS-DE-FRANCE;09;LILLE;59;NORD;59449;ORCHIES;0593040J;LYCEE POLYVALENT PRIVE NOTRE DAME DE LA PROVIDENCE;privé sous contrat;LPO;130.4;117;110.3;122.5;29.7;30.9;31.4;118.5;103.5;88.9;132.4;113.9;116.2;101.1;103.8;85.3;112.4;99.8;80.3;131.3;105.8;108.5;94.4;96.6;78.5;115.0;98.5;81.1;131.4;107.4;106.2;92.6;97.1;78.3
2023-2024;09;32;HAUTS-DE-FRANCE;09;LILLE;59;NORD;59599;TOURCOING;0593139S;LYCEE GENERAL PRIVE SACRE COEUR;privé sous contrat;LEGT;120.2;;;120.2;35.6;;35.6;118.5;103.5;88.9;132.4;113.9;116.2;101.1;103.8;85.3;112.4;99.8;80.3;131.3;105.8;108.5;94.4;96.6;78.5;115.0;98.5;81.1;131.4;107.4;106.2;92.6;97.1;78.3
2023-2024;09;32;HAUTS-DE-FRANCE;09;LILLE;59;NORD;59183;DUNKERQUE;0594278E;LYCEE TECHNOLOGIQUE PRIVE EPID;privé sous contrat;LEGT;118.9;;103.8;114.2;25.5;;27.4;118.5;103.5;88.9;132.4;113.9;116.2;101.1;103.8;85.3;112.4;99.8;80.3;131.3;105.8;108.5;94.4;96.6;78.5;115.0;98.5;81.1;131.4;107.4;106.2;92.6;97.1;78.3
2023-2024;09;32;HAUTS-DE-FRANCE;09;LILLE;59;NORD;59383;MARLY;0594302F;LYCEE PROFESSIONNEL FRANCOIS MANSART LYCEE DES METIERS DU BATIMENT;public;LP;;72.7;;72.1;;21.3;20.9;118.5;103.5;88.9;132.4;113.9;116.2;101.1;103.8;85.3;112.4;99.8;80.3;131.3;105.8;108.5;94.4;96.6;78.5;115.0;98.5;81.1;131.4;107.4;106.2;92.6;97.1;78.3
2023-2024;09;32;HAUTS-DE-FRANCE;09;LILLE;59;NORD;59009;VILLENEUVE D ASCQ;0594424N;LYCEE GENERAL ET TECHNOLOGIQUE RAYMOND QUENEAU;public;LEGT;105.7;;80.9;104.4;39.2;;39;118.5;103.5;88.9;132.4;113.9;116.2;101.1;103.8;85.3;112.4;99.8;80.3;131.3;105.8;108.5;94.4;96.6;78.5;115.0;98.5;81.1;131.4;107.4;106.2;92.6;97.1;78.3
2023-2024;09;32;HAUTS-DE-FRANCE;09;LILLE;59;NORD;59360;LOOS;0595657D;LYCEE POLYVALENT PRIVE INSTITUT SAINT VINCENT DE PAUL LYCEE DES METIERS DU BIEN ETRE DE LA SANTE ET DU SOCIAL;privé sous contrat;LPO;117.7;104.4;108.9;114.1;33.7;29.6;34.2;118.5;103.5;88.9;132.4;113.9;116.2;101.1;103.8;85.3;112.4;99.8;80.3;131.3;105.8;108.5;94.4;96.6;78.5;115.0;98.5;81.1;131.4;107.4;106.2;92.6;97.1;78.3
2023-2024;09;32;HAUTS-DE-FRANCE;09;LILLE;59;NORD;59456;PECQUENCOURT;0596335R;LYCEE GENERAL PRIVE INSTITUT D ANCHIN;privé sous contrat;LEGT;129.1;;;129.1;31;;31;118.5;103.5;88.9;132.4;113.9;116.2;101.1;103.8;85.3;112.4;99.8;80.3;131.3;105.8;108.5;94.4;96.6;78.5;115.0;98.5;81.1;131.4;107.4;106.2;92.6;97.1;78.3
2023-2024;09;32;HAUTS-DE-FRANCE;09;LILLE;59;NORD;59153;CONDE SUR L ESCAUT;0596854E;LYCEE POLYVALENT DU PAYS DE CONDE;public;LPO;83.7;71.8;79.8;78.2;27.1;19.5;24.7;118.5;103.5;88.9;132.4;113.9;116.2;101.1;103.8;85.3;112.4;99.8;80.3;131.3;105.8;108.5;94.4;96.6;78.5;115.0;98.5;81.1;131.4;107.4;106.2;92.6;97.1;78.3
2023-2024;09;32;HAUTS-DE-FRANCE;09;LILLE;59;NORD;59178;DOUAI;0596892W;LYCEE D EXCELLENCE EDGAR MORIN;public;LEGT;95.4;;;95.4;33.1;;33.1;118.5;103.5;88.9;132.4;113.9;116.2;101.1;103.8;85.3;112.4;99.8;80.3;131.3;105.8;108.5;94.4;96.6;78.5;115.0;98.5;81.1;131.4;107.4;106.2;92.6;97.1;78.3
2023-2024;09;32;HAUTS-DE-FRANCE;09;LILLE;62;PAS-DE-CALAIS;62065;AVION;0620027T;LYCEE POLYVALENT PABLO PICASSO;public;LPO;84.6;65.7;78.6;81.8;27.5;15.2;26.9;118.5;103.5;88.9;132.4;113.9;116.2;101.1;103.8;85.3;112.4;99.8;80.3;131.3;105.8;108.5;94.4;96.6;78.5;105.9;102.1;79.4;130.5;102.7;115.4;97.1;94.2;78.7
2023-2024;09;32;HAUTS-DE-FRANCE;09;LILLE;62;PAS-DE-CALAIS;62510;LIEVIN;0620113L;LYCEE GENERAL ET TECHNOLOGIQUE HENRI DARRAS;public;LEGT;97;;84.3;95.6;32.2;;31.9;118.5;103.5;88.9;132.4;113.9;116.2;101.1;103.8;85.3;112.4;99.8;80.3;131.3;105.8;108.5;94.4;96.6;78.5;105.9;102.1;79.4;130.5;102.7;115.4;97.1;94.2;78.7
2023-2024;09;32;HAUTS-DE-FRANCE;09;LILLE;62;PAS-DE-CALAIS;62516;LILLERS;0620121V;LYCEE PROFESSIONNEL FLORA TRISTAN;public;LP;;78.5;;77.6;;22.5;21.8;118.5;103.5;88.9;132.4;113.9;116.2;101.1;103.8;85.3;112.4;99.8;80.3;131.3;105.8;108.5;94.4;96.6;78.5;105.9;102.1;79.4;130.5;102.7;115.4;97.1;94.2;78.7
2023-2024;09;32;HAUTS-DE-FRANCE;09;LILLE;62;PAS-DE-CALAIS;62767;SAINT POL SUR TERNOISE;0620166U;LYCEE GENERAL ET TECHNOLOGIQUE ALBERT CHATELET;public;LEGT;104.8;;85.7;102.6;32.8;;32.7;118.5;103.5;88.9;132.4;113.9;116.2;101.1;103.8;85.3;112.4;99.8;80.3;131.3;105.8;108.5;94.4;96.6;78.5;105.9;102.1;79.4;130.5;102.7;115.4;97.1;94.2;78.7
2023-2024;09;32;HAUTS-DE-FRANCE;09;LILLE;62;PAS-DE-CALAIS;62193;CALAIS;0620188T;LYCEE PROFESSIONNEL DU DETROIT LYCEE DES METIERS DE LA MODE ET DES TEXTILES LYCEE DES METIERS DE LA MAINTENANCE INDUSTRIELLE DES TERRES D OPALE;public;LP;;74.4;;74.5;;22;22;118.5;103.5;88.9;132.4;113.9;116.2;101.1;103.8;85.3;112.4;99.8;80.3;131.3;105.8;108.5;94.4;96.6;78.5;105.9;102.1;79.4;130.5;102.7;115.4;97.1;94.2;78.7
2023-2024;09;32;HAUTS-DE-FRANCE;09;LILLE;62;PAS-DE-CALAIS;62193;CALAIS;0620189U;LYCEE PROFESSIONNEL PIERRE DE COUBERTIN;public;LP;;79.8;;79.5;;23.9;23.8;118.5;103.5;88.9;132.4;113.9;116.2;101.1;103.8;85.3;112.4;99.8;80.3;131.3;105.8;108.5;94.4;96.6;78.5;105.9;102.1;79.4;130.5;102.7;115.4;97.1;94.2;78.7
2023-2024;09;32;HAUTS-DE-FRANCE;09;LILLE;62;PAS-DE-CALAIS;62178;BRUAY LA BUISSIERE;0620192X;LYCEE PROFESSIONNEL PIERRE MENDES FRANCE;public;LP;;71.4;;71.6;;22.6;22.2;118.5;103.5;88.9;132.4;113.9;116.2;101.1;103.8;85.3;112.4;99.8;80.3;131.3;105.8;108.5;94.4;96.6;78.5;105.9;102.1;79.4;130.5;102.7;115.4;97.1;94.2;78.7
2023-2024;09;32;HAUTS-DE-FRANCE;09;LILLE;62;PAS-DE-CALAIS;62119;BETHUNE;0622089J;LYCEE PROFESSIONNEL ANDRE MALRAUX;public;LP;;80.9;;80.8;;24.5;24.3;118.5;103.5;88.9;132.4;113.9;116.2;101.1;103.8;85.3;112.4;99.8;80.3;131.3;105.8;108.5;94.4;96.6;78.5;105.9;102.1;79.4;130.5;102.7;115.4;97.1;94.2;78.7
2023-2024;09;32;HAUTS-DE-FRANCE;09;LILLE;62;PAS-DE-CALAIS;62119;BETHUNE;0622106C;LYCEE GENERAL PRIVE SAINT VAAST SAINT DOMINIQUE;privé sous contrat;LEGT;135.2;;;135.2;28.2;;28.2;118.5;103.5;88.9;132.4;113.9;116.2;101.1;103.8;85.3;112.4;99.8;80.3;131.3;105.8;108.5;94.4;96.6;78.5;105.9;102.1;79.4;130.5;102.7;115.4;97.1;94.2;78.7
2023-2024;09;32;HAUTS-DE-FRANCE;09;LILLE;62;PAS-DE-CALAIS;62193;CALAIS;0622110G;LYCEE GENERAL ET TECHNOLOGIQUE PRIVE SAINT PIERRE;privé sous contrat;LEGT;121.1;;112.7;120.6;31.8;;31.5;118.5;103.5;88.9;132.4;113.9;116.2;101.1;103.8;85.3;112.4;99.8;80.3;131.3;105.8;108.5;94.4;96.6;78.5;105.9;102.1;79.4;130.5;102.7;115.4;97.1;94.2;78.7
2023-2024;09;32;HAUTS-DE-FRANCE;09;LILLE;62;PAS-DE-CALAIS;62126;BEUVRY;0623902E;LYCEE POLYVALENT MARGUERITE YOURCENAR;public;LPO;97.5;80.8;99.5;92.5;28.7;25.5;28.8;118.5;103.5;88.9;132.4;113.9;116.2;101.1;103.8;85.3;112.4;99.8;80.3;131.3;105.8;108.5;94.4;96.6;78.5;105.9;102.1;79.4;130.5;102.7;115.4;97.1;94.2;78.7
2023-2024;09;32;HAUTS-DE-FRANCE;09;LILLE;62;PAS-DE-CALAIS;62014;AIRE SUR LA LYS;0623981R;LYCEE POLYVALENT VAUBAN;public;LPO;110.3;84.5;92;104;31;22.7;31.1;118.5;103.5;88.9;132.4;113.9;116.2;101.1;103.8;85.3;112.4;99.8;80.3;131.3;105.8;108.5;94.4;96.6;78.5;105.9;102.1;79.4;130.5;102.7;115.4;97.1;94.2;78.7
2024-2025;09;32;HAUTS-DE-FRANCE;09;LILLE;59;NORD;59136;LE CATEAU CAMBRESIS;0590042A;LYCEE POLYVALENT CAMILLE DESMOULINS;public;LPO;90.3;70.2;78.9;80.7;28.6;17.4;25.5;119.6;104.2;89.5;134.0;114.7;117.4;101.7;104.7;85.9;113.4;100.9;81.1;133.3;106.6;109.3;95.7;97.0;79.2;116.0;99.5;81.8;133.6;108.0;106.6;94.1;97.5;79.0
2024-2025;09;32;HAUTS-DE-FRANCE;09;LILLE;59;NORD;59178;DOUAI;0590064Z;LYCEE GENERAL ET TECHNOLOGIQUE JEAN BAPTISTE COROT;public;LEGT;103.5;;92.7;101.9;35.2;;34.8;119.6;104.2;89.5;134.0;114.7;117.4;101.7;104.7;85.9;113.4;100.9;81.1;133.3;106.6;109.3;95.7;97.0;79.2;116.0;99.5;81.8;133.6;108.0;106.6;94.1;97.5;79.0
2024-2025;09;32;HAUTS-DE-FRANCE;09;LILLE;59;NORD;59183;DUNKERQUE;0590073J;LYCEE GENERAL ET TECHNOLOGIQUE AUGUSTE ANGELLIER;public;LEGT;113.6;;95.1;111.7;34;;34;119.6;104.2;89.5;134.0;114.7;117.4;101.7;104.7;85.9;113.4;100.9;81.1;133.3;106.6;109.3;95.7;97.0;79.2;116.0;99.5;81.8;133.6;108.0;106.6;94.1;97.5;79.0
2024-2025;09;32;HAUTS-DE-FRANCE;09;LILLE;59;NORD;59331;LANDRECIES;0590112B;LYCEE GENERAL ET TECHNOLOGIQUE DUPLEIX;public;LEGT;103.9;;90.6;102.4;30.4;;30.3;119.6;104.2;89.5;134.0;114.7;117.4;101.7;104.7;85.9;113.4;100.9;81.1;133.3;106.6;109.3;95.7;97.0;79.2;116.0;99.5;81.8;133.6;108.0;106.6;94.1;97.5;79.0
2024-2025;09;32;HAUTS-DE-FRANCE;09;LILLE;59;NORD;59392;MAUBEUGE;0590149S;LYCEE POLYVALENT PIERRE FOREST;public;LPO;94.9;77.5;80.5;93.2;32.8;20.5;32.2;119.6;104.2;89.5;134.0;114.7;117.4;101.7;104.7;85.9;113.4;100.9;81.1;133.3;106.6;109.3;95.7;97.0;79.2;116.0;99.5;81.8;133.6;108.0;106.6;94.1;97.5;79.0
2024-2025;09;32;HAUTS-DE-FRANCE;09;LILLE;59;NORD;59512;ROUBAIX;0590181B;LYCEE GENERAL ET TECHNOLOGIQUE MAXENCE VAN DER MEERSCH;public;LEGT;98.6;;;98.6;37;;37;119.6;104.2;89.5;134.0;114.7;117.4;101.7;104.7;85.9;113.4;100.9;81.1;133.3;106.6;109.3;95.7;97.0;79.2;116.0;99.5;81.8;133.6;108.0;106.6;94.1;97.5;79.0
2024-2025;09;32;HAUTS-DE-FRANCE;09;LILLE;59;NORD;59512;ROUBAIX;0590189K;LYCEE PROFESSIONNEL LAVOISIER;public;LP;;72.5;;72.7;;21;21;119.6;104.2;89.5;134.0;114.7;117.4;101.7;104.7;85.9;113.4;100.9;81.1;133.3;106.6;109.3;95.7;97.0;79.2;116.0;99.5;81.8;133.6;108.0;106.6;94.1;97.5;79.0
2024-2025;09;32;HAUTS-DE-FRANCE;09;LILLE;59;NORD;59599;TOURCOING;0590214M;LYCEE POLYVALENT COLBERT LYCEE DES METIERS DU NUMERIQUE ET DES TECHNOLOGIES INNOVANTES;public;LPO;91.3;84.7;97.9;91.4;32.2;29.5;32.5;119.6;104.2;89.5;134.0;114.7;117.4;101.7;104.7;85.9;113.4;100.9;81.1;133.3;106.6;109.3;95.7;97.0;79.2;116.0;99.5;81.8;133.6;108.0;106.6;94.1;97.5;79.0
2024-2025;09;32;HAUTS-DE-FRANCE;09;LILLE;59;NORD;59599;TOURCOING;0590216P;LYCEE PROFESSIONNEL LE CORBUSIER;public;LP;;88.8;;88.8;;30.4;30.4;119.6;104.2;89.5;134.0;114.7;117.4;101.7;104.7;85.9;113.4;100.9;81.1;133.3;106.6;109.3;95.7;97.0;79.2;116.0;99.5;81.8;133.6;108.0;106.6;94.1;97.5;79.0
2024-2025;09;32;HAUTS-DE-FRANCE;09;LILLE;59;NORD;59606;VALENCIENNES;0590222W;LYCEE GENERAL ET TECHNOLOGIQUE WATTEAU;public;LEGT;116.4;;108.4;115.7;37.4;;37.5;119.6;104.2;89.5;134.0;114.7;117.4;101.7;104.7;85.9;113.4;100.9;81.1;133.3;106.6;109.3;95.7;97.0;79.2;116.0;99.5;81.8;133.6;108.0;106.6;94.1;97.5;79.0
2024-2025;09;32;HAUTS-DE-FRANCE;09;LILLE;59;NORD;59646;WASQUEHAL;0590249A;LYCEE PROFESSIONNEL JACQUES YVES COUSTEAU;public;LP;;77.2;86.8;78.6;;26.2;26.9;119.6;104.2;89.5;134.0;114.7;117.4;101.7;104.7;85.9;113.4;100.9;81.1;133.3;106.6;109.3;95.7;97.0;79.2;116.0;99.5;81.8;133.6;108.0;106.6;94.1;97.5;79.0
2024-2025;09;32;HAUTS-DE-FRANCE;09;LILLE;59;NORD;59606;VALENCIENNES;0590270Y;LYCEE PROFESSIONNEL DU HAINAUT LYCEE DES METIERS DE L AUTOMOBILE LYCEE DES METIERS DE LA CHAUDRONNERIE;public;LP;;79.3;;79.1;;25.5;25.3;119.6;104.2;89.5;134.0;114.7;117.4;101.7;104.7;85.9;113.4;100.9;81.1;133.3;106.6;109.3;95.7;97.0;79.2;116.0;99.5;81.8;133.6;108.0;106.6;94.1;97.5;79.0
2024-2025;09;32;HAUTS-DE-FRANCE;09;LILLE;59;NORD;59527;SAINT ANDRE LEZ LILLE;0592832H;LYCEE PROFESSIONNEL VERTES FEUILLES LYCEE DES METIERS DE LA SECURITE ET DE LA PREVENTION;public;LP;;85.9;;86.1;;24.8;24.1;119.6;104.2;89.5;134.0;114.7;117.4;101.7;104.7;85.9;113.4;100.9;81.1;133.3;106.6;109.3;95.7;97.0;79.2;116.0;99.5;81.8;133.6;108.0;106.6;94.1;97.5;79.0
2024-2025;09;32;HAUTS-DE-FRANCE;09;LILLE;59;NORD;59017;ARMENTIERES;0592926K;LYCEE GENERAL ET TECHNOLOGIQUE PRIVE SAINT JUDE;privé sous contrat;LEGT;134;;119.2;132.7;32.4;;32.5;119.6;104.2;89.5;134.0;114.7;117.4;101.7;104.7;85.9;113.4;100.9;81.1;133.3;106.6;109.3;95.7;97.0;79.2;116.0;99.5;81.8;133.6;108.0;106.6;94.1;97.5;79.0
2024-2025;09;32;HAUTS-DE-FRANCE;09;LILLE;59;NORD;59036;AVESNES SUR HELPE;0592929N;LYCEE GENERAL ET TECHNOLOGIQUE PRIVE SAINTE THERESE;privé sous contrat;LEGT;113.5;;;113.5;32.9;;32.9;119.6;104.2;89.5;134.0;114.7;117.4;101.7;104.7;85.9;113.4;100.9;81.1;133.3;106.6;109.3;95.7;97.0;79.2;116.0;99.5;81.8;133.6;108.0;106.6;94.1;97.5;79.0
2024-2025;09;32;HAUTS-DE-FRANCE;09;LILLE;59;NORD;59009;VILLENEUVE D ASCQ;0592944E;LYCEE GENERAL PRIVE SAINT ADRIEN LA SALLE;privé sous contrat;LEGT;147.1;;;147.1;27.9;;27.9;119.6;104.2;89.5;134.0;114.7;117.4;101.7;104.7;85.9;113.4;100.9;81.1;133.3;106.6;109.3;95.7;97.0;79.2;116.0;99.5;81.8;133.6;108.0;106.6;94.1;97.5;79.0
2024-2025;09;32;HAUTS-DE-FRANCE;09;LILLE;59;NORD;59350;LILLE;0593027V;LYCEE PROFESSIONNEL PRIVE NUMERIQUE DES METIERS EPIL GROUPE OEC LYCEE DES METIERS DE LA CONSTRUCTION DE L ENVIRONNEMENT ET DES ENERGIES;privé sous contrat;LP;;116.3;131.4;119.1;;32;32;119.6;104.2;89.5;134.0;114.7;117.4;101.7;104.7;85.9;113.4;100.9;81.1;133.3;106.6;109.3;95.7;97.0;79.2;116.0;99.5;81.8;133.6;108.0;106.6;94.1;97.5;79.0
2024-2025;09;32;HAUTS-DE-FRANCE;09;LILLE;59;NORD;59043;BAILLEUL;0593063J;LYCEE PROFESSIONNEL PRIVE SAINTE MARIE;privé sous contrat;LP;;101.5;;100.9;;29.5;29.3;119.6;104.2;89.5;134.0;114.7;117.4;101.7;104.7;85.9;113.4;100.9;81.1;133.3;106.6;109.3;95.7;97.0;79.2;116.0;99.5;81.8;133.6;108.0;106.6;94.1;97.5;79.0
2024-2025;09;32;HAUTS-DE-FRANCE;09;LILLE;59;NORD;59183;DUNKERQUE;0593102B;LYCEE GENERAL PRIVE NOTRE DAME DES DUNES;privé sous contrat;LEGT;128.1;;;128.1;32.1;;32.1;119.6;104.2;89.5;134.0;114.7;117.4;101.7;104.7;85.9;113.4;100.9;81.1;133.3;106.6;109.3;95.7;97.0;79.2;116.0;99.5;81.8;133.6;108.0;106.6;94.1;97.5;79.0
2024-2025;09;32;HAUTS-DE-FRANCE;09;LILLE;59;NORD;59606;VALENCIENNES;0593141U;LYCEE GENERAL PRIVE NOTRE DAME;privé sous contrat;LEGT;132.3;;;132.3;32.1;;32.1;119.6;104.2;89.5;134.0;114.7;117.4;101.7;104.7;85.9;113.4;100.9;81.1;133.3;106.6;109.3;95.7;97.0;79.2;116.0;99.5;81.8;133.6;108.0;106.6;94.1;97.5;79.0
2024-2025;09;32;HAUTS-DE-FRANCE;09;LILLE;59;NORD;59654;WAZIERS;0593495D;LYCEE PROFESSIONNEL PAUL LANGEVIN;public;LP;;80;;79.6;;24.5;24.3;119.6;104.2;89.5;134.0;114.7;117.4;101.7;104.7;85.9;113.4;100.9;81.1;133.3;106.6;109.3;95.7;97.0;79.2;116.0;99.5;81.8;133.6;108.0;106.6;94.1;97.5;79.0
2024-2025;09;32;HAUTS-DE-FRANCE;09;LILLE;59;NORD;59172;DENAIN;0594653M;LYCEE PROFESSIONNEL ANDRE JURENIL;public;LP;;73.3;;73.3;;20.3;20.3;119.6;104.2;89.5;134.0;114.7;117.4;101.7;104.7;85.9;113.4;100.9;81.1;133.3;106.6;109.3;95.7;97.0;79.2;116.0;99.5;81.8;133.6;108.0;106.6;94.1;97.5;79.0
2024-2025;09;32;HAUTS-DE-FRANCE;09;LILLE;59;NORD;59183;DUNKERQUE;0595480L;LYCEE PROFESSIONNEL ILE JEANTY;public;LP;;75.7;;75.7;;21.8;21.8;119.6;104.2;89.5;134.0;114.7;117.4;101.7;104.7;85.9;113.4;100.9;81.1;133.3;106.6;109.3;95.7;97.0;79.2;116.0;99.5;81.8;133.6;108.0;106.6;94.1;97.5;79.0
2024-2025;09;32;HAUTS-DE-FRANCE;09;LILLE;59;NORD;59360;LOOS;0595657D;LYCEE POLYVALENT PRIVE INSTITUT SAINT VINCENT DE PAUL LYCEE DES METIERS DU BIEN ETRE DE LA SANTE ET DU SOCIAL;privé sous contrat;LPO;119.5;105.5;111.6;116.3;33.4;29.2;33.5;119.6;104.2;89.5;134.0;114.7;117.4;101.7;104.7;85.9;113.4;100.9;81.1;133.3;106.6;109.3;95.7;97.0;79.2;116.0;99.5;81.8;133.6;108.0;106.6;94.1;97.5;79.0
2024-2025;09;32;HAUTS-DE-FRANCE;09;LILLE;59;NORD;59663;WORMHOUT;0595856V;LYCEE PROFESSIONNEL DE L YSER;public;LP;;82.2;93.9;83.8;;24.5;25.1;119.6;104.2;89.5;134.0;114.7;117.4;101.7;104.7;85.9;113.4;100.9;81.1;133.3;106.6;109.3;95.7;97.0;79.2;116.0;99.5;81.8;133.6;108.0;106.6;94.1;97.5;79.0
2024-2025;09;32;HAUTS-DE-FRANCE;09;LILLE;59;NORD;59350;LILLE;0595867G;LYCEE GENERAL ET TECHNOLOGIQUE INTERNATIONAL MONTEBELLO;public;LEGT;107.4;;94.7;106.5;40.9;;40.1;119.6;104.2;89.5;134.0;114.7;117.4;101.7;104.7;85.9;113.4;100.9;81.1;133.3;106.6;109.3;95.7;97.0;79.2;116.0;99.5;81.8;133.6;108.0;106.6;94.1;97.5;79.0
2024-2025;09;32;HAUTS-DE-FRANCE;09;LILLE;59;NORD;59258;GENECH;0596281G;LYCEE GENERAL PRIVE DE GENECH;privé sous contrat;LEGT;132;;;132;27;;27;119.6;104.2;89.5;134.0;114.7;117.4;101.7;104.7;85.9;113.4;100.9;81.1;133.3;106.6;109.3;95.7;97.0;79.2;116.0;99.5;81.8;133.6;108.0;106.6;94.1;97.5;79.0
2024-2025;09;32;HAUTS-DE-FRANCE;09;LILLE;62;PAS-DE-CALAIS;62048;AUCHEL;0620017G;LYCEE GENERAL ET TECHNOLOGIQUE LAVOISIER;public;LEGT;88.8;;;88.8;27.6;;27.6;119.6;104.2;89.5;134.0;114.7;117.4;101.7;104.7;85.9;113.4;100.9;81.1;133.3;106.6;109.3;95.7;97.0;79.2;107.0;103.4;80.2;131.1;103.8;117.5;98.1;95.0;79.5
2024-2025;09;32;HAUTS-DE-FRANCE;09;LILLE;62;PAS-DE-CALAIS;62119;BETHUNE;0620040G;LYCEE GENERAL ET TECHNOLOGIQUE LOUIS BLARINGHEM;public;LEGT;118.5;;95.3;116;34.3;;34.4;119.6;104.2;89.5;134.0;114.7;117.4;101.7;104.7;85.9;113.4;100.9;81.1;133.3;106.6;109.3;95.7;97.0;79.2;107.0;103.4;80.2;131.1;103.8;117.5;98.1;95.0;79.5
2024-2025;09;32;HAUTS-DE-FRANCE;09;LILLE;62;PAS-DE-CALAIS;62427;HENIN BEAUMONT;0620095S;LYCEE POLYVALENT LOUIS PASTEUR;public;LPO;95.2;78.7;91.3;90.2;30;24.4;29.1;119.6;104.2;89.5;134.0;114.7;117.4;101.7;104.7;85.9;113.4;100.9;81.1;133.3;106.6;109.3;95.7;97.0;79.2;107.0;103.4;80.2;131.1;103.8;117.5;98.1;95.0;79.5
2024-2025;09;32;HAUTS-DE-FRANCE;09;LILLE;62;PAS-DE-CALAIS;62767;SAINT POL SUR TERNOISE;0620167V;LYCEE PROFESSIONNEL PIERRE MENDES FRANCE;public;LP;;76.2;;76.3;;21.9;21.7;119.6;104.2;89.5;134.0;114.7;117.4;101.7;104.7;85.9;113.4;100.9;81.1;133.3;106.6;109.3;95.7;97.0;79.2;107.0;103.4;80.2;131.1;103.8;117.5;98.1;95.0;79.5
2024-2025;09;32;HAUTS-DE-FRANCE;09;LILLE;62;PAS-DE-CALAIS;62119;BETHUNE;0622089J;LYCEE PROFESSIONNEL ANDRE MALRAUX;public;LP;;83.4;;83.1;;25.5;25.4;119.6;104.2;89.5;134.0;114.7;117.4;101.7;104.7;85.9;113.4;100.9;81.1;133.3;106.6;109.3;95.7;97.0;79.2;107.0;103.4;80.2;131.1;103.8;117.5;98.1;95.0;79.5
2024-2025;09;32;HAUTS-DE-FRANCE;09;LILLE;62;PAS-DE-CALAIS;62119;BETHUNE;0622106C;LYCEE GENERAL PRIVE SAINT VAAST SAINT DOMINIQUE;privé sous contrat;LEGT;131.9;;;131.9;29;;29;119.6;104.2;89.5;134.0;114.7;117.4;101.7;104.7;85.9;113.4;100.9;81.1;133.3;106.6;109.3;95.7;97.0;79.2;107.0;103.4;80.2;131.1;103.8;117.5;98.1;95.0;79.5
2024-2025;09;32;HAUTS-DE-FRANCE;09;LILLE;62;PAS-DE-CALAIS;62765;SAINT OMER;0622120T;LYCEE GENERAL PRIVE NOTRE DAME DE SION;privé sous contrat;LEGT;118.5;;;118.5;30.7;;30.7;119.6;104.2;89.5;134.0;114.7;117.4;101.7;104.7;85.9;113.4;100.9;81.1;133.3;106.6;109.3;95.7;97.0;79.2;107.0;103.4;80.2;131.1;103.8;117.5;98.1;95.0;79.5
2024-2025;09;32;HAUTS-DE-FRANCE;09;LILLE;62;PAS-DE-CALAIS;62041;ARRAS;0622196A;LYCEE POLYVALENT PRIVE BAUDIMONT LYCEE DES METIERS DU TERTIAIRE COMMERCIAL ET DU MANAGEMENT;privé sous contrat;LPO;133.5;114.2;119.2;127.8;29.2;29.8;30.7;119.6;104.2;89.5;134.0;114.7;117.4;101.7;104.7;85.9;113.4;100.9;81.1;133.3;106.6;109.3;95.7;97.0;79.2;107.0;103.4;80.2;131.1;103.8;117.5;98.1;95.0;79.5
2024-2025;09;32;HAUTS-DE-FRANCE;09;LILLE;62;PAS-DE-CALAIS;62758;SAINT MARTIN BOULOGNE;0622198C;LYCEE POLYVALENT PRIVE ET CAMPUS ST JOSEPH LYCEE DES METIERS ENERGIES NUMERIQUE ET AUTOMATION MANAGEMENT GESTION COMMUNICATION SANTE SOCIAL;privé sous contrat;LPO;110.1;97;102.5;104.5;28.8;26.6;28.2;119.6;104.2;89.5;134.0;114.7;117.4;101.7;104.7;85.9;113.4;100.9;81.1;133.3;106.6;109.3;95.7;97.0;79.2;107.0;103.4;80.2;131.1;103.8;117.5;98.1;95.0;79.5
2024-2025;09;32;HAUTS-DE-FRANCE;09;LILLE;62;PAS-DE-CALAIS;62178;BRUAY LA BUISSIERE;0622801H;LYCEE PROFESSIONNEL JEAN BERTIN LYCEE DES METIERS DES TRAVAUX PUBLICS;public;LP;;89.7;92.2;89.7;;25.2;25.4;119.6;104.2;89.5;134.0;114.7;117.4;101.7;104.7;85.9;113.4;100.9;81.1;133.3;106.6;109.3;95.7;97.0;79.2;107.0;103.4;80.2;131.1;103.8;117.5;98.1;95.0;79.5
2024-2025;09;32;HAUTS-DE-FRANCE;09;LILLE;62;PAS-DE-CALAIS;62160;BOULOGNE SUR MER;0622949U;LYCEE GENERAL ET TECHNOLOGIQUE MARIETTE;public;LEGT;107;;101.4;105.8;35.9;;35.7;119.6;104.2;89.5;134.0;114.7;117.4;101.7;104.7;85.9;113.4;100.9;81.1;133.3;106.6;109.3;95.7;97.0;79.2;107.0;103.4;80.2;131.1;103.8;117.5;98.1;95.0;79.5
2024-2025;09;32;HAUTS-DE-FRANCE;09;LILLE;62;PAS-DE-CALAIS;62427;HENIN BEAUMONT;0623328F;LYCEE PROFESSIONNEL HENRI SENEZ LYCEE DES METIERS;public;LP;;77.4;;77.4;;23.3;23.3;119.6;104.2;89.5;134.0;114.7;117.4;101.7;104.7;85.9;113.4;100.9;81.1;133.3;106.6;109.3;95.7;97.0;79.2;107.0;103.4;80.2;131.1;103.8;117.5;98.1;95.0;79.5
2024-2025;09;32;HAUTS-DE-FRANCE;09;LILLE;62;PAS-DE-CALAIS;62193;CALAIS;0623463C;LYCEE PROFESSIONNEL NORMANDIE NIEMEN;public;LP;;76;;76;;22;22;119.6;104.2;89.5;134.0;114.7;117.4;101.7;104.7;85.9;113.4;100.9;81.1;133.3;106.6;109.3;95.7;97.0;79.2;107.0;103.4;80.2;131.1;103.8;117.5;98.1;95.0;79.5
2024-2025;09;32;HAUTS-DE-FRANCE;09;LILLE;62;PAS-DE-CALAIS;62126;BEUVRY;0623902E;LYCEE POLYVALENT MARGUERITE YOURCENAR;public;LPO;101.2;81.9;100.1;94.1;28.6;25.5;28.6;119.6;104.2;89.5;134.0;114.7;117.4;101.7;104.7;85.9;113.4;100.9;81.1;133.3;106.6;109.3;95.7;97.0;79.2;107.0;103.4;80.2;131.1;103.8;117.5;98.1;95.0;79.5
2024-2025;09;32;HAUTS-DE-FRANCE;09;LILLE;62;PAS-DE-CALAIS;62014;AIRE SUR LA LYS;0623981R;LYCEE POLYVALENT VAUBAN;public;LPO;109.2;80.8;97;102.3;33.2;22.1;33.1;119.6;104.2;89.5;134.0;114.7;117.4;101.7;104.7;85.9;113.4;100.9;81.1;133.3;106.6;109.3;95.7;97.0;79.2;107.0;103.4;80.2;131.1;103.8;117.5;98.1;95.0;79.5
2025-2026;09;32;HAUTS-DE-FRANCE;09;LILLE;59;NORD;59122;CAMBRAI;0590034S;LYCEE GENERAL ET TECHNOLOGIQUE PAUL DUEZ;public;LEGT;104.3;;87.2;102.3;32.9;;32.7;120.2;104.4;89.9;134.7;115.2;117.7;102.0;105.5;86.3;114.2;101.4;81.6;133.8;107.4;109.9;96.2;98.4;79.6;116.7;100.2;82.3;134.1;108.8;107.3;94.7;98.7;79.3
2025-2026;09;32;HAUTS-DE-FRANCE;09;LILLE;59;NORD;59122;CAMBRAI;0590037V;LYCEE PROFESSIONNEL LOUISE DE BETTIGNIES;public;LP;;78.7;;78.7;;23.5;23.5;120.2;104.4;89.9;134.7;115.2;117.7;102.0;105.5;86.3;114.2;101.4;81.6;133.8;107.4;109.9;96.2;98.4;79.6;116.7;100.2;82.3;134.1;108.8;107.3;94.7;98.7;79.3
2025-2026;09;32;HAUTS-DE-FRANCE;09;LILLE;59;NORD;59172;DENAIN;0590060V;LYCEE GENERAL ET TECHNOLOGIQUE ALFRED KASTLER;public;LEGT;85.6;;95.5;87.2;28.1;;30;120.2;104.4;89.9;134.7;115.2;117.7;102.0;105.5;86.3;114.2;101.4;81.6;133.8;107.4;109.9;96.2;98.4;79.6;116.7;100.2;82.3;134.1;108.8;107.3;94.7;98.7;79.3
2025-2026;09;32;HAUTS-DE-FRANCE;09;LILLE;59;NORD;59295;HAZEBROUCK;0590102R;LYCEE PROFESSIONNEL DES MONTS DE FLANDRE;public;LP;;83.5;;83.2;;22.9;23;120.2;104.4;89.9;134.7;115.2;117.7;102.0;105.5;86.3;114.2;101.4;81.6;133.8;107.4;109.9;96.2;98.4;79.6;116.7;100.2;82.3;134.1;108.8;107.3;94.7;98.7;79.3
2025-2026;09;32;HAUTS-DE-FRANCE;09;LILLE;59;NORD;59350;LILLE;0590111A;LYCEE PROFESSIONNEL SONIA DELAUNAY;public;LP;;80.3;;80.5;;26.5;26.4;120.2;104.4;89.9;134.7;115.2;117.7;102.0;105.5;86.3;114.2;101.4;81.6;133.8;107.4;109.9;96.2;98.4;79.6;116.7;100.2;82.3;134.1;108.8;107.3;94.7;98.7;79.3
2025-2026;09;32;HAUTS-DE-FRANCE;09;LILLE;59;NORD;59350;LILLE;0590117G;LYCEE GENERAL ET TECHNOLOGIQUE LOUIS PASTEUR;public;LEGT;120.2;;99.4;117.7;41;;40.5;120.2;104.4;89.9;134.7;115.2;117.7;102.0;105.5;86.3;114.2;101.4;81.6;133.8;107.4;109.9;96.2;98.4;79.6;116.7;100.2;82.3;134.1;108.8;107.3;94.7;98.7;79.3
2025-2026;09;32;HAUTS-DE-FRANCE;09;LILLE;59;NORD;59481;LE QUESNOY;0590168M;LYCEE POLYVALENT EUGENE THOMAS;public;LPO;116.5;80.1;;109.7;36.2;22.7;36.9;120.2;104.4;89.9;134.7;115.2;117.7;102.0;105.5;86.3;114.2;101.4;81.6;133.8;107.4;109.9;96.2;98.4;79.6;116.7;100.2;82.3;134.1;108.8;107.3;94.7;98.7;79.3
2025-2026;09;32;HAUTS-DE-FRANCE;09;LILLE;59;NORD;59526;SAINT AMAND LES EAUX;0590192N;LYCEE POLYVALENT ERNEST COUTEAUX;public;LPO;111;84.6;88.6;104.9;33.4;25;33.4;120.2;104.4;89.9;134.7;115.2;117.7;102.0;105.5;86.3;114.2;101.4;81.6;133.8;107.4;109.9;96.2;98.4;79.6;116.7;100.2;82.3;134.1;108.8;107.3;94.7;98.7;79.3
2025-2026;09;32;HAUTS-DE-FRANCE;09;LILLE;59;NORD;59183;DUNKERQUE;0590198V;LYCEE PROFESSIONNEL GEORGES GUYNEMER;public;LP;;77.5;;77.5;;21.7;21.7;120.2;104.4;89.9;134.7;115.2;117.7;102.0;105.5;86.3;114.2;101.4;81.6;133.8;107.4;109.9;96.2;98.4;79.6;116.7;100.2;82.3;134.1;108.8;107.3;94.7;98.7;79.3
2025-2026;09;32;HAUTS-DE-FRANCE;09;LILLE;59;NORD;59599;TOURCOING;0590215N;LYCEE GENERAL ET TECHNOLOGIQUE SEVIGNE;public;LEGT;83.4;;97.6;92.4;26.1;;32.1;120.2;104.4;89.9;134.7;115.2;117.7;102.0;105.5;86.3;114.2;101.4;81.6;133.8;107.4;109.9;96.2;98.4;79.6;116.7;100.2;82.3;134.1;108.8;107.3;94.7;98.7;79.3
2025-2026;09;32;HAUTS-DE-FRANCE;09;LILLE;59;NORD;59599;TOURCOING;0590216P;LYCEE PROFESSIONNEL LE CORBUSIER;public;LP;;89.6;;89.6;;30.9;30.9;120.2;104.4;89.9;134.7;115.2;117.7;102.0;105.5;86.3;114.2;101.4;81.6;133.8;107.4;109.9;96.2;98.4;79.6;116.7;100.2;82.3;134.1;108.8;107.3;94.7;98.7;79.3
2025-2026;09;32;HAUTS-DE-FRANCE;09;LILLE;59;NORD;59155;COUDEKERQUE BRANCHE;0590263R;LYCEE PROFESSIONNEL FERNAND LEGER;public;LP;;81.3;;81.4;;22.4;22.4;120.2;104.4;89.9;134.7;115.2;117.7;102.0;105.5;86.3;114.2;101.4;81.6;133.8;107.4;109.9;96.2;98.4;79.6;116.7;100.2;82.3;134.1;108.8;107.3;94.7;98.7;79.3
2025-2026;09;32;HAUTS-DE-FRANCE;09;LILLE;59;NORD;59172;DENAIN;0590264S;LYCEE PROFESSIONNEL ALFRED KASTLER;public;LP;;74.1;;74;;22.3;22;120.2;104.4;89.9;134.7;115.2;117.7;102.0;105.5;86.3;114.2;101.4;81.6;133.8;107.4;109.9;96.2;98.4;79.6;116.7;100.2;82.3;134.1;108.8;107.3;94.7;98.7;79.3
2025-2026;09;32;HAUTS-DE-FRANCE;09;LILLE;59;NORD;59350;LILLE;0592922F;LYCEE GENERAL PRIVE THERESE D AVILA;privé sous contrat;LEGT;145.1;;;145.1;29.1;;29.1;120.2;104.4;89.9;134.7;115.2;117.7;102.0;105.5;86.3;114.2;101.4;81.6;133.8;107.4;109.9;96.2;98.4;79.6;116.7;100.2;82.3;134.1;108.8;107.3;94.7;98.7;79.3
2025-2026;09;32;HAUTS-DE-FRANCE;09;LILLE;59;NORD;59036;AVESNES SUR HELPE;0592929N;LYCEE GENERAL ET TECHNOLOGIQUE PRIVE SAINTE THERESE;privé sous contrat;LEGT;112.1;;;112.1;32.5;;32.5;120.2;104.4;89.9;134.7;115.2;117.7;102.0;105.5;86.3;114.2;101.4;81.6;133.8;107.4;109.9;96.2;98.4;79.6;116.7;100.2;82.3;134.1;108.8;107.3;94.7;98.7;79.3
2025-2026;09;32;HAUTS-DE-FRANCE;09;LILLE;59;NORD;59512;ROUBAIX;0592973L;LYCEE PROFESSIONNEL PRIVE SAINT FRANCOIS D ASSISE;privé sous contrat;LP;;90.5;;90.3;;26.9;26.7;120.2;104.4;89.9;134.7;115.2;117.7;102.0;105.5;86.3;114.2;101.4;81.6;133.8;107.4;109.9;96.2;98.4;79.6;116.7;100.2;82.3;134.1;108.8;107.3;94.7;98.7;79.3
2025-2026;09;32;HAUTS-DE-FRANCE;09;LILLE;59;NORD;59328;LAMBERSART;0593015G;LYCEE PROFESSIONNEL PRIVE CAMILLE DE LELLIS;privé sous contrat;LP;;96;;95.3;;29.5;28.3;120.2;104.4;89.9;134.7;115.2;117.7;102.0;105.5;86.3;114.2;101.4;81.6;133.8;107.4;109.9;96.2;98.4;79.6;116.7;100.2;82.3;134.1;108.8;107.3;94.7;98.7;79.3
2025-2026;09;32;HAUTS-DE-FRANCE;09;LILLE;59;NORD;59295;HAZEBROUCK;0593077Z;LYCEE POLYVALENT PRIVE SAINT JOSEPH;privé sous contrat;LPO;116.2;97.7;100.2;104.3;26;28.2;28.5;120.2;104.4;89.9;134.7;115.2;117.7;102.0;105.5;86.3;114.2;101.4;81.6;133.8;107.4;109.9;96.2;98.4;79.6;116.7;100.2;82.3;134.1;108.8;107.3;94.7;98.7;79.3
2025-2026;09;32;HAUTS-DE-FRANCE;09;LILLE;59;NORD;59350;LILLE;0593117T;LYCEE POLYVALENT PRIVE LA SALLE;privé sous contrat;LPO;139;124.7;132.8;135.8;31.3;32.8;31.4;120.2;104.4;89.9;134.7;115.2;117.7;102.0;105.5;86.3;114.2;101.4;81.6;133.8;107.4;109.9;96.2;98.4;79.6;116.7;100.2;82.3;134.1;108.8;107.3;94.7;98.7;79.3
2025-2026;09;32;HAUTS-DE-FRANCE;09;LILLE;59;NORD;59295;HAZEBROUCK;0593136N;LYCEE GENERAL ET TECHNOLOGIQUE PRIVE SAINT JACQUES;privé sous contrat;LEGT;129.1;;;128.9;31.1;;31.1;120.2;104.4;89.9;134.7;115.2;117.7;102.0;105.5;86.3;114.2;101.4;81.6;133.8;107.4;109.9;96.2;98.4;79.6;116.7;100.2;82.3;134.1;108.8;107.3;94.7;98.7;79.3
2025-2026;09;32;HAUTS-DE-FRANCE;09;LILLE;59;NORD;59028;AUBY;0594532F;LYCEE PROFESSIONNEL AMBROISE CROIZAT;public;LP;;74.1;;74.2;;20.1;19.8;120.2;104.4;89.9;134.7;115.2;117.7;102.0;105.5;86.3;114.2;101.4;81.6;133.8;107.4;109.9;96.2;98.4;79.6;116.7;100.2;82.3;134.1;108.8;107.3;94.7;98.7;79.3
2025-2026;09;32;HAUTS-DE-FRANCE;09;LILLE;59;NORD;59172;DENAIN;0594653M;LYCEE PROFESSIONNEL ANDRE JURENIL;public;LP;;73.4;;73.4;;20.9;20.9;120.2;104.4;89.9;134.7;115.2;117.7;102.0;105.5;86.3;114.2;101.4;81.6;133.8;107.4;109.9;96.2;98.4;79.6;116.7;100.2;82.3;134.1;108.8;107.3;94.7;98.7;79.3
2025-2026;09;32;HAUTS-DE-FRANCE;09;LILLE;59;NORD;59350;LILLE;0595786U;LYCEE GENERAL ET TECHNOLOGIQUE JEAN PROUVE;public;LEGT;103.3;;109.6;106;35.7;;35.7;120.2;104.4;89.9;134.7;115.2;117.7;102.0;105.5;86.3;114.2;101.4;81.6;133.8;107.4;109.9;96.2;98.4;79.6;116.7;100.2;82.3;134.1;108.8;107.3;94.7;98.7;79.3
2025-2026;09;32;HAUTS-DE-FRANCE;09;LILLE;59;NORD;59606;VALENCIENNES;0595809U;LYCEE GENERAL ET TECHNOLOGIQUE DE L ESCAUT;public;LEGT;101.9;;101.3;101.8;35.2;;35;120.2;104.4;89.9;134.7;115.2;117.7;102.0;105.5;86.3;114.2;101.4;81.6;133.8;107.4;109.9;96.2;98.4;79.6;116.7;100.2;82.3;134.1;108.8;107.3;94.7;98.7;79.3
2025-2026;09;32;HAUTS-DE-FRANCE;09;LILLE;59;NORD;59392;MAUBEUGE;0595884A;LYCEE POLYVALENT ANDRE LURCAT;public;LPO;78.3;73.8;73.1;75.9;27;23.7;25.3;120.2;104.4;89.9;134.7;115.2;117.7;102.0;105.5;86.3;114.2;101.4;81.6;133.8;107.4;109.9;96.2;98.4;79.6;116.7;100.2;82.3;134.1;108.8;107.3;94.7;98.7;79.3
2025-2026;09;32;HAUTS-DE-FRANCE;09;LILLE;59;NORD;59183;DUNKERQUE;0595918M;LYCEE PROFESSIONNEL PRIVE EPID LYCEE DES METIERS DES INDUSTRIES ET DES INNOVATIONS TECHNOLOGIQUES;privé sous contrat;LP;;104.4;;103.6;;26.9;27.2;120.2;104.4;89.9;134.7;115.2;117.7;102.0;105.5;86.3;114.2;101.4;81.6;133.8;107.4;109.9;96.2;98.4;79.6;116.7;100.2;82.3;134.1;108.8;107.3;94.7;98.7;79.3
2025-2026;09;32;HAUTS-DE-FRANCE;09;LILLE;59;NORD;59258;GENECH;0596281G;LYCEE GENERAL PRIVE DE GENECH;privé sous contrat;LEGT;136.6;;;136.6;27.6;;27.6;120.2;104.4;89.9;134.7;115.2;117.7;102.0;105.5;86.3;114.2;101.4;81.6;133.8;107.4;109.9;96.2;98.4;79.6;116.7;100.2;82.3;134.1;108.8;107.3;94.7;98.7;79.3
2025-2026;09;32;HAUTS-DE-FRANCE;09;LILLE;59;NORD;59153;CONDE SUR L ESCAUT;0596854E;LYCEE POLYVALENT DU PAYS DE CONDE;public;LPO;84.4;72.5;83.7;79.2;27.5;20.4;25.2;120.2;104.4;89.9;134.7;115.2;117.7;102.0;105.5;86.3;114.2;101.4;81.6;133.8;107.4;109.9;96.2;98.4;79.6;116.7;100.2;82.3;134.1;108.8;107.3;94.7;98.7;79.3
2025-2026;09;32;HAUTS-DE-FRANCE;09;LILLE;62;PAS-DE-CALAIS;62048;AUCHEL;0620018H;LYCEE PROFESSIONNEL FERNAND DEGRUGILLIER;public;LP;;72;;72;;22;22;120.2;104.4;89.9;134.7;115.2;117.7;102.0;105.5;86.3;114.2;101.4;81.6;133.8;107.4;109.9;96.2;98.4;79.6;107.8;103.7;80.6;132.1;104.7;117.8;98.5;97.1;79.9
2025-2026;09;32;HAUTS-DE-FRANCE;09;LILLE;62;PAS-DE-CALAIS;62427;HENIN BEAUMONT;0620095S;LYCEE POLYVALENT LOUIS PASTEUR;public;LPO;94.4;79.8;89.2;89.6;30.6;24.1;29.6;120.2;104.4;89.9;134.7;115.2;117.7;102.0;105.5;86.3;114.2;101.4;81.6;133.8;107.4;109.9;96.2;98.4;79.6;107.8;103.7;80.6;132.1;104.7;117.8;98.5;97.1;79.9
2025-2026;09;32;HAUTS-DE-FRANCE;09;LILLE;62;PAS-DE-CALAIS;62510;LIEVIN;0620113L;LYCEE GENERAL ET TECHNOLOGIQUE HENRI DARRAS;public;LEGT;100.9;;90.4;99.7;33.6;;33.3;120.2;104.4;89.9;134.7;115.2;117.7;102.0;105.5;86.3;114.2;101.4;81.6;133.8;107.4;109.9;96.2;98.4;79.6;107.8;103.7;80.6;132.1;104.7;117.8;98.5;97.1;79.9
2025-2026;09;32;HAUTS-DE-FRANCE;09;LILLE;62;PAS-DE-CALAIS;62516;LILLERS;0620120U;LYCEE GENERAL ET TECHNOLOGIQUE ANATOLE FRANCE;public;LEGT;106.7;;87.9;104.5;33.4;;33.1;120.2;104.4;89.9;134.7;115.2;117.7;102.0;105.5;86.3;114.2;101.4;81.6;133.8;107.4;109.9;96.2;98.4;79.6;107.8;103.7;80.6;132.1;104.7;117.8;98.5;97.1;79.9
2025-2026;09;32;HAUTS-DE-FRANCE;09;LILLE;62;PAS-DE-CALAIS;62588;MONTREUIL SUR MER;0620140R;LYCEE POLYVALENT EUGENE WOILLEZ;public;LPO;107.1;87.2;92.1;103.2;31.3;23.3;30.9;120.2;104.4;89.9;134.7;115.2;117.7;102.0;105.5;86.3;114.2;101.4;81.6;133.8;107.4;109.9;96.2;98.4;79.6;107.8;103.7;80.6;132.1;104.7;117.8;98.5;97.1;79.9
2025-2026;09;32;HAUTS-DE-FRANCE;09;LILLE;62;PAS-DE-CALAIS;62767;SAINT POL SUR TERNOISE;0620167V;LYCEE PROFESSIONNEL PIERRE MENDES FRANCE;public;LP;;76.5;;76.6;;20.2;20.3;120.2;104.4;89.9;134.7;115.2;117.7;102.0;105.5;86.3;114.2;101.4;81.6;133.8;107.4;109.9;96.2;98.4;79.6;107.8;103.7;80.6;132.1;104.7;117.8;98.5;97.1;79.9
2025-2026;09;32;HAUTS-DE-FRANCE;09;LILLE;62;PAS-DE-CALAIS;62193;CALAIS;0620188T;LYCEE PROFESSIONNEL DU DETROIT;public;LP;;74.4;;74.4;;22;22.4;120.2;104.4;89.9;134.7;115.2;117.7;102.0;105.5;86.3;114.2;101.4;81.6;133.8;107.4;109.9;96.2;98.4;79.6;107.8;103.7;80.6;132.1;104.7;117.8;98.5;97.1;79.9
2025-2026;09;32;HAUTS-DE-FRANCE;09;LILLE;62;PAS-DE-CALAIS;62108;BERCK;0622276M;LYCEE POLYVALENT JAN LAVEZZARI;public;LPO;105.4;82.5;105.1;100.5;32.9;22;31.8;120.2;104.4;89.9;134.7;115.2;117.7;102.0;105.5;86.3;114.2;101.4;81.6;133.8;107.4;109.9;96.2;98.4;79.6;107.8;103.7;80.6;132.1;104.7;117.8;98.5;97.1;79.9
2025-2026;09;32;HAUTS-DE-FRANCE;09;LILLE;62;PAS-DE-CALAIS;62178;BRUAY LA BUISSIERE;0622801H;LYCEE PROFESSIONNEL JEAN BERTIN LYCEE DES METIERS DES TRAVAUX PUBLICS;public;LP;;88.7;96.1;88.8;;25.1;25.4;120.2;104.4;89.9;134.7;115.2;117.7;102.0;105.5;86.3;114.2;101.4;81.6;133.8;107.4;109.9;96.2;98.4;79.6;107.8;103.7;80.6;132.1;104.7;117.8;98.5;97.1;79.9
2025-2026;09;32;HAUTS-DE-FRANCE;09;LILLE;62;PAS-DE-CALAIS;62427;HENIN BEAUMONT;0623328F;LYCEE PROFESSIONNEL HENRI SENEZ LYCEE DES METIERS;public;LP;;78.3;;78.3;;24;23.9;120.2;104.4;89.9;134.7;115.2;117.7;102.0;105.5;86.3;114.2;101.4;81.6;133.8;107.4;109.9;96.2;98.4;79.6;107.8;103.7;80.6;132.1;104.7;117.8;98.5;97.1;79.9
2025-2026;09;32;HAUTS-DE-FRANCE;09;LILLE;62;PAS-DE-CALAIS;62126;BEUVRY;0623902E;LYCEE POLYVALENT MARGUERITE YOURCENAR;public;LPO;101.6;83.5;98.8;94.7;28.6;25.1;28.6;120.2;104.4;89.9;134.7;115.2;117.7;102.0;105.5;86.3;114.2;101.4;81.6;133.8;107.4;109.9;96.2;98.4;79.6;107.8;103.7;80.6;132.1;104.7;117.8;98.5;97.1;79.9
2025-2026;09;32;HAUTS-DE-FRANCE;09;LILLE;62;PAS-DE-CALAIS;62193;CALAIS;0624141P;LYCEE POLYVALENT LEONARD DE VINCI LYCEE DES METIERS DE LA MAINTENANCE INDUSTRIELLE DES TERRES D OPALE;public;LPO;104.6;86.6;91.6;102.2;32;26.1;31.7;120.2;104.4;89.9;134.7;115.2;117.7;102.0;105.5;86.3;114.2;101.4;81.6;133.8;107.4;109.9;96.2;98.4;79.6;107.8;103.7;80.6;132.1;104.7;117.8;98.5;97.1;79.9
2023-2024;09;32;HAUTS-DE-FRANCE;09;LILLE;59;NORD;59172;DENAIN;0590060V;LYCEE GENERAL ET TECHNOLOGIQUE ALFRED KASTLER;public;LEGT;88.6;;88.4;88.6;28.7;;28.9;118.5;103.5;88.9;132.4;113.9;116.2;101.1;103.8;85.3;112.4;99.8;80.3;131.3;105.8;108.5;94.4;96.6;78.5;115.0;98.5;81.1;131.4;107.4;106.2;92.6;97.1;78.3
2023-2024;09;32;HAUTS-DE-FRANCE;09;LILLE;59;NORD;59249;FOURMIES;0590083V;LYCEE POLYVALENT CAMILLE CLAUDEL;public;LPO;94;71.7;75.8;84.8;33.9;21.5;31.5;118.5;103.5;88.9;132.4;113.9;116.2;101.1;103.8;85.3;112.4;99.8;80.3;131.3;105.8;108.5;94.4;96.6;78.5;115.0;98.5;81.1;131.4;107.4;106.2;92.6;97.1;78.3
2023-2024;09;32;HAUTS-DE-FRANCE;09;LILLE;59;NORD;59328;LAMBERSART;0590110Z;LYCEE GENERAL ET TECHNOLOGIQUE JEAN PERRIN;public;LEGT;120.7;;87;118.1;38.2;;38.8;118.5;103.5;88.9;132.4;113.9;116.2;101.1;103.8;85.3;112.4;99.8;80.3;131.3;105.8;108.5;94.4;96.6;78.5;115.0;98.5;81.1;131.4;107.4;106.2;92.6;97.1;78.3
2023-2024;09;32;HAUTS-DE-FRANCE;09;LILLE;59;NORD;59350;LILLE;0590111A;LYCEE PROFESSIONNEL SONIA DELAUNAY;public;LP;;76.8;;77;;24.2;24.1;118.5;103.5;88.9;132.4;113.9;116.2;101.1;103.8;85.3;112.4;99.8;80.3;131.3;105.8;108.5;94.4;96.6;78.5;115.0;98.5;81.1;131.4;107.4;106.2;92.6;97.1;78.3
2023-2024;09;32;HAUTS-DE-FRANCE;09;LILLE;59;NORD;59331;LANDRECIES;0590112B;LYCEE GENERAL ET TECHNOLOGIQUE DUPLEIX;public;LEGT;103.1;;89.5;101.8;31.1;;30.6;118.5;103.5;88.9;132.4;113.9;116.2;101.1;103.8;85.3;112.4;99.8;80.3;131.3;105.8;108.5;94.4;96.6;78.5;115.0;98.5;81.1;131.4;107.4;106.2;92.6;97.1;78.3
2023-2024;09;32;HAUTS-DE-FRANCE;09;LILLE;59;NORD;59392;MAUBEUGE;0590149S;LYCEE POLYVALENT PIERRE FOREST;public;LPO;94;75.4;75;91.8;32.8;21.1;32.3;118.5;103.5;88.9;132.4;113.9;116.2;101.1;103.8;85.3;112.4;99.8;80.3;131.3;105.8;108.5;94.4;96.6;78.5;115.0;98.5;81.1;131.4;107.4;106.2;92.6;97.1;78.3
2023-2024;09;32;HAUTS-DE-FRANCE;09;LILLE;59;NORD;59512;ROUBAIX;0590186G;LYCEE PROFESSIONNEL TURGOT LYCEE DES METIERS DES SERVICES ADMINISTRATIFS ET DE LA RELATION CLIENT;public;LP;;69.2;;69.2;;20.6;20.6;118.5;103.5;88.9;132.4;113.9;116.2;101.1;103.8;85.3;112.4;99.8;80.3;131.3;105.8;108.5;94.4;96.6;78.5;115.0;98.5;81.1;131.4;107.4;106.2;92.6;97.1;78.3
2023-2024;09;32;HAUTS-DE-FRANCE;09;LILLE;59;NORD;59574;SOMAIN;0590207E;LYCEE GENERAL ET TECHNOLOGIQUE LOUIS PASTEUR;public;LEGT;100.6;;80.7;99.7;33.3;;33;118.5;103.5;88.9;132.4;113.9;116.2;101.1;103.8;85.3;112.4;99.8;80.3;131.3;105.8;108.5;94.4;96.6;78.5;115.0;98.5;81.1;131.4;107.4;106.2;92.6;97.1;78.3
2023-2024;09;32;HAUTS-DE-FRANCE;09;LILLE;59;NORD;59599;TOURCOING;0590215N;LYCEE GENERAL ET TECHNOLOGIQUE SEVIGNE;public;LEGT;75;;90.5;86.1;21.9;;30.2;118.5;103.5;88.9;132.4;113.9;116.2;101.1;103.8;85.3;112.4;99.8;80.3;131.3;105.8;108.5;94.4;96.6;78.5;115.0;98.5;81.1;131.4;107.4;106.2;92.6;97.1;78.3
2023-2024;09;32;HAUTS-DE-FRANCE;09;LILLE;59;NORD;59599;TOURCOING;0590216P;LYCEE PROFESSIONNEL LE CORBUSIER;public;LP;;89.7;;89.7;;31.5;31.5;118.5;103.5;88.9;132.4;113.9;116.2;101.1;103.8;85.3;112.4;99.8;80.3;131.3;105.8;108.5;94.4;96.6;78.5;115.0;98.5;81.1;131.4;107.4;106.2;92.6;97.1;78.3
2023-2024;09;32;HAUTS-DE-FRANCE;09;LILLE;59;NORD;59051;LA BASSEE;0590252D;LYCEE PROFESSIONNEL LOUIS LEOPOLD BOILLY;public;LP;;84.2;;84.2;;23.5;23.5;118.5;103.5;88.9;132.4;113.9;116.2;101.1;103.8;85.3;112.4;99.8;80.3;131.3;105.8;108.5;94.4;96.6;78.5;115.0;98.5;81.1;131.4;107.4;106.2;92.6;97.1;78.3
2023-2024;09;32;HAUTS-DE-FRANCE;09;LILLE;59;NORD;59017;ARMENTIERES;0590257J;LYCEE PROFESSIONNEL ILE DE FLANDRE;public;LP;;79.1;;79.6;;21.2;21.9;118.5;103.5;88.9;132.4;113.9;116.2;101.1;103.8;85.3;112.4;99.8;80.3;131.3;105.8;108.5;94.4;96.6;78.5;115.0;98.5;81.1;131.4;107.4;106.2;92.6;97.1;78.3
2023-2024;09;32;HAUTS-DE-FRANCE;09;LILLE;59;NORD;59350;LILLE;0590266U;LYCEE PROFESSIONNEL CESAR BAGGIO;public;LP;;83.1;;82.7;;27.7;27.4;118.5;103.5;88.9;132.4;113.9;116.2;101.1;103.8;85.3;112.4;99.8;80.3;131.3;105.8;108.5;94.4;96.6;78.5;115.0;98.5;81.1;131.4;107.4;106.2;92.6;97.1;78.3
2023-2024;09;32;HAUTS-DE-FRANCE;09;LILLE;59;NORD;59033;AULNOYE AYMERIES;0592928M;LYCEE POLYVALENT PRIVE SAINTE JEANNE D ARC LYCEE DES METIERS DE L HOTELLERIE RESTAURATION LYCEE DES METIERS DE L ESTHETIQUE ET DE LA COIFFURE;privé sous contrat;LPO;106.9;96.9;101.8;101.9;32.5;27.7;30.2;118.5;103.5;88.9;132.4;113.9;116.2;101.1;103.8;85.3;112.4;99.8;80.3;131.3;105.8;108.5;94.4;96.6;78.5;115.0;98.5;81.1;131.4;107.4;106.2;92.6;97.1;78.3
2023-2024;09;32;HAUTS-DE-FRANCE;09;LILLE;59;NORD;59009;VILLENEUVE D ASCQ;0592944E;LYCEE GENERAL PRIVE SAINT ADRIEN LA SALLE;privé sous contrat;LEGT;145.8;;;145.8;29.1;;29.1;118.5;103.5;88.9;132.4;113.9;116.2;101.1;103.8;85.3;112.4;99.8;80.3;131.3;105.8;108.5;94.4;96.6;78.5;115.0;98.5;81.1;131.4;107.4;106.2;92.6;97.1;78.3
2023-2024;09;32;HAUTS-DE-FRANCE;09;LILLE;59;NORD;59512;ROUBAIX;0592963A;LYCEE POLYVALENT PRIVE SAINT MARTIN;privé sous contrat;LPO;97.3;95.6;112.8;97.5;27;26.1;27;118.5;103.5;88.9;132.4;113.9;116.2;101.1;103.8;85.3;112.4;99.8;80.3;131.3;105.8;108.5;94.4;96.6;78.5;115.0;98.5;81.1;131.4;107.4;106.2;92.6;97.1;78.3
2023-2024;09;32;HAUTS-DE-FRANCE;09;LILLE;59;NORD;59512;ROUBAIX;0592964B;LYCEE PROFESSIONNEL PRIVE LEONARD DE VINCI;privé sous contrat;LP;;84.4;;84.6;;24.6;24.9;118.5;103.5;88.9;132.4;113.9;116.2;101.1;103.8;85.3;112.4;99.8;80.3;131.3;105.8;108.5;94.4;96.6;78.5;115.0;98.5;81.1;131.4;107.4;106.2;92.6;97.1;78.3
2023-2024;09;32;HAUTS-DE-FRANCE;09;LILLE;59;NORD;59606;VALENCIENNES;0592967E;LYCEE POLYVALENT PRIVE LA SAGESSE;privé sous contrat;LPO;111.8;102.4;98.6;105.2;30.8;28;30.2;118.5;103.5;88.9;132.4;113.9;116.2;101.1;103.8;85.3;112.4;99.8;80.3;131.3;105.8;108.5;94.4;96.6;78.5;115.0;98.5;81.1;131.4;107.4;106.2;92.6;97.1;78.3
2023-2024;09;32;HAUTS-DE-FRANCE;09;LILLE;59;NORD;59606;VALENCIENNES;0592969G;LYCEE POLYVALENT PRIVE DAMPIERRE;privé sous contrat;LPO;113;100.7;102.6;103.8;30.5;25.8;28;118.5;103.5;88.9;132.4;113.9;116.2;101.1;103.8;85.3;112.4;99.8;80.3;131.3;105.8;108.5;94.4;96.6;78.5;115.0;98.5;81.1;131.4;107.4;106.2;92.6;97.1;78.3
2023-2024;09;32;HAUTS-DE-FRANCE;09;LILLE;59;NORD;59599;TOURCOING;0592980U;LYCEE POLYVALENT PRIVE EIC MARIE NOEL;privé sous contrat;LPO;96.2;90.7;;92.7;26.7;27;26.8;118.5;103.5;88.9;132.4;113.9;116.2;101.1;103.8;85.3;112.4;99.8;80.3;131.3;105.8;108.5;94.4;96.6;78.5;115.0;98.5;81.1;131.4;107.4;106.2;92.6;97.1;78.3
2023-2024;09;32;HAUTS-DE-FRANCE;09;LILLE;59;NORD;59350;LILLE;0593006X;LYCEE POLYVALENT PRIVE NOTRE DAME D ANNAY;privé sous contrat;LPO;128.2;110.2;103.9;118.6;29;29.5;31.6;118.5;103.5;88.9;132.4;113.9;116.2;101.1;103.8;85.3;112.4;99.8;80.3;131.3;105.8;108.5;94.4;96.6;78.5;115.0;98.5;81.1;131.4;107.4;106.2;92.6;97.1;78.3
2023-2024;09;32;HAUTS-DE-FRANCE;09;LILLE;59;NORD;59017;ARMENTIERES;0593060F;LYCEE POLYVALENT PRIVE INSTITUT NICOLAS BARRE LYCEE DES METIERS DE LA SECURITE PREVENTION DE L AUTOMOBILE ET DE LA MAINTENANCE DES MATERIELS;privé sous contrat;LPO;;93.6;96.1;93.6;;26.8;27;118.5;103.5;88.9;132.4;113.9;116.2;101.1;103.8;85.3;112.4;99.8;80.3;131.3;105.8;108.5;94.4;96.6;78.5;115.0;98.5;81.1;131.4;107.4;106.2;92.6;97.1;78.3
2023-2024;09;32;HAUTS-DE-FRANCE;09;LILLE;59;NORD;59122;CAMBRAI;0593061G;LYCEE POLYVALENT PRIVE SAINT LUC;privé sous contrat;LPO;126.5;100.2;105.5;112.6;29.5;29.9;31.8;118.5;103.5;88.9;132.4;113.9;116.2;101.1;103.8;85.3;112.4;99.8;80.3;131.3;105.8;108.5;94.4;96.6;78.5;115.0;98.5;81.1;131.4;107.4;106.2;92.6;97.1;78.3
2023-2024;09;32;HAUTS-DE-FRANCE;09;LILLE;59;NORD;59043;BAILLEUL;0593063J;LYCEE PROFESSIONNEL PRIVE SAINTE MARIE;privé sous contrat;LP;;102.9;;102.1;;29.7;29.2;118.5;103.5;88.9;132.4;113.9;116.2;101.1;103.8;85.3;112.4;99.8;80.3;131.3;105.8;108.5;94.4;96.6;78.5;115.0;98.5;81.1;131.4;107.4;106.2;92.6;97.1;78.3
2023-2024;09;32;HAUTS-DE-FRANCE;09;LILLE;59;NORD;59172;DENAIN;0593066M;LYCEE PROFESSIONNEL PRIVE JEAN PAUL II;privé sous contrat;LP;;81.8;;81.8;;25;25;118.5;103.5;88.9;132.4;113.9;116.2;101.1;103.8;85.3;112.4;99.8;80.3;131.3;105.8;108.5;94.4;96.6;78.5;115.0;98.5;81.1;131.4;107.4;106.2;92.6;97.1;78.3
2023-2024;09;32;HAUTS-DE-FRANCE;09;LILLE;59;NORD;59183;DUNKERQUE;0593102B;LYCEE GENERAL PRIVE NOTRE DAME DES DUNES;privé sous contrat;LEGT;126.6;;;126.6;32.9;;32.9;118.5;103.5;88.9;132.4;113.9;116.2;101.1;103.8;85.3;112.4;99.8;80.3;131.3;105.8;108.5;94.4;96.6;78.5;115.0;98.5;81.1;131.4;107.4;106.2;92.6;97.1;78.3
2023-2024;09;32;HAUTS-DE-FRANCE;09;LILLE;59;NORD;59328;LAMBERSART;0593106F;LYCEE GENERAL PRIVE SAINTE ODILE;privé sous contrat;LEGT;134.2;;;134.2;32.4;;32.4;118.5;103.5;88.9;132.4;113.9;116.2;101.1;103.8;85.3;112.4;99.8;80.3;131.3;105.8;108.5;94.4;96.6;78.5;115.0;98.5;81.1;131.4;107.4;106.2;92.6;97.1;78.3
2023-2024;09;32;HAUTS-DE-FRANCE;09;LILLE;59;NORD;59350;LILLE;0593114P;LYCEE GENERAL PRIVE SAINT PAUL;privé sous contrat;LEGT;151.2;;157.4;152.1;25.7;;25.2;118.5;103.5;88.9;132.4;113.9;116.2;101.1;103.8;85.3;112.4;99.8;80.3;131.3;105.8;108.5;94.4;96.6;78.5;115.0;98.5;81.1;131.4;107.4;106.2;92.6;97.1;78.3
2023-2024;09;32;HAUTS-DE-FRANCE;09;LILLE;59;NORD;59378;MARCQ EN BAROEUL;0593225K;LYCEE PRIVE DE MARCQ;privé sous contrat;LEGT;151.3;;;151.3;23.5;;23.5;118.5;103.5;88.9;132.4;113.9;116.2;101.1;103.8;85.3;112.4;99.8;80.3;131.3;105.8;108.5;94.4;96.6;78.5;115.0;98.5;81.1;131.4;107.4;106.2;92.6;97.1;78.3
2023-2024;09;32;HAUTS-DE-FRANCE;09;LILLE;59;NORD;59654;WAZIERS;0593495D;LYCEE PROFESSIONNEL PAUL LANGEVIN;public;LP;;79.3;;79.2;;23;23;118.5;103.5;88.9;132.4;113.9;116.2;101.1;103.8;85.3;112.4;99.8;80.3;131.3;105.8;108.5;94.4;96.6;78.5;115.0;98.5;81.1;131.4;107.4;106.2;92.6;97.1;78.3
2023-2024;09;32;HAUTS-DE-FRANCE;09;LILLE;59;NORD;59271;GRANDE SYNTHE;0594400M;LYCEE PROFESSIONNEL AUTOMOBILE ET TRANSPORTS;public;LP;;79;;79;;22.6;22.6;118.5;103.5;88.9;132.4;113.9;116.2;101.1;103.8;85.3;112.4;99.8;80.3;131.3;105.8;108.5;94.4;96.6;78.5;115.0;98.5;81.1;131.4;107.4;106.2;92.6;97.1;78.3
2023-2024;09;32;HAUTS-DE-FRANCE;09;LILLE;59;NORD;59172;DENAIN;0594653M;LYCEE PROFESSIONNEL ANDRE JURENIL;public;LP;;73.3;;73.3;;20.4;20.4;118.5;103.5;88.9;132.4;113.9;116.2;101.1;103.8;85.3;112.4;99.8;80.3;131.3;105.8;108.5;94.4;96.6;78.5;115.0;98.5;81.1;131.4;107.4;106.2;92.6;97.1;78.3
2023-2024;09;32;HAUTS-DE-FRANCE;09;LILLE;59;NORD;59271;GRANDE SYNTHE;0595616J;LYCEE GENERAL ET TECHNOLOGIQUE DU NOORDOVER;public;LEGT;91.8;;79.3;90.1;29.9;;29.2;118.5;103.5;88.9;132.4;113.9;116.2;101.1;103.8;85.3;112.4;99.8;80.3;131.3;105.8;108.5;94.4;96.6;78.5;115.0;98.5;81.1;131.4;107.4;106.2;92.6;97.1;78.3
2023-2024;09;32;HAUTS-DE-FRANCE;09;LILLE;59;NORD;59606;VALENCIENNES;0595809U;LYCEE GENERAL ET TECHNOLOGIQUE DE L ESCAUT;public;LEGT;101.9;;103;102.1;35.1;;34.6;118.5;103.5;88.9;132.4;113.9;116.2;101.1;103.8;85.3;112.4;99.8;80.3;131.3;105.8;108.5;94.4;96.6;78.5;115.0;98.5;81.1;131.4;107.4;106.2;92.6;97.1;78.3
2023-2024;09;32;HAUTS-DE-FRANCE;09;LILLE;59;NORD;59350;LILLE;0595867G;LYCEE GENERAL ET TECHNOLOGIQUE INTERNATIONAL MONTEBELLO;public;LEGT;106.4;;89.5;105.2;42.6;;42;118.5;103.5;88.9;132.4;113.9;116.2;101.1;103.8;85.3;112.4;99.8;80.3;131.3;105.8;108.5;94.4;96.6;78.5;115.0;98.5;81.1;131.4;107.4;106.2;92.6;97.1;78.3
2023-2024;09;32;HAUTS-DE-FRANCE;09;LILLE;59;NORD;59569;SIN LE NOBLE;0595885B;LYCEE GENERAL ET TECHNOLOGIQUE ARTHUR RIMBAUD;public;LEGT;102.6;;87.6;100.7;32.7;;32.4;118.5;103.5;88.9;132.4;113.9;116.2;101.1;103.8;85.3;112.4;99.8;80.3;131.3;105.8;108.5;94.4;96.6;78.5;115.0;98.5;81.1;131.4;107.4;106.2;92.6;97.1;78.3
2023-2024;09;32;HAUTS-DE-FRANCE;09;LILLE;59;NORD;59258;GENECH;0596281G;LYCEE GENERAL PRIVE DE GENECH;privé sous contrat;LEGT;129.2;;;129.2;26.1;;26.1;118.5;103.5;88.9;132.4;113.9;116.2;101.1;103.8;85.3;112.4;99.8;80.3;131.3;105.8;108.5;94.4;96.6;78.5;115.0;98.5;81.1;131.4;107.4;106.2;92.6;97.1;78.3
2023-2024;09;32;HAUTS-DE-FRANCE;09;LILLE;59;NORD;59258;GENECH;0596925G;LYCEE POLYVALENT CHARLOTTE PERRIAND;public;LPO;132.1;101.9;;129.9;33.3;28.8;33.9;118.5;103.5;88.9;132.4;113.9;116.2;101.1;103.8;85.3;112.4;99.8;80.3;131.3;105.8;108.5;94.4;96.6;78.5;115.0;98.5;81.1;131.4;107.4;106.2;92.6;97.1;78.3
2023-2024;09;32;HAUTS-DE-FRANCE;09;LILLE;59;NORD;59212;ESTAIRES;0597005U;LYCEE POLYVALENT DU VAL DE LYS;public;LPO;102.7;87.2;116;99.3;31.5;26.3;31.4;118.5;103.5;88.9;132.4;113.9;116.2;101.1;103.8;85.3;112.4;99.8;80.3;131.3;105.8;108.5;94.4;96.6;78.5;115.0;98.5;81.1;131.4;107.4;106.2;92.6;97.1;78.3
2023-2024;09;32;HAUTS-DE-FRANCE;09;LILLE;62;PAS-DE-CALAIS;62048;AUCHEL;0620018H;LYCEE PROFESSIONNEL FERNAND DEGRUGILLIER;public;LP;;72.1;;72.1;;19.9;19.9;118.5;103.5;88.9;132.4;113.9;116.2;101.1;103.8;85.3;112.4;99.8;80.3;131.3;105.8;108.5;94.4;96.6;78.5;105.9;102.1;79.4;130.5;102.7;115.4;97.1;94.2;78.7
2023-2024;09;32;HAUTS-DE-FRANCE;09;LILLE;62;PAS-DE-CALAIS;62080;BAPAUME;0620030W;LYCEE PROFESSIONNEL PHILIPPE AUGUSTE;public;LP;;81.1;;81.1;;21.7;21.7;118.5;103.5;88.9;132.4;113.9;116.2;101.1;103.8;85.3;112.4;99.8;80.3;131.3;105.8;108.5;94.4;96.6;78.5;105.9;102.1;79.4;130.5;102.7;115.4;97.1;94.2;78.7
2023-2024;09;32;HAUTS-DE-FRANCE;09;LILLE;62;PAS-DE-CALAIS;62119;BETHUNE;0620040G;LYCEE GENERAL ET TECHNOLOGIQUE LOUIS BLARINGHEM;public;LEGT;117.8;;100.9;115.9;33.9;;34.2;118.5;103.5;88.9;132.4;113.9;116.2;101.1;103.8;85.3;112.4;99.8;80.3;131.3;105.8;108.5;94.4;96.6;78.5;105.9;102.1;79.4;130.5;102.7;115.4;97.1;94.2;78.7
2023-2024;09;32;HAUTS-DE-FRANCE;09;LILLE;62;PAS-DE-CALAIS;62193;CALAIS;0620062F;LYCEE GENERAL ET TECHNOLOGIQUE PIERRE DE COUBERTIN;public;LEGT;108.4;;87.5;104.3;34.7;;34.5;118.5;103.5;88.9;132.4;113.9;116.2;101.1;103.8;85.3;112.4;99.8;80.3;131.3;105.8;108.5;94.4;96.6;78.5;105.9;102.1;79.4;130.5;102.7;115.4;97.1;94.2;78.7
2023-2024;09;32;HAUTS-DE-FRANCE;09;LILLE;62;PAS-DE-CALAIS;62193;CALAIS;0620063G;LYCEE GENERAL ET TECHNOLOGIQUE SOPHIE BERTHELOT;public;LEGT;102.7;;98.2;102;32.8;;32.3;118.5;103.5;88.9;132.4;113.9;116.2;101.1;103.8;85.3;112.4;99.8;80.3;131.3;105.8;108.5;94.4;96.6;78.5;105.9;102.1;79.4;130.5;102.7;115.4;97.1;94.2;78.7
2023-2024;09;32;HAUTS-DE-FRANCE;09;LILLE;62;PAS-DE-CALAIS;62498;LENS;0620108F;LYCEE GENERAL ET TECHNOLOGIQUE CONDORCET;public;LEGT;87.9;;83.8;87.3;29.5;;29.2;118.5;103.5;88.9;132.4;113.9;116.2;101.1;103.8;85.3;112.4;99.8;80.3;131.3;105.8;108.5;94.4;96.6;78.5;105.9;102.1;79.4;130.5;102.7;115.4;97.1;94.2;78.7
2023-2024;09;32;HAUTS-DE-FRANCE;09;LILLE;62;PAS-DE-CALAIS;62765;SAINT OMER;0620161N;LYCEE GENERAL ET TECHNOLOGIQUE ALEXANDRE RIBOT;public;LEGT;106.6;;86.5;103.6;34.5;;34.3;118.5;103.5;88.9;132.4;113.9;116.2;101.1;103.8;85.3;112.4;99.8;80.3;131.3;105.8;108.5;94.4;96.6;78.5;105.9;102.1;79.4;130.5;102.7;115.4;97.1;94.2;78.7
2023-2024;09;32;HAUTS-DE-FRANCE;09;LILLE;62;PAS-DE-CALAIS;62767;SAINT POL SUR TERNOISE;0620167V;LYCEE PROFESSIONNEL PIERRE MENDES FRANCE;public;LP;;79;;79;;22.6;22.6;118.5;103.5;88.9;132.4;113.9;116.2;101.1;103.8;85.3;112.4;99.8;80.3;131.3;105.8;108.5;94.4;96.6;78.5;105.9;102.1;79.4;130.5;102.7;115.4;97.1;94.2;78.7
2023-2024;09;32;HAUTS-DE-FRANCE;09;LILLE;62;PAS-DE-CALAIS;62771;SALLAUMINES;0620220C;LYCEE PROFESSIONNEL LA PEUPLERAIE;public;LP;;69.9;;70.1;;19.4;19.5;118.5;103.5;88.9;132.4;113.9;116.2;101.1;103.8;85.3;112.4;99.8;80.3;131.3;105.8;108.5;94.4;96.6;78.5;105.9;102.1;79.4;130.5;102.7;115.4;97.1;94.2;78.7
2023-2024;09;32;HAUTS-DE-FRANCE;09;LILLE;62;PAS-DE-CALAIS;62525;LONGUENESSE;0622116N;LYCEE GENERAL PRIVE LA MALASSISE;privé sous contrat;LEGT;140;;;140;28.6;;28.6;118.5;103.5;88.9;132.4;113.9;116.2;101.1;103.8;85.3;112.4;99.8;80.3;131.3;105.8;108.5;94.4;96.6;78.5;105.9;102.1;79.4;130.5;102.7;115.4;97.1;94.2;78.7
2023-2024;09;32;HAUTS-DE-FRANCE;09;LILLE;62;PAS-DE-CALAIS;62758;SAINT MARTIN BOULOGNE;0622198C;LYCEE POLYVALENT PRIVE ET CAMPUS ST JOSEPH LYCEE DES METIERS ENERGIES NUMERIQUE ET AUTOMATION MANAGEMENT GESTION COMMUNICATION SANTE SOCIAL;privé sous contrat;LPO;108.6;96.3;102.7;103.7;29.1;25.6;28.6;118.5;103.5;88.9;132.4;113.9;116.2;101.1;103.8;85.3;112.4;99.8;80.3;131.3;105.8;108.5;94.4;96.6;78.5;105.9;102.1;79.4;130.5;102.7;115.4;97.1;94.2;78.7
2023-2024;09;32;HAUTS-DE-FRANCE;09;LILLE;62;PAS-DE-CALAIS;62160;BOULOGNE SUR MER;0622949U;LYCEE GENERAL ET TECHNOLOGIQUE MARIETTE;public;LEGT;104.8;;97.6;103.2;36.5;;36.2;118.5;103.5;88.9;132.4;113.9;116.2;101.1;103.8;85.3;112.4;99.8;80.3;131.3;105.8;108.5;94.4;96.6;78.5;105.9;102.1;79.4;130.5;102.7;115.4;97.1;94.2;78.7
2023-2024;09;32;HAUTS-DE-FRANCE;09;LILLE;62;PAS-DE-CALAIS;62510;LIEVIN;0623377J;LYCEE PROFESSIONNEL DU BATIMENT FRANCOIS HENNEBIQUE;public;LP;;76.1;;75.4;;23.4;23.3;118.5;103.5;88.9;132.4;113.9;116.2;101.1;103.8;85.3;112.4;99.8;80.3;131.3;105.8;108.5;94.4;96.6;78.5;105.9;102.1;79.4;130.5;102.7;115.4;97.1;94.2;78.7
2023-2024;09;32;HAUTS-DE-FRANCE;09;LILLE;62;PAS-DE-CALAIS;62895;WINGLES;0623915U;LYCEE GENERAL ET TECHNOLOGIQUE VOLTAIRE;public;LEGT;109;;91.2;106.5;33;;33.2;118.5;103.5;88.9;132.4;113.9;116.2;101.1;103.8;85.3;112.4;99.8;80.3;131.3;105.8;108.5;94.4;96.6;78.5;105.9;102.1;79.4;130.5;102.7;115.4;97.1;94.2;78.7
2024-2025;09;32;HAUTS-DE-FRANCE;09;LILLE;59;NORD;59053;BAVAY;0590024F;LYCEE GENERAL DES NERVIENS;public;LEGT;109.6;;;109.6;31.9;;31.9;119.6;104.2;89.5;134.0;114.7;117.4;101.7;104.7;85.9;113.4;100.9;81.1;133.3;106.6;109.3;95.7;97.0;79.2;116.0;99.5;81.8;133.6;108.0;106.6;94.1;97.5;79.0
2024-2025;09;32;HAUTS-DE-FRANCE;09;LILLE;59;NORD;59122;CAMBRAI;0590037V;LYCEE PROFESSIONNEL LOUISE DE BETTIGNIES;public;LP;;79.7;;79.7;;24.3;24.3;119.6;104.2;89.5;134.0;114.7;117.4;101.7;104.7;85.9;113.4;100.9;81.1;133.3;106.6;109.3;95.7;97.0;79.2;116.0;99.5;81.8;133.6;108.0;106.6;94.1;97.5;79.0
2024-2025;09;32;HAUTS-DE-FRANCE;09;LILLE;59;NORD;59291;HAUTMONT;0590098L;LYCEE PROFESSIONNEL PLACIDE COURTOY;public;LP;;72.9;89.7;73.9;;22.2;22.8;119.6;104.2;89.5;134.0;114.7;117.4;101.7;104.7;85.9;113.4;100.9;81.1;133.3;106.6;109.3;95.7;97.0;79.2;116.0;99.5;81.8;133.6;108.0;106.6;94.1;97.5;79.0
2024-2025;09;32;HAUTS-DE-FRANCE;09;LILLE;59;NORD;59328;LAMBERSART;0590110Z;LYCEE GENERAL ET TECHNOLOGIQUE JEAN PERRIN;public;LEGT;119.2;;81.6;116.1;37.9;;38.5;119.6;104.2;89.5;134.0;114.7;117.4;101.7;104.7;85.9;113.4;100.9;81.1;133.3;106.6;109.3;95.7;97.0;79.2;116.0;99.5;81.8;133.6;108.0;106.6;94.1;97.5;79.0
2024-2025;09;32;HAUTS-DE-FRANCE;09;LILLE;59;NORD;59350;LILLE;0590111A;LYCEE PROFESSIONNEL SONIA DELAUNAY;public;LP;;78.6;;78.4;;25.4;25.1;119.6;104.2;89.5;134.0;114.7;117.4;101.7;104.7;85.9;113.4;100.9;81.1;133.3;106.6;109.3;95.7;97.0;79.2;116.0;99.5;81.8;133.6;108.0;106.6;94.1;97.5;79.0
2024-2025;09;32;HAUTS-DE-FRANCE;09;LILLE;59;NORD;59350;LILLE;0590117G;LYCEE GENERAL ET TECHNOLOGIQUE LOUIS PASTEUR;public;LEGT;119.9;;95.4;117;41.1;;40.8;119.6;104.2;89.5;134.0;114.7;117.4;101.7;104.7;85.9;113.4;100.9;81.1;133.3;106.6;109.3;95.7;97.0;79.2;116.0;99.5;81.8;133.6;108.0;106.6;94.1;97.5;79.0
2024-2025;09;32;HAUTS-DE-FRANCE;09;LILLE;59;NORD;59378;MARCQ EN BAROEUL;0590143K;LYCEE GENERAL YVES KERNANEC;public;LEGT;124;;;124;36.9;;36.9;119.6;104.2;89.5;134.0;114.7;117.4;101.7;104.7;85.9;113.4;100.9;81.1;133.3;106.6;109.3;95.7;97.0;79.2;116.0;99.5;81.8;133.6;108.0;106.6;94.1;97.5;79.0
2024-2025;09;32;HAUTS-DE-FRANCE;09;LILLE;59;NORD;59526;SAINT AMAND LES EAUX;0590192N;LYCEE POLYVALENT ERNEST COUTEAUX;public;LPO;109.8;82.3;86.8;103.1;33.8;23.2;33.6;119.6;104.2;89.5;134.0;114.7;117.4;101.7;104.7;85.9;113.4;100.9;81.1;133.3;106.6;109.3;95.7;97.0;79.2;116.0;99.5;81.8;133.6;108.0;106.6;94.1;97.5;79.0
2024-2025;09;32;HAUTS-DE-FRANCE;09;LILLE;59;NORD;59574;SOMAIN;0590207E;LYCEE GENERAL ET TECHNOLOGIQUE LOUIS PASTEUR;public;LEGT;101.6;;92.3;101.2;33.2;;33;119.6;104.2;89.5;134.0;114.7;117.4;101.7;104.7;85.9;113.4;100.9;81.1;133.3;106.6;109.3;95.7;97.0;79.2;116.0;99.5;81.8;133.6;108.0;106.6;94.1;97.5;79.0
2024-2025;09;32;HAUTS-DE-FRANCE;09;LILLE;59;NORD;59599;TOURCOING;0590217R;LYCEE PROFESSIONNEL SEVIGNE LYCEE DES METIERS;public;LP;;77.8;;77.8;;26;25.8;119.6;104.2;89.5;134.0;114.7;117.4;101.7;104.7;85.9;113.4;100.9;81.1;133.3;106.6;109.3;95.7;97.0;79.2;116.0;99.5;81.8;133.6;108.0;106.6;94.1;97.5;79.0
2024-2025;09;32;HAUTS-DE-FRANCE;09;LILLE;59;NORD;59606;VALENCIENNES;0590221V;LYCEE GENERAL ET TECHNOLOGIQUE HENRI WALLON;public;LEGT;105;;118.8;110.7;37;;38.8;119.6;104.2;89.5;134.0;114.7;117.4;101.7;104.7;85.9;113.4;100.9;81.1;133.3;106.6;109.3;95.7;97.0;79.2;116.0;99.5;81.8;133.6;108.0;106.6;94.1;97.5;79.0
2024-2025;09;32;HAUTS-DE-FRANCE;09;LILLE;59;NORD;59183;DUNKERQUE;0590255G;LYCEE PROFESSIONNEL GUY DEBEYRE;public;LP;;83.2;92.2;84;;24.5;25.1;119.6;104.2;89.5;134.0;114.7;117.4;101.7;104.7;85.9;113.4;100.9;81.1;133.3;106.6;109.3;95.7;97.0;79.2;116.0;99.5;81.8;133.6;108.0;106.6;94.1;97.5;79.0
2024-2025;09;32;HAUTS-DE-FRANCE;09;LILLE;59;NORD;59017;ARMENTIERES;0590257J;LYCEE PROFESSIONNEL ILE DE FLANDRE;public;LP;;81.7;;81.4;;23.8;23.4;119.6;104.2;89.5;134.0;114.7;117.4;101.7;104.7;85.9;113.4;100.9;81.1;133.3;106.6;109.3;95.7;97.0;79.2;116.0;99.5;81.8;133.6;108.0;106.6;94.1;97.5;79.0
2024-2025;09;32;HAUTS-DE-FRANCE;09;LILLE;59;NORD;59155;COUDEKERQUE BRANCHE;0590263R;LYCEE PROFESSIONNEL FERNAND LEGER;public;LP;;80.8;;80.6;;23.7;23.5;119.6;104.2;89.5;134.0;114.7;117.4;101.7;104.7;85.9;113.4;100.9;81.1;133.3;106.6;109.3;95.7;97.0;79.2;116.0;99.5;81.8;133.6;108.0;106.6;94.1;97.5;79.0
2024-2025;09;32;HAUTS-DE-FRANCE;09;LILLE;59;NORD;59172;DENAIN;0590264S;LYCEE PROFESSIONNEL ALFRED KASTLER;public;LP;;73;;73.1;;22.3;22.3;119.6;104.2;89.5;134.0;114.7;117.4;101.7;104.7;85.9;113.4;100.9;81.1;133.3;106.6;109.3;95.7;97.0;79.2;116.0;99.5;81.8;133.6;108.0;106.6;94.1;97.5;79.0
2024-2025;09;32;HAUTS-DE-FRANCE;09;LILLE;59;NORD;59324;JEUMONT;0592712C;LYCEE PROFESSIONNEL LOUIS ARMAND;public;LP;;68.9;;68.5;;16.7;16.8;119.6;104.2;89.5;134.0;114.7;117.4;101.7;104.7;85.9;113.4;100.9;81.1;133.3;106.6;109.3;95.7;97.0;79.2;116.0;99.5;81.8;133.6;108.0;106.6;94.1;97.5;79.0
2024-2025;09;32;HAUTS-DE-FRANCE;09;LILLE;59;NORD;59279;HALLUIN;0592850C;LYCEE PROFESSIONNEL ANTOINE DE SAINT EXUPERY;public;LP;;77.7;;78.4;;23.4;23.9;119.6;104.2;89.5;134.0;114.7;117.4;101.7;104.7;85.9;113.4;100.9;81.1;133.3;106.6;109.3;95.7;97.0;79.2;116.0;99.5;81.8;133.6;108.0;106.6;94.1;97.5;79.0
2024-2025;09;32;HAUTS-DE-FRANCE;09;LILLE;59;NORD;59392;MAUBEUGE;0592916Z;LYCEE GENERAL ET TECHNOLOGIQUE PRIVE NOTRE DAME DE GRACE;privé sous contrat;LEGT;110.3;;109.5;110.2;32.7;;32.2;119.6;104.2;89.5;134.0;114.7;117.4;101.7;104.7;85.9;113.4;100.9;81.1;133.3;106.6;109.3;95.7;97.0;79.2;116.0;99.5;81.8;133.6;108.0;106.6;94.1;97.5;79.0
2024-2025;09;32;HAUTS-DE-FRANCE;09;LILLE;59;NORD;59350;LILLE;0592922F;LYCEE GENERAL PRIVE THERESE D AVILA;privé sous contrat;LEGT;142.6;;;142.6;29.2;;29.2;119.6;104.2;89.5;134.0;114.7;117.4;101.7;104.7;85.9;113.4;100.9;81.1;133.3;106.6;109.3;95.7;97.0;79.2;116.0;99.5;81.8;133.6;108.0;106.6;94.1;97.5;79.0
2024-2025;09;32;HAUTS-DE-FRANCE;09;LILLE;59;NORD;59056;BEAUCAMPS LIGNY;0592932S;LYCEE GENERAL PRIVE SAINTE MARIE;privé sous contrat;LEGT;143;;;143;28;;28;119.6;104.2;89.5;134.0;114.7;117.4;101.7;104.7;85.9;113.4;100.9;81.1;133.3;106.6;109.3;95.7;97.0;79.2;116.0;99.5;81.8;133.6;108.0;106.6;94.1;97.5;79.0
2024-2025;09;32;HAUTS-DE-FRANCE;09;LILLE;59;NORD;59512;ROUBAIX;0592964B;LYCEE PROFESSIONNEL PRIVE LEONARD DE VINCI;privé sous contrat;LP;;88.6;;88.5;;29.9;30.2;119.6;104.2;89.5;134.0;114.7;117.4;101.7;104.7;85.9;113.4;100.9;81.1;133.3;106.6;109.3;95.7;97.0;79.2;116.0;99.5;81.8;133.6;108.0;106.6;94.1;97.5;79.0
2024-2025;09;32;HAUTS-DE-FRANCE;09;LILLE;59;NORD;59599;TOURCOING;0592966D;LYCEE POLYVALENT PRIVE EIC JEHANNE D ARC;privé sous contrat;LPO;105.4;98.1;;99.7;30.8;26.6;27.9;119.6;104.2;89.5;134.0;114.7;117.4;101.7;104.7;85.9;113.4;100.9;81.1;133.3;106.6;109.3;95.7;97.0;79.2;116.0;99.5;81.8;133.6;108.0;106.6;94.1;97.5;79.0
2024-2025;09;32;HAUTS-DE-FRANCE;09;LILLE;59;NORD;59574;SOMAIN;0592976P;LYCEE POLYVALENT PRIVE HELENE BOUCHER;privé sous contrat;LPO;107.2;94.5;;97;27.9;24;25.5;119.6;104.2;89.5;134.0;114.7;117.4;101.7;104.7;85.9;113.4;100.9;81.1;133.3;106.6;109.3;95.7;97.0;79.2;116.0;99.5;81.8;133.6;108.0;106.6;94.1;97.5;79.0
2024-2025;09;32;HAUTS-DE-FRANCE;09;LILLE;59;NORD;59328;LAMBERSART;0593015G;LYCEE PROFESSIONNEL PRIVE CAMILLE DE LELLIS;privé sous contrat;LP;;94.4;;95;;28.1;28.6;119.6;104.2;89.5;134.0;114.7;117.4;101.7;104.7;85.9;113.4;100.9;81.1;133.3;106.6;109.3;95.7;97.0;79.2;116.0;99.5;81.8;133.6;108.0;106.6;94.1;97.5;79.0
2024-2025;09;32;HAUTS-DE-FRANCE;09;LILLE;59;NORD;59295;HAZEBROUCK;0593077Z;LYCEE POLYVALENT PRIVE SAINT JOSEPH;privé sous contrat;LPO;114.7;98.1;99.1;104.4;29.4;28;28.8;119.6;104.2;89.5;134.0;114.7;117.4;101.7;104.7;85.9;113.4;100.9;81.1;133.3;106.6;109.3;95.7;97.0;79.2;116.0;99.5;81.8;133.6;108.0;106.6;94.1;97.5;79.0
2024-2025;09;32;HAUTS-DE-FRANCE;09;LILLE;59;NORD;59249;FOURMIES;0593104D;LYCEE POLYVALENT PRIVE SAINT PIERRE;privé sous contrat;LPO;100.7;79.5;82.3;83.2;30.6;23.4;24.9;119.6;104.2;89.5;134.0;114.7;117.4;101.7;104.7;85.9;113.4;100.9;81.1;133.3;106.6;109.3;95.7;97.0;79.2;116.0;99.5;81.8;133.6;108.0;106.6;94.1;97.5;79.0
2024-2025;09;32;HAUTS-DE-FRANCE;09;LILLE;59;NORD;59350;LILLE;0593109J;LYCEE GENERAL PRIVE NOTRE DAME DE LA PAIX;privé sous contrat;LEGT;139.4;;150.7;141.4;28.5;;28.7;119.6;104.2;89.5;134.0;114.7;117.4;101.7;104.7;85.9;113.4;100.9;81.1;133.3;106.6;109.3;95.7;97.0;79.2;116.0;99.5;81.8;133.6;108.0;106.6;94.1;97.5;79.0
2024-2025;09;32;HAUTS-DE-FRANCE;09;LILLE;59;NORD;59512;ROUBAIX;0594391C;LYCEE TECHNOLOGIQUE ECOLE SUP ARTS APPLIQUES TEXTILE;public;LEGT;126.8;;125.3;125.8;37.2;;35.5;119.6;104.2;89.5;134.0;114.7;117.4;101.7;104.7;85.9;113.4;100.9;81.1;133.3;106.6;109.3;95.7;97.0;79.2;116.0;99.5;81.8;133.6;108.0;106.6;94.1;97.5;79.0
2024-2025;09;32;HAUTS-DE-FRANCE;09;LILLE;59;NORD;59009;VILLENEUVE D ASCQ;0594424N;LYCEE GENERAL ET TECHNOLOGIQUE RAYMOND QUENEAU;public;LEGT;105.8;;92.2;105;39.6;;39.4;119.6;104.2;89.5;134.0;114.7;117.4;101.7;104.7;85.9;113.4;100.9;81.1;133.3;106.6;109.3;95.7;97.0;79.2;116.0;99.5;81.8;133.6;108.0;106.6;94.1;97.5;79.0
2024-2025;09;32;HAUTS-DE-FRANCE;09;LILLE;59;NORD;59650;WATTRELOS;0595787V;LYCEE PROFESSIONNEL ALAIN SAVARY;public;LP;;73;;73;;22.6;22.6;119.6;104.2;89.5;134.0;114.7;117.4;101.7;104.7;85.9;113.4;100.9;81.1;133.3;106.6;109.3;95.7;97.0;79.2;116.0;99.5;81.8;133.6;108.0;106.6;94.1;97.5;79.0
2024-2025;09;32;HAUTS-DE-FRANCE;09;LILLE;59;NORD;59153;CONDE SUR L ESCAUT;0596854E;LYCEE POLYVALENT DU PAYS DE CONDE;public;LPO;83.5;72.1;81.7;78.3;26.7;19.6;24.4;119.6;104.2;89.5;134.0;114.7;117.4;101.7;104.7;85.9;113.4;100.9;81.1;133.3;106.6;109.3;95.7;97.0;79.2;116.0;99.5;81.8;133.6;108.0;106.6;94.1;97.5;79.0
2024-2025;09;32;HAUTS-DE-FRANCE;09;LILLE;59;NORD;59178;DOUAI;0596892W;LYCEE D EXCELLENCE EDGAR MORIN;public;LEGT;95.7;;;95.7;33.7;;33.7;119.6;104.2;89.5;134.0;114.7;117.4;101.7;104.7;85.9;113.4;100.9;81.1;133.3;106.6;109.3;95.7;97.0;79.2;116.0;99.5;81.8;133.6;108.0;106.6;94.1;97.5;79.0
2024-2025;09;32;HAUTS-DE-FRANCE;09;LILLE;59;NORD;59350;LILLE;0596957S;LYCEE PROFESSIONNEL AIME CESAIRE;public;LP;;75.6;;76.2;;24.7;24.5;119.6;104.2;89.5;134.0;114.7;117.4;101.7;104.7;85.9;113.4;100.9;81.1;133.3;106.6;109.3;95.7;97.0;79.2;116.0;99.5;81.8;133.6;108.0;106.6;94.1;97.5;79.0
2024-2025;09;32;HAUTS-DE-FRANCE;09;LILLE;59;NORD;59212;ESTAIRES;0597005U;LYCEE POLYVALENT DU VAL DE LYS;public;LPO;103.2;88.6;114;99.4;31.2;28.2;31.6;119.6;104.2;89.5;134.0;114.7;117.4;101.7;104.7;85.9;113.4;100.9;81.1;133.3;106.6;109.3;95.7;97.0;79.2;116.0;99.5;81.8;133.6;108.0;106.6;94.1;97.5;79.0
2024-2025;09;32;HAUTS-DE-FRANCE;09;LILLE;62;PAS-DE-CALAIS;62041;ARRAS;0620011A;LYCEE PROFESSIONNEL JACQUES LE CARON;public;LP;;82.5;74;82.3;;26.1;26;119.6;104.2;89.5;134.0;114.7;117.4;101.7;104.7;85.9;113.4;100.9;81.1;133.3;106.6;109.3;95.7;97.0;79.2;107.0;103.4;80.2;131.1;103.8;117.5;98.1;95.0;79.5
2024-2025;09;32;HAUTS-DE-FRANCE;09;LILLE;62;PAS-DE-CALAIS;62080;BAPAUME;0620030W;LYCEE PROFESSIONNEL PHILIPPE AUGUSTE;public;LP;;82.9;;82.6;;21.6;21.3;119.6;104.2;89.5;134.0;114.7;117.4;101.7;104.7;85.9;113.4;100.9;81.1;133.3;106.6;109.3;95.7;97.0;79.2;107.0;103.4;80.2;131.1;103.8;117.5;98.1;95.0;79.5
2024-2025;09;32;HAUTS-DE-FRANCE;09;LILLE;62;PAS-DE-CALAIS;62119;BETHUNE;0620043K;LYCEE PROFESSIONNEL SALVADOR ALLENDE;public;LP;;80.6;;80.6;;25.3;25.3;119.6;104.2;89.5;134.0;114.7;117.4;101.7;104.7;85.9;113.4;100.9;81.1;133.3;106.6;109.3;95.7;97.0;79.2;107.0;103.4;80.2;131.1;103.8;117.5;98.1;95.0;79.5
2024-2025;09;32;HAUTS-DE-FRANCE;09;LILLE;62;PAS-DE-CALAIS;62160;BOULOGNE SUR MER;0620052V;LYCEE POLYVALENT EDOUARD BRANLY LYCEE DES METIERS DU BATIMENT ET DES ENERGIES RENOUVELABLES DE L INDUSTRIE DES TERRES D OPALE;public;LPO;103;83;91.8;98.8;33.2;24.5;32.2;119.6;104.2;89.5;134.0;114.7;117.4;101.7;104.7;85.9;113.4;100.9;81.1;133.3;106.6;109.3;95.7;97.0;79.2;107.0;103.4;80.2;131.1;103.8;117.5;98.1;95.0;79.5
2024-2025;09;32;HAUTS-DE-FRANCE;09;LILLE;62;PAS-DE-CALAIS;62215;CARVIN;0620070P;LYCEE GENERAL ET TECHNOLOGIQUE DIDEROT;public;LEGT;99.8;;86;99;33;;32.7;119.6;104.2;89.5;134.0;114.7;117.4;101.7;104.7;85.9;113.4;100.9;81.1;133.3;106.6;109.3;95.7;97.0;79.2;107.0;103.4;80.2;131.1;103.8;117.5;98.1;95.0;79.5
2024-2025;09;32;HAUTS-DE-FRANCE;09;LILLE;62;PAS-DE-CALAIS;62427;HENIN BEAUMONT;0620093P;LYCEE GENERAL ET TECHNOLOGIQUE FERNAND DARCHICOURT;public;LEGT;98.9;;81.2;97.4;31.4;;31.1;119.6;104.2;89.5;134.0;114.7;117.4;101.7;104.7;85.9;113.4;100.9;81.1;133.3;106.6;109.3;95.7;97.0;79.2;107.0;103.4;80.2;131.1;103.8;117.5;98.1;95.0;79.5
2024-2025;09;32;HAUTS-DE-FRANCE;09;LILLE;62;PAS-DE-CALAIS;62498;LENS;0620109G;LYCEE GENERAL ET TECHNOLOGIQUE AUGUSTE BEHAL;public;LEGT;88.2;;78.6;85.9;28.6;;27.7;119.6;104.2;89.5;134.0;114.7;117.4;101.7;104.7;85.9;113.4;100.9;81.1;133.3;106.6;109.3;95.7;97.0;79.2;107.0;103.4;80.2;131.1;103.8;117.5;98.1;95.0;79.5
2024-2025;09;32;HAUTS-DE-FRANCE;09;LILLE;62;PAS-DE-CALAIS;62193;CALAIS;0620189U;LYCEE PROFESSIONNEL PIERRE DE COUBERTIN;public;LP;;81.6;;81.7;;23.3;23.3;119.6;104.2;89.5;134.0;114.7;117.4;101.7;104.7;85.9;113.4;100.9;81.1;133.3;106.6;109.3;95.7;97.0;79.2;107.0;103.4;80.2;131.1;103.8;117.5;98.1;95.0;79.5
2024-2025;09;32;HAUTS-DE-FRANCE;09;LILLE;62;PAS-DE-CALAIS;62771;SALLAUMINES;0620220C;LYCEE PROFESSIONNEL LA PEUPLERAIE;public;LP;;71.6;;71.5;;19.9;19.9;119.6;104.2;89.5;134.0;114.7;117.4;101.7;104.7;85.9;113.4;100.9;81.1;133.3;106.6;109.3;95.7;97.0;79.2;107.0;103.4;80.2;131.1;103.8;117.5;98.1;95.0;79.5
2024-2025;09;32;HAUTS-DE-FRANCE;09;LILLE;62;PAS-DE-CALAIS;62160;BOULOGNE SUR MER;0622275L;LYCEE PROFESSIONNEL JEAN CHARLES CAZIN;public;LP;;72.6;;72.6;;19.8;19.8;119.6;104.2;89.5;134.0;114.7;117.4;101.7;104.7;85.9;113.4;100.9;81.1;133.3;106.6;109.3;95.7;97.0;79.2;107.0;103.4;80.2;131.1;103.8;117.5;98.1;95.0;79.5
2024-2025;09;32;HAUTS-DE-FRANCE;09;LILLE;62;PAS-DE-CALAIS;62108;BERCK;0622276M;LYCEE POLYVALENT JAN LAVEZZARI;public;LPO;106;83.9;99;100;32.8;23.1;31.4;119.6;104.2;89.5;134.0;114.7;117.4;101.7;104.7;85.9;113.4;100.9;81.1;133.3;106.6;109.3;95.7;97.0;79.2;107.0;103.4;80.2;131.1;103.8;117.5;98.1;95.0;79.5
2024-2025;09;32;HAUTS-DE-FRANCE;09;LILLE;62;PAS-DE-CALAIS;62525;LONGUENESSE;0622803K;LYCEE GENERAL ET TECHNOLOGIQUE BLAISE PASCAL;public;LEGT;106;;92.5;104.6;33;;32.8;119.6;104.2;89.5;134.0;114.7;117.4;101.7;104.7;85.9;113.4;100.9;81.1;133.3;106.6;109.3;95.7;97.0;79.2;107.0;103.4;80.2;131.1;103.8;117.5;98.1;95.0;79.5
2024-2025;09;32;HAUTS-DE-FRANCE;09;LILLE;62;PAS-DE-CALAIS;62826;LE TOUQUET PARIS PLAGE;0622807P;LYCEE POLYVALENT HOTELIER;public;LPO;119.1;99.3;119.2;111.2;31.3;29.6;33.1;119.6;104.2;89.5;134.0;114.7;117.4;101.7;104.7;85.9;113.4;100.9;81.1;133.3;106.6;109.3;95.7;97.0;79.2;107.0;103.4;80.2;131.1;103.8;117.5;98.1;95.0;79.5
2025-2026;09;32;HAUTS-DE-FRANCE;09;LILLE;59;NORD;59014;ANZIN;0590005K;LYCEE PROFESSIONNEL PIERRE JOSEPH FONTAINE;public;LP;;74.5;;74.5;;23.4;23.4;120.2;104.4;89.9;134.7;115.2;117.7;102.0;105.5;86.3;114.2;101.4;81.6;133.8;107.4;109.9;96.2;98.4;79.6;116.7;100.2;82.3;134.1;108.8;107.3;94.7;98.7;79.3
2025-2026;09;32;HAUTS-DE-FRANCE;09;LILLE;59;NORD;59033;AULNOYE AYMERIES;0590015W;LYCEE PROFESSIONNEL PIERRE ET MARIE CURIE;public;LP;;78.5;;78.5;;22.5;22.6;120.2;104.4;89.9;134.7;115.2;117.7;102.0;105.5;86.3;114.2;101.4;81.6;133.8;107.4;109.9;96.2;98.4;79.6;116.7;100.2;82.3;134.1;108.8;107.3;94.7;98.7;79.3
2025-2026;09;32;HAUTS-DE-FRANCE;09;LILLE;59;NORD;59139;CAUDRY;0590044C;LYCEE POLYVALENT JOSEPH MARIE JACQUARD;public;LPO;97.3;78.1;77.9;89.1;33;24.1;31.2;120.2;104.4;89.9;134.7;115.2;117.7;102.0;105.5;86.3;114.2;101.4;81.6;133.8;107.4;109.9;96.2;98.4;79.6;116.7;100.2;82.3;134.1;108.8;107.3;94.7;98.7;79.3
2025-2026;09;32;HAUTS-DE-FRANCE;09;LILLE;59;NORD;59178;DOUAI;0590064Z;LYCEE GENERAL ET TECHNOLOGIQUE JEAN BAPTISTE COROT;public;LEGT;102.6;;96.6;101.6;34.8;;34.7;120.2;104.4;89.9;134.7;115.2;117.7;102.0;105.5;86.3;114.2;101.4;81.6;133.8;107.4;109.9;96.2;98.4;79.6;116.7;100.2;82.3;134.1;108.8;107.3;94.7;98.7;79.3
2025-2026;09;32;HAUTS-DE-FRANCE;09;LILLE;59;NORD;59183;DUNKERQUE;0590072H;LYCEE GENERAL ET TECHNOLOGIQUE DE L EUROPE;public;LEGT;91.7;;92.3;91.8;30;;30.1;120.2;104.4;89.9;134.7;115.2;117.7;102.0;105.5;86.3;114.2;101.4;81.6;133.8;107.4;109.9;96.2;98.4;79.6;116.7;100.2;82.3;134.1;108.8;107.3;94.7;98.7;79.3
2025-2026;09;32;HAUTS-DE-FRANCE;09;LILLE;59;NORD;59368;LA MADELEINE;0590122M;LYCEE POLYVALENT VALENTINE LABBE;public;LPO;93.8;85.5;99.7;92.8;31.4;25.6;30.4;120.2;104.4;89.9;134.7;115.2;117.7;102.0;105.5;86.3;114.2;101.4;81.6;133.8;107.4;109.9;96.2;98.4;79.6;116.7;100.2;82.3;134.1;108.8;107.3;94.7;98.7;79.3
2025-2026;09;32;HAUTS-DE-FRANCE;09;LILLE;59;NORD;59378;MARCQ EN BAROEUL;0590143K;LYCEE GENERAL YVES KERNANEC;public;LEGT;123.9;;;123.9;37.4;;37.4;120.2;104.4;89.9;134.7;115.2;117.7;102.0;105.5;86.3;114.2;101.4;81.6;133.8;107.4;109.9;96.2;98.4;79.6;116.7;100.2;82.3;134.1;108.8;107.3;94.7;98.7;79.3
2025-2026;09;32;HAUTS-DE-FRANCE;09;LILLE;59;NORD;59392;MAUBEUGE;0590149S;LYCEE POLYVALENT PIERRE FOREST;public;LPO;94.4;74.8;82.1;92.4;32.6;20.7;32.2;120.2;104.4;89.9;134.7;115.2;117.7;102.0;105.5;86.3;114.2;101.4;81.6;133.8;107.4;109.9;96.2;98.4;79.6;116.7;100.2;82.3;134.1;108.8;107.3;94.7;98.7;79.3
2025-2026;09;32;HAUTS-DE-FRANCE;09;LILLE;59;NORD;59512;ROUBAIX;0590181B;LYCEE GENERAL ET TECHNOLOGIQUE MAXENCE VAN DER MEERSCH;public;LEGT;101.3;;;101.3;37.3;;37.3;120.2;104.4;89.9;134.7;115.2;117.7;102.0;105.5;86.3;114.2;101.4;81.6;133.8;107.4;109.9;96.2;98.4;79.6;116.7;100.2;82.3;134.1;108.8;107.3;94.7;98.7;79.3
2025-2026;09;32;HAUTS-DE-FRANCE;09;LILLE;59;NORD;59599;TOURCOING;0590212K;LYCEE GENERAL;public;LEGT;100.2;;;100.2;36.5;;36.5;120.2;104.4;89.9;134.7;115.2;117.7;102.0;105.5;86.3;114.2;101.4;81.6;133.8;107.4;109.9;96.2;98.4;79.6;116.7;100.2;82.3;134.1;108.8;107.3;94.7;98.7;79.3
2025-2026;09;32;HAUTS-DE-FRANCE;09;LILLE;59;NORD;59599;TOURCOING;0590214M;LYCEE POLYVALENT COLBERT;public;LPO;86;80.6;95;87.2;32.3;27.4;32.8;120.2;104.4;89.9;134.7;115.2;117.7;102.0;105.5;86.3;114.2;101.4;81.6;133.8;107.4;109.9;96.2;98.4;79.6;116.7;100.2;82.3;134.1;108.8;107.3;94.7;98.7;79.3
2025-2026;09;32;HAUTS-DE-FRANCE;09;LILLE;59;NORD;59606;VALENCIENNES;0590221V;LYCEE GENERAL ET TECHNOLOGIQUE HENRI WALLON;public;LEGT;106.7;;119.9;112;37.8;;39.4;120.2;104.4;89.9;134.7;115.2;117.7;102.0;105.5;86.3;114.2;101.4;81.6;133.8;107.4;109.9;96.2;98.4;79.6;116.7;100.2;82.3;134.1;108.8;107.3;94.7;98.7;79.3
2025-2026;09;32;HAUTS-DE-FRANCE;09;LILLE;59;NORD;59650;WATTRELOS;0590233H;LYCEE POLYVALENT EMILE ZOLA;public;LPO;86.9;75.4;79.3;81.7;27.4;22;26;120.2;104.4;89.9;134.7;115.2;117.7;102.0;105.5;86.3;114.2;101.4;81.6;133.8;107.4;109.9;96.2;98.4;79.6;116.7;100.2;82.3;134.1;108.8;107.3;94.7;98.7;79.3
2025-2026;09;32;HAUTS-DE-FRANCE;09;LILLE;59;NORD;59646;WASQUEHAL;0590249A;LYCEE PROFESSIONNEL JACQUES YVES COUSTEAU;public;LP;;77;92.9;78.8;;23.7;25.3;120.2;104.4;89.9;134.7;115.2;117.7;102.0;105.5;86.3;114.2;101.4;81.6;133.8;107.4;109.9;96.2;98.4;79.6;116.7;100.2;82.3;134.1;108.8;107.3;94.7;98.7;79.3
2025-2026;09;32;HAUTS-DE-FRANCE;09;LILLE;59;NORD;59183;DUNKERQUE;0590255G;LYCEE PROFESSIONNEL GUY DEBEYRE;public;LP;;83.6;93.9;84.7;;24.9;25.2;120.2;104.4;89.9;134.7;115.2;117.7;102.0;105.5;86.3;114.2;101.4;81.6;133.8;107.4;109.9;96.2;98.4;79.6;116.7;100.2;82.3;134.1;108.8;107.3;94.7;98.7;79.3
2025-2026;09;32;HAUTS-DE-FRANCE;09;LILLE;59;NORD;59017;ARMENTIERES;0590257J;LYCEE PROFESSIONNEL ILE DE FLANDRE;public;LP;;83.5;;82.9;;22.3;22.3;120.2;104.4;89.9;134.7;115.2;117.7;102.0;105.5;86.3;114.2;101.4;81.6;133.8;107.4;109.9;96.2;98.4;79.6;116.7;100.2;82.3;134.1;108.8;107.3;94.7;98.7;79.3
2025-2026;09;32;HAUTS-DE-FRANCE;09;LILLE;59;NORD;59350;LILLE;0590258K;LYCEE GENERAL ET TECHNOLOGIQUE GASTON BERGER;public;LEGT;89.1;;107.7;104.9;30.5;;35.7;120.2;104.4;89.9;134.7;115.2;117.7;102.0;105.5;86.3;114.2;101.4;81.6;133.8;107.4;109.9;96.2;98.4;79.6;116.7;100.2;82.3;134.1;108.8;107.3;94.7;98.7;79.3
2025-2026;09;32;HAUTS-DE-FRANCE;09;LILLE;59;NORD;59606;VALENCIENNES;0590270Y;LYCEE PROFESSIONNEL DU HAINAUT LYCEE DES METIERS DE L AUTOMOBILE;public;LP;;79.6;;79.5;;26;25.8;120.2;104.4;89.9;134.7;115.2;117.7;102.0;105.5;86.3;114.2;101.4;81.6;133.8;107.4;109.9;96.2;98.4;79.6;116.7;100.2;82.3;134.1;108.8;107.3;94.7;98.7;79.3
2025-2026;09;32;HAUTS-DE-FRANCE;09;LILLE;59;NORD;59008;ANICHE;0592610S;LYCEE PROFESSIONNEL PIERRE JOSEPH LAURENT;public;LP;;75.7;76.3;76;;20.5;20.4;120.2;104.4;89.9;134.7;115.2;117.7;102.0;105.5;86.3;114.2;101.4;81.6;133.8;107.4;109.9;96.2;98.4;79.6;116.7;100.2;82.3;134.1;108.8;107.3;94.7;98.7;79.3
2025-2026;09;32;HAUTS-DE-FRANCE;09;LILLE;59;NORD;59324;JEUMONT;0592712C;LYCEE PROFESSIONNEL LOUIS ARMAND;public;LP;;68.8;;68.7;;19.4;20.1;120.2;104.4;89.9;134.7;115.2;117.7;102.0;105.5;86.3;114.2;101.4;81.6;133.8;107.4;109.9;96.2;98.4;79.6;116.7;100.2;82.3;134.1;108.8;107.3;94.7;98.7;79.3
2025-2026;09;32;HAUTS-DE-FRANCE;09;LILLE;59;NORD;59560;SECLIN;0592833J;LYCEE PROFESSIONNEL LES HAUTS DE FLANDRE;public;LP;95.8;85.1;;86.7;31.3;25.7;27;120.2;104.4;89.9;134.7;115.2;117.7;102.0;105.5;86.3;114.2;101.4;81.6;133.8;107.4;109.9;96.2;98.4;79.6;116.7;100.2;82.3;134.1;108.8;107.3;94.7;98.7;79.3
2025-2026;09;32;HAUTS-DE-FRANCE;09;LILLE;59;NORD;59033;AULNOYE AYMERIES;0592928M;LYCEE SAINTE JEANNE D ARC;privé sous contrat;LPO;111.1;97.2;104.3;104.7;31.6;27.9;30.7;120.2;104.4;89.9;134.7;115.2;117.7;102.0;105.5;86.3;114.2;101.4;81.6;133.8;107.4;109.9;96.2;98.4;79.6;116.7;100.2;82.3;134.1;108.8;107.3;94.7;98.7;79.3
2025-2026;09;32;HAUTS-DE-FRANCE;09;LILLE;59;NORD;59512;ROUBAIX;0592963A;LYCEE POLYVALENT PRIVE SAINT MARTIN;privé sous contrat;LPO;93.6;89.3;104.6;91.5;29.3;30.3;29.7;120.2;104.4;89.9;134.7;115.2;117.7;102.0;105.5;86.3;114.2;101.4;81.6;133.8;107.4;109.9;96.2;98.4;79.6;116.7;100.2;82.3;134.1;108.8;107.3;94.7;98.7;79.3
2025-2026;09;32;HAUTS-DE-FRANCE;09;LILLE;59;NORD;59599;TOURCOING;0592965C;LYCEE POLYVALENT PRIVE EIC INDUSTRIEL ET COMMERCIAL;privé sous contrat;LPO;108.8;94.4;96.5;102.7;33.2;28.6;32.9;120.2;104.4;89.9;134.7;115.2;117.7;102.0;105.5;86.3;114.2;101.4;81.6;133.8;107.4;109.9;96.2;98.4;79.6;116.7;100.2;82.3;134.1;108.8;107.3;94.7;98.7;79.3
2025-2026;09;32;HAUTS-DE-FRANCE;09;LILLE;59;NORD;59606;VALENCIENNES;0592969G;LYCEE POLYVALENT PRIVE DAMPIERRE;privé sous contrat;LPO;116.8;100;104.1;103.5;27.3;25.4;27.2;120.2;104.4;89.9;134.7;115.2;117.7;102.0;105.5;86.3;114.2;101.4;81.6;133.8;107.4;109.9;96.2;98.4;79.6;116.7;100.2;82.3;134.1;108.8;107.3;94.7;98.7;79.3
2025-2026;09;32;HAUTS-DE-FRANCE;09;LILLE;59;NORD;59360;LOOS;0593030Y;LYCEE PROFESSIONNEL PRIVE NOTRE DAME DU SACRE COEUR LYCEE DES METIERS DU BIEN ETRE DE LA SANTE ET DU SOCIAL;privé sous contrat;LP;;105.8;107.9;106.3;;29.5;30.8;120.2;104.4;89.9;134.7;115.2;117.7;102.0;105.5;86.3;114.2;101.4;81.6;133.8;107.4;109.9;96.2;98.4;79.6;116.7;100.2;82.3;134.1;108.8;107.3;94.7;98.7;79.3
2025-2026;09;32;HAUTS-DE-FRANCE;09;LILLE;59;NORD;59295;HAZEBROUCK;0593078A;LYCEE POLYVALENT PRIVE FONDATION DEPOORTER LYCEE DES METIERS DE LA SANTE ET DU SOCIAL;privé sous contrat;LPO;108.5;98.9;101.6;103;26.8;26.1;26.4;120.2;104.4;89.9;134.7;115.2;117.7;102.0;105.5;86.3;114.2;101.4;81.6;133.8;107.4;109.9;96.2;98.4;79.6;116.7;100.2;82.3;134.1;108.8;107.3;94.7;98.7;79.3
2025-2026;09;32;HAUTS-DE-FRANCE;09;LILLE;59;NORD;59378;MARCQ EN BAROEUL;0593225K;LYCEE PRIVE DE MARCQ;privé sous contrat;LEGT;152.1;;152.9;152.1;22.8;;22.8;120.2;104.4;89.9;134.7;115.2;117.7;102.0;105.5;86.3;114.2;101.4;81.6;133.8;107.4;109.9;96.2;98.4;79.6;116.7;100.2;82.3;134.1;108.8;107.3;94.7;98.7;79.3
2025-2026;09;32;HAUTS-DE-FRANCE;09;LILLE;59;NORD;59183;DUNKERQUE;0594278E;LYCEE TECHNOLOGIQUE PRIVE EPID;privé sous contrat;LEGT;120.3;;109.4;117.3;25.9;;27.8;120.2;104.4;89.9;134.7;115.2;117.7;102.0;105.5;86.3;114.2;101.4;81.6;133.8;107.4;109.9;96.2;98.4;79.6;116.7;100.2;82.3;134.1;108.8;107.3;94.7;98.7;79.3
2025-2026;09;32;HAUTS-DE-FRANCE;09;LILLE;59;NORD;59009;VILLENEUVE D ASCQ;0594375K;LYCEE PROFESSIONNEL DINAH DERYCKE;public;LP;;79.1;;79.1;;24.2;24.2;120.2;104.4;89.9;134.7;115.2;117.7;102.0;105.5;86.3;114.2;101.4;81.6;133.8;107.4;109.9;96.2;98.4;79.6;116.7;100.2;82.3;134.1;108.8;107.3;94.7;98.7;79.3
2025-2026;09;32;HAUTS-DE-FRANCE;09;LILLE;59;NORD;59183;DUNKERQUE;0595480L;LYCEE PROFESSIONNEL ILE JEANTY;public;LP;;77.3;;77.3;;21.7;21.7;120.2;104.4;89.9;134.7;115.2;117.7;102.0;105.5;86.3;114.2;101.4;81.6;133.8;107.4;109.9;96.2;98.4;79.6;116.7;100.2;82.3;134.1;108.8;107.3;94.7;98.7;79.3
2025-2026;09;32;HAUTS-DE-FRANCE;09;LILLE;59;NORD;59650;WATTRELOS;0595787V;LYCEE PROFESSIONNEL ALAIN SAVARY;public;LP;;70.9;;70.9;;18.6;18.6;120.2;104.4;89.9;134.7;115.2;117.7;102.0;105.5;86.3;114.2;101.4;81.6;133.8;107.4;109.9;96.2;98.4;79.6;116.7;100.2;82.3;134.1;108.8;107.3;94.7;98.7;79.3
2025-2026;09;32;HAUTS-DE-FRANCE;09;LILLE;59;NORD;59569;SIN LE NOBLE;0595885B;LYCEE GENERAL ET TECHNOLOGIQUE ARTHUR RIMBAUD;public;LEGT;103.5;;85.9;101.1;33.1;;32.6;120.2;104.4;89.9;134.7;115.2;117.7;102.0;105.5;86.3;114.2;101.4;81.6;133.8;107.4;109.9;96.2;98.4;79.6;116.7;100.2;82.3;134.1;108.8;107.3;94.7;98.7;79.3
2025-2026;09;32;HAUTS-DE-FRANCE;09;LILLE;62;PAS-DE-CALAIS;62427;HENIN BEAUMONT;0620093P;LYCEE GENERAL ET TECHNOLOGIQUE FERNAND DARCHICOURT;public;LEGT;99.5;;82.3;98;31.8;;31.5;120.2;104.4;89.9;134.7;115.2;117.7;102.0;105.5;86.3;114.2;101.4;81.6;133.8;107.4;109.9;96.2;98.4;79.6;107.8;103.7;80.6;132.1;104.7;117.8;98.5;97.1;79.9
2025-2026;09;32;HAUTS-DE-FRANCE;09;LILLE;62;PAS-DE-CALAIS;62498;LENS;0620108F;LYCEE GENERAL ET TECHNOLOGIQUE CONDORCET;public;LEGT;90.6;;88.5;90.3;29.5;;28.7;120.2;104.4;89.9;134.7;115.2;117.7;102.0;105.5;86.3;114.2;101.4;81.6;133.8;107.4;109.9;96.2;98.4;79.6;107.8;103.7;80.6;132.1;104.7;117.8;98.5;97.1;79.9
2025-2026;09;32;HAUTS-DE-FRANCE;09;LILLE;62;PAS-DE-CALAIS;62498;LENS;0620110H;LYCEE PROFESSIONNEL AUGUSTE BEHAL;public;LP;;74.5;;74.5;;21.1;21.1;120.2;104.4;89.9;134.7;115.2;117.7;102.0;105.5;86.3;114.2;101.4;81.6;133.8;107.4;109.9;96.2;98.4;79.6;107.8;103.7;80.6;132.1;104.7;117.8;98.5;97.1;79.9
2025-2026;09;32;HAUTS-DE-FRANCE;09;LILLE;62;PAS-DE-CALAIS;62534;LUMBRES;0620124Y;LYCEE PROFESSIONNEL BERNARD CHOCHOY;public;LP;;75.5;;75.2;;21.3;21.2;120.2;104.4;89.9;134.7;115.2;117.7;102.0;105.5;86.3;114.2;101.4;81.6;133.8;107.4;109.9;96.2;98.4;79.6;107.8;103.7;80.6;132.1;104.7;117.8;98.5;97.1;79.9
2025-2026;09;32;HAUTS-DE-FRANCE;09;LILLE;62;PAS-DE-CALAIS;62560;MARQUISE;0620131F;LYCEE PROFESSIONNEL DES DEUX CAPS;public;LP;;85.2;;84;;24.1;24;120.2;104.4;89.9;134.7;115.2;117.7;102.0;105.5;86.3;114.2;101.4;81.6;133.8;107.4;109.9;96.2;98.4;79.6;107.8;103.7;80.6;132.1;104.7;117.8;98.5;97.1;79.9
2025-2026;09;32;HAUTS-DE-FRANCE;09;LILLE;62;PAS-DE-CALAIS;62765;SAINT OMER;0620161N;LYCEE GENERAL ET TECHNOLOGIQUE ALEXANDRE RIBOT;public;LEGT;109.9;;89.8;106.8;33.1;;32.8;120.2;104.4;89.9;134.7;115.2;117.7;102.0;105.5;86.3;114.2;101.4;81.6;133.8;107.4;109.9;96.2;98.4;79.6;107.8;103.7;80.6;132.1;104.7;117.8;98.5;97.1;79.9
2025-2026;09;32;HAUTS-DE-FRANCE;09;LILLE;62;PAS-DE-CALAIS;62318;ETAPLES;0620187S;LYCEE PROFESSIONNEL JULES VERNE;public;LP;;80.4;;79.6;;24.2;23.8;120.2;104.4;89.9;134.7;115.2;117.7;102.0;105.5;86.3;114.2;101.4;81.6;133.8;107.4;109.9;96.2;98.4;79.6;107.8;103.7;80.6;132.1;104.7;117.8;98.5;97.1;79.9
2025-2026;09;32;HAUTS-DE-FRANCE;09;LILLE;62;PAS-DE-CALAIS;62510;LIEVIN;0620190V;LYCEE PROFESSIONNEL HENRI DARRAS;public;LP;;82.3;;81.8;;26.5;26.1;120.2;104.4;89.9;134.7;115.2;117.7;102.0;105.5;86.3;114.2;101.4;81.6;133.8;107.4;109.9;96.2;98.4;79.6;107.8;103.7;80.6;132.1;104.7;117.8;98.5;97.1;79.9
2025-2026;09;32;HAUTS-DE-FRANCE;09;LILLE;62;PAS-DE-CALAIS;62178;BRUAY LA BUISSIERE;0620192X;LYCEE PROFESSIONNEL PIERRE MENDES FRANCE;public;LP;;73.7;;73.4;;22.1;22.1;120.2;104.4;89.9;134.7;115.2;117.7;102.0;105.5;86.3;114.2;101.4;81.6;133.8;107.4;109.9;96.2;98.4;79.6;107.8;103.7;80.6;132.1;104.7;117.8;98.5;97.1;79.9
2025-2026;09;32;HAUTS-DE-FRANCE;09;LILLE;62;PAS-DE-CALAIS;62041;ARRAS;0620257T;LYCEE PROFESSIONNEL SAVARY FERRY;public;LP;;84.7;87.6;84.9;;25.5;25.7;120.2;104.4;89.9;134.7;115.2;117.7;102.0;105.5;86.3;114.2;101.4;81.6;133.8;107.4;109.9;96.2;98.4;79.6;107.8;103.7;80.6;132.1;104.7;117.8;98.5;97.1;79.9
2025-2026;09;32;HAUTS-DE-FRANCE;09;LILLE;62;PAS-DE-CALAIS;62119;BETHUNE;0622089J;LYCEE PROFESSIONNEL ANDRE MALRAUX;public;LP;;84.7;;84.4;;26.2;26.1;120.2;104.4;89.9;134.7;115.2;117.7;102.0;105.5;86.3;114.2;101.4;81.6;133.8;107.4;109.9;96.2;98.4;79.6;107.8;103.7;80.6;132.1;104.7;117.8;98.5;97.1;79.9
2025-2026;09;32;HAUTS-DE-FRANCE;09;LILLE;62;PAS-DE-CALAIS;62525;LONGUENESSE;0622116N;LYCEE GENERAL PRIVE LA MALASSISE;privé sous contrat;LEGT;141.3;;;141.3;27.9;;27.9;120.2;104.4;89.9;134.7;115.2;117.7;102.0;105.5;86.3;114.2;101.4;81.6;133.8;107.4;109.9;96.2;98.4;79.6;107.8;103.7;80.6;132.1;104.7;117.8;98.5;97.1;79.9
2025-2026;09;32;HAUTS-DE-FRANCE;09;LILLE;62;PAS-DE-CALAIS;62364;FRUGES;0622195Z;LYCEE PROFESSIONNEL PRIVE SAINTE MARIE;privé sous contrat;LP;;98.4;;98.5;;24.1;23.6;120.2;104.4;89.9;134.7;115.2;117.7;102.0;105.5;86.3;114.2;101.4;81.6;133.8;107.4;109.9;96.2;98.4;79.6;107.8;103.7;80.6;132.1;104.7;117.8;98.5;97.1;79.9
2025-2026;09;32;HAUTS-DE-FRANCE;09;LILLE;62;PAS-DE-CALAIS;62758;SAINT MARTIN BOULOGNE;0622198C;LYCEE POLYVALENT PRIVE ET CAMPUS ST JOSEPH LYCEE DES METIERS ENERGIE NUMERIQUE AUTOMATION MANAGEMENT GESTION COMMUNICATION SANTE SOCIAL;privé sous contrat;LPO;107;97.6;104;103.5;27.3;26.8;27.3;120.2;104.4;89.9;134.7;115.2;117.7;102.0;105.5;86.3;114.2;101.4;81.6;133.8;107.4;109.9;96.2;98.4;79.6;107.8;103.7;80.6;132.1;104.7;117.8;98.5;97.1;79.9
2025-2026;09;32;HAUTS-DE-FRANCE;09;LILLE;62;PAS-DE-CALAIS;62765;SAINT OMER;0622199D;LYCEE POLYVALENT PRIVE SAINT DENIS;privé sous contrat;LPO;113.4;107.9;116.8;114.3;30.9;29.9;31.2;120.2;104.4;89.9;134.7;115.2;117.7;102.0;105.5;86.3;114.2;101.4;81.6;133.8;107.4;109.9;96.2;98.4;79.6;107.8;103.7;80.6;132.1;104.7;117.8;98.5;97.1;79.9
2025-2026;09;32;HAUTS-DE-FRANCE;09;LILLE;62;PAS-DE-CALAIS;62617;NOEUX LES MINES;0624440P;LYCEE POLYVALENT D ARTOIS;public;LPO;100.7;78;84.1;90.8;31.4;22.6;30.2;120.2;104.4;89.9;134.7;115.2;117.7;102.0;105.5;86.3;114.2;101.4;81.6;133.8;107.4;109.9;96.2;98.4;79.6;107.8;103.7;80.6;132.1;104.7;117.8;98.5;97.1;79.9
2023-2024;09;32;HAUTS-DE-FRANCE;09;LILLE;59;NORD;59017;ARMENTIERES;0590010R;LYCEE GENERAL ET TECHNOLOGIQUE PAUL HAZARD;public;LEGT;110.1;;85;107.3;34.7;;34.7;118.5;103.5;88.9;132.4;113.9;116.2;101.1;103.8;85.3;112.4;99.8;80.3;131.3;105.8;108.5;94.4;96.6;78.5;115.0;98.5;81.1;131.4;107.4;106.2;92.6;97.1;78.3
2023-2024;09;32;HAUTS-DE-FRANCE;09;LILLE;59;NORD;59017;ARMENTIERES;0590011S;LYCEE POLYVALENT GUSTAVE EIFFEL LYCEE DES METIERS;public;LPO;117.3;90.7;112.7;111.8;35.7;29;36.3;118.5;103.5;88.9;132.4;113.9;116.2;101.1;103.8;85.3;112.4;99.8;80.3;131.3;105.8;108.5;94.4;96.6;78.5;115.0;98.5;81.1;131.4;107.4;106.2;92.6;97.1;78.3
2023-2024;09;32;HAUTS-DE-FRANCE;09;LILLE;59;NORD;59122;CAMBRAI;0590037V;LYCEE PROFESSIONNEL LOUISE DE BETTIGNIES;public;LP;;78.6;;78.6;;24.6;24.6;118.5;103.5;88.9;132.4;113.9;116.2;101.1;103.8;85.3;112.4;99.8;80.3;131.3;105.8;108.5;94.4;96.6;78.5;115.0;98.5;81.1;131.4;107.4;106.2;92.6;97.1;78.3
2023-2024;09;32;HAUTS-DE-FRANCE;09;LILLE;59;NORD;59136;LE CATEAU CAMBRESIS;0590042A;LYCEE POLYVALENT CAMILLE DESMOULINS;public;LPO;88.6;72.2;80.9;80.9;27.1;19.6;25.4;118.5;103.5;88.9;132.4;113.9;116.2;101.1;103.8;85.3;112.4;99.8;80.3;131.3;105.8;108.5;94.4;96.6;78.5;115.0;98.5;81.1;131.4;107.4;106.2;92.6;97.1;78.3
2023-2024;09;32;HAUTS-DE-FRANCE;09;LILLE;59;NORD;59178;DOUAI;0590063Y;LYCEE GENERAL ALBERT CHATELET;public;LEGT;117;;130.9;121.4;37.7;;37.8;118.5;103.5;88.9;132.4;113.9;116.2;101.1;103.8;85.3;112.4;99.8;80.3;131.3;105.8;108.5;94.4;96.6;78.5;115.0;98.5;81.1;131.4;107.4;106.2;92.6;97.1;78.3
2023-2024;09;32;HAUTS-DE-FRANCE;09;LILLE;59;NORD;59178;DOUAI;0590064Z;LYCEE GENERAL ET TECHNOLOGIQUE JEAN BAPTISTE COROT;public;LEGT;102.4;;87.9;100.6;35.2;;34.5;118.5;103.5;88.9;132.4;113.9;116.2;101.1;103.8;85.3;112.4;99.8;80.3;131.3;105.8;108.5;94.4;96.6;78.5;115.0;98.5;81.1;131.4;107.4;106.2;92.6;97.1;78.3
2023-2024;09;32;HAUTS-DE-FRANCE;09;LILLE;59;NORD;59266;GONDECOURT;0590086Y;LYCEE GENERAL ET TECHNOLOGIQUE MARGUERITE DE FLANDRE;public;LEGT;126.7;;;126.7;34.1;;34.1;118.5;103.5;88.9;132.4;113.9;116.2;101.1;103.8;85.3;112.4;99.8;80.3;131.3;105.8;108.5;94.4;96.6;78.5;115.0;98.5;81.1;131.4;107.4;106.2;92.6;97.1;78.3
2023-2024;09;32;HAUTS-DE-FRANCE;09;LILLE;59;NORD;59295;HAZEBROUCK;0590101P;LYCEE GENERAL ET TECHNOLOGIQUE DES FLANDRES;public;LEGT;114;;90.6;112.2;33.7;;33.8;118.5;103.5;88.9;132.4;113.9;116.2;101.1;103.8;85.3;112.4;99.8;80.3;131.3;105.8;108.5;94.4;96.6;78.5;115.0;98.5;81.1;131.4;107.4;106.2;92.6;97.1;78.3
2023-2024;09;32;HAUTS-DE-FRANCE;09;LILLE;59;NORD;59350;LILLE;0590117G;LYCEE GENERAL ET TECHNOLOGIQUE LOUIS PASTEUR;public;LEGT;118;;98.2;115.4;41.4;;40.9;118.5;103.5;88.9;132.4;113.9;116.2;101.1;103.8;85.3;112.4;99.8;80.3;131.3;105.8;108.5;94.4;96.6;78.5;115.0;98.5;81.1;131.4;107.4;106.2;92.6;97.1;78.3
2023-2024;09;32;HAUTS-DE-FRANCE;09;LILLE;59;NORD;59360;LOOS;0590133Z;LYCEE PROFESSIONNEL MAURICE DUHAMEL;public;LP;;79.7;;79.7;;23.6;23.2;118.5;103.5;88.9;132.4;113.9;116.2;101.1;103.8;85.3;112.4;99.8;80.3;131.3;105.8;108.5;94.4;96.6;78.5;115.0;98.5;81.1;131.4;107.4;106.2;92.6;97.1;78.3
2023-2024;09;32;HAUTS-DE-FRANCE;09;LILLE;59;NORD;59378;MARCQ EN BAROEUL;0590143K;LYCEE GENERAL YVES KERNANEC;public;LEGT;124.6;;;124.6;36.6;;36.6;118.5;103.5;88.9;132.4;113.9;116.2;101.1;103.8;85.3;112.4;99.8;80.3;131.3;105.8;108.5;94.4;96.6;78.5;115.0;98.5;81.1;131.4;107.4;106.2;92.6;97.1;78.3
2023-2024;09;32;HAUTS-DE-FRANCE;09;LILLE;59;NORD;59378;MARCQ EN BAROEUL;0590144L;LYCEE PROFESSIONNEL AUTOMOBILE ALFRED MONGY;public;LP;;86.8;;86.8;;25.8;25.8;118.5;103.5;88.9;132.4;113.9;116.2;101.1;103.8;85.3;112.4;99.8;80.3;131.3;105.8;108.5;94.4;96.6;78.5;115.0;98.5;81.1;131.4;107.4;106.2;92.6;97.1;78.3
2023-2024;09;32;HAUTS-DE-FRANCE;09;LILLE;59;NORD;59599;TOURCOING;0590217R;LYCEE PROFESSIONNEL SEVIGNE LYCEE DES METIERS;public;LP;;76.6;;76.5;;24.5;24.5;118.5;103.5;88.9;132.4;113.9;116.2;101.1;103.8;85.3;112.4;99.8;80.3;131.3;105.8;108.5;94.4;96.6;78.5;115.0;98.5;81.1;131.4;107.4;106.2;92.6;97.1;78.3
2023-2024;09;32;HAUTS-DE-FRANCE;09;LILLE;59;NORD;59350;LILLE;0590258K;LYCEE GENERAL ET TECHNOLOGIQUE GASTON BERGER;public;LEGT;85.1;;105.4;101.9;28.5;;35.6;118.5;103.5;88.9;132.4;113.9;116.2;101.1;103.8;85.3;112.4;99.8;80.3;131.3;105.8;108.5;94.4;96.6;78.5;115.0;98.5;81.1;131.4;107.4;106.2;92.6;97.1;78.3
2023-2024;09;32;HAUTS-DE-FRANCE;09;LILLE;59;NORD;59172;DENAIN;0590282L;LYCEE GENERAL ET TECHNOLOGIQUE JULES MOUSSERON;public;LEGT;87.9;;68.7;84.8;30.4;;29.6;118.5;103.5;88.9;132.4;113.9;116.2;101.1;103.8;85.3;112.4;99.8;80.3;131.3;105.8;108.5;94.4;96.6;78.5;115.0;98.5;81.1;131.4;107.4;106.2;92.6;97.1;78.3
2023-2024;09;32;HAUTS-DE-FRANCE;09;LILLE;59;NORD;59324;JEUMONT;0592712C;LYCEE PROFESSIONNEL LOUIS ARMAND;public;LP;;69.1;;69.9;;18.5;19.2;118.5;103.5;88.9;132.4;113.9;116.2;101.1;103.8;85.3;112.4;99.8;80.3;131.3;105.8;108.5;94.4;96.6;78.5;115.0;98.5;81.1;131.4;107.4;106.2;92.6;97.1;78.3
2023-2024;09;32;HAUTS-DE-FRANCE;09;LILLE;59;NORD;59279;HALLUIN;0592850C;LYCEE PROFESSIONNEL ANTOINE DE SAINT EXUPERY;public;LP;;77.7;;77.2;;23.8;23.9;118.5;103.5;88.9;132.4;113.9;116.2;101.1;103.8;85.3;112.4;99.8;80.3;131.3;105.8;108.5;94.4;96.6;78.5;115.0;98.5;81.1;131.4;107.4;106.2;92.6;97.1;78.3
2023-2024;09;32;HAUTS-DE-FRANCE;09;LILLE;59;NORD;59526;SAINT AMAND LES EAUX;0592913W;LYCEE GENERAL PRIVE NOTRE DAME DES ANGES;privé sous contrat;LEGT;133.7;;;133.7;30.3;;30.3;118.5;103.5;88.9;132.4;113.9;116.2;101.1;103.8;85.3;112.4;99.8;80.3;131.3;105.8;108.5;94.4;96.6;78.5;115.0;98.5;81.1;131.4;107.4;106.2;92.6;97.1;78.3
2023-2024;09;32;HAUTS-DE-FRANCE;09;LILLE;59;NORD;59392;MAUBEUGE;0592916Z;LYCEE GENERAL ET TECHNOLOGIQUE PRIVE NOTRE DAME DE GRACE;privé sous contrat;LEGT;110.8;;104.5;109.8;33.4;;34;118.5;103.5;88.9;132.4;113.9;116.2;101.1;103.8;85.3;112.4;99.8;80.3;131.3;105.8;108.5;94.4;96.6;78.5;115.0;98.5;81.1;131.4;107.4;106.2;92.6;97.1;78.3
2023-2024;09;32;HAUTS-DE-FRANCE;09;LILLE;59;NORD;59512;ROUBAIX;0592921E;LYCEE GENERAL ET TECHNOLOGIQUE PRIVE SAINT REMI;privé sous contrat;LEGT;101.2;;102.7;101.4;37.1;;36.8;118.5;103.5;88.9;132.4;113.9;116.2;101.1;103.8;85.3;112.4;99.8;80.3;131.3;105.8;108.5;94.4;96.6;78.5;115.0;98.5;81.1;131.4;107.4;106.2;92.6;97.1;78.3
2023-2024;09;32;HAUTS-DE-FRANCE;09;LILLE;59;NORD;59350;LILLE;0592922F;LYCEE GENERAL PRIVE THERESE D AVILA;privé sous contrat;LEGT;138.5;;;138.5;25.1;;25.1;118.5;103.5;88.9;132.4;113.9;116.2;101.1;103.8;85.3;112.4;99.8;80.3;131.3;105.8;108.5;94.4;96.6;78.5;115.0;98.5;81.1;131.4;107.4;106.2;92.6;97.1;78.3
2023-2024;09;32;HAUTS-DE-FRANCE;09;LILLE;59;NORD;59599;TOURCOING;0592966D;LYCEE POLYVALENT PRIVE EIC JEHANNE D ARC;privé sous contrat;LPO;104.7;97.8;;99.3;29.6;29.3;29.3;118.5;103.5;88.9;132.4;113.9;116.2;101.1;103.8;85.3;112.4;99.8;80.3;131.3;105.8;108.5;94.4;96.6;78.5;115.0;98.5;81.1;131.4;107.4;106.2;92.6;97.1;78.3
2023-2024;09;32;HAUTS-DE-FRANCE;09;LILLE;59;NORD;59512;ROUBAIX;0592973L;LYCEE PROFESSIONNEL PRIVE SAINT FRANCOIS D ASSISE;privé sous contrat;LP;;91.5;;91.4;;23.8;23.6;118.5;103.5;88.9;132.4;113.9;116.2;101.1;103.8;85.3;112.4;99.8;80.3;131.3;105.8;108.5;94.4;96.6;78.5;115.0;98.5;81.1;131.4;107.4;106.2;92.6;97.1;78.3
2023-2024;09;32;HAUTS-DE-FRANCE;09;LILLE;59;NORD;59574;SOMAIN;0592976P;LYCEE POLYVALENT PRIVE HELENE BOUCHER;privé sous contrat;LPO;108.4;92.3;;96.4;28.2;24.6;26.2;118.5;103.5;88.9;132.4;113.9;116.2;101.1;103.8;85.3;112.4;99.8;80.3;131.3;105.8;108.5;94.4;96.6;78.5;115.0;98.5;81.1;131.4;107.4;106.2;92.6;97.1;78.3
2023-2024;09;32;HAUTS-DE-FRANCE;09;LILLE;59;NORD;59365;LOUVROIL;0593034C;LYCEE POLYVALENT PRIVE THEOPHILE LEGRAND;privé sous contrat;LPO;108.7;91.5;97.8;96.9;31.1;26.2;29;118.5;103.5;88.9;132.4;113.9;116.2;101.1;103.8;85.3;112.4;99.8;80.3;131.3;105.8;108.5;94.4;96.6;78.5;115.0;98.5;81.1;131.4;107.4;106.2;92.6;97.1;78.3
2023-2024;09;32;HAUTS-DE-FRANCE;09;LILLE;59;NORD;59183;DUNKERQUE;0593058D;LYCEE POLYVALENT PRIVE VAUBAN LYCEE DES METIERS;privé sous contrat;LPO;102.8;89.2;102.7;94.4;26.8;24.3;26.9;118.5;103.5;88.9;132.4;113.9;116.2;101.1;103.8;85.3;112.4;99.8;80.3;131.3;105.8;108.5;94.4;96.6;78.5;115.0;98.5;81.1;131.4;107.4;106.2;92.6;97.1;78.3
2023-2024;09;32;HAUTS-DE-FRANCE;09;LILLE;59;NORD;59324;JEUMONT;0593079B;LYCEE PROFESSIONNEL PRIVE SAINTE BERNADETTE;privé sous contrat;LP;;87.7;;87.7;;18.7;18.7;118.5;103.5;88.9;132.4;113.9;116.2;101.1;103.8;85.3;112.4;99.8;80.3;131.3;105.8;108.5;94.4;96.6;78.5;115.0;98.5;81.1;131.4;107.4;106.2;92.6;97.1;78.3
2023-2024;09;32;HAUTS-DE-FRANCE;09;LILLE;59;NORD;59249;FOURMIES;0593104D;LYCEE POLYVALENT PRIVE SAINT PIERRE;privé sous contrat;LPO;101.2;79.8;84;85;30.9;23;25.9;118.5;103.5;88.9;132.4;113.9;116.2;101.1;103.8;85.3;112.4;99.8;80.3;131.3;105.8;108.5;94.4;96.6;78.5;115.0;98.5;81.1;131.4;107.4;106.2;92.6;97.1;78.3
2023-2024;09;32;HAUTS-DE-FRANCE;09;LILLE;59;NORD;59009;VILLENEUVE D ASCQ;0594375K;LYCEE PROFESSIONNEL DINAH DERYCKE;public;LP;;79.7;;79.7;;25.5;25.5;118.5;103.5;88.9;132.4;113.9;116.2;101.1;103.8;85.3;112.4;99.8;80.3;131.3;105.8;108.5;94.4;96.6;78.5;115.0;98.5;81.1;131.4;107.4;106.2;92.6;97.1;78.3
2023-2024;09;32;HAUTS-DE-FRANCE;09;LILLE;59;NORD;59512;ROUBAIX;0594391C;LYCEE TECHNOLOGIQUE ECOLE SUP ARTS APPLIQUES TEXTILE;public;LEGT;128;;125.1;126;36.3;;35.2;118.5;103.5;88.9;132.4;113.9;116.2;101.1;103.8;85.3;112.4;99.8;80.3;131.3;105.8;108.5;94.4;96.6;78.5;115.0;98.5;81.1;131.4;107.4;106.2;92.6;97.1;78.3
2023-2024;09;32;HAUTS-DE-FRANCE;09;LILLE;59;NORD;59663;WORMHOUT;0595856V;LYCEE PROFESSIONNEL DE L YSER;public;LP;;77.4;86.3;77.6;;20.8;21.4;118.5;103.5;88.9;132.4;113.9;116.2;101.1;103.8;85.3;112.4;99.8;80.3;131.3;105.8;108.5;94.4;96.6;78.5;115.0;98.5;81.1;131.4;107.4;106.2;92.6;97.1;78.3
2023-2024;09;32;HAUTS-DE-FRANCE;09;LILLE;59;NORD;59183;DUNKERQUE;0595918M;LYCEE PROFESSIONNEL PRIVE EPID LYCEE DES METIERS DES INDUSTRIES ET DES INNOVATIONS TECHNOLOGIQUES;privé sous contrat;LP;;105.2;;105.1;;24.3;24.8;118.5;103.5;88.9;132.4;113.9;116.2;101.1;103.8;85.3;112.4;99.8;80.3;131.3;105.8;108.5;94.4;96.6;78.5;115.0;98.5;81.1;131.4;107.4;106.2;92.6;97.1;78.3
2023-2024;09;32;HAUTS-DE-FRANCE;09;LILLE;59;NORD;59378;MARCQ EN BAROEUL;0597115N;ECOLE EUROPEENNE LILLE METROPOLE JACQUES DELORS NIVEAU COLLEGE ET LYCEE;public;LEGT;140.7;;;146.9;33.3;;31.6;118.5;103.5;88.9;132.4;113.9;116.2;101.1;103.8;85.3;112.4;99.8;80.3;131.3;105.8;108.5;94.4;96.6;78.5;115.0;98.5;81.1;131.4;107.4;106.2;92.6;97.1;78.3
2023-2024;09;32;HAUTS-DE-FRANCE;09;LILLE;62;PAS-DE-CALAIS;62048;AUCHEL;0620017G;LYCEE GENERAL ET TECHNOLOGIQUE LAVOISIER;public;LEGT;85.9;;;85.9;26.2;;26.2;118.5;103.5;88.9;132.4;113.9;116.2;101.1;103.8;85.3;112.4;99.8;80.3;131.3;105.8;108.5;94.4;96.6;78.5;105.9;102.1;79.4;130.5;102.7;115.4;97.1;94.2;78.7
2023-2024;09;32;HAUTS-DE-FRANCE;09;LILLE;62;PAS-DE-CALAIS;62119;BETHUNE;0620043K;LYCEE PROFESSIONNEL SALVADOR ALLENDE;public;LP;;78.8;;78.8;;24;24;118.5;103.5;88.9;132.4;113.9;116.2;101.1;103.8;85.3;112.4;99.8;80.3;131.3;105.8;108.5;94.4;96.6;78.5;105.9;102.1;79.4;130.5;102.7;115.4;97.1;94.2;78.7
2023-2024;09;32;HAUTS-DE-FRANCE;09;LILLE;62;PAS-DE-CALAIS;62427;HENIN BEAUMONT;0620095S;LYCEE POLYVALENT LOUIS PASTEUR;public;LPO;92.2;78.3;86;87.9;30.2;23.6;28.9;118.5;103.5;88.9;132.4;113.9;116.2;101.1;103.8;85.3;112.4;99.8;80.3;131.3;105.8;108.5;94.4;96.6;78.5;105.9;102.1;79.4;130.5;102.7;115.4;97.1;94.2;78.7
2023-2024;09;32;HAUTS-DE-FRANCE;09;LILLE;62;PAS-DE-CALAIS;62560;MARQUISE;0620131F;LYCEE PROFESSIONNEL DES DEUX CAPS;public;LP;;78.6;;77.3;;23.2;22.8;118.5;103.5;88.9;132.4;113.9;116.2;101.1;103.8;85.3;112.4;99.8;80.3;131.3;105.8;108.5;94.4;96.6;78.5;105.9;102.1;79.4;130.5;102.7;115.4;97.1;94.2;78.7
2023-2024;09;32;HAUTS-DE-FRANCE;09;LILLE;62;PAS-DE-CALAIS;62041;ARRAS;0620256S;LYCEE POLYVALENT GUY MOLLET;public;LPO;105.4;70;94.1;102.4;33.3;16.3;32.7;118.5;103.5;88.9;132.4;113.9;116.2;101.1;103.8;85.3;112.4;99.8;80.3;131.3;105.8;108.5;94.4;96.6;78.5;105.9;102.1;79.4;130.5;102.7;115.4;97.1;94.2;78.7
2023-2024;09;32;HAUTS-DE-FRANCE;09;LILLE;62;PAS-DE-CALAIS;62397;GUINES;0622150A;LYCEE POLYVALENT PRIVE JEAN BOSCO;privé sous contrat;LPO;87.8;85.2;;85.2;15.9;25.6;24.6;118.5;103.5;88.9;132.4;113.9;116.2;101.1;103.8;85.3;112.4;99.8;80.3;131.3;105.8;108.5;94.4;96.6;78.5;105.9;102.1;79.4;130.5;102.7;115.4;97.1;94.2;78.7
2023-2024;09;32;HAUTS-DE-FRANCE;09;LILLE;62;PAS-DE-CALAIS;62364;FRUGES;0622195Z;LYCEE PROFESSIONNEL PRIVE SAINTE MARIE;privé sous contrat;LP;;95.7;;95.9;;25.5;25.1;118.5;103.5;88.9;132.4;113.9;116.2;101.1;103.8;85.3;112.4;99.8;80.3;131.3;105.8;108.5;94.4;96.6;78.5;105.9;102.1;79.4;130.5;102.7;115.4;97.1;94.2;78.7
2023-2024;09;32;HAUTS-DE-FRANCE;09;LILLE;62;PAS-DE-CALAIS;62160;BOULOGNE SUR MER;0622275L;LYCEE PROFESSIONNEL JEAN CHARLES CAZIN;public;LP;;71.3;;71.3;;17.9;17.9;118.5;103.5;88.9;132.4;113.9;116.2;101.1;103.8;85.3;112.4;99.8;80.3;131.3;105.8;108.5;94.4;96.6;78.5;105.9;102.1;79.4;130.5;102.7;115.4;97.1;94.2;78.7
2023-2024;09;32;HAUTS-DE-FRANCE;09;LILLE;62;PAS-DE-CALAIS;62108;BERCK;0622276M;LYCEE POLYVALENT JAN LAVEZZARI;public;LPO;104.3;83.3;97.2;98.4;31.6;25;30.7;118.5;103.5;88.9;132.4;113.9;116.2;101.1;103.8;85.3;112.4;99.8;80.3;131.3;105.8;108.5;94.4;96.6;78.5;105.9;102.1;79.4;130.5;102.7;115.4;97.1;94.2;78.7
2023-2024;09;32;HAUTS-DE-FRANCE;09;LILLE;62;PAS-DE-CALAIS;62498;LENS;0623864N;LYCEE PROFESSIONNEL MAXIMILIEN DE ROBESPIERRE;public;LP;;79.4;81.8;79.3;;24.3;24.3;118.5;103.5;88.9;132.4;113.9;116.2;101.1;103.8;85.3;112.4;99.8;80.3;131.3;105.8;108.5;94.4;96.6;78.5;105.9;102.1;79.4;130.5;102.7;115.4;97.1;94.2;78.7
2023-2024;09;32;HAUTS-DE-FRANCE;09;LILLE;62;PAS-DE-CALAIS;62193;CALAIS;0624141P;LYCEE POLYVALENT LEONARD DE VINCI LYCEE DES METIERS DE LA MAINTENANCE INDUSTRIELLE DES TERRES D OPALE;public;LPO;101.8;81.2;95.8;99.9;32.3;22.4;31.7;118.5;103.5;88.9;132.4;113.9;116.2;101.1;103.8;85.3;112.4;99.8;80.3;131.3;105.8;108.5;94.4;96.6;78.5;105.9;102.1;79.4;130.5;102.7;115.4;97.1;94.2;78.7
2023-2024;09;32;HAUTS-DE-FRANCE;09;LILLE;62;PAS-DE-CALAIS;62041;ARRAS;0624430D;LYCEE GENERAL ET TECHNOLOGIQUE GAMBETTA CARNOT;public;LEGT;112;;109.4;111.5;34.8;;35.5;118.5;103.5;88.9;132.4;113.9;116.2;101.1;103.8;85.3;112.4;99.8;80.3;131.3;105.8;108.5;94.4;96.6;78.5;105.9;102.1;79.4;130.5;102.7;115.4;97.1;94.2;78.7
2023-2024;09;32;HAUTS-DE-FRANCE;09;LILLE;62;PAS-DE-CALAIS;62617;NOEUX LES MINES;0624440P;LYCEE POLYVALENT D ARTOIS;public;LPO;98.4;78.9;82.8;90.1;30.7;23.6;29.2;118.5;103.5;88.9;132.4;113.9;116.2;101.1;103.8;85.3;112.4;99.8;80.3;131.3;105.8;108.5;94.4;96.6;78.5;105.9;102.1;79.4;130.5;102.7;115.4;97.1;94.2;78.7
2023-2024;09;32;HAUTS-DE-FRANCE;09;LILLE;62;PAS-DE-CALAIS;62588;MONTREUIL SUR MER;0624531N;LYCEE GENERAL ET TECHNOLOGIQUE PRIVE SAINTE AUSTREBERTHE;privé sous contrat;LEGT;126.2;;;126.2;28;;28;118.5;103.5;88.9;132.4;113.9;116.2;101.1;103.8;85.3;112.4;99.8;80.3;131.3;105.8;108.5;94.4;96.6;78.5;105.9;102.1;79.4;130.5;102.7;115.4;97.1;94.2;78.7
2024-2025;09;32;HAUTS-DE-FRANCE;09;LILLE;59;NORD;59014;ANZIN;0590005K;LYCEE PROFESSIONNEL PIERRE JOSEPH FONTAINE;public;LP;;74.5;;74.5;;23.4;23.4;119.6;104.2;89.5;134.0;114.7;117.4;101.7;104.7;85.9;113.4;100.9;81.1;133.3;106.6;109.3;95.7;97.0;79.2;116.0;99.5;81.8;133.6;108.0;106.6;94.1;97.5;79.0
2024-2025;09;32;HAUTS-DE-FRANCE;09;LILLE;59;NORD;59033;AULNOYE AYMERIES;0590015W;LYCEE PROFESSIONNEL PIERRE ET MARIE CURIE;public;LP;;78.2;;77.9;;23.5;23.2;119.6;104.2;89.5;134.0;114.7;117.4;101.7;104.7;85.9;113.4;100.9;81.1;133.3;106.6;109.3;95.7;97.0;79.2;116.0;99.5;81.8;133.6;108.0;106.6;94.1;97.5;79.0
2024-2025;09;32;HAUTS-DE-FRANCE;09;LILLE;59;NORD;59122;CAMBRAI;0590035T;LYCEE GENERAL ET TECHNOLOGIQUE FENELON;public;LEGT;107.9;;103.5;107;33.5;;34.3;119.6;104.2;89.5;134.0;114.7;117.4;101.7;104.7;85.9;113.4;100.9;81.1;133.3;106.6;109.3;95.7;97.0;79.2;116.0;99.5;81.8;133.6;108.0;106.6;94.1;97.5;79.0
2024-2025;09;32;HAUTS-DE-FRANCE;09;LILLE;59;NORD;59172;DENAIN;0590060V;LYCEE GENERAL ET TECHNOLOGIQUE ALFRED KASTLER;public;LEGT;87.6;;96.9;88.9;27.7;;29.1;119.6;104.2;89.5;134.0;114.7;117.4;101.7;104.7;85.9;113.4;100.9;81.1;133.3;106.6;109.3;95.7;97.0;79.2;116.0;99.5;81.8;133.6;108.0;106.6;94.1;97.5;79.0
2024-2025;09;32;HAUTS-DE-FRANCE;09;LILLE;59;NORD;59178;DOUAI;0590063Y;LYCEE GENERAL ALBERT CHATELET;public;LEGT;118.5;;129.3;122;38.6;;38.2;119.6;104.2;89.5;134.0;114.7;117.4;101.7;104.7;85.9;113.4;100.9;81.1;133.3;106.6;109.3;95.7;97.0;79.2;116.0;99.5;81.8;133.6;108.0;106.6;94.1;97.5;79.0
2024-2025;09;32;HAUTS-DE-FRANCE;09;LILLE;59;NORD;59178;DOUAI;0590065A;LYCEE POLYVALENT ELISA LEMONNIER;public;LPO;89.1;77.9;84.6;81.6;28.6;23.7;25.8;119.6;104.2;89.5;134.0;114.7;117.4;101.7;104.7;85.9;113.4;100.9;81.1;133.3;106.6;109.3;95.7;97.0;79.2;116.0;99.5;81.8;133.6;108.0;106.6;94.1;97.5;79.0
2024-2025;09;32;HAUTS-DE-FRANCE;09;LILLE;59;NORD;59249;FOURMIES;0590083V;LYCEE POLYVALENT CAMILLE CLAUDEL;public;LPO;98.1;74.2;84.2;88.8;33.5;24.1;32.1;119.6;104.2;89.5;134.0;114.7;117.4;101.7;104.7;85.9;113.4;100.9;81.1;133.3;106.6;109.3;95.7;97.0;79.2;116.0;99.5;81.8;133.6;108.0;106.6;94.1;97.5;79.0
2024-2025;09;32;HAUTS-DE-FRANCE;09;LILLE;59;NORD;59266;GONDECOURT;0590086Y;LYCEE GENERAL ET TECHNOLOGIQUE MARGUERITE DE FLANDRE;public;LEGT;126.5;;;126.5;34.1;;34.1;119.6;104.2;89.5;134.0;114.7;117.4;101.7;104.7;85.9;113.4;100.9;81.1;133.3;106.6;109.3;95.7;97.0;79.2;116.0;99.5;81.8;133.6;108.0;106.6;94.1;97.5;79.0
2024-2025;09;32;HAUTS-DE-FRANCE;09;LILLE;59;NORD;59295;HAZEBROUCK;0590102R;LYCEE PROFESSIONNEL DES MONTS DE FLANDRE;public;LP;;83;;83;;23;22.8;119.6;104.2;89.5;134.0;114.7;117.4;101.7;104.7;85.9;113.4;100.9;81.1;133.3;106.6;109.3;95.7;97.0;79.2;116.0;99.5;81.8;133.6;108.0;106.6;94.1;97.5;79.0
2024-2025;09;32;HAUTS-DE-FRANCE;09;LILLE;59;NORD;59360;LOOS;0590133Z;LYCEE PROFESSIONNEL MAURICE DUHAMEL;public;LP;;81.4;;81.3;;25.7;25.6;119.6;104.2;89.5;134.0;114.7;117.4;101.7;104.7;85.9;113.4;100.9;81.1;133.3;106.6;109.3;95.7;97.0;79.2;116.0;99.5;81.8;133.6;108.0;106.6;94.1;97.5;79.0
2024-2025;09;32;HAUTS-DE-FRANCE;09;LILLE;59;NORD;59512;ROUBAIX;0590182C;LYCEE GENERAL BAUDELAIRE;public;LEGT;88;;;88;31.9;;31.9;119.6;104.2;89.5;134.0;114.7;117.4;101.7;104.7;85.9;113.4;100.9;81.1;133.3;106.6;109.3;95.7;97.0;79.2;116.0;99.5;81.8;133.6;108.0;106.6;94.1;97.5;79.0
2024-2025;09;32;HAUTS-DE-FRANCE;09;LILLE;59;NORD;59512;ROUBAIX;0590184E;LYCEE GENERAL JEAN ROSTAND;public;LEGT;84.9;;119.2;102.1;31.1;;35.7;119.6;104.2;89.5;134.0;114.7;117.4;101.7;104.7;85.9;113.4;100.9;81.1;133.3;106.6;109.3;95.7;97.0;79.2;116.0;99.5;81.8;133.6;108.0;106.6;94.1;97.5;79.0
2024-2025;09;32;HAUTS-DE-FRANCE;09;LILLE;59;NORD;59512;ROUBAIX;0590185F;LPO JEAN MOULIN LYCEE DES METIERS DE LA SECURITE ET DE LA PREVENTION LYCEE DES METIERS DES SERVICES ADMINISTRATIFS ET DE LA RELATION AUX CLIENTS;public;LPO;72.1;72.3;79.7;73.7;22.2;22.8;23.4;119.6;104.2;89.5;134.0;114.7;117.4;101.7;104.7;85.9;113.4;100.9;81.1;133.3;106.6;109.3;95.7;97.0;79.2;116.0;99.5;81.8;133.6;108.0;106.6;94.1;97.5;79.0
2024-2025;09;32;HAUTS-DE-FRANCE;09;LILLE;59;NORD;59512;ROUBAIX;0590187H;LYCEE PROFESSIONNEL LOUIS LOUCHEUR;public;LP;;70.5;;71.7;;20.4;21.4;119.6;104.2;89.5;134.0;114.7;117.4;101.7;104.7;85.9;113.4;100.9;81.1;133.3;106.6;109.3;95.7;97.0;79.2;116.0;99.5;81.8;133.6;108.0;106.6;94.1;97.5;79.0
2024-2025;09;32;HAUTS-DE-FRANCE;09;LILLE;59;NORD;59650;WATTRELOS;0590233H;LYCEE POLYVALENT EMILE ZOLA;public;LPO;89;76.4;77;82.8;27.5;21.7;26.1;119.6;104.2;89.5;134.0;114.7;117.4;101.7;104.7;85.9;113.4;100.9;81.1;133.3;106.6;109.3;95.7;97.0;79.2;116.0;99.5;81.8;133.6;108.0;106.6;94.1;97.5;79.0
2024-2025;09;32;HAUTS-DE-FRANCE;09;LILLE;59;NORD;59051;LA BASSEE;0590252D;LYCEE PROFESSIONNEL LOUIS LEOPOLD BOILLY;public;LP;;84.8;;85.3;;24.1;24.3;119.6;104.2;89.5;134.0;114.7;117.4;101.7;104.7;85.9;113.4;100.9;81.1;133.3;106.6;109.3;95.7;97.0;79.2;116.0;99.5;81.8;133.6;108.0;106.6;94.1;97.5;79.0
2024-2025;09;32;HAUTS-DE-FRANCE;09;LILLE;59;NORD;59172;DENAIN;0590282L;LYCEE GENERAL ET TECHNOLOGIQUE JULES MOUSSERON;public;LEGT;89.5;;83.3;88.8;30.3;;30;119.6;104.2;89.5;134.0;114.7;117.4;101.7;104.7;85.9;113.4;100.9;81.1;133.3;106.6;109.3;95.7;97.0;79.2;116.0;99.5;81.8;133.6;108.0;106.6;94.1;97.5;79.0
2024-2025;09;32;HAUTS-DE-FRANCE;09;LILLE;59;NORD;59008;ANICHE;0592610S;LYCEE PROFESSIONNEL PIERRE JOSEPH LAURENT;public;LP;;74.4;80;74.7;;20.3;20.4;119.6;104.2;89.5;134.0;114.7;117.4;101.7;104.7;85.9;113.4;100.9;81.1;133.3;106.6;109.3;95.7;97.0;79.2;116.0;99.5;81.8;133.6;108.0;106.6;94.1;97.5;79.0
2024-2025;09;32;HAUTS-DE-FRANCE;09;LILLE;59;NORD;59560;SECLIN;0592833J;LYCEE PROFESSIONNEL LES HAUTS DE FLANDRE;public;LP;96.7;83.6;;85.3;31;25.1;26;119.6;104.2;89.5;134.0;114.7;117.4;101.7;104.7;85.9;113.4;100.9;81.1;133.3;106.6;109.3;95.7;97.0;79.2;116.0;99.5;81.8;133.6;108.0;106.6;94.1;97.5;79.0
2024-2025;09;32;HAUTS-DE-FRANCE;09;LILLE;59;NORD;59178;DOUAI;0592940A;LYCEE GENERAL PRIVE SAINT JEAN;privé sous contrat;LEGT;134.9;;153.1;142.3;32.5;;30.5;119.6;104.2;89.5;134.0;114.7;117.4;101.7;104.7;85.9;113.4;100.9;81.1;133.3;106.6;109.3;95.7;97.0;79.2;116.0;99.5;81.8;133.6;108.0;106.6;94.1;97.5;79.0
2024-2025;09;32;HAUTS-DE-FRANCE;09;LILLE;59;NORD;59606;VALENCIENNES;0592967E;LYCEE POLYVALENT PRIVE LA SAGESSE;privé sous contrat;LPO;110.3;101.7;103.7;105.5;30.8;27;29.7;119.6;104.2;89.5;134.0;114.7;117.4;101.7;104.7;85.9;113.4;100.9;81.1;133.3;106.6;109.3;95.7;97.0;79.2;116.0;99.5;81.8;133.6;108.0;106.6;94.1;97.5;79.0
2024-2025;09;32;HAUTS-DE-FRANCE;09;LILLE;59;NORD;59606;VALENCIENNES;0592969G;LYCEE POLYVALENT PRIVE DAMPIERRE;privé sous contrat;LPO;111;101;102.3;103;27.1;25.1;26.4;119.6;104.2;89.5;134.0;114.7;117.4;101.7;104.7;85.9;113.4;100.9;81.1;133.3;106.6;109.3;95.7;97.0;79.2;116.0;99.5;81.8;133.6;108.0;106.6;94.1;97.5;79.0
2024-2025;09;32;HAUTS-DE-FRANCE;09;LILLE;59;NORD;59512;ROUBAIX;0592973L;LYCEE PROFESSIONNEL PRIVE SAINT FRANCOIS D ASSISE;privé sous contrat;LP;;88.3;;87.9;;24.5;24.4;119.6;104.2;89.5;134.0;114.7;117.4;101.7;104.7;85.9;113.4;100.9;81.1;133.3;106.6;109.3;95.7;97.0;79.2;116.0;99.5;81.8;133.6;108.0;106.6;94.1;97.5;79.0
2024-2025;09;32;HAUTS-DE-FRANCE;09;LILLE;59;NORD;59172;DENAIN;0593066M;LYCEE PROFESSIONNEL PRIVE JEAN PAUL II;privé sous contrat;LP;;83.1;;83.1;;26.7;26.7;119.6;104.2;89.5;134.0;114.7;117.4;101.7;104.7;85.9;113.4;100.9;81.1;133.3;106.6;109.3;95.7;97.0;79.2;116.0;99.5;81.8;133.6;108.0;106.6;94.1;97.5;79.0
2024-2025;09;32;HAUTS-DE-FRANCE;09;LILLE;59;NORD;59178;DOUAI;0593071T;LYCEE POLYVALENT PRIVE DEFOREST DE LEWARDE;privé sous contrat;LPO;105.2;94.4;93.1;95.9;32.3;28;28.6;119.6;104.2;89.5;134.0;114.7;117.4;101.7;104.7;85.9;113.4;100.9;81.1;133.3;106.6;109.3;95.7;97.0;79.2;116.0;99.5;81.8;133.6;108.0;106.6;94.1;97.5;79.0
2024-2025;09;32;HAUTS-DE-FRANCE;09;LILLE;59;NORD;59324;JEUMONT;0593079B;LYCEE PROFESSIONNEL PRIVE SAINTE BERNADETTE;privé sous contrat;LP;;87.1;;87.1;;22.3;22.3;119.6;104.2;89.5;134.0;114.7;117.4;101.7;104.7;85.9;113.4;100.9;81.1;133.3;106.6;109.3;95.7;97.0;79.2;116.0;99.5;81.8;133.6;108.0;106.6;94.1;97.5;79.0
2024-2025;09;32;HAUTS-DE-FRANCE;09;LILLE;59;NORD;59350;LILLE;0593113N;LYCEE GENERAL PRIVE SAINTE CLAIRE;privé sous contrat;LEGT;116.3;;;116.3;34.8;;34.8;119.6;104.2;89.5;134.0;114.7;117.4;101.7;104.7;85.9;113.4;100.9;81.1;133.3;106.6;109.3;95.7;97.0;79.2;116.0;99.5;81.8;133.6;108.0;106.6;94.1;97.5;79.0
2024-2025;09;32;HAUTS-DE-FRANCE;09;LILLE;59;NORD;59350;LILLE;0593114P;LYCEE GENERAL PRIVE SAINT PAUL;privé sous contrat;LEGT;151.6;;158.2;152.6;25.8;;25.3;119.6;104.2;89.5;134.0;114.7;117.4;101.7;104.7;85.9;113.4;100.9;81.1;133.3;106.6;109.3;95.7;97.0;79.2;116.0;99.5;81.8;133.6;108.0;106.6;94.1;97.5;79.0
2024-2025;09;32;HAUTS-DE-FRANCE;09;LILLE;59;NORD;59350;LILLE;0593117T;LYCEE POLYVALENT PRIVE LA SALLE;privé sous contrat;LPO;136.1;122.5;136.1;134.6;32.2;33.2;31.7;119.6;104.2;89.5;134.0;114.7;117.4;101.7;104.7;85.9;113.4;100.9;81.1;133.3;106.6;109.3;95.7;97.0;79.2;116.0;99.5;81.8;133.6;108.0;106.6;94.1;97.5;79.0
2024-2025;09;32;HAUTS-DE-FRANCE;09;LILLE;59;NORD;59599;TOURCOING;0593139S;LYCEE GENERAL PRIVE SACRE COEUR;privé sous contrat;LEGT;120.2;;;120.2;34.5;;34.5;119.6;104.2;89.5;134.0;114.7;117.4;101.7;104.7;85.9;113.4;100.9;81.1;133.3;106.6;109.3;95.7;97.0;79.2;116.0;99.5;81.8;133.6;108.0;106.6;94.1;97.5;79.0
2024-2025;09;32;HAUTS-DE-FRANCE;09;LILLE;59;NORD;59271;GRANDE SYNTHE;0594400M;LYCEE PROFESSIONNEL AUTOMOBILE ET TRANSPORTS;public;LP;;78.3;;78.3;;21.5;21.5;119.6;104.2;89.5;134.0;114.7;117.4;101.7;104.7;85.9;113.4;100.9;81.1;133.3;106.6;109.3;95.7;97.0;79.2;116.0;99.5;81.8;133.6;108.0;106.6;94.1;97.5;79.0
2024-2025;09;32;HAUTS-DE-FRANCE;09;LILLE;59;NORD;59414;MONTIGNY EN OSTREVENT;0594404S;LYCEE PROFESSIONNEL RENE CASSIN;public;LP;;70.9;;70.9;;18.3;18.3;119.6;104.2;89.5;134.0;114.7;117.4;101.7;104.7;85.9;113.4;100.9;81.1;133.3;106.6;109.3;95.7;97.0;79.2;116.0;99.5;81.8;133.6;108.0;106.6;94.1;97.5;79.0
2024-2025;09;32;HAUTS-DE-FRANCE;09;LILLE;59;NORD;59028;AUBY;0594532F;LYCEE PROFESSIONNEL AMBROISE CROIZAT;public;LP;;75.6;;75.2;;18.7;18.7;119.6;104.2;89.5;134.0;114.7;117.4;101.7;104.7;85.9;113.4;100.9;81.1;133.3;106.6;109.3;95.7;97.0;79.2;116.0;99.5;81.8;133.6;108.0;106.6;94.1;97.5;79.0
2024-2025;09;32;HAUTS-DE-FRANCE;09;LILLE;59;NORD;59258;GENECH;0596925G;LYCEE POLYVALENT CHARLOTTE PERRIAND;public;LPO;133.3;102.5;;130.8;32.6;29.6;33.4;119.6;104.2;89.5;134.0;114.7;117.4;101.7;104.7;85.9;113.4;100.9;81.1;133.3;106.6;109.3;95.7;97.0;79.2;116.0;99.5;81.8;133.6;108.0;106.6;94.1;97.5;79.0
2024-2025;09;32;HAUTS-DE-FRANCE;09;LILLE;62;PAS-DE-CALAIS;62178;BRUAY LA BUISSIERE;0620056Z;LYCEE POLYVALENT CARNOT;public;LPO;98.5;79.3;86.5;93.4;32.1;22.6;30.9;119.6;104.2;89.5;134.0;114.7;117.4;101.7;104.7;85.9;113.4;100.9;81.1;133.3;106.6;109.3;95.7;97.0;79.2;107.0;103.4;80.2;131.1;103.8;117.5;98.1;95.0;79.5
2024-2025;09;32;HAUTS-DE-FRANCE;09;LILLE;62;PAS-DE-CALAIS;62186;BULLY LES MINES;0620059C;LYCEE PROFESSIONNEL LEO LAGRANGE;public;LP;93.3;77.1;;83.7;29.3;23.7;27.3;119.6;104.2;89.5;134.0;114.7;117.4;101.7;104.7;85.9;113.4;100.9;81.1;133.3;106.6;109.3;95.7;97.0;79.2;107.0;103.4;80.2;131.1;103.8;117.5;98.1;95.0;79.5
2024-2025;09;32;HAUTS-DE-FRANCE;09;LILLE;62;PAS-DE-CALAIS;62193;CALAIS;0620063G;LYCEE GENERAL ET TECHNOLOGIQUE SOPHIE BERTHELOT;public;LEGT;103.1;;98.7;102.4;32.7;;32.3;119.6;104.2;89.5;134.0;114.7;117.4;101.7;104.7;85.9;113.4;100.9;81.1;133.3;106.6;109.3;95.7;97.0;79.2;107.0;103.4;80.2;131.1;103.8;117.5;98.1;95.0;79.5
2024-2025;09;32;HAUTS-DE-FRANCE;09;LILLE;62;PAS-DE-CALAIS;62498;LENS;0620108F;LYCEE GENERAL ET TECHNOLOGIQUE CONDORCET;public;LEGT;89.6;;80.6;88.2;29.6;;29.1;119.6;104.2;89.5;134.0;114.7;117.4;101.7;104.7;85.9;113.4;100.9;81.1;133.3;106.6;109.3;95.7;97.0;79.2;107.0;103.4;80.2;131.1;103.8;117.5;98.1;95.0;79.5
2024-2025;09;32;HAUTS-DE-FRANCE;09;LILLE;62;PAS-DE-CALAIS;62534;LUMBRES;0620124Y;LYCEE PROFESSIONNEL BERNARD CHOCHOY;public;LP;;73.6;;73.4;;20.3;19.7;119.6;104.2;89.5;134.0;114.7;117.4;101.7;104.7;85.9;113.4;100.9;81.1;133.3;106.6;109.3;95.7;97.0;79.2;107.0;103.4;80.2;131.1;103.8;117.5;98.1;95.0;79.5
2024-2025;09;32;HAUTS-DE-FRANCE;09;LILLE;62;PAS-DE-CALAIS;62588;MONTREUIL SUR MER;0620140R;LYCEE POLYVALENT EUGENE WOILLEZ;public;LPO;107.5;84.6;91;103;32;22.8;31.8;119.6;104.2;89.5;134.0;114.7;117.4;101.7;104.7;85.9;113.4;100.9;81.1;133.3;106.6;109.3;95.7;97.0;79.2;107.0;103.4;80.2;131.1;103.8;117.5;98.1;95.0;79.5
2024-2025;09;32;HAUTS-DE-FRANCE;09;LILLE;62;PAS-DE-CALAIS;62765;SAINT OMER;0620162P;LYCEE PROFESSIONNEL DU PAYS DE SAINT OMER;public;LP;;80.1;;80;;23.7;23.6;119.6;104.2;89.5;134.0;114.7;117.4;101.7;104.7;85.9;113.4;100.9;81.1;133.3;106.6;109.3;95.7;97.0;79.2;107.0;103.4;80.2;131.1;103.8;117.5;98.1;95.0;79.5
2024-2025;09;32;HAUTS-DE-FRANCE;09;LILLE;62;PAS-DE-CALAIS;62643;OUTREAU;0620221D;LYCEE PROFESSIONNEL PROFESSEUR CLERC;public;LP;;80.8;;80.3;;23.3;23.4;119.6;104.2;89.5;134.0;114.7;117.4;101.7;104.7;85.9;113.4;100.9;81.1;133.3;106.6;109.3;95.7;97.0;79.2;107.0;103.4;80.2;131.1;103.8;117.5;98.1;95.0;79.5
2024-2025;09;32;HAUTS-DE-FRANCE;09;LILLE;62;PAS-DE-CALAIS;62041;ARRAS;0620256S;LYCEE POLYVALENT GUY MOLLET;public;LPO;107.1;77.2;97.5;104.1;33.3;20.9;32.9;119.6;104.2;89.5;134.0;114.7;117.4;101.7;104.7;85.9;113.4;100.9;81.1;133.3;106.6;109.3;95.7;97.0;79.2;107.0;103.4;80.2;131.1;103.8;117.5;98.1;95.0;79.5
2024-2025;09;32;HAUTS-DE-FRANCE;09;LILLE;62;PAS-DE-CALAIS;62895;WINGLES;0620258U;LYCEE PROFESSIONNEL VOLTAIRE;public;LP;;83.8;;84.1;;26.5;26.6;119.6;104.2;89.5;134.0;114.7;117.4;101.7;104.7;85.9;113.4;100.9;81.1;133.3;106.6;109.3;95.7;97.0;79.2;107.0;103.4;80.2;131.1;103.8;117.5;98.1;95.0;79.5
2024-2025;09;32;HAUTS-DE-FRANCE;09;LILLE;62;PAS-DE-CALAIS;62160;BOULOGNE SUR MER;0622107D;LYCEE GENERAL PRIVE NAZARETH HAFFREINGUE;privé sous contrat;LEGT;133.5;;125.8;133.4;30.5;;30.6;119.6;104.2;89.5;134.0;114.7;117.4;101.7;104.7;85.9;113.4;100.9;81.1;133.3;106.6;109.3;95.7;97.0;79.2;107.0;103.4;80.2;131.1;103.8;117.5;98.1;95.0;79.5
2024-2025;09;32;HAUTS-DE-FRANCE;09;LILLE;62;PAS-DE-CALAIS;62397;GUINES;0622150A;LYCEE POLYVALENT PRIVE JEAN BOSCO;privé sous contrat;LPO;97.4;89.1;;91.3;26.9;27.6;28.6;119.6;104.2;89.5;134.0;114.7;117.4;101.7;104.7;85.9;113.4;100.9;81.1;133.3;106.6;109.3;95.7;97.0;79.2;107.0;103.4;80.2;131.1;103.8;117.5;98.1;95.0;79.5
2024-2025;09;32;HAUTS-DE-FRANCE;09;LILLE;62;PAS-DE-CALAIS;62193;CALAIS;0622211S;LYCEE PROFESSIONNEL PRIVE SAINT PIERRE;privé sous contrat;LP;;97.2;;97.5;;27.6;27.6;119.6;104.2;89.5;134.0;114.7;117.4;101.7;104.7;85.9;113.4;100.9;81.1;133.3;106.6;109.3;95.7;97.0;79.2;107.0;103.4;80.2;131.1;103.8;117.5;98.1;95.0;79.5
2024-2025;09;32;HAUTS-DE-FRANCE;09;LILLE;62;PAS-DE-CALAIS;62895;WINGLES;0623915U;LYCEE GENERAL ET TECHNOLOGIQUE VOLTAIRE;public;LEGT;109.8;;92.8;107.6;32.8;;33;119.6;104.2;89.5;134.0;114.7;117.4;101.7;104.7;85.9;113.4;100.9;81.1;133.3;106.6;109.3;95.7;97.0;79.2;107.0;103.4;80.2;131.1;103.8;117.5;98.1;95.0;79.5
2024-2025;09;32;HAUTS-DE-FRANCE;09;LILLE;62;PAS-DE-CALAIS;62617;NOEUX LES MINES;0624440P;LYCEE POLYVALENT D ARTOIS;public;LPO;100.7;78.9;83.3;91.5;30.5;23.4;29.8;119.6;104.2;89.5;134.0;114.7;117.4;101.7;104.7;85.9;113.4;100.9;81.1;133.3;106.6;109.3;95.7;97.0;79.2;107.0;103.4;80.2;131.1;103.8;117.5;98.1;95.0;79.5
2024-2025;09;32;HAUTS-DE-FRANCE;09;LILLE;62;PAS-DE-CALAIS;62588;MONTREUIL SUR MER;0624531N;LYCEE GENERAL ET TECHNOLOGIQUE PRIVE SAINTE AUSTREBERTHE;privé sous contrat;LEGT;128.1;;;128.1;28.8;;28.8;119.6;104.2;89.5;134.0;114.7;117.4;101.7;104.7;85.9;113.4;100.9;81.1;133.3;106.6;109.3;95.7;97.0;79.2;107.0;103.4;80.2;131.1;103.8;117.5;98.1;95.0;79.5
2025-2026;09;32;HAUTS-DE-FRANCE;09;LILLE;59;NORD;59017;ARMENTIERES;0590010R;LYCEE GENERAL ET TECHNOLOGIQUE PAUL HAZARD;public;LEGT;111.1;;90.3;108.9;33.6;;33.6;120.2;104.4;89.9;134.7;115.2;117.7;102.0;105.5;86.3;114.2;101.4;81.6;133.8;107.4;109.9;96.2;98.4;79.6;116.7;100.2;82.3;134.1;108.8;107.3;94.7;98.7;79.3
2025-2026;09;32;HAUTS-DE-FRANCE;09;LILLE;59;NORD;59053;BAVAY;0590024F;LYCEE GENERAL DES NERVIENS;public;LEGT;111;;;111;32.1;;32.1;120.2;104.4;89.9;134.7;115.2;117.7;102.0;105.5;86.3;114.2;101.4;81.6;133.8;107.4;109.9;96.2;98.4;79.6;116.7;100.2;82.3;134.1;108.8;107.3;94.7;98.7;79.3
2025-2026;09;32;HAUTS-DE-FRANCE;09;LILLE;59;NORD;59122;CAMBRAI;0590035T;LYCEE GENERAL ET TECHNOLOGIQUE FENELON;public;LEGT;107.1;;109;107.5;32.9;;33.9;120.2;104.4;89.9;134.7;115.2;117.7;102.0;105.5;86.3;114.2;101.4;81.6;133.8;107.4;109.9;96.2;98.4;79.6;116.7;100.2;82.3;134.1;108.8;107.3;94.7;98.7;79.3
2025-2026;09;32;HAUTS-DE-FRANCE;09;LILLE;59;NORD;59249;FOURMIES;0590083V;LYCEE POLYVALENT CAMILLE CLAUDEL;public;LPO;98.8;75.6;81.9;89.7;34.3;23;32.2;120.2;104.4;89.9;134.7;115.2;117.7;102.0;105.5;86.3;114.2;101.4;81.6;133.8;107.4;109.9;96.2;98.4;79.6;116.7;100.2;82.3;134.1;108.8;107.3;94.7;98.7;79.3
2025-2026;09;32;HAUTS-DE-FRANCE;09;LILLE;59;NORD;59328;LAMBERSART;0590110Z;LYCEE GENERAL ET TECHNOLOGIQUE JEAN PERRIN;public;LEGT;116.6;;80;113.5;39.1;;39.6;120.2;104.4;89.9;134.7;115.2;117.7;102.0;105.5;86.3;114.2;101.4;81.6;133.8;107.4;109.9;96.2;98.4;79.6;116.7;100.2;82.3;134.1;108.8;107.3;94.7;98.7;79.3
2025-2026;09;32;HAUTS-DE-FRANCE;09;LILLE;59;NORD;59350;LILLE;0590125R;LYCEE HOTELIER INTERNATIONAL DE LILLE;public;LP;128;96.7;107.1;100.7;38.1;34.9;36.6;120.2;104.4;89.9;134.7;115.2;117.7;102.0;105.5;86.3;114.2;101.4;81.6;133.8;107.4;109.9;96.2;98.4;79.6;116.7;100.2;82.3;134.1;108.8;107.3;94.7;98.7;79.3
2025-2026;09;32;HAUTS-DE-FRANCE;09;LILLE;59;NORD;59512;ROUBAIX;0590182C;LYCEE GENERAL BAUDELAIRE;public;LEGT;87.1;;;87.1;33.5;;33.5;120.2;104.4;89.9;134.7;115.2;117.7;102.0;105.5;86.3;114.2;101.4;81.6;133.8;107.4;109.9;96.2;98.4;79.6;116.7;100.2;82.3;134.1;108.8;107.3;94.7;98.7;79.3
2025-2026;09;32;HAUTS-DE-FRANCE;09;LILLE;59;NORD;59512;ROUBAIX;0590185F;LYCEE POLYVALENT JEAN MOULIN;public;LPO;72.8;73.6;82.4;75.3;24.6;24.7;25.9;120.2;104.4;89.9;134.7;115.2;117.7;102.0;105.5;86.3;114.2;101.4;81.6;133.8;107.4;109.9;96.2;98.4;79.6;116.7;100.2;82.3;134.1;108.8;107.3;94.7;98.7;79.3
2025-2026;09;32;HAUTS-DE-FRANCE;09;LILLE;59;NORD;59574;SOMAIN;0590207E;LYCEE GENERAL ET TECHNOLOGIQUE LOUIS PASTEUR;public;LEGT;103.9;;92.5;103.2;33.8;;33.6;120.2;104.4;89.9;134.7;115.2;117.7;102.0;105.5;86.3;114.2;101.4;81.6;133.8;107.4;109.9;96.2;98.4;79.6;116.7;100.2;82.3;134.1;108.8;107.3;94.7;98.7;79.3
2025-2026;09;32;HAUTS-DE-FRANCE;09;LILLE;59;NORD;59526;SAINT AMAND LES EAUX;0592913W;LYCEE GENERAL PRIVE NOTRE DAME DES ANGES;privé sous contrat;LEGT;135.5;;;135.5;29.2;;29.2;120.2;104.4;89.9;134.7;115.2;117.7;102.0;105.5;86.3;114.2;101.4;81.6;133.8;107.4;109.9;96.2;98.4;79.6;116.7;100.2;82.3;134.1;108.8;107.3;94.7;98.7;79.3
2025-2026;09;32;HAUTS-DE-FRANCE;09;LILLE;59;NORD;59512;ROUBAIX;0592921E;LYCEE GENERAL ET TECHNOLOGIQUE PRIVE SAINT REMI;privé sous contrat;LEGT;101.5;;102.4;101.6;35.9;;35.7;120.2;104.4;89.9;134.7;115.2;117.7;102.0;105.5;86.3;114.2;101.4;81.6;133.8;107.4;109.9;96.2;98.4;79.6;116.7;100.2;82.3;134.1;108.8;107.3;94.7;98.7;79.3
2025-2026;09;32;HAUTS-DE-FRANCE;09;LILLE;59;NORD;59017;ARMENTIERES;0592926K;LYCEE GENERAL ET TECHNOLOGIQUE PRIVE SAINT JUDE;privé sous contrat;LEGT;132.9;;117.5;131.6;32;;32.3;120.2;104.4;89.9;134.7;115.2;117.7;102.0;105.5;86.3;114.2;101.4;81.6;133.8;107.4;109.9;96.2;98.4;79.6;116.7;100.2;82.3;134.1;108.8;107.3;94.7;98.7;79.3
2025-2026;09;32;HAUTS-DE-FRANCE;09;LILLE;59;NORD;59599;TOURCOING;0592966D;LYCEE POLYVALENT PRIVE EIC JEHANNE D ARC;privé sous contrat;LPO;104;99;;100.2;30.5;28.5;28.9;120.2;104.4;89.9;134.7;115.2;117.7;102.0;105.5;86.3;114.2;101.4;81.6;133.8;107.4;109.9;96.2;98.4;79.6;116.7;100.2;82.3;134.1;108.8;107.3;94.7;98.7;79.3
2025-2026;09;32;HAUTS-DE-FRANCE;09;LILLE;59;NORD;59574;SOMAIN;0592976P;LYCEE POLYVALENT PRIVE HELENE BOUCHER;privé sous contrat;LPO;108.7;92.6;;96.4;30.6;24.4;26.7;120.2;104.4;89.9;134.7;115.2;117.7;102.0;105.5;86.3;114.2;101.4;81.6;133.8;107.4;109.9;96.2;98.4;79.6;116.7;100.2;82.3;134.1;108.8;107.3;94.7;98.7;79.3
2025-2026;09;32;HAUTS-DE-FRANCE;09;LILLE;59;NORD;59599;TOURCOING;0592980U;LYCEE POLYVALENT PRIVE EIC MARIE NOEL;privé sous contrat;LPO;99.7;90.8;;94.3;31.2;27.3;28.9;120.2;104.4;89.9;134.7;115.2;117.7;102.0;105.5;86.3;114.2;101.4;81.6;133.8;107.4;109.9;96.2;98.4;79.6;116.7;100.2;82.3;134.1;108.8;107.3;94.7;98.7;79.3
2025-2026;09;32;HAUTS-DE-FRANCE;09;LILLE;59;NORD;59043;BAILLEUL;0593063J;LYCEE PROFESSIONNEL PRIVE SAINTE MARIE;privé sous contrat;LP;;102.5;;102.7;;29.1;29.1;120.2;104.4;89.9;134.7;115.2;117.7;102.0;105.5;86.3;114.2;101.4;81.6;133.8;107.4;109.9;96.2;98.4;79.6;116.7;100.2;82.3;134.1;108.8;107.3;94.7;98.7;79.3
2025-2026;09;32;HAUTS-DE-FRANCE;09;LILLE;59;NORD;59172;DENAIN;0593066M;LYCEE PROFESSIONNEL PRIVE JEAN PAUL II;privé sous contrat;LP;;84.4;;84.4;;26.2;26.2;120.2;104.4;89.9;134.7;115.2;117.7;102.0;105.5;86.3;114.2;101.4;81.6;133.8;107.4;109.9;96.2;98.4;79.6;116.7;100.2;82.3;134.1;108.8;107.3;94.7;98.7;79.3
2025-2026;09;32;HAUTS-DE-FRANCE;09;LILLE;59;NORD;59178;DOUAI;0593071T;LYCEE POLYVALENT PRIVE DEFOREST DE LEWARDE;privé sous contrat;LPO;109.5;92;94.7;96.7;33.3;26.7;29.7;120.2;104.4;89.9;134.7;115.2;117.7;102.0;105.5;86.3;114.2;101.4;81.6;133.8;107.4;109.9;96.2;98.4;79.6;116.7;100.2;82.3;134.1;108.8;107.3;94.7;98.7;79.3
2025-2026;09;32;HAUTS-DE-FRANCE;09;LILLE;59;NORD;59183;DUNKERQUE;0593102B;LYCEE GENERAL PRIVE NOTRE DAME DES DUNES;privé sous contrat;LEGT;126.7;;;126.7;33;;33;120.2;104.4;89.9;134.7;115.2;117.7;102.0;105.5;86.3;114.2;101.4;81.6;133.8;107.4;109.9;96.2;98.4;79.6;116.7;100.2;82.3;134.1;108.8;107.3;94.7;98.7;79.3
2025-2026;09;32;HAUTS-DE-FRANCE;09;LILLE;59;NORD;59249;FOURMIES;0593104D;LYCEE POLYVALENT PRIVE SAINT PIERRE;privé sous contrat;LPO;106.9;80.6;87.4;85.7;31.1;23.6;26.4;120.2;104.4;89.9;134.7;115.2;117.7;102.0;105.5;86.3;114.2;101.4;81.6;133.8;107.4;109.9;96.2;98.4;79.6;116.7;100.2;82.3;134.1;108.8;107.3;94.7;98.7;79.3
2025-2026;09;32;HAUTS-DE-FRANCE;09;LILLE;59;NORD;59599;TOURCOING;0593139S;LYCEE GENERAL PRIVE SACRE COEUR;privé sous contrat;LEGT;122.4;;;122.4;34.9;;34.9;120.2;104.4;89.9;134.7;115.2;117.7;102.0;105.5;86.3;114.2;101.4;81.6;133.8;107.4;109.9;96.2;98.4;79.6;116.7;100.2;82.3;134.1;108.8;107.3;94.7;98.7;79.3
2025-2026;09;32;HAUTS-DE-FRANCE;09;LILLE;59;NORD;59606;VALENCIENNES;0593141U;LYCEE GENERAL PRIVE NOTRE DAME;privé sous contrat;LEGT;134.8;;;134.8;30.7;;30.7;120.2;104.4;89.9;134.7;115.2;117.7;102.0;105.5;86.3;114.2;101.4;81.6;133.8;107.4;109.9;96.2;98.4;79.6;116.7;100.2;82.3;134.1;108.8;107.3;94.7;98.7;79.3
2025-2026;09;32;HAUTS-DE-FRANCE;09;LILLE;59;NORD;59654;WAZIERS;0593495D;LYCEE PROFESSIONNEL PAUL LANGEVIN;public;LP;;78.2;;78.4;;23.2;23;120.2;104.4;89.9;134.7;115.2;117.7;102.0;105.5;86.3;114.2;101.4;81.6;133.8;107.4;109.9;96.2;98.4;79.6;116.7;100.2;82.3;134.1;108.8;107.3;94.7;98.7;79.3
2025-2026;09;32;HAUTS-DE-FRANCE;09;LILLE;59;NORD;59271;GRANDE SYNTHE;0594400M;LYCEE PROFESSIONNEL AUTOMOBILE ET TRANSPORTS;public;LP;;78.7;;78.7;;22;22;120.2;104.4;89.9;134.7;115.2;117.7;102.0;105.5;86.3;114.2;101.4;81.6;133.8;107.4;109.9;96.2;98.4;79.6;116.7;100.2;82.3;134.1;108.8;107.3;94.7;98.7;79.3
2025-2026;09;32;HAUTS-DE-FRANCE;09;LILLE;59;NORD;59414;MONTIGNY EN OSTREVENT;0594404S;LYCEE PROFESSIONNEL RENE CASSIN;public;LP;;74.2;;74.2;;21.2;21.2;120.2;104.4;89.9;134.7;115.2;117.7;102.0;105.5;86.3;114.2;101.4;81.6;133.8;107.4;109.9;96.2;98.4;79.6;116.7;100.2;82.3;134.1;108.8;107.3;94.7;98.7;79.3
2025-2026;09;32;HAUTS-DE-FRANCE;09;LILLE;59;NORD;59663;WORMHOUT;0595856V;LYCEE PROFESSIONNEL DE L YSER;public;LP;;82.1;105.5;84.4;;23.3;24.3;120.2;104.4;89.9;134.7;115.2;117.7;102.0;105.5;86.3;114.2;101.4;81.6;133.8;107.4;109.9;96.2;98.4;79.6;116.7;100.2;82.3;134.1;108.8;107.3;94.7;98.7;79.3
2025-2026;09;32;HAUTS-DE-FRANCE;09;LILLE;59;NORD;59456;PECQUENCOURT;0596335R;LYCEE GENERAL PRIVE INSTITUT D ANCHIN;privé sous contrat;LEGT;128.6;;;128.6;32;;32;120.2;104.4;89.9;134.7;115.2;117.7;102.0;105.5;86.3;114.2;101.4;81.6;133.8;107.4;109.9;96.2;98.4;79.6;116.7;100.2;82.3;134.1;108.8;107.3;94.7;98.7;79.3
2025-2026;09;32;HAUTS-DE-FRANCE;09;LILLE;59;NORD;59212;ESTAIRES;0597005U;LYCEE POLYVALENT DU VAL DE LYS;public;LPO;106.2;90.6;109.5;101.6;30.9;30.5;31.7;120.2;104.4;89.9;134.7;115.2;117.7;102.0;105.5;86.3;114.2;101.4;81.6;133.8;107.4;109.9;96.2;98.4;79.6;116.7;100.2;82.3;134.1;108.8;107.3;94.7;98.7;79.3
2025-2026;09;32;HAUTS-DE-FRANCE;09;LILLE;62;PAS-DE-CALAIS;62119;BETHUNE;0620042J;LYCEE GENERAL ET TECHNOLOGIQUE ANDRE MALRAUX;public;LEGT;103.9;;96.9;100.6;31.5;;30.9;120.2;104.4;89.9;134.7;115.2;117.7;102.0;105.5;86.3;114.2;101.4;81.6;133.8;107.4;109.9;96.2;98.4;79.6;107.8;103.7;80.6;132.1;104.7;117.8;98.5;97.1;79.9
2025-2026;09;32;HAUTS-DE-FRANCE;09;LILLE;62;PAS-DE-CALAIS;62186;BULLY LES MINES;0620059C;LYCEE PROFESSIONNEL LEO LAGRANGE;public;LP;94.4;77.3;;84.2;28.3;23;26.7;120.2;104.4;89.9;134.7;115.2;117.7;102.0;105.5;86.3;114.2;101.4;81.6;133.8;107.4;109.9;96.2;98.4;79.6;107.8;103.7;80.6;132.1;104.7;117.8;98.5;97.1;79.9
2025-2026;09;32;HAUTS-DE-FRANCE;09;LILLE;62;PAS-DE-CALAIS;62765;SAINT OMER;0620162P;LYCEE PROFESSIONNEL DU PAYS DE SAINT OMER;public;LP;;80.8;;80.9;;22.8;23;120.2;104.4;89.9;134.7;115.2;117.7;102.0;105.5;86.3;114.2;101.4;81.6;133.8;107.4;109.9;96.2;98.4;79.6;107.8;103.7;80.6;132.1;104.7;117.8;98.5;97.1;79.9
2025-2026;09;32;HAUTS-DE-FRANCE;09;LILLE;62;PAS-DE-CALAIS;62643;OUTREAU;0620221D;LYCEE PROFESSIONNEL PROFESSEUR CLERC;public;LP;;81.6;;81.6;;24.6;24.4;120.2;104.4;89.9;134.7;115.2;117.7;102.0;105.5;86.3;114.2;101.4;81.6;133.8;107.4;109.9;96.2;98.4;79.6;107.8;103.7;80.6;132.1;104.7;117.8;98.5;97.1;79.9
2025-2026;09;32;HAUTS-DE-FRANCE;09;LILLE;62;PAS-DE-CALAIS;62895;WINGLES;0620258U;LYCEE PROFESSIONNEL VOLTAIRE;public;LP;;82.7;;82.3;;26.8;26.7;120.2;104.4;89.9;134.7;115.2;117.7;102.0;105.5;86.3;114.2;101.4;81.6;133.8;107.4;109.9;96.2;98.4;79.6;107.8;103.7;80.6;132.1;104.7;117.8;98.5;97.1;79.9
2025-2026;09;32;HAUTS-DE-FRANCE;09;LILLE;62;PAS-DE-CALAIS;62160;BOULOGNE SUR MER;0622107D;LYCEE GENERAL PRIVE NAZARETH HAFFREINGUE;privé sous contrat;LEGT;134.7;;114.9;134.3;30;;30.1;120.2;104.4;89.9;134.7;115.2;117.7;102.0;105.5;86.3;114.2;101.4;81.6;133.8;107.4;109.9;96.2;98.4;79.6;107.8;103.7;80.6;132.1;104.7;117.8;98.5;97.1;79.9
2025-2026;09;32;HAUTS-DE-FRANCE;09;LILLE;62;PAS-DE-CALAIS;62765;SAINT OMER;0622120T;LYCEE GENERAL PRIVE NOTRE DAME DE SION;privé sous contrat;LEGT;120.1;;;120.1;30.8;;30.8;120.2;104.4;89.9;134.7;115.2;117.7;102.0;105.5;86.3;114.2;101.4;81.6;133.8;107.4;109.9;96.2;98.4;79.6;107.8;103.7;80.6;132.1;104.7;117.8;98.5;97.1;79.9
2025-2026;09;32;HAUTS-DE-FRANCE;09;LILLE;62;PAS-DE-CALAIS;62318;ETAPLES;0622192W;LYCEE PROFESSIONNEL PRIVE SAINT JOSEPH;privé sous contrat;LP;;91.9;;91.8;;24.1;24.7;120.2;104.4;89.9;134.7;115.2;117.7;102.0;105.5;86.3;114.2;101.4;81.6;133.8;107.4;109.9;96.2;98.4;79.6;107.8;103.7;80.6;132.1;104.7;117.8;98.5;97.1;79.9
2025-2026;09;32;HAUTS-DE-FRANCE;09;LILLE;62;PAS-DE-CALAIS;62193;CALAIS;0622211S;LYCEE PROFESSIONNEL PRIVE SAINT PIERRE;privé sous contrat;LP;;98.4;;99.1;;28.2;28.4;120.2;104.4;89.9;134.7;115.2;117.7;102.0;105.5;86.3;114.2;101.4;81.6;133.8;107.4;109.9;96.2;98.4;79.6;107.8;103.7;80.6;132.1;104.7;117.8;98.5;97.1;79.9
2025-2026;09;32;HAUTS-DE-FRANCE;09;LILLE;62;PAS-DE-CALAIS;62160;BOULOGNE SUR MER;0622275L;LYCEE PROFESSIONNEL JEAN CHARLES CAZIN;public;LP;;73.9;;73.9;;19.9;19.9;120.2;104.4;89.9;134.7;115.2;117.7;102.0;105.5;86.3;114.2;101.4;81.6;133.8;107.4;109.9;96.2;98.4;79.6;107.8;103.7;80.6;132.1;104.7;117.8;98.5;97.1;79.9
2025-2026;09;32;HAUTS-DE-FRANCE;09;LILLE;62;PAS-DE-CALAIS;62525;LONGUENESSE;0622803K;LYCEE GENERAL ET TECHNOLOGIQUE BLAISE PASCAL;public;LEGT;107.2;;93.2;105.4;33;;32.8;120.2;104.4;89.9;134.7;115.2;117.7;102.0;105.5;86.3;114.2;101.4;81.6;133.8;107.4;109.9;96.2;98.4;79.6;107.8;103.7;80.6;132.1;104.7;117.8;98.5;97.1;79.9
2025-2026;09;32;HAUTS-DE-FRANCE;09;LILLE;62;PAS-DE-CALAIS;62826;LE TOUQUET PARIS PLAGE;0622807P;LYCEE POLYVALENT HOTELIER;public;LPO;122.1;103.6;123.8;115;29.3;32;33;120.2;104.4;89.9;134.7;115.2;117.7;102.0;105.5;86.3;114.2;101.4;81.6;133.8;107.4;109.9;96.2;98.4;79.6;107.8;103.7;80.6;132.1;104.7;117.8;98.5;97.1;79.9
2025-2026;09;32;HAUTS-DE-FRANCE;09;LILLE;62;PAS-DE-CALAIS;62510;LIEVIN;0623377J;LYCEE PROFESSIONNEL DU BATIMENT FRANCOIS HENNEBIQUE;public;LP;;75.5;;75.9;;22.5;22.9;120.2;104.4;89.9;134.7;115.2;117.7;102.0;105.5;86.3;114.2;101.4;81.6;133.8;107.4;109.9;96.2;98.4;79.6;107.8;103.7;80.6;132.1;104.7;117.8;98.5;97.1;79.9
2025-2026;09;32;HAUTS-DE-FRANCE;09;LILLE;62;PAS-DE-CALAIS;62193;CALAIS;0623463C;LYCEE PROFESSIONNEL NORMANDIE NIEMEN;public;LP;;78.5;;78.5;;22.9;22.9;120.2;104.4;89.9;134.7;115.2;117.7;102.0;105.5;86.3;114.2;101.4;81.6;133.8;107.4;109.9;96.2;98.4;79.6;107.8;103.7;80.6;132.1;104.7;117.8;98.5;97.1;79.9
2025-2026;09;32;HAUTS-DE-FRANCE;09;LILLE;62;PAS-DE-CALAIS;62758;SAINT MARTIN BOULOGNE;0624109E;LYCEE POLYVALENT GIRAUX SANNIER;public;LPO;106.5;85.1;101.7;99.8;32.1;25.9;31.6;120.2;104.4;89.9;134.7;115.2;117.7;102.0;105.5;86.3;114.2;101.4;81.6;133.8;107.4;109.9;96.2;98.4;79.6;107.8;103.7;80.6;132.1;104.7;117.8;98.5;97.1;79.9
2025-2026;09;32;HAUTS-DE-FRANCE;09;LILLE;62;PAS-DE-CALAIS;62041;ARRAS;0624430D;LYCEE GENERAL ET TECHNOLOGIQUE GAMBETTA CARNOT;public;LEGT;112.8;;110;112.3;34.7;;34.7;120.2;104.4;89.9;134.7;115.2;117.7;102.0;105.5;86.3;114.2;101.4;81.6;133.8;107.4;109.9;96.2;98.4;79.6;107.8;103.7;80.6;132.1;104.7;117.8;98.5;97.1;79.9
